mov_id,direction,pct_move,duration_bars,duration_hrs,price_start,price_end,ts_start,ts_end,1M_macd_hist,1M_macd_hist_delta,1M_macd_above_zero,1M_macd_above_sig,1M_macd_e1_bull,1M_macd_e1_bear,1M_macd_e2_bull,1M_macd_e2_bear,1M_macd_hist_bars_rising,1M_macd_hist_bars_falling,1M_stoch_K,1M_stoch_D,1M_stoch_KD_above,1M_stoch_ob,1M_stoch_os,1M_stoch_bars_extreme,1M_stoch_A_bull,1M_stoch_A_bear,1M_stoch_B_bull,1M_stoch_B_bear,1M_dist_ema8_pct,1M_above_ema8,1M_near_ema8,1M_cross_bull_ema8,1M_cross_bear_ema8,1M_reject_bull_ema8,1M_reject_bear_ema8,1M_dist_ema21_pct,1M_above_ema21,1M_near_ema21,1M_cross_bull_ema21,1M_cross_bear_ema21,1M_reject_bull_ema21,1M_reject_bear_ema21,1M_dist_sma50_pct,1M_above_sma50,1M_near_sma50,1M_cross_bull_sma50,1M_cross_bear_sma50,1M_reject_bull_sma50,1M_reject_bear_sma50,1M_dist_sma200_pct,1M_above_sma200,1M_near_sma200,1M_cross_bull_sma200,1M_cross_bear_sma200,1M_reject_bull_sma200,1M_reject_bear_sma200,5M_macd_hist,5M_macd_hist_delta,5M_macd_above_zero,5M_macd_above_sig,5M_macd_e1_bull,5M_macd_e1_bear,5M_macd_e2_bull,5M_macd_e2_bear,5M_macd_hist_bars_rising,5M_macd_hist_bars_falling,5M_stoch_K,5M_stoch_D,5M_stoch_KD_above,5M_stoch_ob,5M_stoch_os,5M_stoch_bars_extreme,5M_stoch_A_bull,5M_stoch_A_bear,5M_stoch_B_bull,5M_stoch_B_bear,5M_dist_ema8_pct,5M_above_ema8,5M_near_ema8,5M_cross_bull_ema8,5M_cross_bear_ema8,5M_reject_bull_ema8,5M_reject_bear_ema8,5M_dist_ema21_pct,5M_above_ema21,5M_near_ema21,5M_cross_bull_ema21,5M_cross_bear_ema21,5M_reject_bull_ema21,5M_reject_bear_ema21,5M_dist_sma50_pct,5M_above_sma50,5M_near_sma50,5M_cross_bull_sma50,5M_cross_bear_sma50,5M_reject_bull_sma50,5M_reject_bear_sma50,5M_dist_sma200_pct,5M_above_sma200,5M_near_sma200,5M_cross_bull_sma200,5M_cross_bear_sma200,5M_reject_bull_sma200,5M_reject_bear_sma200,15M_macd_hist,15M_macd_hist_delta,15M_macd_above_zero,15M_macd_above_sig,15M_macd_e1_bull,15M_macd_e1_bear,15M_macd_e2_bull,15M_macd_e2_bear,15M_macd_hist_bars_rising,15M_macd_hist_bars_falling,15M_stoch_K,15M_stoch_D,15M_stoch_KD_above,15M_stoch_ob,15M_stoch_os,15M_stoch_bars_extreme,15M_stoch_A_bull,15M_stoch_A_bear,15M_stoch_B_bull,15M_stoch_B_bear,15M_dist_ema8_pct,15M_above_ema8,15M_near_ema8,15M_cross_bull_ema8,15M_cross_bear_ema8,15M_reject_bull_ema8,15M_reject_bear_ema8,15M_dist_ema21_pct,15M_above_ema21,15M_near_ema21,15M_cross_bull_ema21,15M_cross_bear_ema21,15M_reject_bull_ema21,15M_reject_bear_ema21,15M_dist_sma50_pct,15M_above_sma50,15M_near_sma50,15M_cross_bull_sma50,15M_cross_bear_sma50,15M_reject_bull_sma50,15M_reject_bear_sma50,15M_dist_sma200_pct,15M_above_sma200,15M_near_sma200,15M_cross_bull_sma200,15M_cross_bear_sma200,15M_reject_bull_sma200,15M_reject_bear_sma200,30M_macd_hist,30M_macd_hist_delta,30M_macd_above_zero,30M_macd_above_sig,30M_macd_e1_bull,30M_macd_e1_bear,30M_macd_e2_bull,30M_macd_e2_bear,30M_macd_hist_bars_rising,30M_macd_hist_bars_falling,30M_stoch_K,30M_stoch_D,30M_stoch_KD_above,30M_stoch_ob,30M_stoch_os,30M_stoch_bars_extreme,30M_stoch_A_bull,30M_stoch_A_bear,30M_stoch_B_bull,30M_stoch_B_bear,30M_dist_ema8_pct,30M_above_ema8,30M_near_ema8,30M_cross_bull_ema8,30M_cross_bear_ema8,30M_reject_bull_ema8,30M_reject_bear_ema8,30M_dist_ema21_pct,30M_above_ema21,30M_near_ema21,30M_cross_bull_ema21,30M_cross_bear_ema21,30M_reject_bull_ema21,30M_reject_bear_ema21,30M_dist_sma50_pct,30M_above_sma50,30M_near_sma50,30M_cross_bull_sma50,30M_cross_bear_sma50,30M_reject_bull_sma50,30M_reject_bear_sma50,30M_dist_sma200_pct,30M_above_sma200,30M_near_sma200,30M_cross_bull_sma200,30M_cross_bear_sma200,30M_reject_bull_sma200,30M_reject_bear_sma200,1H_macd_hist,1H_macd_hist_delta,1H_macd_above_zero,1H_macd_above_sig,1H_macd_e1_bull,1H_macd_e1_bear,1H_macd_e2_bull,1H_macd_e2_bear,1H_macd_hist_bars_rising,1H_macd_hist_bars_falling,1H_stoch_K,1H_stoch_D,1H_stoch_KD_above,1H_stoch_ob,1H_stoch_os,1H_stoch_bars_extreme,1H_stoch_A_bull,1H_stoch_A_bear,1H_stoch_B_bull,1H_stoch_B_bear,1H_dist_ema8_pct,1H_above_ema8,1H_near_ema8,1H_cross_bull_ema8,1H_cross_bear_ema8,1H_reject_bull_ema8,1H_reject_bear_ema8,1H_dist_ema21_pct,1H_above_ema21,1H_near_ema21,1H_cross_bull_ema21,1H_cross_bear_ema21,1H_reject_bull_ema21,1H_reject_bear_ema21,1H_dist_sma50_pct,1H_above_sma50,1H_near_sma50,1H_cross_bull_sma50,1H_cross_bear_sma50,1H_reject_bull_sma50,1H_reject_bear_sma50,1H_dist_sma200_pct,1H_above_sma200,1H_near_sma200,1H_cross_bull_sma200,1H_cross_bear_sma200,1H_reject_bull_sma200,1H_reject_bear_sma200,4H_macd_hist,4H_macd_hist_delta,4H_macd_above_zero,4H_macd_above_sig,4H_macd_e1_bull,4H_macd_e1_bear,4H_macd_e2_bull,4H_macd_e2_bear,4H_macd_hist_bars_rising,4H_macd_hist_bars_falling,4H_stoch_K,4H_stoch_D,4H_stoch_KD_above,4H_stoch_ob,4H_stoch_os,4H_stoch_bars_extreme,4H_stoch_A_bull,4H_stoch_A_bear,4H_stoch_B_bull,4H_stoch_B_bear,4H_dist_ema8_pct,4H_above_ema8,4H_near_ema8,4H_cross_bull_ema8,4H_cross_bear_ema8,4H_reject_bull_ema8,4H_reject_bear_ema8,4H_dist_ema21_pct,4H_above_ema21,4H_near_ema21,4H_cross_bull_ema21,4H_cross_bear_ema21,4H_reject_bull_ema21,4H_reject_bear_ema21,4H_dist_sma50_pct,4H_above_sma50,4H_near_sma50,4H_cross_bull_sma50,4H_cross_bear_sma50,4H_reject_bull_sma50,4H_reject_bear_sma50,4H_dist_sma200_pct,4H_above_sma200,4H_near_sma200,4H_cross_bull_sma200,4H_cross_bear_sma200,4H_reject_bull_sma200,4H_reject_bear_sma200,1D_macd_hist,1D_macd_hist_delta,1D_macd_above_zero,1D_macd_above_sig,1D_macd_e1_bull,1D_macd_e1_bear,1D_macd_e2_bull,1D_macd_e2_bear,1D_macd_hist_bars_rising,1D_macd_hist_bars_falling,1D_stoch_K,1D_stoch_D,1D_stoch_KD_above,1D_stoch_ob,1D_stoch_os,1D_stoch_bars_extreme,1D_stoch_A_bull,1D_stoch_A_bear,1D_stoch_B_bull,1D_stoch_B_bear,1D_dist_ema8_pct,1D_above_ema8,1D_near_ema8,1D_cross_bull_ema8,1D_cross_bear_ema8,1D_reject_bull_ema8,1D_reject_bear_ema8,1D_dist_ema21_pct,1D_above_ema21,1D_near_ema21,1D_cross_bull_ema21,1D_cross_bear_ema21,1D_reject_bull_ema21,1D_reject_bear_ema21,1D_dist_sma50_pct,1D_above_sma50,1D_near_sma50,1D_cross_bull_sma50,1D_cross_bear_sma50,1D_reject_bull_sma50,1D_reject_bear_sma50,1D_dist_sma200_pct,1D_above_sma200,1D_near_sma200,1D_cross_bull_sma200,1D_cross_bear_sma200,1D_reject_bull_sma200,1D_reject_bear_sma200,1W_macd_hist,1W_macd_hist_delta,1W_macd_above_zero,1W_macd_above_sig,1W_macd_e1_bull,1W_macd_e1_bear,1W_macd_e2_bull,1W_macd_e2_bear,1W_macd_hist_bars_rising,1W_macd_hist_bars_falling,1W_stoch_K,1W_stoch_D,1W_stoch_KD_above,1W_stoch_ob,1W_stoch_os,1W_stoch_bars_extreme,1W_stoch_A_bull,1W_stoch_A_bear,1W_stoch_B_bull,1W_stoch_B_bear,1W_dist_ema8_pct,1W_above_ema8,1W_near_ema8,1W_cross_bull_ema8,1W_cross_bear_ema8,1W_reject_bull_ema8,1W_reject_bear_ema8,1W_dist_ema21_pct,1W_above_ema21,1W_near_ema21,1W_cross_bull_ema21,1W_cross_bear_ema21,1W_reject_bull_ema21,1W_reject_bear_ema21,1W_dist_sma50_pct,1W_above_sma50,1W_near_sma50,1W_cross_bull_sma50,1W_cross_bear_sma50,1W_reject_bull_sma50,1W_reject_bear_sma50,1W_dist_sma200_pct,1W_above_sma200,1W_near_sma200,1W_cross_bull_sma200,1W_cross_bear_sma200,1W_reject_bull_sma200,1W_reject_bear_sma200
0,SHORT,1.247,30,0.5,133.08,134.74,2024-06-18 15:15:00+00:00,2024-06-18 15:45:00+00:00,-0.0525928049167018,0.0134590807399248,0,0,1,0,0,0,1,0,18.31234483673619,15.559859320678331,1,0,1,2,1,0,0,0,0.0029168143803623,1,1,1,0,1,0,-0.0817111633778041,0,1,0,0,0,0,-0.1148783977453705,0,1,0,0,0,0,0.6551662012840318,1,0,0,0,0,0,-0.0012212935839145,-0.017901959116087,0.0,0.0,0.0,0.0,0.0,1.0,0.0,11.0,72.66718263579729,78.25214777800988,0.0,0.0,0.0,0.0,0.0,0.0,0.0,0.0,0.0221943379834589,1.0,1.0,0.0,0.0,1.0,0.0,0.3139030308181119,1.0,0.0,0.0,0.0,0.0,0.0,0.8662374310112625,1.0,0.0,0.0,0.0,0.0,0.0,,0.0,0.0,0.0,0.0,0.0,0.0,0.1950358339551721,0.0130263641144777,1.0,1.0,1.0,0.0,0.0,0.0,1.0,0.0,81.7430718285534,83.28186216059993,0.0,1.0,0.0,4.0,0.0,0.0,0.0,0.0,0.5185211328820158,1.0,0.0,0.0,0.0,0.0,0.0,0.9565284210267606,1.0,0.0,0.0,0.0,0.0,0.0,,0.0,0.0,0.0,0.0,0.0,0.0,,0.0,0.0,0.0,0.0,0.0,0.0,0.1521659539783291,0.064669048787823,1.0,1.0,0.0,0.0,0.0,0.0,2.0,0.0,,,0.0,0.0,0.0,0.0,0.0,0.0,0.0,0.0,0.7753408204213581,1.0,0.0,0.0,0.0,0.0,0.0,1.0539626200407473,1.0,0.0,0.0,0.0,0.0,0.0,,0.0,0.0,0.0,0.0,0.0,0.0,,0.0,0.0,0.0,0.0,0.0,0.0,0.1120242339273029,0.0969845528699367,1.0,1.0,1.0,0.0,0.0,0.0,1.0,0.0,,,0.0,0.0,0.0,0.0,0.0,0.0,0.0,0.0,0.9287210791604418,1.0,0.0,1.0,0.0,1.0,0.0,1.1144070685145044,1.0,0.0,1.0,0.0,1.0,0.0,,0.0,0.0,0.0,0.0,0.0,0.0,,0.0,0.0,0.0,0.0,0.0,0.0,0.0,,0.0,0.0,0.0,0.0,0.0,0.0,0.0,0.0,,,0.0,0.0,0.0,0.0,0.0,0.0,0.0,0.0,0.0,0.0,1.0,0.0,0.0,0.0,0.0,0.0,0.0,1.0,0.0,0.0,0.0,0.0,,0.0,0.0,0.0,0.0,0.0,0.0,,0.0,0.0,0.0,0.0,0.0,0.0,,,,,,,,,,,,,,,,,,,,,,,,,,,,,,,,,,,,,,,,,,,,,,,,,,,,,,,,,,,,,,,,,,,,,,,,,,,,,,,,,,,,,,,,,,,,,,,,
1,SHORT,3.031,70,1.2,136.5603,140.7,2024-06-18 22:55:00+00:00,2024-06-20 08:05:00+00:00,0.0011404668382716,0.0009746277632933,1,1,0,0,0,0,6,0,66.83333333332699,65.37499999999284,1,0,0,0,0,0,0,0,0.0113625729650917,1,1,0,0,0,0,0.0171572329464569,1,1,0,0,0,0,0.0281683860057039,1,1,0,0,0,0,0.3733098341526639,1,0,0,0,0,0,-0.0041396182268894,-0.0067795973168885,0.0,0.0,0.0,0.0,0.0,1.0,0.0,10.0,86.36363636363576,86.4646464646458,0.0,1.0,0.0,13.0,0.0,1.0,0.0,0.0,0.0133815691546838,1.0,1.0,0.0,0.0,1.0,0.0,0.1356563021154854,1.0,1.0,0.0,0.0,0.0,0.0,0.3957291956840284,1.0,0.0,0.0,0.0,0.0,0.0,,0.0,0.0,0.0,0.0,0.0,0.0,-0.0392399283741049,0.0029441085509461,0.0,0.0,0.0,0.0,0.0,0.0,4.0,0.0,95.50704626646508,94.86360153528136,1.0,1.0,0.0,7.0,0.0,0.0,0.0,0.0,0.1981532180241772,1.0,1.0,0.0,0.0,0.0,0.0,0.6037957009939566,1.0,0.0,0.0,0.0,0.0,0.0,1.8431552149365156,1.0,0.0,0.0,0.0,0.0,0.0,,0.0,0.0,0.0,0.0,0.0,0.0,0.0916263454898369,-0.0073643511178596,1.0,1.0,0.0,0.0,0.0,0.0,0.0,8.0,94.77091610485849,93.35189600556832,1.0,1.0,0.0,14.0,0.0,0.0,0.0,0.0,0.4969568042172362,1.0,0.0,0.0,0.0,1.0,0.0,1.3729469784332742,1.0,0.0,0.0,0.0,0.0,0.0,,0.0,0.0,0.0,0.0,0.0,0.0,,0.0,0.0,0.0,0.0,0.0,0.0,0.4568228296553481,-0.0157862608057747,1.0,1.0,0.0,0.0,0.0,0.0,0.0,2.0,,,0.0,0.0,0.0,0.0,0.0,0.0,0.0,0.0,0.931516528428173,1.0,0.0,0.0,0.0,0.0,0.0,2.0863307442386585,1.0,0.0,0.0,0.0,0.0,0.0,,0.0,0.0,0.0,0.0,0.0,0.0,,0.0,0.0,0.0,0.0,0.0,0.0,0.2190784763110923,0.1858932911258944,1.0,1.0,0.0,0.0,0.0,0.0,2.0,0.0,,,0.0,0.0,0.0,0.0,0.0,0.0,0.0,0.0,1.7767229497040276,1.0,0.0,0.0,0.0,1.0,0.0,2.131039019254568,1.0,0.0,0.0,0.0,1.0,0.0,,0.0,0.0,0.0,0.0,0.0,0.0,,0.0,0.0,0.0,0.0,0.0,0.0,,,,,,,,,,,,,,,,,,,,,,,,,,,,,,,,,,,,,,,,,,,,,,,,,,,,,,,,,,,,,,,,,,,,,,,,,,,,,,,,,,,,,,,,,,,,,,,,
2,SHORT,1.012,30,0.5,139.3095,140.72,2024-06-20 12:00:00+00:00,2024-06-20 12:30:00+00:00,-0.0283335517355012,-0.0446900416785919,0,0,0,0,0,1,0,2,61.69758084779821,73.41585512423784,0,0,0,0,0,1,0,1,-0.3732373557372729,0,0,0,1,0,1,-0.4377065533790084,0,0,0,1,0,1,-0.5514556153863722,0,0,0,0,0,1,-0.332284741403599,0,0,0,1,0,1,-0.0204006379815296,-0.0218128895678283,0.0,0.0,0.0,0.0,0.0,1.0,0.0,6.0,59.999999999999744,62.74074074074053,0.0,0.0,0.0,0.0,0.0,0.0,0.0,0.0,-0.1144833114165354,0.0,1.0,0.0,0.0,0.0,1.0,-0.0148438914883189,0.0,1.0,0.0,1.0,0.0,1.0,0.014739616798585,1.0,1.0,0.0,0.0,0.0,0.0,2.8976483503638266,1.0,0.0,0.0,0.0,0.0,0.0,-0.0837495112196777,-0.0056524560325006,0.0,0.0,0.0,1.0,0.0,0.0,0.0,1.0,65.50600232347959,65.85186224502667,0.0,0.0,0.0,0.0,0.0,0.0,0.0,1.0,0.1795655526155962,1.0,1.0,0.0,0.0,1.0,0.0,0.740597073431293,1.0,0.0,0.0,0.0,0.0,0.0,2.158247831459016,1.0,0.0,0.0,0.0,0.0,0.0,,0.0,0.0,0.0,0.0,0.0,0.0,0.0840066534052941,-0.0009287541567277,1.0,1.0,0.0,0.0,0.0,0.0,0.0,5.0,73.16130568534311,72.96479372634099,1.0,0.0,0.0,0.0,0.0,0.0,0.0,0.0,0.688495338236647,1.0,0.0,0.0,0.0,1.0,0.0,1.860825357948704,1.0,0.0,0.0,0.0,0.0,0.0,,0.0,0.0,0.0,0.0,0.0,0.0,,0.0,0.0,0.0,0.0,0.0,0.0,0.4535361854351913,-0.0845607658521123,1.0,1.0,0.0,0.0,0.0,0.0,0.0,2.0,84.91526848201462,90.26433781385418,0.0,1.0,0.0,6.0,0.0,0.0,0.0,0.0,0.7196141977856559,1.0,0.0,0.0,0.0,0.0,0.0,2.4279906819481325,1.0,0.0,0.0,0.0,0.0,0.0,,0.0,0.0,0.0,0.0,0.0,0.0,,0.0,0.0,0.0,0.0,0.0,0.0,0.8641564968297356,0.3303604191381524,1.0,1.0,0.0,0.0,0.0,0.0,5.0,0.0,,,0.0,0.0,0.0,0.0,0.0,0.0,0.0,0.0,4.030493388135881,1.0,0.0,0.0,0.0,0.0,0.0,5.638868702667856,1.0,0.0,0.0,0.0,0.0,0.0,,0.0,0.0,0.0,0.0,0.0,0.0,,0.0,0.0,0.0,0.0,0.0,0.0,,,,,,,,,,,,,,,,,,,,,,,,,,,,,,,,,,,,,,,,,,,,,,,,,,,,,,,,,,,,,,,,,,,,,,,,,,,,,,,,,,,,,,,,,,,,,,,,
3,SHORT,-3.955,130,2.2,137.675,132.23,2024-06-20 15:50:00+00:00,2024-06-20 18:00:00+00:00,-0.0909905100771126,0.0115497794519807,0,0,1,0,0,0,1,0,8.571931177753711,5.295210453397927,1,0,1,9,1,0,0,0,-0.1497669918126533,0,1,0,0,0,0,-0.4219310826764826,0,0,0,0,0,0,-0.7849915966851515,0,0,0,0,0,0,-1.1416319443179053,0,0,0,0,0,0,-0.0096935140521205,-0.0495151272574636,0.0,0.0,0.0,0.0,0.0,1.0,0.0,7.0,30.31098209361157,52.25455921821745,0.0,0.0,0.0,0.0,0.0,0.0,0.0,0.0,-0.4363385185280822,0.0,0.0,0.0,0.0,0.0,1.0,-0.5849549752736495,0.0,0.0,0.0,0.0,0.0,0.0,-1.0038783329919525,0.0,0.0,0.0,0.0,0.0,0.0,0.3863591271455434,1.0,0.0,0.0,0.0,0.0,0.0,-0.2233907640302075,0.012515853103418,0.0,0.0,0.0,0.0,0.0,0.0,4.0,0.0,52.6788543570995,52.33353646150735,1.0,0.0,0.0,0.0,0.0,0.0,0.0,0.0,-0.1771879490722591,0.0,1.0,0.0,0.0,0.0,0.0,-0.2836943048322175,0.0,1.0,0.0,0.0,0.0,0.0,0.3378406903428479,1.0,0.0,0.0,0.0,0.0,0.0,,0.0,0.0,0.0,0.0,0.0,0.0,-0.2635722357866958,-0.0230577270649769,0.0,0.0,0.0,0.0,0.0,0.0,0.0,5.0,56.09317081610154,59.78005002169039,0.0,0.0,0.0,0.0,0.0,0.0,0.0,0.0,-0.1002732324865245,0.0,1.0,0.0,0.0,0.0,0.0,0.4763413333951368,1.0,0.0,0.0,0.0,1.0,0.0,,0.0,0.0,0.0,0.0,0.0,0.0,,0.0,0.0,0.0,0.0,0.0,0.0,0.2550333714669532,-0.0925348435726975,1.0,1.0,0.0,0.0,0.0,0.0,0.0,5.0,80.49172836647797,80.67262151030826,0.0,1.0,0.0,9.0,0.0,0.0,0.0,0.0,0.4235758190061696,1.0,0.0,0.0,0.0,1.0,0.0,2.0184227564419817,1.0,0.0,0.0,0.0,0.0,0.0,,0.0,0.0,0.0,0.0,0.0,0.0,,0.0,0.0,0.0,0.0,0.0,0.0,0.8641564968297356,0.3303604191381524,1.0,1.0,0.0,0.0,0.0,0.0,5.0,0.0,,,0.0,0.0,0.0,0.0,0.0,0.0,0.0,0.0,4.030493388135881,1.0,0.0,0.0,0.0,0.0,0.0,5.638868702667856,1.0,0.0,0.0,0.0,0.0,0.0,,0.0,0.0,0.0,0.0,0.0,0.0,,0.0,0.0,0.0,0.0,0.0,0.0,,,,,,,,,,,,,,,,,,,,,,,,,,,,,,,,,,,,,,,,,,,,,,,,,,,,,,,,,,,,,,,,,,,,,,,,,,,,,,,,,,,,,,,,,,,,,,,,
4,LONG,-1.057,30,0.5,128.71,127.35,2024-06-21 12:35:00+00:00,2024-06-21 13:05:00+00:00,0.0286429188509014,-0.0046451326668399,1,1,0,1,0,0,0,1,79.94560994560986,83.0230930002967,0,0,0,0,0,1,0,0,0.0322781252050107,1,1,0,0,0,0,0.1049666769226586,1,1,0,0,0,0,0.2064684563879806,1,1,0,0,0,0,0.0126653440973999,1,1,0,0,1,0,0.0240996180063174,0.0267735553249438,1.0,1.0,0.0,0.0,1.0,0.0,6.0,0.0,27.45004053566261,24.491233053430253,1.0,0.0,0.0,0.0,0.0,0.0,0.0,0.0,0.1913316461068368,1.0,1.0,0.0,0.0,1.0,0.0,0.1265284558221943,1.0,1.0,0.0,0.0,1.0,0.0,0.1733140035534598,1.0,1.0,0.0,0.0,1.0,0.0,-2.9278509856652213,0.0,0.0,0.0,0.0,0.0,0.0,0.0988759515294172,-0.0210613470867451,1.0,1.0,0.0,0.0,0.0,0.0,0.0,4.0,35.76745055907492,43.05208596883171,0.0,0.0,0.0,0.0,0.0,0.0,0.0,0.0,-0.2778857441225129,0.0,1.0,0.0,0.0,0.0,1.0,-0.6775267589989656,0.0,0.0,0.0,0.0,0.0,1.0,-1.7357968759715656,0.0,0.0,0.0,0.0,0.0,1.0,,0.0,0.0,0.0,0.0,0.0,0.0,0.0934344023636248,-0.0238460664237678,1.0,1.0,0.0,1.0,0.0,0.0,0.0,1.0,33.748517200474545,36.78534433508486,0.0,0.0,0.0,0.0,0.0,0.0,0.0,1.0,-0.7085990630203625,0.0,0.0,0.0,0.0,0.0,1.0,-1.8653053016687355,0.0,0.0,0.0,0.0,0.0,1.0,-4.909686970725315,0.0,0.0,0.0,0.0,0.0,0.0,,0.0,0.0,0.0,0.0,0.0,0.0,-0.713779766634385,0.1255052921463564,0.0,0.0,0.0,0.0,0.0,0.0,2.0,0.0,12.636288739885956,10.558902537752145,1.0,0.0,1.0,10.0,0.0,0.0,0.0,0.0,-0.7386525778212202,0.0,0.0,0.0,0.0,0.0,0.0,-2.4950317660432693,0.0,0.0,0.0,0.0,0.0,0.0,,0.0,0.0,0.0,0.0,0.0,0.0,,0.0,0.0,0.0,0.0,0.0,0.0,-0.3746489326975054,-0.2089117954515643,0.0,0.0,0.0,0.0,0.0,0.0,0.0,4.0,,,0.0,0.0,0.0,0.0,0.0,0.0,0.0,0.0,-1.8231561496845188,0.0,0.0,0.0,0.0,0.0,0.0,-1.7114155902918349,0.0,0.0,0.0,0.0,0.0,0.0,,0.0,0.0,0.0,0.0,0.0,0.0,,0.0,0.0,0.0,0.0,0.0,0.0,0.0,,0.0,0.0,0.0,0.0,0.0,0.0,0.0,0.0,,,0.0,0.0,0.0,0.0,0.0,0.0,0.0,0.0,0.0,0.0,1.0,0.0,0.0,0.0,0.0,0.0,0.0,1.0,0.0,0.0,0.0,0.0,,0.0,0.0,0.0,0.0,0.0,0.0,,0.0,0.0,0.0,0.0,0.0,0.0,,,,,,,,,,,,,,,,,,,,,,,,,,,,,,,,,,,,,,,,,,,,,,,,
5,LONG,1.882,105,1.8,126.43,128.81,2024-06-21 14:55:00+00:00,2024-06-21 16:40:00+00:00,0.0347108414659926,-0.0074093109443534,1,1,0,0,0,0,0,8,73.37898286907675,74.90000059516366,0,0,0,0,0,0,0,0,0.0432434778034577,1,1,0,0,1,0,0.1645669944345986,1,1,0,0,0,0,0.2017889510499946,1,1,0,0,0,0,-0.7912352151927384,0,0,0,0,0,0,0.0464793081624346,0.0581252063674883,1.0,1.0,0.0,0.0,1.0,0.0,2.0,0.0,41.29207717569781,34.44830151888341,1.0,0.0,0.0,0.0,0.0,0.0,0.0,0.0,0.3128229398255358,1.0,0.0,0.0,0.0,1.0,0.0,-0.035341694100058,0.0,1.0,0.0,0.0,0.0,1.0,-0.9145558303090842,0.0,0.0,0.0,0.0,0.0,0.0,-3.222618718986746,0.0,0.0,0.0,0.0,0.0,0.0,-0.1370293962145513,-0.0912548193174644,0.0,0.0,0.0,1.0,0.0,0.0,0.0,1.0,26.29536370903286,25.153518285227168,1.0,0.0,0.0,0.0,0.0,0.0,0.0,0.0,-1.2352638939536449,0.0,0.0,0.0,0.0,0.0,1.0,-1.9443573059075852,0.0,0.0,0.0,0.0,0.0,0.0,-3.023654538507681,0.0,0.0,0.0,0.0,0.0,0.0,,0.0,0.0,0.0,0.0,0.0,0.0,0.0392245835457623,-0.0276411978152819,1.0,1.0,0.0,0.0,0.0,0.0,0.0,3.0,22.16660637870652,23.503393796177672,0.0,0.0,0.0,0.0,0.0,0.0,0.0,0.0,-0.7934053954565758,0.0,0.0,0.0,0.0,0.0,1.0,-1.9505487439248024,0.0,0.0,0.0,0.0,0.0,0.0,-5.1460968490136185,0.0,0.0,0.0,0.0,0.0,0.0,,0.0,0.0,0.0,0.0,0.0,0.0,-0.5767753780942462,0.0872132932405287,0.0,0.0,0.0,0.0,0.0,0.0,4.0,0.0,12.667589462291488,12.939267787289491,0.0,0.0,1.0,12.0,0.0,0.0,0.0,0.0,-0.9124346915278534,0.0,0.0,0.0,0.0,0.0,1.0,-2.713090631731781,0.0,0.0,0.0,0.0,0.0,1.0,,0.0,0.0,0.0,0.0,0.0,0.0,,0.0,0.0,0.0,0.0,0.0,0.0,-0.3746489326975054,-0.2089117954515643,0.0,0.0,0.0,0.0,0.0,0.0,0.0,4.0,,,0.0,0.0,0.0,0.0,0.0,0.0,0.0,0.0,-1.8231561496845188,0.0,0.0,0.0,0.0,0.0,0.0,-1.7114155902918349,0.0,0.0,0.0,0.0,0.0,0.0,,0.0,0.0,0.0,0.0,0.0,0.0,,0.0,0.0,0.0,0.0,0.0,0.0,0.0,,0.0,0.0,0.0,0.0,0.0,0.0,0.0,0.0,,,0.0,0.0,0.0,0.0,0.0,0.0,0.0,0.0,0.0,0.0,1.0,0.0,0.0,0.0,0.0,0.0,0.0,1.0,0.0,0.0,0.0,0.0,,0.0,0.0,0.0,0.0,0.0,0.0,,0.0,0.0,0.0,0.0,0.0,0.0,,,,,,,,,,,,,,,,,,,,,,,,,,,,,,,,,,,,,,,,,,,,,,,,
6,LONG,-2.327,30,0.5,122.46,119.61,2024-06-24 14:15:00+00:00,2024-06-24 14:45:00+00:00,-0.0811932041490102,-0.0423245831950589,0,0,0,0,0,0,0,6,11.963483167264242,32.13624322240144,0,0,1,1,0,0,0,0,-0.4561360864223489,0,0,0,0,0,0,-0.5194137582436382,0,0,0,0,0,0,-0.5383437273985858,0,0,0,0,0,0,-1.1044834766152811,0,0,0,0,0,0,0.0192449264840999,0.0430140641310943,1.0,1.0,0.0,0.0,1.0,0.0,4.0,0.0,57.74804905239706,47.08286882199942,1.0,0.0,0.0,0.0,0.0,0.0,0.0,0.0,0.255638646067807,1.0,1.0,0.0,0.0,0.0,0.0,0.060750854313533,1.0,1.0,0.0,0.0,1.0,0.0,-0.2605089165715112,0.0,1.0,0.0,0.0,0.0,1.0,-2.0533589224587097,0.0,0.0,0.0,0.0,0.0,0.0,-0.05351054448202,-0.0170484311274109,0.0,0.0,0.0,0.0,0.0,0.0,0.0,5.0,14.407475766038113,15.241866594650638,0.0,0.0,1.0,3.0,0.0,0.0,0.0,0.0,-0.5197019521510176,0.0,0.0,0.0,0.0,0.0,1.0,-1.1295049876126986,0.0,0.0,0.0,0.0,0.0,0.0,-2.285730223460884,0.0,0.0,0.0,0.0,0.0,0.0,-6.646633750011538,0.0,0.0,0.0,0.0,0.0,0.0,-0.1198337201784671,-0.0286375140670132,0.0,0.0,0.0,0.0,0.0,0.0,0.0,2.0,23.721425744985208,30.05258779005467,0.0,0.0,0.0,0.0,0.0,0.0,0.0,0.0,-0.8711934275405521,0.0,0.0,0.0,0.0,0.0,0.0,-1.8127114222376917,0.0,0.0,0.0,0.0,0.0,0.0,-3.279425393875932,0.0,0.0,0.0,0.0,0.0,0.0,,0.0,0.0,0.0,0.0,0.0,0.0,-0.1192002977038639,-0.0128944406773405,0.0,0.0,0.0,0.0,0.0,0.0,0.0,5.0,16.559126493613487,16.09179109123083,1.0,0.0,1.0,4.0,1.0,0.0,0.0,0.0,-1.0582198149497428,0.0,0.0,0.0,0.0,0.0,1.0,-2.592848872805529,0.0,0.0,0.0,0.0,0.0,1.0,-6.137198491683833,0.0,0.0,0.0,0.0,0.0,0.0,,0.0,0.0,0.0,0.0,0.0,0.0,-0.997856581708807,-0.0133594015815343,0.0,0.0,0.0,0.0,0.0,0.0,0.0,9.0,14.219653179190743,,0.0,0.0,1.0,1.0,0.0,0.0,0.0,0.0,-1.943986342754448,0.0,0.0,0.0,0.0,0.0,0.0,-3.4527452336451923,0.0,0.0,0.0,0.0,0.0,0.0,,0.0,0.0,0.0,0.0,0.0,0.0,,0.0,0.0,0.0,0.0,0.0,0.0,-0.3956695156695105,-0.3956695156695105,0.0,0.0,0.0,0.0,0.0,0.0,0.0,1.0,,,0.0,0.0,0.0,0.0,0.0,0.0,0.0,0.0,-3.571428571428572,0.0,0.0,0.0,0.0,0.0,1.0,-4.149377593361009,0.0,0.0,0.0,0.0,0.0,1.0,,0.0,0.0,0.0,0.0,0.0,0.0,,0.0,0.0,0.0,0.0,0.0,0.0,0.0,,0.0,0.0,0.0,0.0,0.0,0.0,0.0,0.0,,,0.0,0.0,0.0,0.0,0.0,0.0,0.0,0.0,0.0,0.0,1.0,0.0,0.0,0.0,0.0,0.0,0.0,1.0,0.0,0.0,0.0,0.0,,0.0,0.0,0.0,0.0,0.0,0.0,,0.0,0.0,0.0,0.0,0.0,0.0
7,LONG,3.813,125,2.1,117.24,121.71,2024-06-25 08:20:00+00:00,2024-06-25 10:25:00+00:00,0.0679670750237422,-0.0027361669418788,1,1,0,0,0,0,0,6,88.65731680800138,86.54744524216277,1,1,0,13,0,0,0,0,0.1697949769184617,1,1,0,0,1,0,0.3882054821117334,1,0,0,0,0,0,0.5709968960242463,1,0,0,0,0,0,0.3428075421998503,1,0,0,0,0,0,0.0359066639204307,0.0519263312911343,1.0,1.0,0.0,0.0,1.0,0.0,2.0,0.0,70.9436426314831,50.386181816801816,1.0,0.0,0.0,0.0,0.0,0.0,0.0,0.0,0.416958841261232,1.0,0.0,0.0,0.0,1.0,0.0,0.3109915096653788,1.0,0.0,0.0,0.0,1.0,0.0,0.1047648585007346,1.0,1.0,1.0,0.0,1.0,0.0,-3.2166812198631414,0.0,0.0,0.0,0.0,0.0,0.0,0.0489669743680893,-0.0476985540043781,1.0,1.0,0.0,1.0,0.0,0.0,0.0,1.0,11.35055054289621,7.48701680195443,1.0,0.0,1.0,17.0,0.0,0.0,0.0,0.0,-0.7321781873396794,0.0,0.0,0.0,0.0,0.0,0.0,-1.4396666536118832,0.0,0.0,0.0,0.0,0.0,0.0,-3.208048099001209,0.0,0.0,0.0,0.0,0.0,0.0,-9.67096217678573,0.0,0.0,0.0,0.0,0.0,0.0,0.0162996482992423,0.0286600948262669,1.0,1.0,0.0,0.0,1.0,0.0,5.0,0.0,2.245057718581489,3.8063720447072864,0.0,0.0,1.0,13.0,0.0,0.0,0.0,0.0,-0.5548004585679627,0.0,0.0,0.0,0.0,0.0,0.0,-2.038784085749884,0.0,0.0,0.0,0.0,0.0,0.0,-5.273777395343752,0.0,0.0,0.0,0.0,0.0,0.0,,0.0,0.0,0.0,0.0,0.0,0.0,-0.3094793994365363,0.048308328988436,0.0,0.0,0.0,0.0,0.0,0.0,3.0,0.0,2.506366548336516,2.6338305993034083,0.0,0.0,1.0,6.0,0.0,0.0,0.0,0.0,-1.3832880816401414,0.0,0.0,0.0,0.0,0.0,0.0,-3.972250475874465,0.0,0.0,0.0,0.0,0.0,0.0,-8.81404176443633,0.0,0.0,0.0,0.0,0.0,0.0,,0.0,0.0,0.0,0.0,0.0,0.0,-1.7094623375673912,-0.1506834756770867,0.0,0.0,0.0,0.0,0.0,0.0,0.0,13.0,3.8468954007756047,6.82333902000489,0.0,0.0,1.0,5.0,0.0,0.0,0.0,0.0,-5.0552944157320105,0.0,0.0,0.0,0.0,0.0,0.0,-8.546333203219177,0.0,0.0,0.0,0.0,0.0,0.0,,0.0,0.0,0.0,0.0,0.0,0.0,,0.0,0.0,0.0,0.0,0.0,0.0,-0.8262405662291712,-0.4305710505596607,0.0,0.0,0.0,0.0,0.0,0.0,0.0,2.0,,,0.0,0.0,0.0,0.0,0.0,0.0,0.0,0.0,-4.682925021311287,0.0,0.0,0.0,0.0,0.0,0.0,-5.948956484484979,0.0,0.0,0.0,0.0,0.0,0.0,,0.0,0.0,0.0,0.0,0.0,0.0,,0.0,0.0,0.0,0.0,0.0,0.0,0.0,,0.0,0.0,0.0,0.0,0.0,0.0,0.0,0.0,,,0.0,0.0,0.0,0.0,0.0,0.0,0.0,0.0,0.0,0.0,1.0,0.0,0.0,0.0,0.0,0.0,0.0,1.0,0.0,0.0,0.0,0.0,,0.0,0.0,0.0,0.0,0.0,0.0,,0.0,0.0,0.0,0.0,0.0,0.0
8,LONG,2.541,60,1.0,121.785,124.88,2024-06-25 14:55:00+00:00,2024-06-25 15:55:00+00:00,-0.0096330545352498,0.0019343100822641,0,0,0,0,0,0,2,0,47.25373134328324,41.98009950248756,1,0,0,0,0,0,1,0,0.0051266286971463,1,1,0,0,1,0,0.0046906990190727,1,1,0,0,1,0,0.007837375702379,1,1,0,0,1,0,0.4168476209978047,1,0,0,0,0,0,0.0023500705996476,0.0147689430597848,1.0,1.0,0.0,0.0,1.0,0.0,5.0,0.0,73.20048701298694,73.79376503126498,0.0,0.0,0.0,0.0,0.0,0.0,0.0,0.0,0.1848746395675867,1.0,1.0,0.0,0.0,1.0,0.0,0.3028740821110505,1.0,0.0,0.0,0.0,0.0,0.0,0.5918617801229477,1.0,0.0,0.0,0.0,0.0,0.0,1.9969391168418555,1.0,0.0,0.0,0.0,0.0,0.0,-0.0172879581181544,-0.0101755435633543,0.0,0.0,0.0,0.0,0.0,0.0,0.0,2.0,90.81179267914086,90.48842628839095,1.0,1.0,0.0,9.0,0.0,0.0,0.0,0.0,0.1585477344590176,1.0,1.0,0.0,0.0,1.0,0.0,0.6605663643930819,1.0,0.0,0.0,0.0,1.0,0.0,2.047421398618561,1.0,0.0,0.0,0.0,0.0,0.0,-3.135668145760272,0.0,0.0,0.0,0.0,0.0,0.0,0.501671415900778,-0.0233858179562401,1.0,1.0,0.0,0.0,0.0,0.0,0.0,7.0,92.04090421010252,88.8728571519996,1.0,1.0,0.0,4.0,0.0,0.0,0.0,0.0,0.7040759672080235,1.0,0.0,0.0,0.0,1.0,0.0,1.3750610837870134,1.0,0.0,0.0,0.0,1.0,0.0,0.5843994416772338,1.0,0.0,0.0,0.0,1.0,0.0,,0.0,0.0,0.0,0.0,0.0,0.0,0.7281333705424995,0.109372489927547,1.0,1.0,0.0,0.0,0.0,0.0,9.0,0.0,73.55449443568862,66.78849335573182,1.0,0.0,0.0,0.0,0.0,0.0,0.0,0.0,1.3149929487655194,1.0,0.0,0.0,0.0,1.0,0.0,0.6358943345032387,1.0,0.0,1.0,0.0,1.0,0.0,-2.9980087412104988,0.0,0.0,0.0,0.0,0.0,0.0,,0.0,0.0,0.0,0.0,0.0,0.0,-1.7516254360728594,-0.0421630985054681,0.0,0.0,0.0,0.0,0.0,0.0,0.0,14.0,1.0221025949581468,3.711634627555633,0.0,0.0,1.0,6.0,0.0,0.0,0.0,0.0,-4.508790952027189,0.0,0.0,0.0,0.0,0.0,0.0,-8.424714924862474,0.0,0.0,0.0,0.0,0.0,0.0,,0.0,0.0,0.0,0.0,0.0,0.0,,0.0,0.0,0.0,0.0,0.0,0.0,-0.8262405662291712,-0.4305710505596607,0.0,0.0,0.0,0.0,0.0,0.0,0.0,2.0,,,0.0,0.0,0.0,0.0,0.0,0.0,0.0,0.0,-4.682925021311287,0.0,0.0,0.0,0.0,0.0,0.0,-5.948956484484979,0.0,0.0,0.0,0.0,0.0,0.0,,0.0,0.0,0.0,0.0,0.0,0.0,,0.0,0.0,0.0,0.0,0.0,0.0,0.0,,0.0,0.0,0.0,0.0,0.0,0.0,0.0,0.0,,,0.0,0.0,0.0,0.0,0.0,0.0,0.0,0.0,0.0,0.0,1.0,0.0,0.0,0.0,0.0,0.0,0.0,1.0,0.0,0.0,0.0,0.0,,0.0,0.0,0.0,0.0,0.0,0.0,,0.0,0.0,0.0,0.0,0.0,0.0
9,SHORT,1.751,155,2.6,127.32,129.55,2024-06-25 21:30:00+00:00,2024-06-26 08:05:00+00:00,-0.0226585692637508,0.0031361726317014,0,0,1,0,0,0,1,0,22.777777777777217,24.529100529101072,0,0,0,0,0,0,0,0,0.0024398550966938,1,1,1,0,1,0,0.0045457554285039,1,1,1,0,1,0,0.0996987338708759,1,1,0,0,0,0,1.0164678939027514,1,0,0,0,0,0,-0.0020654107288781,-0.013407644652566,0.0,0.0,0.0,0.0,0.0,1.0,0.0,3.0,97.66302287195911,98.14916351258786,0.0,1.0,0.0,16.0,0.0,0.0,0.0,0.0,0.0897557649652059,1.0,1.0,0.0,0.0,0.0,0.0,0.4552592177399685,1.0,0.0,0.0,0.0,0.0,0.0,1.2814416877945405,1.0,0.0,0.0,0.0,0.0,0.0,4.5871269985204535,1.0,0.0,0.0,0.0,0.0,0.0,0.0755374183283923,0.0003829081843353,1.0,1.0,0.0,0.0,0.0,0.0,4.0,0.0,97.06532215432637,97.1084624557394,0.0,1.0,0.0,8.0,0.0,1.0,0.0,0.0,0.5649833260903119,1.0,0.0,0.0,0.0,0.0,0.0,1.4839174589088304,1.0,0.0,0.0,0.0,0.0,0.0,3.280320915728593,1.0,0.0,0.0,0.0,0.0,0.0,2.369091372950163,1.0,0.0,0.0,0.0,0.0,0.0,0.329179712537174,-0.0136506552998176,1.0,1.0,0.0,1.0,0.0,0.0,0.0,1.0,98.24262319369284,97.35769569035706,1.0,1.0,0.0,18.0,0.0,0.0,0.0,0.0,1.0073298761939382,1.0,0.0,0.0,0.0,0.0,0.0,2.508942797384328,1.0,0.0,0.0,0.0,0.0,0.0,4.925540015678558,1.0,0.0,0.0,0.0,0.0,0.0,,0.0,0.0,0.0,0.0,0.0,0.0,1.01510267327606,0.0277376276685646,1.0,1.0,1.0,0.0,0.0,0.0,1.0,0.0,94.43767021116446,91.0752435096975,1.0,1.0,0.0,7.0,0.0,0.0,0.0,0.0,1.8555449371402428,1.0,0.0,0.0,0.0,0.0,0.0,2.9501285140258773,1.0,0.0,0.0,0.0,0.0,0.0,1.6659325603897797,1.0,0.0,0.0,0.0,0.0,0.0,,0.0,0.0,0.0,0.0,0.0,0.0,-0.7188410031598975,0.621649570338314,0.0,0.0,0.0,0.0,0.0,0.0,2.0,0.0,28.105745343603285,12.75610158060725,1.0,0.0,0.0,0.0,0.0,0.0,0.0,0.0,2.5427552705401983,1.0,0.0,1.0,0.0,1.0,0.0,-0.5549355808458736,0.0,0.0,0.0,0.0,0.0,0.0,,0.0,0.0,0.0,0.0,0.0,0.0,,0.0,0.0,0.0,0.0,0.0,0.0,-0.8262405662291712,-0.4305710505596607,0.0,0.0,0.0,0.0,0.0,0.0,0.0,2.0,,,0.0,0.0,0.0,0.0,0.0,0.0,0.0,0.0,-4.682925021311287,0.0,0.0,0.0,0.0,0.0,0.0,-5.948956484484979,0.0,0.0,0.0,0.0,0.0,0.0,,0.0,0.0,0.0,0.0,0.0,0.0,,0.0,0.0,0.0,0.0,0.0,0.0,0.0,,0.0,0.0,0.0,0.0,0.0,0.0,0.0,0.0,,,0.0,0.0,0.0,0.0,0.0,0.0,0.0,0.0,0.0,0.0,1.0,0.0,0.0,0.0,0.0,0.0,0.0,1.0,0.0,0.0,0.0,0.0,,0.0,0.0,0.0,0.0,0.0,0.0,,0.0,0.0,0.0,0.0,0.0,0.0
10,SHORT,-1.831,95,1.6,128.72,126.3637,2024-06-26 12:10:00+00:00,2024-06-26 13:45:00+00:00,-0.0480634390761797,0.0045957100830464,0,0,0,0,0,0,3,0,43.97496087636944,42.61867501304143,1,0,0,0,0,0,0,0,-0.0754084226707228,0,1,0,1,0,1,-0.1900779476036853,0,1,0,0,0,0,-0.2646829029027019,0,1,0,0,0,0,-0.1436722479491005,0,1,0,0,0,0,-0.0034952302329318,-0.0326439687418683,0.0,0.0,0.0,0.0,0.0,1.0,0.0,2.0,67.84317013190265,81.33723883260592,0.0,0.0,0.0,0.0,0.0,0.0,0.0,0.0,-0.2115180407693984,0.0,1.0,0.0,0.0,0.0,1.0,-0.1405605658593061,0.0,1.0,0.0,1.0,0.0,1.0,-0.1067431245326047,0.0,1.0,0.0,1.0,0.0,1.0,2.456937165114575,1.0,0.0,0.0,0.0,0.0,0.0,-0.0987479573169975,0.0181053741064924,0.0,0.0,0.0,0.0,0.0,0.0,3.0,0.0,56.481481481480806,55.95080624842478,1.0,0.0,0.0,0.0,0.0,0.0,1.0,0.0,0.2391903578895392,1.0,1.0,0.0,0.0,1.0,0.0,0.613922573558691,1.0,0.0,0.0,0.0,0.0,0.0,1.7941663023900798,1.0,0.0,0.0,0.0,0.0,0.0,4.041682351265682,1.0,0.0,0.0,0.0,0.0,0.0,-0.1059364666793825,-0.0145247272131174,0.0,0.0,0.0,0.0,0.0,0.0,0.0,5.0,79.40939993366614,82.99908664176883,0.0,0.0,0.0,0.0,0.0,0.0,0.0,0.0,0.3254268252632235,1.0,0.0,0.0,0.0,1.0,0.0,1.3643373747632417,1.0,0.0,0.0,0.0,0.0,0.0,4.682483254453548,1.0,0.0,0.0,0.0,0.0,0.0,,0.0,0.0,0.0,0.0,0.0,0.0,0.6001330911350116,-0.1176263413513197,1.0,1.0,0.0,0.0,0.0,0.0,0.0,3.0,91.43787986872611,94.09607015683692,0.0,1.0,0.0,15.0,0.0,0.0,0.0,0.0,0.6365732788460438,1.0,0.0,0.0,0.0,0.0,0.0,2.4211960776578887,1.0,0.0,0.0,0.0,0.0,0.0,3.800692988818608,1.0,0.0,0.0,0.0,0.0,0.0,,0.0,0.0,0.0,0.0,0.0,0.0,0.6275626718941925,0.3979355190130547,1.0,1.0,0.0,0.0,0.0,0.0,5.0,0.0,70.95616024187456,61.01582550545306,1.0,0.0,0.0,0.0,0.0,0.0,0.0,0.0,3.2375480084375616,1.0,0.0,0.0,0.0,0.0,0.0,2.2547575817466874,1.0,0.0,0.0,0.0,0.0,0.0,,0.0,0.0,0.0,0.0,0.0,0.0,,0.0,0.0,0.0,0.0,0.0,0.0,-1.7169108700439528,-0.8906703038147816,0.0,0.0,0.0,0.0,0.0,0.0,0.0,3.0,,,0.0,0.0,0.0,0.0,0.0,0.0,0.0,0.0,-10.021349622304417,0.0,0.0,0.0,0.0,0.0,0.0,-12.60024716530356,0.0,0.0,0.0,0.0,0.0,0.0,,0.0,0.0,0.0,0.0,0.0,0.0,,0.0,0.0,0.0,0.0,0.0,0.0,0.0,,0.0,0.0,0.0,0.0,0.0,0.0,0.0,0.0,,,0.0,0.0,0.0,0.0,0.0,0.0,0.0,0.0,0.0,0.0,1.0,0.0,0.0,0.0,0.0,0.0,0.0,1.0,0.0,0.0,0.0,0.0,,0.0,0.0,0.0,0.0,0.0,0.0,,0.0,0.0,0.0,0.0,0.0,0.0
11,SHORT,-1.354,60,1.0,125.165,123.47,2024-06-26 14:40:00+00:00,2024-06-26 15:40:00+00:00,-0.01304575271598,0.0078040468878977,0,0,1,0,0,0,1,0,43.2881857012294,40.355495599649934,1,0,0,0,0,0,1,0,-0.1375032389031532,0,1,0,0,0,1,-0.4869056273820689,0,0,0,0,0,0,-1.1943699397094978,0,0,0,0,0,0,-1.640446240631685,0,0,0,0,0,0,-0.0101094882284905,-0.0431961223897099,0.0,0.0,0.0,0.0,0.0,1.0,0.0,5.0,33.82301422933862,47.55232281911233,0.0,0.0,0.0,0.0,0.0,0.0,0.0,0.0,-0.4654849662556177,0.0,0.0,0.0,0.0,0.0,0.0,-0.6998171655850779,0.0,0.0,0.0,0.0,0.0,0.0,-1.4465885260505311,0.0,0.0,0.0,0.0,0.0,0.0,-0.5963366078230785,0.0,0.0,0.0,0.0,0.0,0.0,-0.2429987822110772,0.1109360255784508,0.0,0.0,0.0,0.0,0.0,0.0,4.0,0.0,45.316374269005934,38.73586744639385,1.0,0.0,0.0,0.0,0.0,0.0,0.0,0.0,0.3906055604563259,1.0,0.0,1.0,0.0,1.0,0.0,-0.0140605748879851,0.0,1.0,0.0,0.0,0.0,1.0,0.0256089235996201,1.0,1.0,1.0,0.0,1.0,0.0,2.717883462591893,1.0,0.0,0.0,0.0,0.0,0.0,-0.4836037270461677,-0.0344171531642394,0.0,0.0,0.0,0.0,0.0,0.0,0.0,10.0,28.73450898403185,35.49061957422723,0.0,0.0,0.0,0.0,0.0,0.0,0.0,0.0,-0.6616378389616028,0.0,0.0,0.0,0.0,0.0,0.0,-0.4804900788376913,0.0,0.0,0.0,0.0,0.0,1.0,1.9202382861454024,1.0,0.0,0.0,0.0,0.0,0.0,,0.0,0.0,0.0,0.0,0.0,0.0,0.230419386798206,-0.2817039581620164,1.0,1.0,0.0,0.0,0.0,0.0,0.0,5.0,78.70866685112853,86.69314066706745,0.0,0.0,0.0,0.0,0.0,0.0,0.0,0.0,-1.207564699467662,0.0,0.0,0.0,1.0,0.0,1.0,0.1487436300437997,1.0,1.0,0.0,0.0,0.0,0.0,1.7601595560582286,1.0,0.0,0.0,0.0,0.0,0.0,,0.0,0.0,0.0,0.0,0.0,0.0,0.6275626718941925,0.3979355190130547,1.0,1.0,0.0,0.0,0.0,0.0,5.0,0.0,70.95616024187456,61.01582550545306,1.0,0.0,0.0,0.0,0.0,0.0,0.0,0.0,3.2375480084375616,1.0,0.0,0.0,0.0,0.0,0.0,2.2547575817466874,1.0,0.0,0.0,0.0,0.0,0.0,,0.0,0.0,0.0,0.0,0.0,0.0,,0.0,0.0,0.0,0.0,0.0,0.0,-1.7169108700439528,-0.8906703038147816,0.0,0.0,0.0,0.0,0.0,0.0,0.0,3.0,,,0.0,0.0,0.0,0.0,0.0,0.0,0.0,0.0,-10.021349622304417,0.0,0.0,0.0,0.0,0.0,0.0,-12.60024716530356,0.0,0.0,0.0,0.0,0.0,0.0,,0.0,0.0,0.0,0.0,0.0,0.0,,0.0,0.0,0.0,0.0,0.0,0.0,0.0,,0.0,0.0,0.0,0.0,0.0,0.0,0.0,0.0,,,0.0,0.0,0.0,0.0,0.0,0.0,0.0,0.0,0.0,0.0,1.0,0.0,0.0,0.0,0.0,0.0,0.0,1.0,0.0,0.0,0.0,0.0,,0.0,0.0,0.0,0.0,0.0,0.0,,0.0,0.0,0.0,0.0,0.0,0.0
12,SHORT,-1.526,155,2.6,125.86,123.94,2024-06-28 14:55:00+00:00,2024-06-28 17:30:00+00:00,-0.0159721208199297,-0.0033260878456062,0,0,0,0,0,0,0,4,33.14393939393901,45.00505050504995,0,0,0,0,0,0,0,0,-0.116461892291969,0,1,0,0,0,0,-0.2597150435061468,0,1,0,0,0,0,-0.6123325833852343,0,0,0,0,0,0,0.3380689776789742,1,0,0,0,0,0,-0.0366344399250899,-0.0398519141973969,0.0,0.0,0.0,0.0,0.0,1.0,0.0,7.0,58.06964427654098,64.92167772627558,0.0,0.0,0.0,0.0,0.0,0.0,0.0,0.0,-0.199305336632709,0.0,1.0,0.0,0.0,0.0,1.0,0.0712315194119778,1.0,1.0,0.0,0.0,1.0,0.0,0.6281777025320002,1.0,0.0,0.0,0.0,0.0,0.0,1.2538241292125936,1.0,0.0,0.0,0.0,0.0,0.0,0.2317275952712199,0.0492834300434816,1.0,1.0,0.0,0.0,0.0,0.0,4.0,0.0,90.84357291682144,83.28803032834077,1.0,1.0,0.0,2.0,0.0,0.0,0.0,0.0,0.9023938493965818,1.0,0.0,0.0,0.0,0.0,0.0,1.4409028947666784,1.0,0.0,0.0,0.0,0.0,0.0,2.008317734579467,1.0,0.0,0.0,0.0,0.0,0.0,1.629847459083195,1.0,0.0,0.0,0.0,0.0,0.0,0.1196261314227892,0.0880852838450825,1.0,1.0,1.0,0.0,0.0,0.0,1.0,0.0,59.62720895223404,65.56712019202716,0.0,0.0,0.0,0.0,0.0,0.0,0.0,0.0,0.9659272315079704,1.0,0.0,1.0,0.0,1.0,0.0,1.2553545725262587,1.0,0.0,1.0,0.0,1.0,0.0,1.526543417283415,1.0,0.0,0.0,0.0,1.0,0.0,0.7310300236762362,1.0,0.0,1.0,0.0,1.0,0.0,0.0923192787401798,-0.013839850218155,1.0,1.0,0.0,1.0,0.0,0.0,0.0,1.0,79.02265737682893,70.28336862749892,1.0,0.0,0.0,0.0,0.0,0.0,0.0,0.0,0.0348301581249094,1.0,1.0,0.0,0.0,1.0,0.0,0.119234760685983,1.0,1.0,0.0,0.0,1.0,0.0,-0.3578043231802387,0.0,0.0,0.0,0.0,0.0,1.0,,0.0,0.0,0.0,0.0,0.0,0.0,0.2632789722585955,0.0324680828328942,1.0,1.0,0.0,0.0,0.0,0.0,2.0,0.0,62.63099219620961,60.28985507246381,1.0,0.0,0.0,0.0,0.0,0.0,0.0,0.0,0.2101314605712778,1.0,1.0,0.0,0.0,0.0,0.0,-0.4069078772132922,0.0,0.0,0.0,0.0,0.0,0.0,,0.0,0.0,0.0,0.0,0.0,0.0,,0.0,0.0,0.0,0.0,0.0,0.0,-1.4793908051849387,0.0168626576478605,0.0,0.0,0.0,0.0,0.0,0.0,2.0,0.0,,,0.0,0.0,0.0,0.0,0.0,0.0,0.0,0.0,-3.0845321353669544,0.0,0.0,0.0,0.0,0.0,1.0,-6.093635060844544,0.0,0.0,0.0,0.0,0.0,0.0,,0.0,0.0,0.0,0.0,0.0,0.0,,0.0,0.0,0.0,0.0,0.0,0.0,0.0,,0.0,0.0,0.0,0.0,0.0,0.0,0.0,0.0,,,0.0,0.0,0.0,0.0,0.0,0.0,0.0,0.0,0.0,0.0,1.0,0.0,0.0,0.0,0.0,0.0,0.0,1.0,0.0,0.0,0.0,0.0,,0.0,0.0,0.0,0.0,0.0,0.0,,0.0,0.0,0.0,0.0,0.0,0.0
13,LONG,1.502,205,3.4,121.2,123.02,2024-07-01 09:55:00+00:00,2024-07-01 13:20:00+00:00,0.0029859338239678,0.0073390407823189,1,1,0,0,1,0,2,0,68.14176245210818,54.380587484036575,1,0,0,0,0,0,0,0,0.09868918292754,1,1,0,0,0,0,0.1698214877193351,1,1,0,0,0,0,0.3819815999496476,1,0,0,0,0,0,-1.2157009574313642,0,0,0,0,0,0,0.0355933814475628,0.0460437074293568,1.0,1.0,0.0,0.0,1.0,0.0,7.0,0.0,39.67628123415757,29.15656328771248,1.0,0.0,0.0,0.0,0.0,0.0,0.0,0.0,0.1310191578254703,1.0,1.0,0.0,0.0,1.0,0.0,-0.3878583891059132,0.0,0.0,0.0,0.0,0.0,0.0,-1.4664742362318022,0.0,0.0,0.0,0.0,0.0,0.0,-2.5037611109430817,0.0,0.0,0.0,0.0,0.0,0.0,-0.3596907924197286,-0.0551720792405307,0.0,0.0,0.0,0.0,0.0,0.0,0.0,6.0,13.607888807697035,20.944977317526384,0.0,0.0,1.0,2.0,0.0,0.0,0.0,0.0,-1.27524093726285,0.0,0.0,0.0,0.0,0.0,0.0,-2.103146043271841,0.0,0.0,0.0,0.0,0.0,0.0,-3.041434808265048,0.0,0.0,0.0,0.0,0.0,0.0,-3.5451454134260216,0.0,0.0,0.0,0.0,0.0,0.0,-0.1218586286217516,-0.1312730420592024,0.0,0.0,0.0,1.0,0.0,1.0,0.0,1.0,51.10826832551564,56.2124926491696,0.0,0.0,0.0,0.0,0.0,0.0,0.0,1.0,-1.3852966274187584,0.0,0.0,0.0,0.0,0.0,1.0,-1.781765120282357,0.0,0.0,0.0,0.0,0.0,0.0,-2.1940337251241813,0.0,0.0,0.0,0.0,0.0,0.0,-2.216401051695675,0.0,0.0,0.0,0.0,0.0,0.0,-0.0989890043095785,0.0384690835386095,0.0,0.0,0.0,0.0,0.0,0.0,3.0,0.0,22.37970430107531,20.92383512544806,1.0,0.0,0.0,0.0,0.0,0.0,0.0,0.0,0.0720403468225681,1.0,1.0,1.0,0.0,1.0,0.0,-0.1644968488422409,0.0,1.0,0.0,0.0,0.0,1.0,-0.4998784769283623,0.0,0.0,0.0,0.0,0.0,0.0,,0.0,0.0,0.0,0.0,0.0,0.0,0.2009612112081948,-0.0618672732599738,1.0,1.0,0.0,0.0,0.0,0.0,0.0,2.0,27.372261806316413,39.26364916596301,0.0,0.0,0.0,0.0,0.0,0.0,0.0,0.0,-0.529964254197653,0.0,0.0,0.0,0.0,0.0,0.0,-1.0079799990223763,0.0,0.0,0.0,0.0,0.0,0.0,,0.0,0.0,0.0,0.0,0.0,0.0,,0.0,0.0,0.0,0.0,0.0,0.0,-1.3433021793333786,0.1360886258515601,0.0,0.0,0.0,0.0,0.0,0.0,3.0,0.0,,,0.0,0.0,0.0,0.0,0.0,0.0,0.0,0.0,-2.082762429111702,0.0,0.0,0.0,0.0,0.0,0.0,-5.194312969721894,0.0,0.0,0.0,0.0,0.0,0.0,,0.0,0.0,0.0,0.0,0.0,0.0,,0.0,0.0,0.0,0.0,0.0,0.0,-0.2074010256410133,-0.2074010256410133,0.0,0.0,0.0,0.0,0.0,0.0,0.0,1.0,,,0.0,0.0,0.0,0.0,0.0,0.0,0.0,0.0,-2.001697843959912,0.0,0.0,0.0,0.0,0.0,1.0,-2.3317666488418496,0.0,0.0,0.0,0.0,0.0,1.0,,0.0,0.0,0.0,0.0,0.0,0.0,,0.0,0.0,0.0,0.0,0.0,0.0
14,LONG,1.619,135,2.2,122.0506,124.026,2024-07-01 14:35:00+00:00,2024-07-01 16:50:00+00:00,0.0169582609696786,-0.0183834357620376,1,1,0,0,0,0,0,2,76.24030101706069,83.75744949917886,0,0,0,0,0,0,0,0,0.0201426402954661,1,1,1,0,1,0,0.3039135331431961,1,0,0,0,0,0,0.9794804251101954,1,0,0,0,0,0,-0.151337268488457,0,1,0,0,0,0,0.0218510536147665,0.0839152553099115,1.0,1.0,0.0,0.0,1.0,0.0,7.0,0.0,55.944107744107846,45.339393939394064,1.0,0.0,0.0,0.0,0.0,0.0,0.0,0.0,0.5386682258339487,1.0,0.0,0.0,0.0,0.0,0.0,0.2411712220413639,1.0,1.0,0.0,0.0,1.0,0.0,-0.1780910253100293,0.0,1.0,0.0,0.0,0.0,1.0,-1.2802643834578735,0.0,0.0,0.0,0.0,0.0,0.0,-0.1474794191690138,-0.1204122820236264,0.0,0.0,0.0,0.0,0.0,0.0,0.0,3.0,26.922335418583472,42.82021557543268,0.0,0.0,0.0,0.0,0.0,0.0,0.0,0.0,-1.325738881240235,0.0,0.0,0.0,0.0,0.0,0.0,-1.702153661124142,0.0,0.0,0.0,0.0,0.0,0.0,-2.303061516407397,0.0,0.0,0.0,0.0,0.0,0.0,-3.280142651799474,0.0,0.0,0.0,0.0,0.0,0.0,0.0442367921750233,-0.1362581101243616,1.0,1.0,0.0,1.0,0.0,0.0,0.0,1.0,66.17595543075886,70.44134030231642,0.0,0.0,0.0,0.0,0.0,0.0,0.0,1.0,-1.228233418707902,0.0,0.0,0.0,1.0,0.0,1.0,-1.5688336221092292,0.0,0.0,0.0,1.0,0.0,1.0,-2.4484184568318184,0.0,0.0,0.0,0.0,0.0,0.0,-2.561981368249099,0.0,0.0,0.0,0.0,0.0,0.0,-0.1323840352360488,0.1375318348351029,0.0,0.0,0.0,0.0,0.0,0.0,3.0,0.0,39.64566875974003,28.09449619667245,1.0,0.0,0.0,0.0,0.0,0.0,0.0,0.0,0.6697832946817427,1.0,0.0,1.0,0.0,1.0,0.0,0.1378387082715917,1.0,1.0,1.0,0.0,1.0,0.0,-0.3677445795897547,0.0,0.0,0.0,0.0,0.0,1.0,,0.0,0.0,0.0,0.0,0.0,0.0,0.1841472949224449,-0.0168139162857499,1.0,1.0,0.0,0.0,0.0,0.0,0.0,3.0,16.00952380952391,26.568500210633143,0.0,0.0,1.0,1.0,0.0,0.0,0.0,0.0,-0.1872937761620726,0.0,1.0,0.0,0.0,0.0,1.0,-0.6550501186389419,0.0,0.0,0.0,0.0,0.0,0.0,,0.0,0.0,0.0,0.0,0.0,0.0,,0.0,0.0,0.0,0.0,0.0,0.0,-1.3433021793333786,0.1360886258515601,0.0,0.0,0.0,0.0,0.0,0.0,3.0,0.0,,,0.0,0.0,0.0,0.0,0.0,0.0,0.0,0.0,-2.082762429111702,0.0,0.0,0.0,0.0,0.0,0.0,-5.194312969721894,0.0,0.0,0.0,0.0,0.0,0.0,,0.0,0.0,0.0,0.0,0.0,0.0,,0.0,0.0,0.0,0.0,0.0,0.0,-0.2074010256410133,-0.2074010256410133,0.0,0.0,0.0,0.0,0.0,0.0,0.0,1.0,,,0.0,0.0,0.0,0.0,0.0,0.0,0.0,0.0,-2.001697843959912,0.0,0.0,0.0,0.0,0.0,1.0,-2.3317666488418496,0.0,0.0,0.0,0.0,0.0,1.0,,0.0,0.0,0.0,0.0,0.0,0.0,,0.0,0.0,0.0,0.0,0.0,0.0
15,LONG,1.943,55,0.9,124.02,126.43,2024-07-03 14:50:00+00:00,2024-07-03 15:45:00+00:00,0.17040546771537,-0.0214746032332942,1,1,0,1,0,0,0,1,94.54793282535962,96.70205748562132,0,1,0,17,0,0,0,0,0.2817481788311254,1,1,0,0,0,0,0.7953328314117494,1,0,0,0,0,0,1.3027904793804457,1,0,0,0,0,0,1.6858642259217005,1,0,0,0,0,0,0.0623373595354778,0.0672613927976928,1.0,1.0,0.0,0.0,1.0,0.0,3.0,0.0,77.54137115839272,56.417750369989136,1.0,0.0,0.0,0.0,0.0,0.0,0.0,0.0,0.7112566601123532,1.0,0.0,0.0,0.0,1.0,0.0,0.9142518335343164,1.0,0.0,0.0,0.0,0.0,0.0,1.1976311905450598,1.0,0.0,0.0,0.0,0.0,0.0,1.0495499288215904,1.0,0.0,0.0,0.0,0.0,0.0,0.064282371969149,-0.0299525322260567,1.0,1.0,0.0,0.0,0.0,0.0,0.0,3.0,64.61795377344697,70.72848819868825,0.0,0.0,0.0,0.0,0.0,0.0,0.0,0.0,-0.1115434601370357,0.0,1.0,0.0,1.0,0.0,1.0,0.0007511023705996,1.0,1.0,0.0,0.0,1.0,0.0,-0.0626399094482069,0.0,1.0,0.0,1.0,0.0,1.0,-0.975729260263314,0.0,0.0,0.0,0.0,0.0,0.0,0.1002909605290084,0.011990569135186,1.0,1.0,0.0,0.0,0.0,0.0,8.0,0.0,80.38541985872445,80.9784629407004,0.0,1.0,0.0,2.0,0.0,1.0,0.0,0.0,0.1822022428572882,1.0,1.0,0.0,0.0,1.0,0.0,0.1445225803746785,1.0,1.0,0.0,0.0,1.0,0.0,-0.2432501679384399,0.0,1.0,0.0,0.0,0.0,1.0,-1.6234944990620075,0.0,0.0,0.0,0.0,0.0,0.0,-0.0179840424890206,0.0418415999068108,0.0,0.0,0.0,0.0,0.0,0.0,3.0,0.0,41.891891891891646,30.38060303382946,1.0,0.0,0.0,0.0,0.0,0.0,0.0,0.0,0.1266466969436322,1.0,1.0,0.0,0.0,1.0,0.0,-0.2265536193331636,0.0,1.0,0.0,0.0,0.0,0.0,-0.8792470395514944,0.0,0.0,0.0,0.0,0.0,0.0,,0.0,0.0,0.0,0.0,0.0,0.0,-0.0696570774195767,-0.0184160623639614,0.0,0.0,0.0,0.0,0.0,0.0,0.0,2.0,37.31231231231238,37.96296296296298,0.0,0.0,0.0,0.0,0.0,0.0,0.0,0.0,-0.6451854481813666,0.0,0.0,0.0,0.0,0.0,0.0,-1.418758042595788,0.0,0.0,0.0,0.0,0.0,0.0,-3.480330172559169,0.0,0.0,0.0,0.0,0.0,0.0,,0.0,0.0,0.0,0.0,0.0,0.0,-1.0484128013872898,0.16985031325519,0.0,0.0,0.0,0.0,0.0,0.0,5.0,0.0,,,0.0,0.0,0.0,0.0,0.0,0.0,0.0,0.0,-1.5484164908230271,0.0,0.0,0.0,0.0,0.0,0.0,-4.715192800025416,0.0,0.0,0.0,0.0,0.0,0.0,,0.0,0.0,0.0,0.0,0.0,0.0,,0.0,0.0,0.0,0.0,0.0,0.0,-0.2074010256410133,-0.2074010256410133,0.0,0.0,0.0,0.0,0.0,0.0,0.0,1.0,,,0.0,0.0,0.0,0.0,0.0,0.0,0.0,0.0,-2.001697843959912,0.0,0.0,0.0,0.0,0.0,1.0,-2.3317666488418496,0.0,0.0,0.0,0.0,0.0,1.0,,0.0,0.0,0.0,0.0,0.0,0.0,,0.0,0.0,0.0,0.0,0.0,0.0
16,SHORT,1.079,101,1.7,127.455,128.83,2024-07-03 16:40:00+00:00,2024-07-05 08:20:00+00:00,-0.0371306502650924,-0.0149090199494047,0,0,0,1,0,0,0,1,33.5078071694746,41.76420022900056,0,0,0,0,0,0,0,1,-0.1298768896186015,0,1,0,1,0,1,-0.0891681859253409,0,1,0,1,0,1,0.0641673102082945,1,1,0,0,0,0,2.3399918082238385,1,0,0,0,0,0,-0.0134380244989098,-0.0330137972882165,0.0,0.0,0.0,0.0,0.0,1.0,0.0,8.0,87.71781732920805,91.19887118187188,0.0,1.0,0.0,22.0,0.0,1.0,0.0,0.0,0.1735296837360669,1.0,1.0,0.0,0.0,0.0,0.0,1.009639131294166,1.0,0.0,0.0,0.0,0.0,0.0,2.9527865273991125,1.0,0.0,0.0,0.0,0.0,0.0,4.145317463941598,1.0,0.0,0.0,0.0,0.0,0.0,0.5562932556025277,-0.0116868137661545,1.0,1.0,0.0,1.0,0.0,0.0,0.0,1.0,96.29311633261158,96.56954047584492,0.0,1.0,0.0,6.0,0.0,1.0,0.0,0.0,1.223822720805586,1.0,0.0,0.0,0.0,0.0,0.0,2.6448864116319863,1.0,0.0,0.0,0.0,0.0,0.0,3.925345224579287,1.0,0.0,0.0,0.0,0.0,0.0,3.38721583123472,1.0,0.0,0.0,0.0,0.0,0.0,0.6199497562918479,0.1634425447071728,1.0,1.0,0.0,0.0,0.0,0.0,3.0,0.0,93.93175709780655,82.45530825404897,1.0,1.0,0.0,2.0,0.0,0.0,0.0,0.0,2.4713053942836205,1.0,0.0,0.0,0.0,0.0,0.0,3.5123234254421334,1.0,0.0,0.0,0.0,0.0,0.0,3.942186316875436,1.0,0.0,0.0,0.0,0.0,0.0,2.5245374096941218,1.0,0.0,0.0,0.0,0.0,0.0,0.2579132466968588,0.2333820994985061,1.0,1.0,0.0,0.0,0.0,0.0,5.0,0.0,64.72199811752039,51.82925462776191,1.0,0.0,0.0,0.0,0.0,0.0,0.0,0.0,2.196046529409696,1.0,0.0,0.0,0.0,1.0,0.0,2.31141284033142,1.0,0.0,1.0,0.0,1.0,0.0,1.9492537759120212,1.0,0.0,1.0,0.0,1.0,0.0,,0.0,0.0,0.0,0.0,0.0,0.0,-0.0775215226812284,-0.0078644452616517,0.0,0.0,0.0,0.0,0.0,0.0,0.0,3.0,36.22117122649325,36.84849851693922,0.0,0.0,0.0,0.0,0.0,0.0,0.0,0.0,-0.5852731956212446,0.0,0.0,0.0,0.0,0.0,0.0,-1.3873627963553052,0.0,0.0,0.0,0.0,0.0,0.0,-3.426152131323545,0.0,0.0,0.0,0.0,0.0,0.0,,0.0,0.0,0.0,0.0,0.0,0.0,-1.0484128013872898,0.16985031325519,0.0,0.0,0.0,0.0,0.0,0.0,5.0,0.0,,,0.0,0.0,0.0,0.0,0.0,0.0,0.0,0.0,-1.5484164908230271,0.0,0.0,0.0,0.0,0.0,0.0,-4.715192800025416,0.0,0.0,0.0,0.0,0.0,0.0,,0.0,0.0,0.0,0.0,0.0,0.0,,0.0,0.0,0.0,0.0,0.0,0.0,-0.2074010256410133,-0.2074010256410133,0.0,0.0,0.0,0.0,0.0,0.0,0.0,1.0,,,0.0,0.0,0.0,0.0,0.0,0.0,0.0,0.0,-2.001697843959912,0.0,0.0,0.0,0.0,0.0,1.0,-2.3317666488418496,0.0,0.0,0.0,0.0,0.0,1.0,,0.0,0.0,0.0,0.0,0.0,0.0,,0.0,0.0,0.0,0.0,0.0,0.0
17,LONG,1.343,175,2.9,125.07,126.75,2024-07-08 09:10:00+00:00,2024-07-08 12:05:00+00:00,0.0078735615784274,0.0001647555991459,1,1,1,0,0,0,1,0,85.55555555555186,80.31746031745952,1,1,0,1,0,0,0,0,0.0161418757444965,1,1,0,0,0,0,0.0289826173709389,1,1,0,0,0,0,0.0380731772866096,1,1,0,0,0,0,-0.2126741815716937,0,1,0,0,0,0,0.0071917806884996,0.0084845483205566,1.0,1.0,0.0,0.0,1.0,0.0,6.0,0.0,15.942028985507545,14.354727398206116,1.0,0.0,1.0,10.0,0.0,0.0,0.0,0.0,0.0215131768984402,1.0,1.0,0.0,0.0,1.0,0.0,-0.0743364903494868,0.0,1.0,0.0,0.0,0.0,0.0,-0.2973398466133722,0.0,1.0,0.0,0.0,0.0,0.0,-1.444257691281026,0.0,0.0,0.0,0.0,0.0,0.0,-0.0126775065263549,0.0038568766897233,0.0,0.0,1.0,0.0,0.0,0.0,1.0,0.0,9.034064644452384,14.1032235450119,0.0,0.0,1.0,2.0,0.0,0.0,0.0,0.0,-0.16212627004599,0.0,1.0,0.0,0.0,0.0,0.0,-0.4991635102067714,0.0,0.0,0.0,0.0,0.0,0.0,-1.178932723935972,0.0,0.0,0.0,0.0,0.0,0.0,0.4899728213650899,1.0,0.0,0.0,0.0,0.0,0.0,-0.2074096353551116,-0.006728029268251,0.0,0.0,0.0,1.0,0.0,0.0,0.0,1.0,7.554713804713909,8.23693412591363,0.0,0.0,1.0,9.0,0.0,0.0,0.0,0.0,-0.5209244333307727,0.0,0.0,0.0,0.0,0.0,1.0,-0.9959995493783856,0.0,0.0,0.0,0.0,0.0,0.0,-1.173505434752487,0.0,0.0,0.0,0.0,0.0,0.0,0.4367376583238571,1.0,0.0,0.0,0.0,0.0,0.0,-0.3939612682650063,0.0052271002615223,0.0,0.0,1.0,0.0,0.0,0.0,1.0,0.0,5.155555555555666,5.063571927722959,1.0,0.0,1.0,5.0,1.0,0.0,0.0,0.0,-0.4174203542190021,0.0,0.0,0.0,0.0,0.0,1.0,-0.5017019557752482,0.0,0.0,0.0,0.0,0.0,1.0,0.7238170927450261,1.0,0.0,0.0,0.0,0.0,0.0,-0.5785748176550388,0.0,0.0,0.0,0.0,0.0,1.0,0.3493960952469325,-0.1731019470581221,1.0,1.0,0.0,0.0,0.0,0.0,0.0,3.0,65.94696969696972,76.86247148908443,0.0,0.0,0.0,0.0,0.0,0.0,0.0,0.0,-0.6197653626874522,0.0,0.0,0.0,0.0,0.0,1.0,0.0575728559753386,1.0,1.0,0.0,0.0,1.0,0.0,0.6178148905056844,1.0,0.0,0.0,0.0,0.0,0.0,,0.0,0.0,0.0,0.0,0.0,0.0,-0.5170832320727614,0.4624430191323934,0.0,0.0,0.0,0.0,0.0,0.0,7.0,0.0,,,0.0,0.0,0.0,0.0,0.0,0.0,0.0,0.0,1.5377955535831422,1.0,0.0,1.0,0.0,1.0,0.0,-1.2745205138931277,0.0,0.0,0.0,0.0,0.0,0.0,,0.0,0.0,0.0,0.0,0.0,0.0,,0.0,0.0,0.0,0.0,0.0,0.0,-0.2220345468624327,-0.0146335212214193,0.0,0.0,0.0,0.0,0.0,0.0,0.0,2.0,,,0.0,0.0,0.0,0.0,0.0,0.0,0.0,0.0,-0.5538533993781349,0.0,0.0,0.0,0.0,0.0,1.0,-0.9512569988236954,0.0,0.0,0.0,0.0,0.0,1.0,,0.0,0.0,0.0,0.0,0.0,0.0,,0.0,0.0,0.0,0.0,0.0,0.0
18,SHORT,-1.831,170,2.8,132.46,130.0352,2024-07-09 14:55:00+00:00,2024-07-09 17:45:00+00:00,-0.0398635291200885,-0.0244238582083427,0,0,0,0,0,0,0,4,33.279815569551864,49.174591412456834,0,0,0,0,0,0,0,0,-0.2315321065080917,0,1,0,0,0,1,-0.2563993746296537,0,1,0,0,0,0,-0.2954764555964745,0,1,0,0,0,0,0.9916220679106728,1,0,0,0,0,0,-0.0024010137283186,-0.0166658691570975,0.0,0.0,0.0,1.0,0.0,1.0,0.0,1.0,70.18214155362051,67.0727839396787,1.0,0.0,0.0,0.0,0.0,0.0,0.0,0.0,0.1180936620467366,1.0,1.0,0.0,0.0,1.0,0.0,0.575584474224789,1.0,0.0,0.0,0.0,0.0,0.0,1.5074327461249726,1.0,0.0,0.0,0.0,0.0,0.0,2.8668164420526545,1.0,0.0,0.0,0.0,0.0,0.0,0.2201016693313634,-0.0473024446563085,1.0,1.0,0.0,1.0,0.0,0.0,0.0,1.0,84.4519078563837,92.16114394830107,0.0,1.0,0.0,28.0,0.0,0.0,0.0,0.0,0.2648879068897175,1.0,1.0,0.0,0.0,0.0,0.0,1.022927805894364,1.0,0.0,0.0,0.0,0.0,0.0,2.110539646392574,1.0,0.0,0.0,0.0,0.0,0.0,4.099114275453019,1.0,0.0,0.0,0.0,0.0,0.0,0.1983700138179858,0.1095439169953155,1.0,1.0,0.0,0.0,0.0,0.0,2.0,0.0,93.00723117740256,90.20593027795246,1.0,1.0,0.0,11.0,0.0,0.0,0.0,0.0,1.4136152348083464,1.0,0.0,0.0,0.0,0.0,0.0,2.1674261182550376,1.0,0.0,0.0,0.0,0.0,0.0,3.475773655403903,1.0,0.0,0.0,0.0,0.0,0.0,5.848489405540647,1.0,0.0,0.0,0.0,0.0,0.0,0.1234140394102367,-0.0004977102859951,1.0,1.0,0.0,1.0,0.0,0.0,0.0,1.0,87.98426697680435,82.86216023742615,1.0,1.0,0.0,2.0,0.0,0.0,0.0,0.0,0.52358514780631,1.0,0.0,0.0,0.0,1.0,0.0,1.285337790424877,1.0,0.0,0.0,0.0,1.0,0.0,2.527893013364415,1.0,0.0,0.0,0.0,0.0,0.0,3.856644451014008,1.0,0.0,0.0,0.0,0.0,0.0,0.3601018539351442,0.0037908782935122,1.0,1.0,0.0,0.0,0.0,0.0,4.0,0.0,78.72029522249102,78.11352895209434,1.0,0.0,0.0,0.0,0.0,0.0,0.0,0.0,0.9361480561819298,1.0,0.0,0.0,0.0,0.0,0.0,1.9789454143475416,1.0,0.0,0.0,0.0,0.0,0.0,3.54388208668683,1.0,0.0,0.0,0.0,0.0,0.0,,0.0,0.0,0.0,0.0,0.0,0.0,-0.3090244345851691,0.2080587974875922,0.0,0.0,0.0,0.0,0.0,0.0,8.0,0.0,,,0.0,0.0,0.0,0.0,0.0,0.0,0.0,0.0,-0.1049179197847287,0.0,1.0,0.0,1.0,0.0,1.0,-2.644102243543465,0.0,0.0,0.0,0.0,0.0,1.0,,0.0,0.0,0.0,0.0,0.0,0.0,,0.0,0.0,0.0,0.0,0.0,0.0,-0.2220345468624327,-0.0146335212214193,0.0,0.0,0.0,0.0,0.0,0.0,0.0,2.0,,,0.0,0.0,0.0,0.0,0.0,0.0,0.0,0.0,-0.5538533993781349,0.0,0.0,0.0,0.0,0.0,1.0,-0.9512569988236954,0.0,0.0,0.0,0.0,0.0,1.0,,0.0,0.0,0.0,0.0,0.0,0.0,,0.0,0.0,0.0,0.0,0.0,0.0
19,SHORT,-3.721,150,2.5,134.3236,129.325,2024-07-11 13:35:00+00:00,2024-07-11 16:05:00+00:00,-0.1498088598121124,-0.0379730655029885,0,0,0,1,0,0,0,1,22.68539291685642,20.613611601251943,1,0,0,0,0,0,0,0,-0.5908281981967383,0,0,0,0,0,1,-0.9088904832805578,0,0,0,0,0,0,-1.2249091925186644,0,0,0,0,0,0,-1.0326402101482317,0,0,0,0,0,0,-0.0282346745879832,-0.0446149785651734,0.0,0.0,0.0,1.0,0.0,1.0,0.0,1.0,54.29586168015954,57.81983876621126,0.0,0.0,0.0,0.0,0.0,0.0,0.0,1.0,-0.3325064508590721,0.0,0.0,0.0,1.0,0.0,1.0,-0.3040263242800611,0.0,0.0,0.0,1.0,0.0,1.0,-0.2521294435842349,0.0,1.0,0.0,1.0,0.0,1.0,0.2699540660623128,1.0,1.0,0.0,0.0,0.0,0.0,-0.004740405954636,0.0027553005969027,0.0,0.0,1.0,0.0,0.0,0.0,1.0,0.0,63.554216867469854,62.86818950292561,1.0,0.0,0.0,0.0,0.0,0.0,0.0,0.0,0.0578518933146063,1.0,1.0,1.0,0.0,1.0,0.0,0.1368792149545011,1.0,1.0,1.0,0.0,1.0,0.0,0.386207720895844,1.0,0.0,0.0,0.0,0.0,0.0,3.0831950816817124,1.0,0.0,0.0,0.0,0.0,0.0,-0.09917789911947,-0.0121007914946456,0.0,0.0,0.0,1.0,0.0,0.0,0.0,1.0,54.40554054666601,49.45178362924727,1.0,0.0,0.0,0.0,0.0,0.0,0.0,0.0,-0.0504323458768158,0.0,1.0,0.0,1.0,0.0,1.0,0.1944127477795961,1.0,1.0,0.0,0.0,1.0,0.0,1.0804516217069264,1.0,0.0,0.0,0.0,0.0,0.0,5.811054777019958,1.0,0.0,0.0,0.0,0.0,0.0,-0.1051441836122035,-0.0515486471393824,0.0,0.0,0.0,0.0,0.0,0.0,0.0,7.0,77.89000323578811,83.76150695123692,0.0,0.0,0.0,0.0,0.0,0.0,0.0,0.0,-0.0781120769121894,0.0,1.0,0.0,1.0,0.0,1.0,0.6611023041661146,1.0,0.0,0.0,0.0,0.0,0.0,2.630708545129813,1.0,0.0,0.0,0.0,0.0,0.0,7.469221626501343,1.0,0.0,0.0,0.0,0.0,0.0,0.5656161987729955,-0.0276402234496222,1.0,1.0,0.0,1.0,0.0,0.0,0.0,1.0,97.35036215683276,96.79619662465116,1.0,1.0,0.0,5.0,0.0,0.0,0.0,0.0,1.515104181402935,1.0,0.0,0.0,0.0,0.0,0.0,3.792625800738774,1.0,0.0,0.0,0.0,0.0,0.0,7.191392642442164,1.0,0.0,0.0,0.0,0.0,0.0,,0.0,0.0,0.0,0.0,0.0,0.0,0.5611309082897402,0.4871267194270925,1.0,1.0,0.0,0.0,0.0,0.0,10.0,0.0,,,0.0,0.0,0.0,0.0,0.0,0.0,0.0,0.0,3.655249782241601,1.0,0.0,0.0,0.0,0.0,0.0,2.418614906094873,1.0,0.0,1.0,0.0,1.0,0.0,,0.0,0.0,0.0,0.0,0.0,0.0,,0.0,0.0,0.0,0.0,0.0,0.0,-0.2220345468624327,-0.0146335212214193,0.0,0.0,0.0,0.0,0.0,0.0,0.0,2.0,,,0.0,0.0,0.0,0.0,0.0,0.0,0.0,0.0,-0.5538533993781349,0.0,0.0,0.0,0.0,0.0,1.0,-0.9512569988236954,0.0,0.0,0.0,0.0,0.0,1.0,,0.0,0.0,0.0,0.0,0.0,0.0,,0.0,0.0,0.0,0.0,0.0,0.0
20,SHORT,-1.242,45,0.8,128.85,127.25,2024-07-11 19:40:00+00:00,2024-07-11 20:25:00+00:00,0.0861500710106118,-0.0163906282222162,1,1,0,1,0,0,0,1,86.92009766776091,90.31792640995631,0,1,0,4,0,1,0,0,-0.0063088617809415,0,1,0,1,0,1,0.0498772484644061,1,1,0,0,0,0,-0.1267433095924736,0,1,0,1,0,1,0.1254766100903186,1,1,0,0,0,0,-0.009544236335888,-0.0123890266461782,0.0,0.0,0.0,0.0,0.0,1.0,0.0,7.0,32.20789366435659,44.05333891217875,0.0,0.0,0.0,0.0,0.0,0.0,0.0,0.0,-0.1008628047630553,0.0,1.0,0.0,0.0,0.0,0.0,-0.0934390990049825,0.0,1.0,0.0,0.0,0.0,0.0,-0.0295901845685647,0.0,1.0,0.0,0.0,0.0,0.0,-3.5603341870534857,0.0,0.0,0.0,0.0,0.0,0.0,0.2689679583499547,0.0397896544063609,1.0,1.0,0.0,0.0,0.0,0.0,5.0,0.0,67.46403242147906,54.58081908305451,1.0,0.0,0.0,0.0,0.0,0.0,0.0,0.0,0.1965868656603483,1.0,1.0,0.0,0.0,0.0,0.0,-0.5113820480305632,0.0,0.0,0.0,0.0,0.0,0.0,-2.86727012095901,0.0,0.0,0.0,0.0,0.0,0.0,-2.2313278172448032,0.0,0.0,0.0,0.0,0.0,0.0,-0.4374081360862494,0.1916887605239101,0.0,0.0,0.0,0.0,0.0,0.0,6.0,0.0,11.647656234903494,8.648492147209957,1.0,0.0,1.0,9.0,1.0,0.0,0.0,0.0,0.1462471888526754,1.0,1.0,1.0,0.0,1.0,0.0,-1.4441940470727932,0.0,0.0,0.0,0.0,0.0,0.0,-3.170705539460502,0.0,0.0,0.0,0.0,0.0,0.0,0.6114198051576035,1.0,0.0,1.0,0.0,1.0,0.0,-1.115397682143713,-0.092690401257548,0.0,0.0,0.0,0.0,0.0,0.0,0.0,13.0,5.945328948188016,6.975237740694226,0.0,0.0,1.0,3.0,0.0,0.0,0.0,0.0,-2.5331839146161634,0.0,0.0,0.0,0.0,0.0,0.0,-3.857965432508162,0.0,0.0,0.0,0.0,0.0,0.0,-3.5407330656101883,0.0,0.0,0.0,0.0,0.0,0.0,0.9732057048277184,1.0,0.0,0.0,0.0,0.0,0.0,0.4730958666121032,-0.0925203321608922,1.0,1.0,0.0,0.0,0.0,0.0,0.0,2.0,94.01267829454672,96.12680746181518,0.0,1.0,0.0,6.0,0.0,1.0,0.0,0.0,0.9260045653166966,1.0,0.0,0.0,0.0,0.0,0.0,3.139247921360839,1.0,0.0,0.0,0.0,0.0,0.0,6.745912814101031,1.0,0.0,0.0,0.0,0.0,0.0,,0.0,0.0,0.0,0.0,0.0,0.0,0.5611309082897402,0.4871267194270925,1.0,1.0,0.0,0.0,0.0,0.0,10.0,0.0,,,0.0,0.0,0.0,0.0,0.0,0.0,0.0,0.0,3.655249782241601,1.0,0.0,0.0,0.0,0.0,0.0,2.418614906094873,1.0,0.0,1.0,0.0,1.0,0.0,,0.0,0.0,0.0,0.0,0.0,0.0,,0.0,0.0,0.0,0.0,0.0,0.0,-0.2220345468624327,-0.0146335212214193,0.0,0.0,0.0,0.0,0.0,0.0,0.0,2.0,,,0.0,0.0,0.0,0.0,0.0,0.0,0.0,0.0,-0.5538533993781349,0.0,0.0,0.0,0.0,0.0,1.0,-0.9512569988236954,0.0,0.0,0.0,0.0,0.0,1.0,,0.0,0.0,0.0,0.0,0.0,0.0,,0.0,0.0,0.0,0.0,0.0,0.0
21,LONG,1.779,200,3.3,126.51,128.76,2024-07-11 22:00:00+00:00,2024-07-12 09:20:00+00:00,0.0218741735454119,0.0058579484574077,1,1,0,0,0,0,3,0,68.05555555555505,46.66347381864538,1,0,0,0,0,0,0,0,0.072069654839378,1,1,0,0,0,0,0.0811496391140619,1,1,0,0,0,0,0.038335772019819,1,1,1,0,0,0,-0.8824657133128352,0,0,0,0,0,0,0.001325989119767,0.0076178685309882,1.0,1.0,0.0,0.0,1.0,0.0,4.0,0.0,18.144654088050828,16.25646827207191,1.0,0.0,1.0,24.0,0.0,0.0,0.0,0.0,-0.1145253470190505,0.0,1.0,0.0,0.0,0.0,0.0,-0.4394998008862292,0.0,0.0,0.0,0.0,0.0,0.0,-1.120686650725527,0.0,0.0,0.0,0.0,0.0,0.0,-4.52453674566747,0.0,0.0,0.0,0.0,0.0,0.0,0.0110398746893591,-0.0066226465971688,1.0,1.0,0.0,0.0,0.0,0.0,0.0,10.0,2.0380564323044434,3.0360100621309063,0.0,0.0,1.0,6.0,0.0,0.0,0.0,0.0,-0.5083905379308243,0.0,0.0,0.0,0.0,0.0,0.0,-1.3760429766112752,0.0,0.0,0.0,0.0,0.0,0.0,-3.718158837554949,0.0,0.0,0.0,0.0,0.0,0.0,-4.288980637603208,0.0,0.0,0.0,0.0,0.0,0.0,-0.2362178096971023,0.0167065652499884,0.0,0.0,0.0,0.0,0.0,0.0,11.0,0.0,3.513716453572659,4.912172990458525,0.0,0.0,1.0,14.0,0.0,0.0,0.0,0.0,-0.9748539913687272,0.0,0.0,0.0,0.0,0.0,0.0,-2.553983082308345,0.0,0.0,0.0,0.0,0.0,0.0,-4.968336531943553,0.0,0.0,0.0,0.0,0.0,0.0,-1.813918172550248,0.0,0.0,0.0,0.0,0.0,0.0,-0.9748138950578557,0.039220809612823,0.0,0.0,1.0,0.0,0.0,0.0,1.0,0.0,9.339118151798033,9.484508404984084,0.0,0.0,1.0,6.0,0.0,0.0,0.0,0.0,-1.6225697761163158,0.0,0.0,0.0,0.0,0.0,1.0,-3.316237536351702,0.0,0.0,0.0,0.0,0.0,1.0,-3.8605527588373545,0.0,0.0,0.0,0.0,0.0,1.0,0.5215842981867199,1.0,0.0,0.0,0.0,0.0,0.0,-0.0628367917538827,-0.535932658365986,0.0,0.0,0.0,0.0,0.0,1.0,0.0,3.0,64.55672891625566,85.30658978921171,0.0,0.0,0.0,0.0,0.0,0.0,0.0,0.0,-3.252004517852998,0.0,0.0,0.0,1.0,0.0,1.0,-1.858508188468764,0.0,0.0,0.0,1.0,0.0,1.0,1.3144246687861156,1.0,0.0,0.0,0.0,0.0,0.0,,0.0,0.0,0.0,0.0,0.0,0.0,0.5611309082897402,0.4871267194270925,1.0,1.0,0.0,0.0,0.0,0.0,10.0,0.0,,,0.0,0.0,0.0,0.0,0.0,0.0,0.0,0.0,3.655249782241601,1.0,0.0,0.0,0.0,0.0,0.0,2.418614906094873,1.0,0.0,1.0,0.0,1.0,0.0,,0.0,0.0,0.0,0.0,0.0,0.0,,0.0,0.0,0.0,0.0,0.0,0.0,-0.2220345468624327,-0.0146335212214193,0.0,0.0,0.0,0.0,0.0,0.0,0.0,2.0,,,0.0,0.0,0.0,0.0,0.0,0.0,0.0,0.0,-0.5538533993781349,0.0,0.0,0.0,0.0,0.0,1.0,-0.9512569988236954,0.0,0.0,0.0,0.0,0.0,1.0,,0.0,0.0,0.0,0.0,0.0,0.0,,0.0,0.0,0.0,0.0,0.0,0.0
22,LONG,1.943,110,1.8,127.885,130.37,2024-07-12 13:35:00+00:00,2024-07-12 15:25:00+00:00,0.0580900720353093,-0.0517276216338684,1,1,0,0,0,0,0,2,61.49691358024697,71.1651234567902,0,0,0,0,0,0,0,0,-0.2195479851763159,0,1,0,0,0,0,-0.0045110657747916,0,1,0,1,0,1,0.2083575329510407,1,1,0,0,0,0,0.1451558556315923,1,1,0,0,1,0,0.0433730031349821,0.0925772414523373,1.0,1.0,0.0,0.0,1.0,0.0,2.0,0.0,45.66919934671412,34.95852535071277,1.0,0.0,0.0,0.0,0.0,0.0,1.0,0.0,0.7683590228459061,1.0,0.0,1.0,0.0,1.0,0.0,0.7964790701826955,1.0,0.0,1.0,0.0,1.0,0.0,0.6863186132099017,1.0,0.0,1.0,0.0,1.0,0.0,0.1986236343501598,1.0,1.0,1.0,0.0,1.0,0.0,0.0003198727328348,-0.0106321879366442,1.0,1.0,0.0,0.0,0.0,0.0,0.0,2.0,69.30355285523851,71.04941189145563,0.0,0.0,0.0,0.0,0.0,0.0,0.0,1.0,-0.0862476523627587,0.0,1.0,0.0,0.0,0.0,0.0,-0.0839395746331835,0.0,1.0,0.0,0.0,0.0,0.0,0.0067063136234486,1.0,1.0,1.0,0.0,1.0,0.0,-3.167989854653104,0.0,0.0,0.0,0.0,0.0,0.0,0.2843513700196075,-0.0276542723998646,1.0,1.0,0.0,0.0,0.0,0.0,0.0,5.0,60.55985884867247,55.710888284191405,1.0,0.0,0.0,0.0,0.0,0.0,0.0,0.0,-0.0686972251479003,0.0,1.0,0.0,1.0,0.0,1.0,-0.3523180021142528,0.0,0.0,0.0,0.0,0.0,1.0,-2.492675023125192,0.0,0.0,0.0,0.0,0.0,0.0,-1.2781694147119875,0.0,0.0,0.0,0.0,0.0,0.0,-0.0656185492880558,0.0646937359856589,0.0,0.0,0.0,0.0,0.0,0.0,9.0,0.0,19.44274604764551,18.21567275284775,1.0,0.0,1.0,14.0,0.0,0.0,0.0,0.0,-0.2206218988365966,0.0,1.0,0.0,0.0,0.0,1.0,-1.42334780224469,0.0,0.0,0.0,0.0,0.0,0.0,-3.362478151402659,0.0,0.0,0.0,0.0,0.0,0.0,0.486399409506532,1.0,0.0,0.0,0.0,1.0,0.0,-0.9733102284835952,-0.1340211465023566,0.0,0.0,0.0,0.0,0.0,0.0,0.0,6.0,3.5301240987702065,13.961589029050591,0.0,0.0,1.0,2.0,0.0,0.0,0.0,0.0,-2.118554821354102,0.0,0.0,0.0,0.0,0.0,0.0,-2.364145937900917,0.0,0.0,0.0,0.0,0.0,0.0,-0.1234049359864765,0.0,1.0,0.0,0.0,0.0,0.0,,0.0,0.0,0.0,0.0,0.0,0.0,1.0777549062107026,0.5166239979209624,1.0,1.0,0.0,0.0,0.0,0.0,11.0,0.0,,,0.0,0.0,0.0,0.0,0.0,0.0,0.0,0.0,4.842238712262885,1.0,0.0,0.0,0.0,0.0,0.0,4.56518463487247,1.0,0.0,0.0,0.0,0.0,0.0,,0.0,0.0,0.0,0.0,0.0,0.0,,0.0,0.0,0.0,0.0,0.0,0.0,-0.2220345468624327,-0.0146335212214193,0.0,0.0,0.0,0.0,0.0,0.0,0.0,2.0,,,0.0,0.0,0.0,0.0,0.0,0.0,0.0,0.0,-0.5538533993781349,0.0,0.0,0.0,0.0,0.0,1.0,-0.9512569988236954,0.0,0.0,0.0,0.0,0.0,1.0,,0.0,0.0,0.0,0.0,0.0,0.0,,0.0,0.0,0.0,0.0,0.0,0.0
23,SHORT,-1.677,80,1.3,131.5001,129.295,2024-07-12 19:10:00+00:00,2024-07-12 20:30:00+00:00,-0.0255822554697278,-0.0085042048234352,0,0,0,0,0,0,0,2,22.693018018018247,32.756531531530385,0,0,0,0,0,0,0,0,-0.1048149774572091,0,1,0,0,0,1,-0.1360096868611367,0,1,0,0,0,1,-0.1162175409096176,0,1,0,0,0,1,0.5197025193902797,1,0,0,0,0,0,-0.0028504183261527,-0.0115076838157492,0.0,0.0,0.0,0.0,0.0,1.0,0.0,5.0,81.58103975535181,81.58103975535211,0.0,1.0,0.0,26.0,0.0,0.0,0.0,0.0,0.0403609136423402,1.0,1.0,0.0,0.0,1.0,0.0,0.280058577551015,1.0,1.0,0.0,0.0,0.0,0.0,0.7431143129181157,1.0,0.0,0.0,0.0,0.0,0.0,2.508752291748072,1.0,0.0,0.0,0.0,0.0,0.0,0.0866929843189447,0.014654693667175,1.0,1.0,0.0,0.0,0.0,0.0,3.0,0.0,95.49156579774623,93.03228598837585,1.0,1.0,0.0,7.0,0.0,0.0,0.0,0.0,0.523971907669345,1.0,0.0,0.0,0.0,0.0,0.0,1.1518524256968468,1.0,0.0,0.0,0.0,0.0,0.0,2.415216557597065,1.0,0.0,0.0,0.0,0.0,0.0,0.1305412045875821,1.0,1.0,1.0,0.0,1.0,0.0,0.3802569738026358,-0.0006510160790837,1.0,1.0,0.0,0.0,0.0,0.0,0.0,6.0,97.0114773665811,93.52392920987047,1.0,1.0,0.0,10.0,0.0,0.0,0.0,0.0,0.7549176840444077,1.0,0.0,0.0,0.0,0.0,0.0,1.483325929515554,1.0,0.0,0.0,0.0,0.0,0.0,1.4616557502966383,1.0,0.0,0.0,0.0,0.0,0.0,1.404115780992568,1.0,0.0,0.0,0.0,0.0,0.0,0.5528890462244782,0.0590969648590837,1.0,1.0,0.0,0.0,0.0,0.0,15.0,0.0,77.00734537235002,71.97231179993395,1.0,0.0,0.0,0.0,0.0,0.0,0.0,0.0,1.0463665721733046,1.0,0.0,0.0,0.0,0.0,0.0,1.1129497627116192,1.0,0.0,0.0,0.0,0.0,0.0,-0.4761175732705642,0.0,0.0,0.0,0.0,0.0,0.0,3.1760805755802903,1.0,0.0,0.0,0.0,0.0,0.0,-0.9903434017370932,-0.017033173253498,0.0,0.0,0.0,0.0,0.0,0.0,0.0,7.0,6.402852049910893,4.848485374278496,1.0,0.0,1.0,3.0,1.0,0.0,0.0,0.0,-1.3740325718056117,0.0,0.0,0.0,0.0,0.0,0.0,-1.8271474137829853,0.0,0.0,0.0,0.0,0.0,0.0,0.1929936433111171,1.0,1.0,1.0,0.0,1.0,0.0,,0.0,0.0,0.0,0.0,0.0,0.0,1.0777549062107026,0.5166239979209624,1.0,1.0,0.0,0.0,0.0,0.0,11.0,0.0,,,0.0,0.0,0.0,0.0,0.0,0.0,0.0,0.0,4.842238712262885,1.0,0.0,0.0,0.0,0.0,0.0,4.56518463487247,1.0,0.0,0.0,0.0,0.0,0.0,,0.0,0.0,0.0,0.0,0.0,0.0,,0.0,0.0,0.0,0.0,0.0,0.0,-0.2220345468624327,-0.0146335212214193,0.0,0.0,0.0,0.0,0.0,0.0,0.0,2.0,,,0.0,0.0,0.0,0.0,0.0,0.0,0.0,0.0,-0.5538533993781349,0.0,0.0,0.0,0.0,0.0,1.0,-0.9512569988236954,0.0,0.0,0.0,0.0,0.0,1.0,,0.0,0.0,0.0,0.0,0.0,0.0,,0.0,0.0,0.0,0.0,0.0,0.0
24,SHORT,-1.235,155,2.6,131.14,129.52,2024-07-15 12:10:00+00:00,2024-07-15 14:45:00+00:00,0.055885257794675,0.0113618673683494,1,1,0,0,0,0,7,0,94.08819133034376,91.09865470852026,1,1,0,4,0,0,0,0,0.16257723287655,1,1,0,0,0,0,0.204747721433028,1,1,0,0,0,0,0.1537987822660285,1,1,0,0,0,0,0.5757725227273185,1,0,0,0,0,0,-0.0116446057641438,-0.0120624965477603,0.0,0.0,0.0,0.0,0.0,1.0,0.0,6.0,75.28136200716891,74.70310633213884,1.0,0.0,0.0,0.0,0.0,0.0,0.0,0.0,-0.0267876044661792,0.0,1.0,0.0,0.0,0.0,1.0,0.1127458105289884,1.0,1.0,0.0,0.0,1.0,0.0,0.3779106372418919,1.0,0.0,0.0,0.0,1.0,0.0,0.7267311263864902,1.0,0.0,0.0,0.0,1.0,0.0,0.0949163603861053,-0.0035294969585948,1.0,1.0,0.0,1.0,0.0,0.0,0.0,1.0,81.2291666666664,74.33548850574721,1.0,1.0,0.0,1.0,0.0,0.0,0.0,0.0,0.1834439036297581,1.0,1.0,0.0,0.0,0.0,0.0,0.3985632332012281,1.0,0.0,0.0,0.0,0.0,0.0,0.4493008126325445,1.0,0.0,0.0,0.0,0.0,0.0,-0.3895074775108317,0.0,0.0,0.0,0.0,0.0,0.0,0.0406457025747026,0.0479521329068835,1.0,1.0,0.0,0.0,1.0,0.0,3.0,0.0,75.08783230537858,64.36208178362558,1.0,0.0,0.0,0.0,0.0,0.0,0.0,0.0,0.5062786537467369,1.0,0.0,0.0,0.0,1.0,0.0,0.7143341260503068,1.0,0.0,0.0,0.0,0.0,0.0,1.55791138688422,1.0,0.0,0.0,0.0,0.0,0.0,0.7210870076856923,1.0,0.0,0.0,0.0,0.0,0.0,0.1801699629274089,-0.0001162431742686,1.0,1.0,0.0,0.0,0.0,0.0,0.0,9.0,63.86029570922568,68.87894081749819,0.0,0.0,0.0,0.0,0.0,0.0,0.0,0.0,0.2620155380610645,1.0,1.0,1.0,0.0,1.0,0.0,0.4093366806275306,1.0,0.0,0.0,0.0,0.0,0.0,-0.5916201297212204,0.0,0.0,0.0,0.0,0.0,0.0,2.596884100371649,1.0,0.0,0.0,0.0,0.0,0.0,-0.4345846591725706,0.1254161743973864,0.0,0.0,0.0,0.0,0.0,0.0,4.0,0.0,37.615176151761545,33.953045519760046,1.0,0.0,0.0,0.0,0.0,0.0,0.0,0.0,0.413038302456289,1.0,0.0,0.0,0.0,1.0,0.0,0.2566277130826465,1.0,1.0,0.0,0.0,1.0,0.0,1.955150928666797,1.0,0.0,0.0,0.0,0.0,0.0,,0.0,0.0,0.0,0.0,0.0,0.0,0.7677387781542526,-0.3100161280564499,1.0,1.0,0.0,1.0,0.0,0.0,0.0,1.0,64.12229049325823,,0.0,0.0,0.0,0.0,0.0,0.0,0.0,0.0,-1.890712211385561,0.0,0.0,0.0,1.0,0.0,1.0,-2.438406876092494,0.0,0.0,0.0,1.0,0.0,1.0,,0.0,0.0,0.0,0.0,0.0,0.0,,0.0,0.0,0.0,0.0,0.0,0.0,0.0692292977289062,0.2912638445913389,1.0,1.0,1.0,0.0,1.0,0.0,1.0,0.0,,,0.0,0.0,0.0,0.0,0.0,0.0,0.0,0.0,2.33575446445514,1.0,0.0,1.0,0.0,1.0,0.0,2.368549917546704,1.0,0.0,1.0,0.0,1.0,0.0,,0.0,0.0,0.0,0.0,0.0,0.0,,0.0,0.0,0.0,0.0,0.0,0.0
25,SHORT,-2.293,105,1.8,128.63,125.68,2024-07-16 13:10:00+00:00,2024-07-16 14:55:00+00:00,-0.0056592585661762,0.0011432951189594,0,0,0,0,0,0,4,0,48.71794871794615,40.170940170937904,1,0,0,0,0,0,0,0,-0.0088830024441568,0,1,0,1,0,1,-0.0309586691082912,0,1,0,0,0,1,-0.0480729683413006,0,1,0,0,0,1,0.1242434209583831,1,1,0,0,0,0,-0.0083338905693396,-0.0107026083223953,0.0,0.0,0.0,0.0,0.0,1.0,0.0,4.0,71.62000058515491,73.76556755122569,0.0,0.0,0.0,0.0,0.0,0.0,0.0,0.0,-0.0569854642795285,0.0,1.0,0.0,1.0,0.0,1.0,0.0048183581693392,1.0,1.0,0.0,0.0,1.0,0.0,0.2046927426669358,1.0,1.0,0.0,0.0,0.0,0.0,-0.0180491441216059,0.0,1.0,0.0,1.0,0.0,1.0,0.083240617765477,0.0106801140544179,1.0,1.0,0.0,0.0,0.0,0.0,2.0,0.0,74.71531232725307,71.7264895037013,1.0,0.0,0.0,0.0,0.0,0.0,0.0,0.0,0.2290688157611862,1.0,1.0,0.0,0.0,1.0,0.0,0.3492816351743313,1.0,0.0,0.0,0.0,0.0,0.0,0.452866497025745,1.0,0.0,0.0,0.0,0.0,0.0,-0.2797101125678863,0.0,1.0,0.0,0.0,0.0,0.0,0.0967403351203045,0.0137607706813647,1.0,1.0,0.0,0.0,0.0,0.0,6.0,0.0,75.79432624113467,70.10255413843156,1.0,0.0,0.0,0.0,0.0,0.0,0.0,0.0,0.1752264137630105,1.0,1.0,0.0,0.0,1.0,0.0,0.1225006096405502,1.0,1.0,0.0,0.0,1.0,0.0,-0.3891582274513426,0.0,0.0,0.0,0.0,0.0,0.0,-1.3657776877551362,0.0,0.0,0.0,0.0,0.0,0.0,0.0039675550198086,0.031905849695904,1.0,1.0,0.0,0.0,1.0,0.0,10.0,0.0,32.05442430066329,27.993487295281923,1.0,0.0,0.0,0.0,0.0,0.0,0.0,0.0,0.0972221505652485,1.0,1.0,1.0,0.0,1.0,0.0,-0.1767039914797114,0.0,1.0,0.0,0.0,0.0,1.0,-0.2808198118609244,0.0,1.0,0.0,0.0,0.0,0.0,0.8908357983231651,1.0,0.0,0.0,0.0,0.0,0.0,-0.3424114585504959,-0.0011498440069578,0.0,0.0,0.0,1.0,0.0,0.0,0.0,1.0,27.28997289972902,30.745618789521277,0.0,0.0,0.0,0.0,0.0,0.0,0.0,0.0,-0.5376688157925402,0.0,0.0,0.0,0.0,0.0,0.0,-0.8725923706298482,0.0,0.0,0.0,0.0,0.0,0.0,0.2117445727309604,1.0,1.0,0.0,0.0,0.0,0.0,,0.0,0.0,0.0,0.0,0.0,0.0,0.7881992256496337,0.0204604474953811,1.0,1.0,1.0,0.0,0.0,0.0,1.0,0.0,64.79303096450802,,0.0,0.0,0.0,0.0,0.0,0.0,0.0,0.0,0.7527707098648071,1.0,0.0,1.0,0.0,1.0,0.0,0.3691999626459957,1.0,0.0,1.0,0.0,1.0,0.0,,0.0,0.0,0.0,0.0,0.0,0.0,,0.0,0.0,0.0,0.0,0.0,0.0,0.0692292977289062,0.2912638445913389,1.0,1.0,1.0,0.0,1.0,0.0,1.0,0.0,,,0.0,0.0,0.0,0.0,0.0,0.0,0.0,0.0,2.33575446445514,1.0,0.0,1.0,0.0,1.0,0.0,2.368549917546704,1.0,0.0,1.0,0.0,1.0,0.0,,0.0,0.0,0.0,0.0,0.0,0.0,,0.0,0.0,0.0,0.0,0.0,0.0
26,LONG,-1.732,65,1.1,125.9509,123.77,2024-07-16 23:00:00+00:00,2024-07-17 08:05:00+00:00,0.0002166836264729,-0.001789529095471,1,1,0,0,0,0,0,4,42.87878787879035,54.01800146703632,0,0,0,0,0,0,0,0,-0.0104970597364941,0,1,0,0,0,1,-0.004460962199078,0,1,0,0,0,1,0.0037492205599133,1,1,0,0,0,0,-0.1422362396132462,0,1,0,0,0,0,0.0008002863903269,0.0062490517077627,1.0,1.0,0.0,0.0,1.0,0.0,3.0,0.0,37.07850229039008,24.13933333992548,1.0,0.0,0.0,0.0,0.0,0.0,0.0,0.0,0.026757933445392,1.0,1.0,0.0,0.0,1.0,0.0,-0.01603179035141,0.0,1.0,0.0,0.0,0.0,0.0,-0.0976551566118991,0.0,1.0,0.0,0.0,0.0,0.0,-0.8766153034342847,0.0,0.0,0.0,0.0,0.0,0.0,0.0295222188841206,-0.0054494475946486,1.0,1.0,0.0,0.0,0.0,0.0,0.0,8.0,38.9410029498525,42.04897331446005,0.0,0.0,0.0,0.0,0.0,0.0,0.0,0.0,-0.0536104293505714,0.0,1.0,0.0,0.0,0.0,1.0,-0.1304920295931886,0.0,1.0,0.0,0.0,0.0,0.0,-0.5920741430191578,0.0,0.0,0.0,0.0,0.0,0.0,-1.9129703850052688,0.0,0.0,0.0,0.0,0.0,0.0,0.0745315187025964,-0.0029239536523127,1.0,1.0,0.0,0.0,0.0,0.0,0.0,3.0,45.38606403013134,52.10777155162514,0.0,0.0,0.0,0.0,0.0,0.0,0.0,1.0,-0.1143804731469561,0.0,1.0,0.0,0.0,0.0,0.0,-0.4296440394084467,0.0,0.0,0.0,0.0,0.0,0.0,-1.28319928454929,0.0,0.0,0.0,0.0,0.0,0.0,-3.2855420124004677,0.0,0.0,0.0,0.0,0.0,0.0,-0.0839122738883683,0.0145362601560374,0.0,0.0,0.0,0.0,0.0,0.0,4.0,0.0,37.81763826606885,37.81763826606888,0.0,0.0,0.0,0.0,0.0,0.0,0.0,1.0,-0.340616951208892,0.0,0.0,0.0,0.0,0.0,0.0,-1.0148176114686094,0.0,0.0,0.0,0.0,0.0,0.0,-1.9790415179404803,0.0,0.0,0.0,0.0,0.0,0.0,-1.2169411887387445,0.0,0.0,0.0,0.0,0.0,0.0,-0.3941458538444717,-0.0852901910443628,0.0,0.0,0.0,1.0,0.0,0.0,0.0,1.0,33.68104412163271,31.82527687992309,1.0,0.0,0.0,0.0,0.0,0.0,0.0,0.0,-1.340856433885133,0.0,0.0,0.0,0.0,0.0,1.0,-1.8751918817917117,0.0,0.0,0.0,0.0,0.0,0.0,-1.188911060300328,0.0,0.0,0.0,1.0,0.0,1.0,,0.0,0.0,0.0,0.0,0.0,0.0,0.7881992256496337,0.0204604474953811,1.0,1.0,1.0,0.0,0.0,0.0,1.0,0.0,64.79303096450802,,0.0,0.0,0.0,0.0,0.0,0.0,0.0,0.0,0.7527707098648071,1.0,0.0,1.0,0.0,1.0,0.0,0.3691999626459957,1.0,0.0,1.0,0.0,1.0,0.0,,0.0,0.0,0.0,0.0,0.0,0.0,,0.0,0.0,0.0,0.0,0.0,0.0,0.0692292977289062,0.2912638445913389,1.0,1.0,1.0,0.0,1.0,0.0,1.0,0.0,,,0.0,0.0,0.0,0.0,0.0,0.0,0.0,0.0,2.33575446445514,1.0,0.0,1.0,0.0,1.0,0.0,2.368549917546704,1.0,0.0,1.0,0.0,1.0,0.0,,0.0,0.0,0.0,0.0,0.0,0.0,,0.0,0.0,0.0,0.0,0.0,0.0
27,LONG,-1.403,125,2.1,122.56,120.84,2024-07-17 09:15:00+00:00,2024-07-17 11:20:00+00:00,-0.0032268494901187,-0.0101922796460982,0,0,0,0,0,1,0,9,63.78490790255342,72.97500003838168,0,0,0,0,0,0,0,0,-0.0530797178918944,0,1,0,1,0,1,0.0095923561776214,1,1,0,0,0,0,0.2409512421339057,1,1,0,0,0,0,-1.6922157817361938,0,0,0,0,0,0,0.0353176299226645,0.048757158778097,1.0,1.0,0.0,0.0,1.0,0.0,8.0,0.0,33.165646477368306,25.882458748897992,1.0,0.0,0.0,0.0,0.0,0.0,0.0,0.0,0.0829315781948132,1.0,1.0,0.0,0.0,0.0,0.0,-0.5546877511291184,0.0,0.0,0.0,0.0,0.0,0.0,-1.855050768745822,0.0,0.0,0.0,0.0,0.0,0.0,-3.051155613032765,0.0,0.0,0.0,0.0,0.0,0.0,-0.4060246051705463,0.0302488902301093,0.0,0.0,1.0,0.0,0.0,0.0,1.0,0.0,11.579715916633385,10.331818572114488,1.0,0.0,1.0,4.0,1.0,0.0,0.0,0.0,-0.7316418057845682,0.0,0.0,0.0,0.0,0.0,0.0,-1.7306901537979216,0.0,0.0,0.0,0.0,0.0,0.0,-2.6224643468086346,0.0,0.0,0.0,0.0,0.0,0.0,-4.483343179308054,0.0,0.0,0.0,0.0,0.0,0.0,-0.2654123426670302,-0.1849791164192895,0.0,0.0,0.0,0.0,0.0,0.0,0.0,8.0,23.881060116354323,37.03071313995678,0.0,0.0,0.0,0.0,0.0,0.0,0.0,0.0,-2.173842039818528,0.0,0.0,0.0,0.0,0.0,0.0,-2.9870154164329383,0.0,0.0,0.0,0.0,0.0,0.0,-4.063522171433657,0.0,0.0,0.0,0.0,0.0,0.0,-6.282941220567764,0.0,0.0,0.0,0.0,0.0,0.0,-0.1778115739802235,-0.1301324271899413,0.0,0.0,0.0,1.0,0.0,0.0,0.0,1.0,25.784051002215268,30.27330848055914,0.0,0.0,0.0,0.0,0.0,0.0,0.0,0.0,-1.667760945930707,0.0,0.0,0.0,0.0,0.0,0.0,-2.522318020234093,0.0,0.0,0.0,0.0,0.0,0.0,-3.8038884535027706,0.0,0.0,0.0,0.0,0.0,0.0,-3.1561218411544525,0.0,0.0,0.0,0.0,0.0,0.0,-0.4839842038892955,-0.0399796664176924,0.0,0.0,0.0,0.0,0.0,0.0,0.0,3.0,23.183304633912,30.007110411097077,0.0,0.0,0.0,0.0,0.0,0.0,0.0,0.0,-1.2513236697411894,0.0,0.0,0.0,0.0,0.0,0.0,-2.083612125477356,0.0,0.0,0.0,0.0,0.0,0.0,-1.8532599123997773,0.0,0.0,0.0,0.0,0.0,0.0,,0.0,0.0,0.0,0.0,0.0,0.0,0.6957531631933755,-0.0924460624562582,1.0,1.0,0.0,1.0,0.0,0.0,0.0,1.0,59.28912783751491,62.73481643176039,0.0,0.0,0.0,0.0,0.0,0.0,0.0,0.0,-0.192881154214862,0.0,1.0,0.0,1.0,0.0,1.0,-0.5708846214152069,0.0,0.0,0.0,1.0,0.0,1.0,,0.0,0.0,0.0,0.0,0.0,0.0,,0.0,0.0,0.0,0.0,0.0,0.0,0.0692292977289062,0.2912638445913389,1.0,1.0,1.0,0.0,1.0,0.0,1.0,0.0,,,0.0,0.0,0.0,0.0,0.0,0.0,0.0,0.0,2.33575446445514,1.0,0.0,1.0,0.0,1.0,0.0,2.368549917546704,1.0,0.0,1.0,0.0,1.0,0.0,,0.0,0.0,0.0,0.0,0.0,0.0,,0.0,0.0,0.0,0.0,0.0,0.0
28,LONG,-1.087,30,0.5,120.53,119.22,2024-07-17 13:45:00+00:00,2024-07-17 14:15:00+00:00,-0.0421185938080316,-0.0352622660260652,0,0,0,0,0,0,0,2,27.400399576918613,38.61640615818563,0,0,0,0,0,0,0,0,-0.3847247018500507,0,0,0,0,0,0,-0.4859750292291804,0,0,0,0,0,0,-0.5907497585368745,0,0,0,0,0,0,-0.7987339768669355,0,0,0,0,0,0,0.0096317090141158,0.025991434926027,1.0,1.0,0.0,0.0,1.0,0.0,2.0,0.0,38.64588744588752,23.02100403534943,1.0,0.0,0.0,0.0,0.0,0.0,0.0,0.0,0.1684181203302862,1.0,1.0,0.0,0.0,1.0,0.0,0.0761520064806552,1.0,1.0,1.0,0.0,1.0,0.0,-0.1566943880022112,0.0,1.0,0.0,0.0,0.0,1.0,-2.624959297112714,0.0,0.0,0.0,0.0,0.0,0.0,0.0747123808555322,-0.0186553520914967,1.0,1.0,0.0,1.0,0.0,0.0,0.0,1.0,12.438131313131356,15.025462962962983,0.0,0.0,1.0,3.0,0.0,0.0,0.0,0.0,-0.4047864572089917,0.0,0.0,0.0,0.0,0.0,1.0,-1.026165047340201,0.0,0.0,0.0,0.0,0.0,0.0,-2.6546090465276038,0.0,0.0,0.0,0.0,0.0,0.0,-5.426487913511513,0.0,0.0,0.0,0.0,0.0,0.0,-0.1824643244648485,0.0356772711537773,0.0,0.0,0.0,0.0,0.0,0.0,3.0,0.0,14.878645925222868,13.722049537128733,1.0,0.0,1.0,9.0,0.0,0.0,0.0,0.0,-0.5785390291723411,0.0,0.0,0.0,0.0,0.0,0.0,-1.80313138500408,0.0,0.0,0.0,0.0,0.0,0.0,-3.798785289431295,0.0,0.0,0.0,0.0,0.0,0.0,-6.615324578237675,0.0,0.0,0.0,0.0,0.0,0.0,-0.4497590937614812,-0.0546740949463224,0.0,0.0,0.0,0.0,0.0,0.0,0.0,5.0,11.347767850714346,12.781915052973387,0.0,0.0,1.0,3.0,0.0,0.0,0.0,0.0,-1.7556620542084016,0.0,0.0,0.0,0.0,0.0,1.0,-3.290622666032006,0.0,0.0,0.0,0.0,0.0,0.0,-5.357858028972485,0.0,0.0,0.0,0.0,0.0,0.0,-5.013155611282151,0.0,0.0,0.0,0.0,0.0,0.0,-0.6332738503318774,-0.1492896464425819,0.0,0.0,0.0,0.0,0.0,0.0,0.0,4.0,18.26175974476988,24.867348952142795,0.0,0.0,1.0,1.0,0.0,0.0,0.0,0.0,-2.43589164702408,0.0,0.0,0.0,0.0,0.0,0.0,-3.582640062720224,0.0,0.0,0.0,0.0,0.0,0.0,-3.705023471871304,0.0,0.0,0.0,0.0,0.0,0.0,,0.0,0.0,0.0,0.0,0.0,0.0,0.6957531631933755,-0.0924460624562582,1.0,1.0,0.0,1.0,0.0,0.0,0.0,1.0,59.28912783751491,62.73481643176039,0.0,0.0,0.0,0.0,0.0,0.0,0.0,0.0,-0.192881154214862,0.0,1.0,0.0,1.0,0.0,1.0,-0.5708846214152069,0.0,0.0,0.0,1.0,0.0,1.0,,0.0,0.0,0.0,0.0,0.0,0.0,,0.0,0.0,0.0,0.0,0.0,0.0,0.0692292977289062,0.2912638445913389,1.0,1.0,1.0,0.0,1.0,0.0,1.0,0.0,,,0.0,0.0,0.0,0.0,0.0,0.0,0.0,0.0,2.33575446445514,1.0,0.0,1.0,0.0,1.0,0.0,2.368549917546704,1.0,0.0,1.0,0.0,1.0,0.0,,0.0,0.0,0.0,0.0,0.0,0.0,,0.0,0.0,0.0,0.0,0.0,0.0
29,LONG,-1.2,30,0.5,119.2201,117.79,2024-07-17 16:00:00+00:00,2024-07-17 16:30:00+00:00,0.0629693970698551,0.007210438845496,1,1,0,0,0,0,17,0,87.26213818860849,82.07018362900753,1,1,0,2,0,0,0,0,0.1282891814685091,1,1,0,0,1,0,0.1274220293445915,1,1,0,0,1,0,-0.0866166680022487,0,1,0,0,0,0,-0.691339136684932,0,0,0,0,0,0,0.0040705299468081,0.0041906589770148,1.0,1.0,1.0,0.0,1.0,0.0,1.0,0.0,15.934894951366166,19.026081578892327,0.0,0.0,1.0,2.0,0.0,0.0,0.0,0.0,-0.0970356481968449,0.0,1.0,0.0,0.0,0.0,0.0,-0.3527015184668239,0.0,0.0,0.0,0.0,0.0,0.0,-1.0611767947851012,0.0,0.0,0.0,0.0,0.0,0.0,-3.74332406545968,0.0,0.0,0.0,0.0,0.0,0.0,-0.0021849550001522,-0.0164987734330372,0.0,0.0,0.0,1.0,0.0,1.0,0.0,1.0,20.514542269808576,20.28581638178417,1.0,0.0,0.0,0.0,1.0,0.0,0.0,0.0,-0.5629020044494153,0.0,0.0,0.0,0.0,0.0,1.0,-1.3452803221422636,0.0,0.0,0.0,0.0,0.0,0.0,-3.233689388110318,0.0,0.0,0.0,0.0,0.0,0.0,-6.560279125887507,0.0,0.0,0.0,0.0,0.0,0.0,-0.1521604606176814,0.0564672528637868,0.0,0.0,0.0,0.0,0.0,0.0,2.0,0.0,18.339425587467307,12.267638459572703,1.0,0.0,1.0,14.0,0.0,0.0,0.0,0.0,-0.4576705769281519,0.0,0.0,0.0,0.0,0.0,0.0,-1.8384104505857224,0.0,0.0,0.0,0.0,0.0,0.0,-4.244178384120316,0.0,0.0,0.0,0.0,0.0,0.0,-7.492746276222059,0.0,0.0,0.0,0.0,0.0,0.0,-0.5030053826592227,-0.0048377382753597,0.0,0.0,0.0,0.0,0.0,0.0,0.0,2.0,9.803724718311848,9.482430563258866,1.0,0.0,1.0,6.0,1.0,0.0,0.0,0.0,-1.631196452582413,0.0,0.0,0.0,0.0,0.0,0.0,-3.533457551567353,0.0,0.0,0.0,0.0,0.0,0.0,-6.115740580083121,0.0,0.0,0.0,0.0,0.0,0.0,-6.155465171002096,0.0,0.0,0.0,0.0,0.0,0.0,-0.844998388599699,-0.2117245382678215,0.0,0.0,0.0,0.0,0.0,0.0,0.0,5.0,11.731635084971664,17.725566487884514,0.0,0.0,1.0,2.0,0.0,0.0,0.0,0.0,-3.414145483415373,0.0,0.0,0.0,0.0,0.0,0.0,-4.998949801399581,0.0,0.0,0.0,0.0,0.0,0.0,-5.5670394020066025,0.0,0.0,0.0,0.0,0.0,0.0,,0.0,0.0,0.0,0.0,0.0,0.0,0.6957531631933755,-0.0924460624562582,1.0,1.0,0.0,1.0,0.0,0.0,0.0,1.0,59.28912783751491,62.73481643176039,0.0,0.0,0.0,0.0,0.0,0.0,0.0,0.0,-0.192881154214862,0.0,1.0,0.0,1.0,0.0,1.0,-0.5708846214152069,0.0,0.0,0.0,1.0,0.0,1.0,,0.0,0.0,0.0,0.0,0.0,0.0,,0.0,0.0,0.0,0.0,0.0,0.0,0.0692292977289062,0.2912638445913389,1.0,1.0,1.0,0.0,1.0,0.0,1.0,0.0,,,0.0,0.0,0.0,0.0,0.0,0.0,0.0,0.0,2.33575446445514,1.0,0.0,1.0,0.0,1.0,0.0,2.368549917546704,1.0,0.0,1.0,0.0,1.0,0.0,,0.0,0.0,0.0,0.0,0.0,0.0,,0.0,0.0,0.0,0.0,0.0,0.0
30,LONG,1.027,135,2.2,118.23,119.4445,2024-07-17 21:10:00+00:00,2024-07-17 23:25:00+00:00,0.0435946277441807,-0.0074045749881248,1,1,0,1,0,0,0,1,90.4558404558406,91.58671856867596,0,1,0,15,0,1,0,0,0.0703099683560173,1,1,0,0,0,0,0.2280415138664055,1,1,0,0,0,0,0.4252925775337621,1,0,0,0,0,0,0.1077320242767728,1,1,0,0,0,0,0.0218066729401811,0.0347196189332607,1.0,1.0,0.0,0.0,1.0,0.0,8.0,0.0,12.400000000000071,8.658790436005697,1.0,0.0,1.0,12.0,0.0,0.0,0.0,0.0,0.2571076358929608,1.0,1.0,0.0,0.0,0.0,0.0,0.156362637285896,1.0,1.0,1.0,0.0,1.0,0.0,-0.0499268005978931,0.0,1.0,0.0,0.0,0.0,0.0,-2.6170992896465286,0.0,0.0,0.0,0.0,0.0,0.0,0.0816148713062193,-0.029866558554276,1.0,1.0,0.0,0.0,0.0,0.0,0.0,5.0,12.50111636638681,30.643867137581413,0.0,0.0,1.0,1.0,0.0,0.0,0.0,0.0,-0.378153115017992,0.0,0.0,0.0,0.0,0.0,0.0,-0.7857950525379874,0.0,0.0,0.0,0.0,0.0,0.0,-1.990280930736852,0.0,0.0,0.0,0.0,0.0,0.0,-6.790236521479487,0.0,0.0,0.0,0.0,0.0,0.0,0.1017626542482668,-0.0004696138814648,1.0,1.0,0.0,1.0,0.0,0.0,0.0,1.0,30.1042270340516,28.3251697923864,1.0,0.0,0.0,0.0,0.0,0.0,0.0,0.0,-0.4966942671993214,0.0,0.0,0.0,0.0,0.0,1.0,-1.6090566146363368,0.0,0.0,0.0,0.0,0.0,1.0,-4.328741129150539,0.0,0.0,0.0,0.0,0.0,0.0,-8.600626005019716,0.0,0.0,0.0,0.0,0.0,0.0,-0.3439941066536285,0.0748879347740585,0.0,0.0,0.0,0.0,0.0,0.0,3.0,0.0,14.262058333547904,13.819388575522243,1.0,0.0,1.0,11.0,0.0,0.0,0.0,0.0,-0.9489805525997246,0.0,0.0,0.0,0.0,0.0,0.0,-3.099466712749376,0.0,0.0,0.0,0.0,0.0,0.0,-6.451399092171147,0.0,0.0,0.0,0.0,0.0,0.0,-7.261746659781572,0.0,0.0,0.0,0.0,0.0,0.0,-1.04900129150156,-0.204002902901861,0.0,0.0,0.0,0.0,0.0,0.0,0.0,6.0,8.477742374309072,12.823712401350203,0.0,0.0,1.0,3.0,0.0,0.0,0.0,0.0,-3.870041164800073,0.0,0.0,0.0,0.0,0.0,1.0,-5.927127741083694,0.0,0.0,0.0,0.0,0.0,0.0,-7.00453980023729,0.0,0.0,0.0,0.0,0.0,0.0,,0.0,0.0,0.0,0.0,0.0,0.0,0.6957531631933755,-0.0924460624562582,1.0,1.0,0.0,1.0,0.0,0.0,0.0,1.0,59.28912783751491,62.73481643176039,0.0,0.0,0.0,0.0,0.0,0.0,0.0,0.0,-0.192881154214862,0.0,1.0,0.0,1.0,0.0,1.0,-0.5708846214152069,0.0,0.0,0.0,1.0,0.0,1.0,,0.0,0.0,0.0,0.0,0.0,0.0,,0.0,0.0,0.0,0.0,0.0,0.0,0.0692292977289062,0.2912638445913389,1.0,1.0,1.0,0.0,1.0,0.0,1.0,0.0,,,0.0,0.0,0.0,0.0,0.0,0.0,0.0,0.0,2.33575446445514,1.0,0.0,1.0,0.0,1.0,0.0,2.368549917546704,1.0,0.0,1.0,0.0,1.0,0.0,,0.0,0.0,0.0,0.0,0.0,0.0,,0.0,0.0,0.0,0.0,0.0,0.0
31,SHORT,-1.148,235,3.9,121.9,120.5,2024-07-18 21:15:00+00:00,2024-07-19 09:10:00+00:00,-0.0072963190466402,0.0004608495478622,0,0,0,0,0,0,2,0,93.41085271317812,89.83035561136353,1,1,0,3,0,0,0,0,-0.0033047843702679,0,1,0,1,0,1,-0.002482604584916,0,1,0,1,0,1,0.0281326045792891,1,1,0,0,0,0,0.9095677178985192,1,0,0,0,0,0,-0.0041903660009993,-0.0113537997710043,0.0,0.0,0.0,0.0,0.0,1.0,0.0,13.0,95.92969165337588,96.75868563778796,0.0,1.0,0.0,18.0,0.0,0.0,0.0,0.0,0.0764654864173168,1.0,1.0,0.0,0.0,1.0,0.0,0.3991837541812602,1.0,0.0,0.0,0.0,0.0,0.0,0.9995627051900382,1.0,0.0,0.0,0.0,0.0,0.0,1.5238463750381528,1.0,0.0,0.0,0.0,0.0,0.0,0.2100146750154994,0.0011430797296834,1.0,1.0,0.0,0.0,0.0,0.0,6.0,0.0,95.30145416916292,90.63198254003748,1.0,1.0,0.0,4.0,0.0,0.0,0.0,0.0,0.5147811491599142,1.0,0.0,0.0,0.0,0.0,0.0,1.043993979167776,1.0,0.0,0.0,0.0,0.0,0.0,1.266547254436319,1.0,0.0,0.0,0.0,0.0,0.0,-0.8729589199032394,0.0,0.0,0.0,0.0,0.0,0.0,0.2002776274761339,0.0707433917469531,1.0,1.0,0.0,0.0,0.0,0.0,2.0,0.0,75.28538812785382,64.87761942099841,1.0,0.0,0.0,0.0,0.0,0.0,0.0,0.0,0.934099562664812,1.0,0.0,0.0,0.0,1.0,0.0,1.22069770821981,1.0,0.0,0.0,0.0,1.0,0.0,1.6395995763908735,1.0,0.0,0.0,0.0,0.0,0.0,-3.9679837306456056,0.0,0.0,0.0,0.0,0.0,0.0,0.3412642150629035,0.0620152018459069,1.0,1.0,0.0,0.0,0.0,0.0,2.0,0.0,57.0442520442521,51.18999518999524,1.0,0.0,0.0,0.0,0.0,0.0,0.0,0.0,0.7811885106442086,1.0,0.0,0.0,0.0,1.0,0.0,0.6084618733343644,1.0,0.0,0.0,0.0,1.0,0.0,-1.4060234633006738,0.0,0.0,0.0,0.0,0.0,0.0,-4.550147534111951,0.0,0.0,0.0,0.0,0.0,0.0,-0.7269413537372214,0.0114312704102537,0.0,0.0,0.0,0.0,0.0,0.0,4.0,0.0,24.01801434371666,22.477696715749502,1.0,0.0,0.0,0.0,0.0,0.0,0.0,0.0,-2.1297098314789737,0.0,0.0,0.0,0.0,0.0,1.0,-4.692336151869412,0.0,0.0,0.0,0.0,0.0,0.0,-7.587851738214391,0.0,0.0,0.0,0.0,0.0,0.0,,0.0,0.0,0.0,0.0,0.0,0.0,0.4458169948375958,-0.2499361683557797,1.0,1.0,0.0,0.0,0.0,0.0,0.0,2.0,55.29341799274108,59.791858931588,0.0,0.0,0.0,0.0,0.0,0.0,0.0,0.0,-1.788936634162773,0.0,0.0,0.0,0.0,0.0,1.0,-2.422611357111076,0.0,0.0,0.0,0.0,0.0,1.0,,0.0,0.0,0.0,0.0,0.0,0.0,,0.0,0.0,0.0,0.0,0.0,0.0,0.0692292977289062,0.2912638445913389,1.0,1.0,1.0,0.0,1.0,0.0,1.0,0.0,,,0.0,0.0,0.0,0.0,0.0,0.0,0.0,0.0,2.33575446445514,1.0,0.0,1.0,0.0,1.0,0.0,2.368549917546704,1.0,0.0,1.0,0.0,1.0,0.0,,0.0,0.0,0.0,0.0,0.0,0.0,,0.0,0.0,0.0,0.0,0.0,0.0
32,LONG,1.39,85,1.4,118.0,119.64,2024-07-19 23:20:00+00:00,2024-07-22 08:45:00+00:00,-0.0002080594030469,-0.0011666172164596,0,0,0,0,0,1,0,6,38.63987635239224,34.529393779440404,1,0,0,0,0,0,1,0,-0.0044398360569009,0,1,0,1,0,1,0.0058903201456676,1,1,0,0,0,0,0.0168604693937038,1,1,0,0,0,0,-0.0167052597241719,0,1,0,0,0,1,0.00074090940102,0.0069578159921405,1.0,1.0,0.0,0.0,1.0,0.0,3.0,0.0,53.23333333333168,36.640740740739545,1.0,0.0,0.0,0.0,0.0,0.0,0.0,0.0,0.0469701264625287,1.0,1.0,0.0,0.0,1.0,0.0,0.0265359639389262,1.0,1.0,1.0,0.0,1.0,0.0,-0.0392645430168685,0.0,1.0,0.0,0.0,0.0,0.0,-1.2427336653808423,0.0,0.0,0.0,0.0,0.0,0.0,0.0612957414658226,-0.0098420696996466,1.0,1.0,0.0,0.0,0.0,0.0,0.0,2.0,23.009604820131237,27.70000227999387,0.0,0.0,0.0,0.0,0.0,0.0,0.0,0.0,-0.112200140036732,0.0,1.0,0.0,0.0,0.0,0.0,-0.2955634565121184,0.0,1.0,0.0,0.0,0.0,0.0,-1.0685336844481417,0.0,0.0,0.0,0.0,0.0,0.0,-1.963973702095803,0.0,0.0,0.0,0.0,0.0,0.0,-0.0263374956983348,0.0270567943819787,0.0,0.0,0.0,0.0,0.0,0.0,8.0,0.0,24.63641996383525,21.536532445771496,1.0,0.0,0.0,0.0,0.0,0.0,0.0,0.0,-0.084881683341429,0.0,1.0,0.0,0.0,0.0,0.0,-0.606361157624056,0.0,0.0,0.0,0.0,0.0,0.0,-1.4643301626095475,0.0,0.0,0.0,0.0,0.0,0.0,-5.036007656188443,0.0,0.0,0.0,0.0,0.0,0.0,-0.21552857801966,0.0152054842991489,0.0,0.0,1.0,0.0,0.0,0.0,1.0,0.0,15.158436213991669,17.414452369444607,0.0,0.0,1.0,4.0,0.0,0.0,0.0,0.0,-0.5128046948564056,0.0,0.0,0.0,0.0,0.0,0.0,-1.2399613884844378,0.0,0.0,0.0,0.0,0.0,0.0,-1.7750423685081445,0.0,0.0,0.0,0.0,0.0,0.0,-6.830399016314613,0.0,0.0,0.0,0.0,0.0,0.0,0.0063610992641764,0.0233778897028376,1.0,1.0,0.0,0.0,1.0,0.0,9.0,0.0,33.7147829118705,35.63350933956246,0.0,0.0,0.0,0.0,0.0,0.0,0.0,1.0,-0.7339394668918168,0.0,0.0,0.0,1.0,0.0,1.0,-2.439304228938325,0.0,0.0,0.0,0.0,0.0,0.0,-5.836692274661476,0.0,0.0,0.0,0.0,0.0,0.0,,0.0,0.0,0.0,0.0,0.0,0.0,-0.1485683227945773,-0.5943853176321732,0.0,0.0,0.0,0.0,0.0,1.0,0.0,3.0,37.004481546115954,50.529009125457314,0.0,0.0,0.0,0.0,0.0,0.0,0.0,0.0,-5.56789442111334,0.0,0.0,0.0,0.0,0.0,0.0,-6.999906330601833,0.0,0.0,0.0,0.0,0.0,0.0,,0.0,0.0,0.0,0.0,0.0,0.0,,0.0,0.0,0.0,0.0,0.0,0.0,0.0692292977289062,0.2912638445913389,1.0,1.0,1.0,0.0,1.0,0.0,1.0,0.0,,,0.0,0.0,0.0,0.0,0.0,0.0,0.0,0.0,2.33575446445514,1.0,0.0,1.0,0.0,1.0,0.0,2.368549917546704,1.0,0.0,1.0,0.0,1.0,0.0,,0.0,0.0,0.0,0.0,0.0,0.0,,0.0,0.0,0.0,0.0,0.0,0.0
33,SHORT,1.801,45,0.8,120.51,122.68,2024-07-22 13:00:00+00:00,2024-07-22 13:45:00+00:00,-0.0047790529235059,0.0009233453945317,0,0,0,0,0,0,5,0,60.08474273791777,51.659688457917504,1,0,0,0,0,0,0,0,0.0027144922459429,1,1,0,0,1,0,0.0032230950514241,1,1,0,0,1,0,0.0231353819237859,1,1,0,0,0,0,0.1430256137290027,1,1,0,0,0,0,-0.0001739068128549,-0.0059762009958584,0.0,0.0,0.0,0.0,0.0,1.0,0.0,2.0,95.78358208955234,97.40992075270368,0.0,1.0,0.0,10.0,0.0,0.0,0.0,0.0,-0.0052460134762512,0.0,1.0,0.0,1.0,0.0,1.0,0.0728991402041526,1.0,1.0,0.0,0.0,0.0,0.0,0.2094966607258951,1.0,1.0,0.0,0.0,0.0,0.0,1.080421858424552,1.0,0.0,0.0,0.0,0.0,0.0,0.0058458819052732,-0.0031045112666313,1.0,1.0,0.0,0.0,0.0,0.0,0.0,11.0,92.60606060606044,85.11510574844714,1.0,1.0,0.0,2.0,0.0,0.0,0.0,0.0,0.1713009131276579,1.0,1.0,0.0,0.0,1.0,0.0,0.5349982050667234,1.0,0.0,0.0,0.0,0.0,0.0,1.3945778448482695,1.0,0.0,0.0,0.0,0.0,0.0,0.6552756957560157,1.0,0.0,0.0,0.0,0.0,0.0,0.2498438949689544,-0.0232981204039273,1.0,1.0,0.0,0.0,0.0,0.0,0.0,4.0,89.12280701754382,85.85012667169268,1.0,1.0,0.0,8.0,0.0,0.0,0.0,0.0,0.317932936797166,1.0,0.0,0.0,0.0,1.0,0.0,0.7591872435265139,1.0,0.0,0.0,0.0,1.0,0.0,0.5486374419985902,1.0,0.0,0.0,0.0,1.0,0.0,-2.756087453787793,0.0,0.0,0.0,0.0,0.0,0.0,0.2539807267029604,0.0503106421785808,1.0,1.0,0.0,0.0,0.0,0.0,8.0,0.0,79.05650835274399,64.61175459175094,1.0,0.0,0.0,0.0,0.0,0.0,0.0,0.0,0.6923653705638106,1.0,0.0,0.0,0.0,0.0,0.0,0.7140044975927172,1.0,0.0,0.0,0.0,0.0,0.0,0.5404831876401147,1.0,0.0,0.0,0.0,1.0,0.0,-4.947224172911059,0.0,0.0,0.0,0.0,0.0,0.0,0.0066633108757532,0.0894661841301882,1.0,1.0,1.0,0.0,1.0,0.0,1.0,0.0,21.258134490238596,24.713482600124436,0.0,0.0,0.0,0.0,0.0,0.0,0.0,0.0,-0.1990879738536297,0.0,1.0,0.0,0.0,0.0,0.0,-1.9437672532080092,0.0,0.0,0.0,0.0,0.0,0.0,-5.841367635076076,0.0,0.0,0.0,0.0,0.0,0.0,,0.0,0.0,0.0,0.0,0.0,0.0,-0.3198062567747253,-0.1712379339801479,0.0,0.0,0.0,0.0,0.0,0.0,0.0,4.0,25.33225552557742,39.210051688144816,0.0,0.0,0.0,0.0,0.0,0.0,0.0,0.0,-2.6367793097363856,0.0,0.0,0.0,0.0,0.0,0.0,-4.410472606731572,0.0,0.0,0.0,0.0,0.0,0.0,,0.0,0.0,0.0,0.0,0.0,0.0,,0.0,0.0,0.0,0.0,0.0,0.0,-0.5098123212121011,-0.5790416189410073,0.0,0.0,0.0,1.0,0.0,1.0,0.0,1.0,,,0.0,0.0,0.0,0.0,0.0,0.0,0.0,0.0,-5.556123525563839,0.0,0.0,0.0,1.0,0.0,1.0,-6.406384335386722,0.0,0.0,0.0,1.0,0.0,1.0,,0.0,0.0,0.0,0.0,0.0,0.0,,0.0,0.0,0.0,0.0,0.0,0.0
34,SHORT,-1.493,100,1.7,122.55,120.72,2024-07-23 21:20:00+00:00,2024-07-23 23:00:00+00:00,-0.0312053384760856,0.0024617939608087,0,0,0,0,0,0,7,0,11.656024156023925,15.429930466515977,0,0,1,2,0,0,0,0,-0.088651820706647,0,1,0,0,0,1,-0.2294561352448426,0,1,0,0,0,0,-0.4303828655305558,0,0,0,0,0,0,-0.1839128713316802,0,1,0,0,0,0,-0.0152660630028217,-0.0316985771506435,0.0,0.0,0.0,0.0,0.0,1.0,0.0,5.0,46.460476503610245,66.18238197828448,0.0,0.0,0.0,0.0,0.0,0.0,0.0,0.0,-0.2452471405866811,0.0,1.0,0.0,0.0,0.0,0.0,-0.2021868113160629,0.0,1.0,0.0,0.0,0.0,1.0,-0.0738596556418764,0.0,1.0,0.0,1.0,0.0,1.0,-0.3545653092387139,0.0,0.0,0.0,0.0,0.0,0.0,0.0578815450069016,0.0204534162918626,1.0,1.0,0.0,0.0,0.0,0.0,9.0,0.0,85.44700647249243,69.4344287724147,1.0,1.0,0.0,1.0,0.0,0.0,0.0,0.0,0.2199116373197893,1.0,1.0,0.0,0.0,0.0,0.0,0.2118410161670584,1.0,1.0,0.0,0.0,0.0,0.0,0.1172932600647958,1.0,1.0,0.0,0.0,0.0,0.0,1.5345082477523693,1.0,0.0,0.0,0.0,0.0,0.0,-0.104167086997848,0.0304332409714761,0.0,0.0,1.0,0.0,0.0,0.0,1.0,0.0,26.987129987130192,23.632775632775807,1.0,0.0,0.0,0.0,0.0,0.0,0.0,0.0,0.0925121038969512,1.0,1.0,1.0,0.0,1.0,0.0,0.0144797688929726,1.0,1.0,1.0,0.0,1.0,0.0,0.1634430850008174,1.0,1.0,1.0,0.0,1.0,0.0,0.643387221823017,1.0,0.0,0.0,0.0,0.0,0.0,-0.173869927607032,-0.0294997722038765,0.0,0.0,0.0,0.0,0.0,0.0,0.0,6.0,31.943661971831236,37.3239436619721,0.0,0.0,0.0,0.0,0.0,0.0,0.0,0.0,-0.3015106353268348,0.0,0.0,0.0,0.0,0.0,1.0,-0.0748811533850875,0.0,1.0,0.0,1.0,0.0,1.0,1.0648448475858243,1.0,0.0,0.0,0.0,0.0,0.0,-2.868226389022856,0.0,0.0,0.0,0.0,0.0,0.0,0.7423187665724789,0.0058759577754805,1.0,1.0,0.0,0.0,0.0,0.0,8.0,0.0,83.7203886014762,85.63575018776834,0.0,1.0,0.0,4.0,0.0,1.0,0.0,0.0,0.9170215645223116,1.0,0.0,0.0,0.0,0.0,0.0,1.0530437475316925,1.0,0.0,0.0,0.0,0.0,0.0,-1.8602289668860013,0.0,0.0,0.0,0.0,0.0,0.0,,0.0,0.0,0.0,0.0,0.0,0.0,-0.6449728306577294,-0.3251665738830041,0.0,0.0,0.0,0.0,0.0,0.0,0.0,5.0,14.8987659863691,25.745167686020825,0.0,0.0,1.0,1.0,0.0,0.0,0.0,0.0,-4.556188583105443,0.0,0.0,0.0,0.0,0.0,0.0,-6.864125197099906,0.0,0.0,0.0,0.0,0.0,0.0,,0.0,0.0,0.0,0.0,0.0,0.0,,0.0,0.0,0.0,0.0,0.0,0.0,-0.5098123212121011,-0.5790416189410073,0.0,0.0,0.0,1.0,0.0,1.0,0.0,1.0,,,0.0,0.0,0.0,0.0,0.0,0.0,0.0,0.0,-5.556123525563839,0.0,0.0,0.0,1.0,0.0,1.0,-6.406384335386722,0.0,0.0,0.0,1.0,0.0,1.0,,0.0,0.0,0.0,0.0,0.0,0.0,,0.0,0.0,0.0,0.0,0.0,0.0
35,LONG,-1.867,30,0.5,117.83,115.63,2024-07-24 15:35:00+00:00,2024-07-24 16:05:00+00:00,-0.0024791703682359,-0.0087966034493432,0,0,0,0,0,1,0,4,32.47008547008346,48.88337588337421,0,0,0,0,0,0,0,0,-0.0792857854895049,0,1,0,0,0,1,-0.0856897183331948,0,1,0,0,0,1,-0.0876579656693902,0,1,0,0,0,1,-0.820502229556443,0,0,0,0,0,0,0.0121954972609982,0.0171978399018591,1.0,1.0,0.0,0.0,1.0,0.0,3.0,0.0,27.05168601437296,20.265855807120275,1.0,0.0,0.0,0.0,0.0,0.0,0.0,0.0,0.0062866476278295,1.0,1.0,1.0,0.0,1.0,0.0,-0.2720697788713407,0.0,1.0,0.0,0.0,0.0,0.0,-1.0033066439560745,0.0,0.0,0.0,0.0,0.0,0.0,-2.662582362068605,0.0,0.0,0.0,0.0,0.0,0.0,-0.1314035852014949,-0.0144867410265026,0.0,0.0,0.0,1.0,0.0,0.0,0.0,1.0,15.883376849434336,22.178706121264977,0.0,0.0,1.0,1.0,0.0,0.0,0.0,0.0,-0.6412192595026903,0.0,0.0,0.0,0.0,0.0,0.0,-1.3328128199956937,0.0,0.0,0.0,0.0,0.0,0.0,-2.4470744287200765,0.0,0.0,0.0,0.0,0.0,0.0,-2.882487554063922,0.0,0.0,0.0,0.0,0.0,0.0,-0.1732202271580223,-0.0310863718414404,0.0,0.0,0.0,0.0,0.0,0.0,0.0,6.0,28.66831939939001,27.50700531167114,1.0,0.0,0.0,0.0,0.0,0.0,0.0,0.0,-0.8911678330651506,0.0,0.0,0.0,0.0,0.0,0.0,-1.7211832209968296,0.0,0.0,0.0,0.0,0.0,0.0,-3.0457804941043003,0.0,0.0,0.0,0.0,0.0,0.0,-2.6086879109005063,0.0,0.0,0.0,0.0,0.0,0.0,-0.3677915275060638,-0.0457772719817538,0.0,0.0,0.0,0.0,0.0,0.0,0.0,2.0,16.1752576773553,11.882054601689022,1.0,0.0,1.0,8.0,0.0,0.0,0.0,0.0,-1.2058658129642317,0.0,0.0,0.0,0.0,0.0,0.0,-2.0002216072415946,0.0,0.0,0.0,0.0,0.0,0.0,-2.069129611700747,0.0,0.0,0.0,0.0,0.0,0.0,-5.63841275466702,0.0,0.0,0.0,0.0,0.0,0.0,0.3133261532708887,-0.1481209478241351,1.0,1.0,0.0,0.0,0.0,0.0,0.0,3.0,52.74089253187614,66.82407407407412,0.0,0.0,0.0,0.0,0.0,0.0,0.0,0.0,-0.9584186044775376,0.0,0.0,0.0,0.0,0.0,0.0,-1.169983238676279,0.0,0.0,0.0,0.0,0.0,0.0,-3.728237068920604,0.0,0.0,0.0,0.0,0.0,0.0,,0.0,0.0,0.0,0.0,0.0,0.0,-0.4565133576878857,0.1884594729698436,0.0,0.0,1.0,0.0,0.0,0.0,1.0,0.0,21.820809248554905,20.68394358683381,1.0,0.0,0.0,0.0,1.0,0.0,0.0,0.0,-0.1906906224749014,0.0,1.0,0.0,0.0,0.0,1.0,-2.421508711982964,0.0,0.0,0.0,0.0,0.0,0.0,,0.0,0.0,0.0,0.0,0.0,0.0,,0.0,0.0,0.0,0.0,0.0,0.0,-0.5098123212121011,-0.5790416189410073,0.0,0.0,0.0,1.0,0.0,1.0,0.0,1.0,,,0.0,0.0,0.0,0.0,0.0,0.0,0.0,0.0,-5.556123525563839,0.0,0.0,0.0,1.0,0.0,1.0,-6.406384335386722,0.0,0.0,0.0,1.0,0.0,1.0,,0.0,0.0,0.0,0.0,0.0,0.0,,0.0,0.0,0.0,0.0,0.0,0.0
36,SHORT,1.003,30,0.5,114.68,115.83,2024-07-25 16:00:00+00:00,2024-07-25 16:30:00+00:00,0.1284151628856311,0.0005651163150303,1,1,0,0,0,0,2,0,89.39963220224168,89.48865792159124,0,1,0,6,0,1,0,0,0.2580596763468471,1,1,0,0,0,0,0.4557423780084017,1,0,0,0,0,0,0.2959307173761832,1,1,0,0,0,0,1.6611888589903885,1,0,0,0,0,0,-0.0030696557658612,-0.0068074191891249,0.0,0.0,0.0,0.0,0.0,1.0,0.0,8.0,45.002949399643455,53.872119277881474,0.0,0.0,0.0,0.0,0.0,0.0,0.0,0.0,0.180750904842919,1.0,1.0,1.0,0.0,1.0,0.0,0.6340724685345162,1.0,0.0,0.0,0.0,0.0,0.0,1.265893693094558,1.0,0.0,0.0,0.0,0.0,0.0,-0.0965203150206397,0.0,1.0,0.0,0.0,0.0,1.0,0.3025638011874033,-0.0818669393488916,1.0,1.0,0.0,1.0,0.0,0.0,0.0,1.0,85.05315029919049,87.71339301622076,0.0,1.0,0.0,3.0,0.0,1.0,0.0,0.0,-0.2616300506181762,0.0,1.0,0.0,1.0,0.0,1.0,-0.0650856649530954,0.0,1.0,0.0,1.0,0.0,1.0,-0.5990216391245081,0.0,0.0,0.0,1.0,0.0,1.0,-5.374163080848223,0.0,0.0,0.0,0.0,0.0,0.0,0.2788920979778126,0.1433722737722409,1.0,1.0,0.0,0.0,0.0,0.0,2.0,0.0,76.11992386614004,53.93288324134989,1.0,0.0,0.0,0.0,0.0,0.0,0.0,0.0,1.2906448528065326,1.0,0.0,0.0,0.0,0.0,0.0,0.792551802776241,1.0,0.0,0.0,0.0,1.0,0.0,-1.331366851687305,0.0,0.0,0.0,0.0,0.0,0.0,-4.185172653169715,0.0,0.0,0.0,0.0,0.0,0.0,-0.034447129884747,0.2420981582835057,0.0,0.0,1.0,0.0,0.0,0.0,1.0,0.0,36.93946547279886,27.31472232927499,1.0,0.0,0.0,0.0,1.0,0.0,1.0,0.0,1.1672190408321168,1.0,0.0,1.0,0.0,1.0,0.0,-0.4944395425772858,0.0,0.0,0.0,0.0,0.0,1.0,-4.033260482534542,0.0,0.0,0.0,0.0,0.0,0.0,-7.879059222976928,0.0,0.0,0.0,0.0,0.0,0.0,-0.7216512189529105,-0.1246962661815558,0.0,0.0,0.0,0.0,0.0,0.0,0.0,9.0,13.850805703197514,11.61080125538384,1.0,0.0,1.0,4.0,0.0,0.0,0.0,0.0,-3.0732197031660293,0.0,0.0,0.0,0.0,0.0,0.0,-5.234627788268335,0.0,0.0,0.0,0.0,0.0,0.0,-8.145938215178408,0.0,0.0,0.0,0.0,0.0,0.0,,0.0,0.0,0.0,0.0,0.0,0.0,-0.4686940935752002,-0.0121807358873144,0.0,0.0,0.0,1.0,0.0,0.0,0.0,1.0,19.685292228644823,18.80162248785628,1.0,0.0,1.0,1.0,0.0,0.0,0.0,0.0,-1.870347298414805,0.0,0.0,0.0,0.0,0.0,1.0,-4.175148658412926,0.0,0.0,0.0,0.0,0.0,0.0,,0.0,0.0,0.0,0.0,0.0,0.0,,0.0,0.0,0.0,0.0,0.0,0.0,-0.5098123212121011,-0.5790416189410073,0.0,0.0,0.0,1.0,0.0,1.0,0.0,1.0,,,0.0,0.0,0.0,0.0,0.0,0.0,0.0,0.0,-5.556123525563839,0.0,0.0,0.0,1.0,0.0,1.0,-6.406384335386722,0.0,0.0,0.0,1.0,0.0,1.0,,0.0,0.0,0.0,0.0,0.0,0.0,,0.0,0.0,0.0,0.0,0.0,0.0
37,LONG,1.89,80,1.3,112.18,114.3,2024-07-25 23:30:00+00:00,2024-07-26 08:50:00+00:00,0.0188819337331546,-0.000237550446897,1,1,0,0,0,0,0,4,93.48370927318416,96.2406015037598,0,1,0,9,0,0,0,0,0.0418268112569652,1,1,0,0,0,0,0.0832237467608491,1,1,0,0,0,0,0.1042894304308703,1,1,0,0,0,0,0.169916055190488,1,1,0,0,0,0,0.0061241661616826,0.007769392175785,1.0,1.0,0.0,0.0,1.0,0.0,2.0,0.0,18.731231231230584,13.3930617364349,1.0,0.0,1.0,3.0,1.0,0.0,0.0,0.0,0.0431192237420274,1.0,1.0,1.0,0.0,1.0,0.0,-0.0108974716686804,0.0,1.0,0.0,0.0,0.0,1.0,-0.1724894008846215,0.0,1.0,0.0,0.0,0.0,0.0,-1.1398711303415427,0.0,0.0,0.0,0.0,0.0,0.0,-0.0181213565798399,0.0067421140537894,0.0,0.0,0.0,0.0,0.0,0.0,10.0,0.0,27.53119713144152,29.01287151874764,0.0,0.0,0.0,0.0,0.0,0.0,0.0,0.0,-0.2004916393692484,0.0,1.0,0.0,0.0,0.0,0.0,-0.6417118704555519,0.0,0.0,0.0,0.0,0.0,0.0,-1.2006721107054976,0.0,0.0,0.0,0.0,0.0,0.0,-5.212606608201575,0.0,0.0,0.0,0.0,0.0,0.0,-0.1386461382370107,0.0076572833986618,0.0,0.0,0.0,0.0,0.0,0.0,3.0,0.0,21.39843279083792,26.20526360443724,0.0,0.0,0.0,0.0,0.0,0.0,0.0,0.0,-0.4369340385893816,0.0,0.0,0.0,0.0,0.0,0.0,-1.0571820123692302,0.0,0.0,0.0,0.0,0.0,0.0,-1.895669711617384,0.0,0.0,0.0,0.0,0.0,0.0,-6.030621108255242,0.0,0.0,0.0,0.0,0.0,0.0,0.0959515958990788,-0.044239525532379,1.0,1.0,0.0,0.0,0.0,0.0,0.0,4.0,56.98612455630849,64.64483166612891,0.0,0.0,0.0,0.0,0.0,0.0,0.0,0.0,-0.8354040244387215,0.0,0.0,0.0,0.0,0.0,0.0,-1.887547207424633,0.0,0.0,0.0,0.0,0.0,0.0,-4.993080327940158,0.0,0.0,0.0,0.0,0.0,0.0,-9.346538243701456,0.0,0.0,0.0,0.0,0.0,0.0,-0.632591700326131,0.0890595186267795,0.0,0.0,1.0,0.0,0.0,0.0,1.0,0.0,23.084664684527947,16.529107413192445,1.0,0.0,0.0,0.0,0.0,0.0,0.0,0.0,-1.1785251450573655,0.0,0.0,0.0,0.0,0.0,0.0,-3.380868946991481,0.0,0.0,0.0,0.0,0.0,0.0,-6.452721288543106,0.0,0.0,0.0,0.0,0.0,0.0,,0.0,0.0,0.0,0.0,0.0,0.0,-0.4686940935752002,-0.0121807358873144,0.0,0.0,0.0,1.0,0.0,0.0,0.0,1.0,19.685292228644823,18.80162248785628,1.0,0.0,1.0,1.0,0.0,0.0,0.0,0.0,-1.870347298414805,0.0,0.0,0.0,0.0,0.0,1.0,-4.175148658412926,0.0,0.0,0.0,0.0,0.0,0.0,,0.0,0.0,0.0,0.0,0.0,0.0,,0.0,0.0,0.0,0.0,0.0,0.0,-0.5098123212121011,-0.5790416189410073,0.0,0.0,0.0,1.0,0.0,1.0,0.0,1.0,,,0.0,0.0,0.0,0.0,0.0,0.0,0.0,0.0,-5.556123525563839,0.0,0.0,0.0,1.0,0.0,1.0,-6.406384335386722,0.0,0.0,0.0,1.0,0.0,1.0,,0.0,0.0,0.0,0.0,0.0,0.0,,0.0,0.0,0.0,0.0,0.0,0.0
38,SHORT,-2.377,125,2.1,115.68,112.93,2024-07-26 13:10:00+00:00,2024-07-26 15:15:00+00:00,-0.0115592532090554,-0.0050640976983201,0,0,0,0,0,0,0,2,43.849206349205474,52.495189995188525,0,0,0,0,0,0,0,1,-0.0642869953500494,0,1,0,0,0,1,-0.0806796003640577,0,1,0,0,0,1,-0.0593060933084272,0,1,0,1,0,1,0.47705232848012,1,0,0,0,0,0,-0.0101632268387465,-0.0161883044557124,0.0,0.0,0.0,0.0,0.0,1.0,0.0,3.0,84.86536675951704,86.69018879603823,0.0,1.0,0.0,20.0,0.0,0.0,0.0,0.0,-0.0390407266964807,0.0,1.0,0.0,1.0,0.0,1.0,0.1627587247921541,1.0,1.0,0.0,0.0,0.0,0.0,0.5185485090316249,1.0,0.0,0.0,0.0,0.0,0.0,1.7010737498096091,1.0,0.0,0.0,0.0,0.0,0.0,0.0796362449236397,0.0020479292086242,1.0,1.0,1.0,0.0,0.0,0.0,1.0,0.0,90.2851206086646,92.68651047882348,0.0,1.0,0.0,20.0,0.0,1.0,0.0,0.0,0.3983331906605151,1.0,0.0,0.0,0.0,1.0,0.0,0.9535986532352632,1.0,0.0,0.0,0.0,0.0,0.0,1.6625254972633434,1.0,0.0,0.0,0.0,0.0,0.0,-1.1465278678111794,0.0,0.0,0.0,0.0,0.0,0.0,0.3098140426645681,-0.0013374762034704,1.0,1.0,0.0,1.0,0.0,0.0,0.0,1.0,95.65095103608212,91.34013300537008,1.0,1.0,0.0,7.0,0.0,0.0,0.0,0.0,0.6476881601101527,1.0,0.0,0.0,0.0,1.0,0.0,1.2369112767904995,1.0,0.0,0.0,0.0,1.0,0.0,1.549843453943756,1.0,0.0,0.0,0.0,1.0,0.0,-2.768851598021126,0.0,0.0,0.0,0.0,0.0,0.0,0.4966302140684359,0.0728891278384925,1.0,1.0,0.0,0.0,0.0,0.0,5.0,0.0,82.13645304703675,81.20263181593712,1.0,1.0,0.0,2.0,0.0,0.0,0.0,0.0,1.1839208759691362,1.0,0.0,0.0,0.0,1.0,0.0,1.1772159102492432,1.0,0.0,0.0,0.0,1.0,0.0,-1.0610896672679937,0.0,0.0,0.0,0.0,0.0,0.0,-6.070243974401897,0.0,0.0,0.0,0.0,0.0,0.0,-0.4887288704733077,0.1753148492318494,0.0,0.0,0.0,0.0,0.0,0.0,2.0,0.0,35.50842849374661,33.89590730053818,1.0,0.0,0.0,0.0,0.0,0.0,0.0,0.0,-0.3864878341851563,0.0,0.0,0.0,0.0,0.0,0.0,-2.787716390876535,0.0,0.0,0.0,0.0,0.0,0.0,-6.387018732731225,0.0,0.0,0.0,0.0,0.0,0.0,,0.0,0.0,0.0,0.0,0.0,0.0,-0.7606405420932831,-0.2919464485180829,0.0,0.0,0.0,0.0,0.0,0.0,0.0,2.0,20.17884864269969,20.56165003996648,0.0,0.0,0.0,0.0,0.0,0.0,0.0,0.0,-4.784530628524228,0.0,0.0,0.0,0.0,0.0,1.0,-7.579542283701382,0.0,0.0,0.0,0.0,0.0,0.0,,0.0,0.0,0.0,0.0,0.0,0.0,,0.0,0.0,0.0,0.0,0.0,0.0,-0.5098123212121011,-0.5790416189410073,0.0,0.0,0.0,1.0,0.0,1.0,0.0,1.0,,,0.0,0.0,0.0,0.0,0.0,0.0,0.0,0.0,-5.556123525563839,0.0,0.0,0.0,1.0,0.0,1.0,-6.406384335386722,0.0,0.0,0.0,1.0,0.0,1.0,,0.0,0.0,0.0,0.0,0.0,0.0,,0.0,0.0,0.0,0.0,0.0,0.0
39,SHORT,1.451,30,0.5,113.71,115.36,2024-07-29 13:25:00+00:00,2024-07-29 13:55:00+00:00,0.0116072635376428,0.0084203989543741,1,1,0,0,0,0,8,0,62.53367003366972,52.5841750841745,1,0,0,0,0,0,0,0,0.0637108396554749,1,1,0,0,1,0,0.0220892558002192,1,1,1,0,1,0,-0.107789765155363,0,1,0,0,0,0,-0.0527054755216984,0,1,0,0,0,0,-0.0115988079849315,-0.0211471131633889,0.0,0.0,0.0,0.0,0.0,1.0,0.0,5.0,44.366307579443024,44.747943936059166,0.0,0.0,0.0,0.0,0.0,0.0,0.0,0.0,-0.1915952758244154,0.0,1.0,0.0,0.0,0.0,0.0,-0.1873661184248269,0.0,1.0,0.0,0.0,0.0,0.0,-0.2064261227221999,0.0,1.0,0.0,0.0,0.0,0.0,-0.0056532194697318,0.0,1.0,0.0,1.0,0.0,1.0,-0.0046972362397845,0.011473846427206,0.0,0.0,0.0,0.0,0.0,0.0,3.0,0.0,48.10299625468148,41.11324605782024,1.0,0.0,0.0,0.0,0.0,0.0,0.0,0.0,0.1329783243688468,1.0,1.0,0.0,0.0,1.0,0.0,0.2119376935637627,1.0,1.0,0.0,0.0,0.0,0.0,0.4558943260765473,1.0,0.0,0.0,0.0,0.0,0.0,-0.3373434426047738,0.0,0.0,0.0,0.0,0.0,0.0,0.0647153286077621,-0.0028462326941858,1.0,1.0,0.0,0.0,0.0,0.0,0.0,5.0,48.2060550698158,52.351385445212735,0.0,0.0,0.0,0.0,0.0,0.0,0.0,0.0,0.0989349891163575,1.0,1.0,1.0,0.0,1.0,0.0,0.1879680806199138,1.0,1.0,1.0,0.0,1.0,0.0,0.1670706492145876,1.0,1.0,1.0,0.0,1.0,0.0,-3.347365412745181,0.0,0.0,0.0,0.0,0.0,0.0,0.1289296462582562,-0.0176527618055499,1.0,1.0,0.0,1.0,0.0,0.0,0.0,1.0,61.36781093855408,54.74526476336225,1.0,0.0,0.0,0.0,0.0,0.0,0.0,0.0,-0.0564093679662304,0.0,1.0,0.0,1.0,0.0,1.0,-0.1380216578865527,0.0,1.0,0.0,1.0,0.0,1.0,-0.5202197203479497,0.0,0.0,0.0,0.0,0.0,0.0,-6.441420705035707,0.0,0.0,0.0,0.0,0.0,0.0,0.0298209159003084,0.1214807205178929,1.0,1.0,0.0,0.0,1.0,0.0,7.0,0.0,47.29526912080375,45.47556509483314,1.0,0.0,0.0,0.0,0.0,0.0,1.0,0.0,0.1110177872751887,1.0,1.0,1.0,0.0,1.0,0.0,-1.6528172251365223,0.0,0.0,0.0,0.0,0.0,0.0,-5.175600413390805,0.0,0.0,0.0,0.0,0.0,0.0,,0.0,0.0,0.0,0.0,0.0,0.0,-1.0864563059742172,-0.325815763880934,0.0,0.0,0.0,0.0,0.0,0.0,0.0,3.0,15.691564039193224,18.51856830351258,0.0,0.0,1.0,1.0,0.0,0.0,0.0,0.0,-5.87745439511647,0.0,0.0,0.0,0.0,0.0,0.0,-9.312488903495924,0.0,0.0,0.0,0.0,0.0,0.0,,0.0,0.0,0.0,0.0,0.0,0.0,,0.0,0.0,0.0,0.0,0.0,0.0,-1.160693103491126,-0.6508807822790248,0.0,0.0,0.0,0.0,0.0,0.0,0.0,2.0,,,0.0,0.0,0.0,0.0,0.0,0.0,0.0,0.0,-7.570554118896297,0.0,0.0,0.0,0.0,0.0,1.0,-9.491047498320066,0.0,0.0,0.0,0.0,0.0,0.0,,0.0,0.0,0.0,0.0,0.0,0.0,,0.0,0.0,0.0,0.0,0.0,0.0
40,SHORT,-2.253,75,1.2,114.7144,112.13,2024-07-29 14:30:00+00:00,2024-07-29 15:45:00+00:00,0.0093770258268233,-0.0021423770596523,1,1,0,1,0,0,0,1,59.47875561820003,58.33585038184333,1,0,0,0,0,0,0,0,-0.0413708215753603,0,1,0,1,0,1,-0.1074838073678503,0,1,0,1,0,1,-0.3835697671744795,0,0,0,0,0,0,0.5133678221183311,1,0,0,0,0,0,-0.0354533231457628,-0.0431557202326607,0.0,0.0,0.0,0.0,0.0,1.0,0.0,5.0,46.590759075907705,52.09130913091327,0.0,0.0,0.0,0.0,0.0,0.0,0.0,0.0,-0.2818520963132398,0.0,1.0,0.0,0.0,0.0,1.0,-0.0500879347533406,0.0,1.0,0.0,1.0,0.0,1.0,0.4594322490208448,1.0,0.0,0.0,0.0,0.0,0.0,0.937792522103198,1.0,0.0,0.0,0.0,0.0,0.0,0.1415873137557311,-0.0515477429279219,1.0,1.0,0.0,1.0,0.0,0.0,0.0,1.0,73.96480331262939,64.76323074417853,1.0,0.0,0.0,0.0,0.0,0.0,0.0,0.0,-0.0731136130892401,0.0,1.0,0.0,1.0,0.0,1.0,0.3215464947994971,1.0,0.0,0.0,0.0,0.0,0.0,0.8601635963570574,1.0,0.0,0.0,0.0,0.0,0.0,0.2454834444936563,1.0,1.0,0.0,0.0,1.0,0.0,0.167174204674895,0.12781677149222,1.0,1.0,1.0,0.0,0.0,0.0,1.0,0.0,58.4868541450619,50.74946409066401,1.0,0.0,0.0,0.0,0.0,0.0,1.0,0.0,1.4522778390586475,1.0,0.0,1.0,0.0,1.0,0.0,1.767375689292655,1.0,0.0,1.0,0.0,1.0,0.0,1.8189418770973005,1.0,0.0,1.0,0.0,1.0,0.0,-1.5509807701007696,0.0,0.0,0.0,0.0,0.0,0.0,0.1387986644806454,0.0098690182223892,1.0,1.0,1.0,0.0,0.0,0.0,1.0,0.0,68.44407702781187,61.24343049532197,1.0,0.0,0.0,0.0,0.0,0.0,0.0,0.0,0.2164981662523692,1.0,1.0,1.0,0.0,1.0,0.0,0.1787328480497987,1.0,1.0,1.0,0.0,1.0,0.0,-0.1028340286830795,0.0,1.0,0.0,0.0,0.0,1.0,-6.07249907292443,0.0,0.0,0.0,0.0,0.0,0.0,0.0298209159003084,0.1214807205178929,1.0,1.0,0.0,0.0,1.0,0.0,7.0,0.0,47.29526912080375,45.47556509483314,1.0,0.0,0.0,0.0,0.0,0.0,1.0,0.0,0.1110177872751887,1.0,1.0,1.0,0.0,1.0,0.0,-1.6528172251365223,0.0,0.0,0.0,0.0,0.0,0.0,-5.175600413390805,0.0,0.0,0.0,0.0,0.0,0.0,,0.0,0.0,0.0,0.0,0.0,0.0,-1.0864563059742172,-0.325815763880934,0.0,0.0,0.0,0.0,0.0,0.0,0.0,3.0,15.691564039193224,18.51856830351258,0.0,0.0,1.0,1.0,0.0,0.0,0.0,0.0,-5.87745439511647,0.0,0.0,0.0,0.0,0.0,0.0,-9.312488903495924,0.0,0.0,0.0,0.0,0.0,0.0,,0.0,0.0,0.0,0.0,0.0,0.0,,0.0,0.0,0.0,0.0,0.0,0.0,-1.160693103491126,-0.6508807822790248,0.0,0.0,0.0,0.0,0.0,0.0,0.0,2.0,,,0.0,0.0,0.0,0.0,0.0,0.0,0.0,0.0,-7.570554118896297,0.0,0.0,0.0,0.0,0.0,1.0,-9.491047498320066,0.0,0.0,0.0,0.0,0.0,0.0,,0.0,0.0,0.0,0.0,0.0,0.0,,0.0,0.0,0.0,0.0,0.0,0.0
41,LONG,-1.156,85,1.4,113.4109,112.1,2024-07-29 16:05:00+00:00,2024-07-29 17:30:00+00:00,0.0389837030031976,0.0017674037962008,1,1,1,0,0,0,1,0,90.75711843576312,91.06355056227189,0,1,0,17,0,1,0,0,0.1958664699424958,1,1,0,0,0,0,0.4534778622956074,1,0,0,0,0,0,0.8946771838991521,1,0,0,0,0,0,-0.3472630003382116,0,0,0,0,0,0,0.0516000861958275,0.067890773844654,1.0,1.0,0.0,0.0,1.0,0.0,9.0,0.0,47.53917497231438,34.785051100543406,1.0,0.0,0.0,0.0,0.0,0.0,0.0,0.0,0.4633938338487905,1.0,0.0,0.0,0.0,0.0,0.0,0.1176176218921819,1.0,1.0,1.0,0.0,1.0,0.0,-0.5263258366565349,0.0,0.0,0.0,0.0,0.0,0.0,-0.2602699698659628,0.0,1.0,0.0,0.0,0.0,0.0,-0.2995440586050147,-0.0271790028925967,0.0,0.0,0.0,0.0,0.0,0.0,0.0,7.0,8.129512852288814,9.134503869456948,0.0,0.0,1.0,3.0,0.0,0.0,0.0,0.0,-0.8184922216518807,0.0,0.0,0.0,0.0,0.0,0.0,-1.264255280922319,0.0,0.0,0.0,0.0,0.0,0.0,-1.2327523080381009,0.0,0.0,0.0,0.0,0.0,0.0,-1.6685814824268637,0.0,0.0,0.0,0.0,0.0,0.0,-0.0999073360015913,-0.121804288995904,0.0,0.0,0.0,0.0,0.0,1.0,0.0,3.0,20.731745947017284,41.71182695304171,0.0,0.0,0.0,0.0,0.0,0.0,0.0,0.0,-1.2147774397202302,0.0,0.0,0.0,0.0,0.0,0.0,-1.3115323641601069,0.0,0.0,0.0,0.0,0.0,0.0,-1.471688590872665,0.0,0.0,0.0,0.0,0.0,0.0,-4.604817132670414,0.0,0.0,0.0,0.0,0.0,0.0,0.1236898842308934,-0.1389969515754523,1.0,1.0,0.0,1.0,0.0,0.0,0.0,1.0,62.11965365705085,69.17228108460178,0.0,0.0,0.0,0.0,0.0,0.0,0.0,1.0,-1.052824513820956,0.0,0.0,0.0,1.0,0.0,1.0,-1.0357703520798978,0.0,0.0,0.0,1.0,0.0,1.0,-1.1433953481351182,0.0,0.0,0.0,1.0,0.0,1.0,-7.041795656539001,0.0,0.0,0.0,0.0,0.0,0.0,0.0978710101913344,0.068050094291026,1.0,1.0,0.0,0.0,0.0,0.0,8.0,0.0,52.94490234718117,47.8102147869919,1.0,0.0,0.0,0.0,0.0,0.0,0.0,0.0,-0.2010711208615534,0.0,1.0,0.0,1.0,0.0,1.0,-1.835817139320216,0.0,0.0,0.0,0.0,0.0,0.0,-5.253472036019789,0.0,0.0,0.0,0.0,0.0,0.0,,0.0,0.0,0.0,0.0,0.0,0.0,-1.0864563059742172,-0.325815763880934,0.0,0.0,0.0,0.0,0.0,0.0,0.0,3.0,15.691564039193224,18.51856830351258,0.0,0.0,1.0,1.0,0.0,0.0,0.0,0.0,-5.87745439511647,0.0,0.0,0.0,0.0,0.0,0.0,-9.312488903495924,0.0,0.0,0.0,0.0,0.0,0.0,,0.0,0.0,0.0,0.0,0.0,0.0,,0.0,0.0,0.0,0.0,0.0,0.0,-1.160693103491126,-0.6508807822790248,0.0,0.0,0.0,0.0,0.0,0.0,0.0,2.0,,,0.0,0.0,0.0,0.0,0.0,0.0,0.0,0.0,-7.570554118896297,0.0,0.0,0.0,0.0,0.0,1.0,-9.491047498320066,0.0,0.0,0.0,0.0,0.0,0.0,,0.0,0.0,0.0,0.0,0.0,0.0,,0.0,0.0,0.0,0.0,0.0,0.0
42,LONG,-2.545,30,0.5,111.9493,109.0999,2024-07-30 13:20:00+00:00,2024-07-30 13:50:00+00:00,0.0122890729381104,-0.0009476947823207,1,1,0,0,0,0,0,3,90.92792792792864,92.93130630630704,0,1,0,11,0,1,0,0,0.0549483411384096,1,1,0,0,1,0,0.1468285388741384,1,1,0,0,0,0,0.3143555247578533,1,0,0,0,0,0,0.4596305856879706,1,0,0,0,0,0,0.0049657305957881,0.0111953695232421,1.0,1.0,0.0,0.0,1.0,0.0,7.0,0.0,79.36507936507945,79.85008818342156,0.0,0.0,0.0,0.0,0.0,1.0,0.0,0.0,0.1355861364457257,1.0,1.0,0.0,0.0,0.0,0.0,0.1972824043282738,1.0,1.0,0.0,0.0,0.0,0.0,0.4078696993962563,1.0,0.0,0.0,0.0,0.0,0.0,-0.2980490834131101,0.0,1.0,0.0,0.0,0.0,0.0,0.0846621827686237,-0.0058377152987529,1.0,1.0,0.0,0.0,0.0,0.0,0.0,4.0,73.8888888888889,74.73765432098777,0.0,0.0,0.0,0.0,0.0,0.0,0.0,0.0,0.0919841448071225,1.0,1.0,0.0,0.0,1.0,0.0,0.176095756813664,1.0,1.0,0.0,0.0,0.0,0.0,0.0466167224061561,1.0,1.0,1.0,0.0,1.0,0.0,-1.3242134972759134,0.0,0.0,0.0,0.0,0.0,0.0,0.1022481098674149,0.0025738422390241,1.0,1.0,0.0,0.0,0.0,0.0,6.0,0.0,39.780870493323306,33.51891249004112,1.0,0.0,0.0,0.0,0.0,0.0,0.0,0.0,0.0234646278985437,1.0,1.0,0.0,0.0,1.0,0.0,-0.198524132795156,0.0,1.0,0.0,1.0,0.0,1.0,-1.0548158985232043,0.0,0.0,0.0,0.0,0.0,0.0,-4.494963781556599,0.0,0.0,0.0,0.0,0.0,0.0,-0.0387673687161306,0.0636378209803701,0.0,0.0,0.0,0.0,0.0,0.0,5.0,0.0,17.968061087864807,12.370277160455094,1.0,0.0,1.0,11.0,0.0,0.0,0.0,0.0,0.1802212332588929,1.0,1.0,1.0,0.0,1.0,0.0,-0.4301722561909636,0.0,0.0,0.0,0.0,0.0,0.0,-1.3228308654761087,0.0,0.0,0.0,0.0,0.0,0.0,-6.995497932359565,0.0,0.0,0.0,0.0,0.0,0.0,-0.0132261603513921,0.0023458331051666,0.0,0.0,1.0,0.0,0.0,0.0,1.0,0.0,47.53146176185869,52.02448064764942,0.0,0.0,0.0,0.0,0.0,0.0,0.0,0.0,-0.970743172885038,0.0,0.0,0.0,0.0,0.0,0.0,-2.748334113345942,0.0,0.0,0.0,0.0,0.0,0.0,-6.124406272307155,0.0,0.0,0.0,0.0,0.0,0.0,,0.0,0.0,0.0,0.0,0.0,0.0,-1.1581570678028077,-0.0717007618285903,0.0,0.0,0.0,0.0,0.0,0.0,0.0,4.0,16.429271329784545,17.433228003892484,0.0,0.0,1.0,2.0,0.0,0.0,0.0,0.0,-4.098239682773721,0.0,0.0,0.0,0.0,0.0,0.0,-7.942256236374464,0.0,0.0,0.0,0.0,0.0,0.0,,0.0,0.0,0.0,0.0,0.0,0.0,,0.0,0.0,0.0,0.0,0.0,0.0,-1.160693103491126,-0.6508807822790248,0.0,0.0,0.0,0.0,0.0,0.0,0.0,2.0,,,0.0,0.0,0.0,0.0,0.0,0.0,0.0,0.0,-7.570554118896297,0.0,0.0,0.0,0.0,0.0,1.0,-9.491047498320066,0.0,0.0,0.0,0.0,0.0,0.0,,0.0,0.0,0.0,0.0,0.0,0.0,,0.0,0.0,0.0,0.0,0.0,0.0
43,SHORT,1.106,30,0.5,108.4508,109.65,2024-07-30 23:05:00+00:00,2024-07-30 23:35:00+00:00,-0.0367591236134057,0.0157122807073864,0,0,0,0,0,0,2,0,22.64307692307699,14.27916996823837,1,0,0,0,1,0,0,0,0.0610018316001932,1,1,1,0,1,0,-0.0096115778864307,0,1,0,0,0,1,0.0417211026754182,1,1,1,0,1,0,1.9207881049271205,1,0,0,0,0,0,-0.0084821827564499,-0.0378125113083427,0.0,0.0,0.0,0.0,0.0,1.0,0.0,4.0,82.07427233188372,88.78977782289003,0.0,1.0,0.0,12.0,0.0,0.0,0.0,0.0,-0.0223724205157128,0.0,1.0,0.0,1.0,0.0,1.0,0.59858272579404,1.0,0.0,0.0,0.0,0.0,0.0,2.164422674769139,1.0,0.0,0.0,0.0,0.0,0.0,0.044418537619554,1.0,1.0,0.0,0.0,1.0,0.0,0.5502694877823691,0.0204324962508773,1.0,1.0,0.0,0.0,0.0,0.0,3.0,0.0,99.1730170885741,95.45530401077468,1.0,1.0,0.0,5.0,0.0,0.0,0.0,0.0,1.2988649892524542,1.0,0.0,0.0,0.0,0.0,0.0,2.155807154066359,1.0,0.0,0.0,0.0,0.0,0.0,1.4108783795846178,1.0,0.0,0.0,0.0,0.0,0.0,-2.551779775259364,0.0,0.0,0.0,0.0,0.0,0.0,0.5039857221460775,0.1463032911864112,1.0,1.0,0.0,0.0,0.0,0.0,5.0,0.0,89.20007923573529,78.29944699432576,1.0,1.0,0.0,1.0,0.0,0.0,0.0,0.0,1.7420723846921782,1.0,0.0,0.0,0.0,0.0,0.0,1.3288582149749677,1.0,0.0,0.0,0.0,1.0,0.0,-1.1791051538070891,0.0,0.0,0.0,0.0,0.0,0.0,-5.826918962251084,0.0,0.0,0.0,0.0,0.0,0.0,-0.2095626944137083,0.2378557194723933,0.0,0.0,0.0,0.0,0.0,0.0,2.0,0.0,38.048912805704965,27.705902835779806,1.0,0.0,0.0,0.0,0.0,0.0,0.0,0.0,0.8562364817352461,1.0,0.0,0.0,0.0,1.0,0.0,-1.1270432643037511,0.0,0.0,0.0,0.0,0.0,0.0,-4.196115243800189,0.0,0.0,0.0,0.0,0.0,0.0,-9.962937926333115,0.0,0.0,0.0,0.0,0.0,0.0,-0.3704272039872158,-0.4039674769972388,0.0,0.0,0.0,1.0,0.0,1.0,0.0,1.0,23.87876580498251,35.97164397626922,0.0,0.0,0.0,0.0,0.0,0.0,0.0,0.0,-5.359447343798687,0.0,0.0,0.0,0.0,0.0,1.0,-7.6825158422323,0.0,0.0,0.0,0.0,0.0,0.0,-11.175539820898871,0.0,0.0,0.0,0.0,0.0,0.0,,0.0,0.0,0.0,0.0,0.0,0.0,-1.1581570678028077,-0.0717007618285903,0.0,0.0,0.0,0.0,0.0,0.0,0.0,4.0,16.429271329784545,17.433228003892484,0.0,0.0,1.0,2.0,0.0,0.0,0.0,0.0,-4.098239682773721,0.0,0.0,0.0,0.0,0.0,0.0,-7.942256236374464,0.0,0.0,0.0,0.0,0.0,0.0,,0.0,0.0,0.0,0.0,0.0,0.0,,0.0,0.0,0.0,0.0,0.0,0.0,-1.160693103491126,-0.6508807822790248,0.0,0.0,0.0,0.0,0.0,0.0,0.0,2.0,,,0.0,0.0,0.0,0.0,0.0,0.0,0.0,0.0,-7.570554118896297,0.0,0.0,0.0,0.0,0.0,1.0,-9.491047498320066,0.0,0.0,0.0,0.0,0.0,0.0,,0.0,0.0,0.0,0.0,0.0,0.0,,0.0,0.0,0.0,0.0,0.0,0.0
44,SHORT,1.179,205,3.4,114.55,115.9,2024-07-31 14:55:00+00:00,2024-07-31 18:20:00+00:00,-0.0669568524575531,0.0146820351848019,0,0,0,0,0,0,2,0,22.37527485798367,13.8331234338616,1,0,0,0,0,0,0,0,-0.0073489802469819,0,1,0,0,0,1,-0.1145174933523128,0,1,0,0,0,0,-0.1823278052787465,0,1,0,0,0,0,1.8983284986927944,1,0,0,0,0,0,-0.0120865142969094,-0.0226548663062015,0.0,0.0,0.0,0.0,0.0,1.0,0.0,8.0,77.63228839150024,78.53726155940986,0.0,0.0,0.0,0.0,0.0,1.0,0.0,0.0,0.198397695926313,1.0,1.0,0.0,0.0,0.0,0.0,0.9633795811651654,1.0,0.0,0.0,0.0,0.0,0.0,2.61015894545474,1.0,0.0,0.0,0.0,0.0,0.0,6.289584188336366,1.0,0.0,0.0,0.0,0.0,0.0,0.316641861729547,-0.0119965769309464,1.0,1.0,0.0,1.0,0.0,0.0,0.0,1.0,85.7183257918552,84.21345790245998,1.0,1.0,0.0,14.0,0.0,0.0,0.0,0.0,1.0141316478879303,1.0,0.0,0.0,0.0,0.0,0.0,2.466594230448293,1.0,0.0,0.0,0.0,0.0,0.0,5.002490271695687,1.0,0.0,0.0,0.0,0.0,0.0,2.8538315696056755,1.0,0.0,0.0,0.0,0.0,0.0,0.5315425985927607,0.1316842612603297,1.0,1.0,0.0,0.0,0.0,0.0,2.0,0.0,88.15631739169795,90.57082416304463,0.0,1.0,0.0,17.0,0.0,0.0,0.0,0.0,2.5541280907925805,1.0,0.0,0.0,0.0,1.0,0.0,4.084289346739318,1.0,0.0,0.0,0.0,0.0,0.0,5.062845039793616,1.0,0.0,0.0,0.0,0.0,0.0,0.4051694205872223,1.0,0.0,1.0,0.0,1.0,0.0,0.7285053151658132,0.0330755840132199,1.0,1.0,0.0,0.0,0.0,0.0,10.0,0.0,98.25352941827413,90.47803804871351,1.0,1.0,0.0,3.0,0.0,0.0,0.0,0.0,1.4217739871574355,1.0,0.0,0.0,0.0,1.0,0.0,1.9143860764357437,1.0,0.0,0.0,0.0,1.0,0.0,0.281417319594383,1.0,1.0,1.0,0.0,1.0,0.0,-5.776355053264406,0.0,0.0,0.0,0.0,0.0,0.0,-0.1772277535492286,0.264898214082037,0.0,0.0,0.0,0.0,0.0,0.0,2.0,0.0,39.79791794243717,23.28308643311552,1.0,0.0,0.0,0.0,0.0,0.0,0.0,0.0,0.8231137876025536,1.0,0.0,0.0,0.0,0.0,0.0,-1.6424588882950917,0.0,0.0,0.0,0.0,0.0,0.0,-5.692725504405478,0.0,0.0,0.0,0.0,0.0,0.0,,0.0,0.0,0.0,0.0,0.0,0.0,-1.2598628435248682,-0.1017057757220607,0.0,0.0,0.0,0.0,0.0,0.0,0.0,5.0,18.42692886309908,16.849254744025615,1.0,0.0,1.0,3.0,1.0,0.0,0.0,0.0,-4.747707179938329,0.0,0.0,0.0,0.0,0.0,0.0,-8.979354110079594,0.0,0.0,0.0,0.0,0.0,0.0,,0.0,0.0,0.0,0.0,0.0,0.0,,0.0,0.0,0.0,0.0,0.0,0.0,-1.160693103491126,-0.6508807822790248,0.0,0.0,0.0,0.0,0.0,0.0,0.0,2.0,,,0.0,0.0,0.0,0.0,0.0,0.0,0.0,0.0,-7.570554118896297,0.0,0.0,0.0,0.0,0.0,1.0,-9.491047498320066,0.0,0.0,0.0,0.0,0.0,0.0,,0.0,0.0,0.0,0.0,0.0,0.0,,0.0,0.0,0.0,0.0,0.0,0.0
45,SHORT,3.014,40,0.7,116.12,119.62,2024-07-31 19:30:00+00:00,2024-07-31 20:10:00+00:00,-0.1076984958801781,0.0099412773639765,0,0,1,0,0,0,1,0,8.475253527336784,9.366510464822406,0,0,1,6,0,0,0,0,-0.2262637535231942,0,1,0,0,0,1,-0.58174071662809,0,0,0,0,0,0,-1.0360819956457572,0,0,0,0,0,0,0.1206685993065517,1,1,0,0,0,0,-0.0098232165944892,-0.0707575355190095,0.0,0.0,0.0,0.0,0.0,1.0,0.0,7.0,57.04966887417214,68.69778774613408,0.0,0.0,0.0,0.0,0.0,0.0,0.0,0.0,-0.3802689800332897,0.0,0.0,0.0,0.0,0.0,1.0,0.0266809242005299,1.0,1.0,0.0,0.0,1.0,0.0,0.6656820081844604,1.0,0.0,0.0,0.0,0.0,0.0,5.213044019697148,1.0,0.0,0.0,0.0,0.0,0.0,0.0464757361627317,0.0216309934655927,1.0,1.0,0.0,0.0,0.0,0.0,5.0,0.0,86.26172449198162,87.98752748738531,0.0,1.0,0.0,3.0,0.0,1.0,0.0,0.0,0.8040572933261242,1.0,0.0,0.0,0.0,0.0,0.0,1.8997825346536648,1.0,0.0,0.0,0.0,0.0,0.0,4.454719967487155,1.0,0.0,0.0,0.0,0.0,0.0,5.599872585540668,1.0,0.0,0.0,0.0,0.0,0.0,0.270509073440889,0.0587746722681896,1.0,1.0,0.0,0.0,0.0,0.0,2.0,0.0,89.44978607646283,84.99005363101872,1.0,1.0,0.0,2.0,0.0,0.0,0.0,0.0,1.7958838543485345,1.0,0.0,0.0,0.0,0.0,0.0,3.738327919966284,1.0,0.0,0.0,0.0,0.0,0.0,7.213184851975566,1.0,0.0,0.0,0.0,0.0,0.0,3.624258546075454,1.0,0.0,0.0,0.0,0.0,0.0,0.9227952523294004,-0.1291073409559491,1.0,1.0,0.0,0.0,0.0,0.0,0.0,2.0,90.68107007266876,93.46053811050142,0.0,1.0,0.0,8.0,0.0,0.0,0.0,0.0,0.9378102659178482,1.0,0.0,0.0,0.0,0.0,0.0,2.8396831898023325,1.0,0.0,0.0,0.0,0.0,0.0,3.0845801890263145,1.0,0.0,0.0,0.0,0.0,0.0,-2.727741558326714,0.0,0.0,0.0,0.0,0.0,0.0,0.0789912716226157,0.2562190251718443,1.0,1.0,0.0,0.0,1.0,0.0,3.0,0.0,61.135402242696415,40.69885531307651,1.0,0.0,0.0,0.0,0.0,0.0,0.0,0.0,1.2770082640185554,1.0,0.0,0.0,0.0,1.0,0.0,-0.7622730362412405,0.0,0.0,0.0,0.0,0.0,0.0,-4.754873374214547,0.0,0.0,0.0,0.0,0.0,0.0,,0.0,0.0,0.0,0.0,0.0,0.0,-1.2598628435248682,-0.1017057757220607,0.0,0.0,0.0,0.0,0.0,0.0,0.0,5.0,18.42692886309908,16.849254744025615,1.0,0.0,1.0,3.0,1.0,0.0,0.0,0.0,-4.747707179938329,0.0,0.0,0.0,0.0,0.0,0.0,-8.979354110079594,0.0,0.0,0.0,0.0,0.0,0.0,,0.0,0.0,0.0,0.0,0.0,0.0,,0.0,0.0,0.0,0.0,0.0,0.0,-1.160693103491126,-0.6508807822790248,0.0,0.0,0.0,0.0,0.0,0.0,0.0,2.0,,,0.0,0.0,0.0,0.0,0.0,0.0,0.0,0.0,-7.570554118896297,0.0,0.0,0.0,0.0,0.0,1.0,-9.491047498320066,0.0,0.0,0.0,0.0,0.0,0.0,,0.0,0.0,0.0,0.0,0.0,0.0,,0.0,0.0,0.0,0.0,0.0,0.0
46,SHORT,1.31,70,1.2,119.09,120.65,2024-07-31 21:00:00+00:00,2024-07-31 22:10:00+00:00,0.0063192748842473,0.0044621735488805,1,1,1,0,0,0,1,0,93.46296296296282,91.80864197530866,1,1,0,4,0,0,0,0,0.039317763548617,1,1,1,0,1,0,0.0273314281979976,1,1,1,0,1,0,-0.0627249270518232,0,1,0,0,0,0,1.5351615096257192,1,0,0,0,0,0,-0.0136019637613409,-0.0295949158416147,0.0,0.0,0.0,0.0,0.0,1.0,0.0,5.0,78.03779389145265,78.41210398527494,0.0,0.0,0.0,0.0,0.0,0.0,0.0,0.0,0.0292908723033085,1.0,1.0,0.0,0.0,1.0,0.0,0.5654561723922301,1.0,0.0,0.0,0.0,1.0,0.0,1.8319431387951932,1.0,0.0,0.0,0.0,0.0,0.0,6.053003227336691,1.0,0.0,0.0,0.0,0.0,0.0,0.1530312823773887,-0.0139570226876428,1.0,1.0,0.0,1.0,0.0,0.0,0.0,1.0,90.7319204526492,87.08513843197072,1.0,1.0,0.0,3.0,0.0,0.0,0.0,0.0,0.7389617721482871,1.0,0.0,0.0,0.0,1.0,0.0,2.0487125661164445,1.0,0.0,0.0,0.0,0.0,0.0,4.803595329776014,1.0,0.0,0.0,0.0,0.0,0.0,6.804868120621184,1.0,0.0,0.0,0.0,0.0,0.0,0.2986285306619434,0.1215664752235807,1.0,1.0,0.0,0.0,0.0,0.0,2.0,0.0,86.38076553025242,86.47190360119765,0.0,1.0,0.0,5.0,0.0,0.0,0.0,0.0,2.421633119970895,1.0,0.0,0.0,0.0,1.0,0.0,4.534436039902424,1.0,0.0,0.0,0.0,0.0,0.0,8.70737941049924,1.0,0.0,0.0,0.0,0.0,0.0,5.500735508268835,1.0,0.0,0.0,0.0,0.0,0.0,0.968500717812885,-0.0273780519913304,1.0,1.0,0.0,1.0,0.0,0.0,0.0,1.0,90.30607055778756,90.42417356705155,0.0,1.0,0.0,10.0,0.0,0.0,0.0,0.0,2.0984003880910858,1.0,0.0,0.0,0.0,0.0,0.0,4.508604608187553,1.0,0.0,0.0,0.0,0.0,0.0,5.607392075204753,1.0,0.0,0.0,0.0,0.0,0.0,-0.0899955373418034,0.0,1.0,0.0,1.0,0.0,1.0,0.5707913661941943,0.4918000945715786,1.0,1.0,0.0,0.0,0.0,0.0,4.0,0.0,74.78147825146357,58.57159947886572,1.0,0.0,0.0,0.0,0.0,0.0,0.0,0.0,4.409647644727812,1.0,0.0,0.0,0.0,1.0,0.0,3.27352546268626,1.0,0.0,1.0,0.0,1.0,0.0,-0.4976406745643068,0.0,0.0,0.0,0.0,0.0,1.0,,0.0,0.0,0.0,0.0,0.0,0.0,-1.2598628435248682,-0.1017057757220607,0.0,0.0,0.0,0.0,0.0,0.0,0.0,5.0,18.42692886309908,16.849254744025615,1.0,0.0,1.0,3.0,1.0,0.0,0.0,0.0,-4.747707179938329,0.0,0.0,0.0,0.0,0.0,0.0,-8.979354110079594,0.0,0.0,0.0,0.0,0.0,0.0,,0.0,0.0,0.0,0.0,0.0,0.0,,0.0,0.0,0.0,0.0,0.0,0.0,-1.160693103491126,-0.6508807822790248,0.0,0.0,0.0,0.0,0.0,0.0,0.0,2.0,,,0.0,0.0,0.0,0.0,0.0,0.0,0.0,0.0,-7.570554118896297,0.0,0.0,0.0,0.0,0.0,1.0,-9.491047498320066,0.0,0.0,0.0,0.0,0.0,0.0,,0.0,0.0,0.0,0.0,0.0,0.0,,0.0,0.0,0.0,0.0,0.0,0.0
47,SHORT,-3.695,120,2.0,120.97,116.5,2024-07-31 22:55:00+00:00,2024-08-01 08:55:00+00:00,0.0005621392921778,-0.0059976064488846,1,1,0,0,0,0,0,2,76.4444444444454,81.7617283950632,0,0,0,0,0,1,0,0,-0.0343711893757025,0,1,0,1,0,1,-0.01153706598483,0,1,0,1,0,1,-0.0080757303473043,0,1,0,1,0,1,1.3020372537258,1,0,0,0,0,0,-0.0102301399425055,-0.015879836175103,0.0,0.0,0.0,0.0,0.0,1.0,0.0,5.0,84.18061438080518,85.87005545604704,0.0,1.0,0.0,14.0,0.0,0.0,0.0,0.0,0.131752559668782,1.0,1.0,0.0,0.0,0.0,0.0,0.6366300093830656,1.0,0.0,0.0,0.0,0.0,0.0,1.7470964085216634,1.0,0.0,0.0,0.0,0.0,0.0,6.407868665422235,1.0,0.0,0.0,0.0,0.0,0.0,0.1281305337353089,0.0106415197955573,1.0,1.0,0.0,0.0,0.0,0.0,2.0,0.0,96.58568473385183,94.9751364369947,1.0,1.0,0.0,10.0,0.0,0.0,0.0,0.0,0.9546264589696264,1.0,0.0,0.0,0.0,0.0,0.0,2.344267433802784,1.0,0.0,0.0,0.0,0.0,0.0,5.214202127516296,1.0,0.0,0.0,0.0,0.0,0.0,8.415436241736908,1.0,0.0,0.0,0.0,0.0,0.0,0.2701971462153638,0.0026459662449132,1.0,1.0,1.0,0.0,0.0,0.0,1.0,0.0,89.99632694396921,90.8348308014958,0.0,1.0,0.0,8.0,0.0,1.0,0.0,0.0,1.4415334114486371,1.0,0.0,0.0,0.0,0.0,0.0,3.633700114436029,1.0,0.0,0.0,0.0,0.0,0.0,8.427811907238715,1.0,0.0,0.0,0.0,0.0,0.0,5.743461392718586,1.0,0.0,0.0,0.0,0.0,0.0,0.9944693618325102,0.0259686440196251,1.0,1.0,1.0,0.0,0.0,0.0,1.0,0.0,93.17767792248247,91.25637618365614,1.0,1.0,0.0,11.0,0.0,0.0,0.0,0.0,2.6926314331197663,1.0,0.0,0.0,0.0,1.0,0.0,5.363641329045151,1.0,0.0,0.0,0.0,0.0,0.0,6.928121621907724,1.0,0.0,0.0,0.0,0.0,0.0,1.3101833765361313,1.0,0.0,1.0,0.0,1.0,0.0,0.5707913661941943,0.4918000945715786,1.0,1.0,0.0,0.0,0.0,0.0,4.0,0.0,74.78147825146357,58.57159947886572,1.0,0.0,0.0,0.0,0.0,0.0,0.0,0.0,4.409647644727812,1.0,0.0,0.0,0.0,1.0,0.0,3.27352546268626,1.0,0.0,1.0,0.0,1.0,0.0,-0.4976406745643068,0.0,0.0,0.0,0.0,0.0,1.0,,0.0,0.0,0.0,0.0,0.0,0.0,-1.2598628435248682,-0.1017057757220607,0.0,0.0,0.0,0.0,0.0,0.0,0.0,5.0,18.42692886309908,16.849254744025615,1.0,0.0,1.0,3.0,1.0,0.0,0.0,0.0,-4.747707179938329,0.0,0.0,0.0,0.0,0.0,0.0,-8.979354110079594,0.0,0.0,0.0,0.0,0.0,0.0,,0.0,0.0,0.0,0.0,0.0,0.0,,0.0,0.0,0.0,0.0,0.0,0.0,-1.160693103491126,-0.6508807822790248,0.0,0.0,0.0,0.0,0.0,0.0,0.0,2.0,,,0.0,0.0,0.0,0.0,0.0,0.0,0.0,0.0,-7.570554118896297,0.0,0.0,0.0,0.0,0.0,1.0,-9.491047498320066,0.0,0.0,0.0,0.0,0.0,0.0,,0.0,0.0,0.0,0.0,0.0,0.0,,0.0,0.0,0.0,0.0,0.0,0.0
48,SHORT,-3.305,120,2.0,117.41,113.53,2024-08-01 14:10:00+00:00,2024-08-01 16:10:00+00:00,-0.1690535519421826,6.746151948136547e-05,0,0,0,0,0,0,4,0,20.04506295559942,20.755041982590352,0,0,0,0,0,0,0,0,-0.4011264314824931,0,0,0,0,0,1,-0.7973521018179155,0,0,0,0,0,0,-0.9414418721073644,0,0,0,0,0,0,-1.7077098719339596,0,0,0,0,0,0,-0.0131663123091202,-0.068293983229638,0.0,0.0,0.0,1.0,0.0,1.0,0.0,1.0,57.56704980842915,66.50702426564497,0.0,0.0,0.0,0.0,0.0,0.0,0.0,0.0,-0.6837081604539527,0.0,0.0,0.0,1.0,0.0,1.0,-0.8824585108955646,0.0,0.0,0.0,0.0,0.0,1.0,-1.143803859239179,0.0,0.0,0.0,0.0,0.0,1.0,-0.0027487999375062,0.0,1.0,0.0,1.0,0.0,1.0,-0.122711378998948,0.1044574407317971,0.0,0.0,1.0,0.0,0.0,0.0,1.0,0.0,47.60206680736485,48.3904616354948,0.0,0.0,0.0,0.0,0.0,0.0,0.0,0.0,0.7359286562769409,1.0,0.0,1.0,0.0,1.0,0.0,0.7356603625557506,1.0,0.0,1.0,0.0,1.0,0.0,0.9925562575018008,1.0,0.0,1.0,0.0,1.0,0.0,6.569902072264799,1.0,0.0,0.0,0.0,0.0,0.0,-0.3810359801987182,-0.1325326571472764,0.0,0.0,0.0,0.0,0.0,0.0,0.0,2.0,58.47243297926149,68.70679480694652,0.0,0.0,0.0,0.0,0.0,0.0,0.0,0.0,-1.2680818154758875,0.0,0.0,0.0,0.0,0.0,1.0,-0.8181006125542019,0.0,0.0,0.0,1.0,0.0,1.0,2.006429984871774,1.0,0.0,0.0,0.0,0.0,0.0,3.5531886311300505,1.0,0.0,0.0,0.0,0.0,0.0,-0.0051084126874401,-0.101328154175333,0.0,0.0,0.0,0.0,0.0,1.0,0.0,7.0,70.89584089794307,69.92336846609935,1.0,0.0,0.0,0.0,0.0,0.0,0.0,0.0,0.15416466272724,1.0,1.0,0.0,0.0,0.0,0.0,2.0654641305969004,1.0,0.0,0.0,0.0,0.0,0.0,5.980941119298968,1.0,0.0,0.0,0.0,0.0,0.0,1.6338752575116622,1.0,0.0,0.0,0.0,0.0,0.0,1.615672792286026,0.1690547179785562,1.0,1.0,0.0,0.0,0.0,0.0,7.0,0.0,95.955267033954,92.91546319260748,1.0,1.0,0.0,3.0,0.0,0.0,0.0,0.0,3.989608776098232,1.0,0.0,0.0,0.0,0.0,0.0,5.487670853919808,1.0,0.0,0.0,0.0,0.0,0.0,3.3435921535084767,1.0,0.0,0.0,0.0,0.0,0.0,,0.0,0.0,0.0,0.0,0.0,0.0,-1.3403845352254251,-0.0805216917005569,0.0,0.0,0.0,0.0,0.0,0.0,0.0,6.0,20.075755732476026,18.31065197511988,1.0,0.0,0.0,0.0,0.0,0.0,0.0,0.0,-4.945374131738305,0.0,0.0,0.0,0.0,0.0,0.0,-9.576084381834445,0.0,0.0,0.0,0.0,0.0,0.0,,0.0,0.0,0.0,0.0,0.0,0.0,,0.0,0.0,0.0,0.0,0.0,0.0,-1.160693103491126,-0.6508807822790248,0.0,0.0,0.0,0.0,0.0,0.0,0.0,2.0,,,0.0,0.0,0.0,0.0,0.0,0.0,0.0,0.0,-7.570554118896297,0.0,0.0,0.0,0.0,0.0,1.0,-9.491047498320066,0.0,0.0,0.0,0.0,0.0,0.0,,0.0,0.0,0.0,0.0,0.0,0.0,,0.0,0.0,0.0,0.0,0.0,0.0
49,LONG,-1.983,35,0.6,107.9,105.76,2024-08-01 23:35:00+00:00,2024-08-02 08:10:00+00:00,0.0158292954194375,-0.0168241006676732,1,1,0,0,0,0,0,6,73.0075329566855,79.56308851224087,0,0,0,0,0,0,0,0,-0.0187329687757554,0,1,0,0,0,1,0.1974112281362851,1,1,0,0,0,0,0.6145825908462095,1,0,0,0,0,0,-0.721782087255982,0,0,0,0,0,0,0.0661016359303151,0.0694330022496195,1.0,1.0,0.0,0.0,1.0,0.0,8.0,0.0,47.523425086178,34.17249755588869,1.0,0.0,0.0,0.0,0.0,0.0,0.0,0.0,0.5327330533512027,1.0,0.0,0.0,0.0,0.0,0.0,0.1983660682350512,1.0,1.0,1.0,0.0,1.0,0.0,-0.608318671588409,0.0,0.0,0.0,0.0,0.0,0.0,-5.2592365623722594,0.0,0.0,0.0,0.0,0.0,0.0,0.0382218146502715,-0.0233543255004882,1.0,1.0,0.0,0.0,0.0,0.0,0.0,9.0,9.507414916035977,16.155098581101992,0.0,0.0,1.0,2.0,0.0,0.0,0.0,0.0,-0.6885430618195154,0.0,0.0,0.0,0.0,0.0,0.0,-1.6594732258744975,0.0,0.0,0.0,0.0,0.0,0.0,-4.796759803413932,0.0,0.0,0.0,0.0,0.0,0.0,-4.310945302004965,0.0,0.0,0.0,0.0,0.0,0.0,-0.1547900550986467,-0.0461498985045696,0.0,0.0,0.0,1.0,0.0,0.0,0.0,1.0,19.57891932644635,24.208274416022,0.0,0.0,1.0,1.0,0.0,0.0,0.0,0.0,-1.694692858896034,0.0,0.0,0.0,0.0,0.0,0.0,-3.688075754981333,0.0,0.0,0.0,0.0,0.0,0.0,-7.224635642057538,0.0,0.0,0.0,0.0,0.0,0.0,-5.183227806393116,0.0,0.0,0.0,0.0,0.0,0.0,-1.1817643610255226,0.0995442276560312,0.0,0.0,0.0,0.0,0.0,0.0,3.0,0.0,21.665330348226025,17.437483618551457,1.0,0.0,0.0,0.0,0.0,0.0,0.0,0.0,-1.5653210387763818,0.0,0.0,0.0,0.0,0.0,0.0,-3.4418420840649167,0.0,0.0,0.0,0.0,0.0,0.0,-2.458828398716683,0.0,0.0,0.0,0.0,0.0,0.0,-6.048833374985276,0.0,0.0,0.0,0.0,0.0,0.0,1.1052485683853042,-0.5119103488452867,1.0,1.0,0.0,1.0,0.0,0.0,0.0,1.0,81.75227518124323,90.79525920001664,0.0,1.0,0.0,5.0,0.0,0.0,0.0,0.0,-2.4565386656672272,0.0,0.0,0.0,1.0,0.0,1.0,-1.2906021788524145,0.0,0.0,0.0,1.0,0.0,1.0,-2.880560511421641,0.0,0.0,0.0,1.0,0.0,1.0,,0.0,0.0,0.0,0.0,0.0,0.0,-1.3403845352254251,-0.0805216917005569,0.0,0.0,0.0,0.0,0.0,0.0,0.0,6.0,20.075755732476026,18.31065197511988,1.0,0.0,0.0,0.0,0.0,0.0,0.0,0.0,-4.945374131738305,0.0,0.0,0.0,0.0,0.0,0.0,-9.576084381834445,0.0,0.0,0.0,0.0,0.0,0.0,,0.0,0.0,0.0,0.0,0.0,0.0,,0.0,0.0,0.0,0.0,0.0,0.0,-1.160693103491126,-0.6508807822790248,0.0,0.0,0.0,0.0,0.0,0.0,0.0,2.0,,,0.0,0.0,0.0,0.0,0.0,0.0,0.0,0.0,-7.570554118896297,0.0,0.0,0.0,0.0,0.0,1.0,-9.491047498320066,0.0,0.0,0.0,0.0,0.0,0.0,,0.0,0.0,0.0,0.0,0.0,0.0,,0.0,0.0,0.0,0.0,0.0,0.0
50,LONG,-1.339,30,0.5,105.29,103.88,2024-08-02 12:20:00+00:00,2024-08-02 12:50:00+00:00,0.0033533491137633,-0.0087632809695492,1,1,0,0,0,0,0,12,71.916275249609,72.7801305579086,0,0,0,0,0,0,0,0,0.0058197831139876,1,1,0,0,1,0,0.1643056758811727,1,1,0,0,0,0,0.4229150499394499,1,0,0,0,0,0,-0.0357902062550367,0,1,0,1,0,1,0.0045988657579897,0.042546544728497,1.0,1.0,0.0,0.0,1.0,0.0,3.0,0.0,38.51417399804507,26.017682846763268,1.0,0.0,0.0,0.0,0.0,0.0,0.0,0.0,0.2809303017675758,1.0,1.0,0.0,0.0,0.0,0.0,0.063185305261155,1.0,1.0,0.0,0.0,1.0,0.0,-0.1680911934019059,0.0,1.0,0.0,0.0,0.0,1.0,-4.553097648088681,0.0,0.0,0.0,0.0,0.0,0.0,0.0460805857726769,-0.0642869334039857,1.0,1.0,0.0,0.0,0.0,0.0,0.0,5.0,18.233384192858992,23.76843608056905,0.0,0.0,1.0,1.0,0.0,0.0,0.0,0.0,-1.012684698798502,0.0,0.0,0.0,0.0,0.0,1.0,-1.868422633705736,0.0,0.0,0.0,0.0,0.0,1.0,-3.6254727287882704,0.0,0.0,0.0,0.0,0.0,0.0,-6.832583399829445,0.0,0.0,0.0,0.0,0.0,0.0,0.0543597113087166,0.0249629132836921,1.0,1.0,0.0,0.0,0.0,0.0,5.0,0.0,16.589622294727615,14.250212300068757,1.0,0.0,1.0,8.0,0.0,0.0,0.0,0.0,-0.6925348275261737,0.0,0.0,0.0,0.0,0.0,1.0,-2.517558061732431,0.0,0.0,0.0,0.0,0.0,0.0,-7.254692144403636,0.0,0.0,0.0,0.0,0.0,0.0,-6.460288258419232,0.0,0.0,0.0,0.0,0.0,0.0,-0.8714121592628934,0.1165863584447646,0.0,0.0,0.0,0.0,0.0,0.0,5.0,0.0,4.146171937639501,3.6906894938340304,1.0,0.0,1.0,6.0,1.0,0.0,0.0,0.0,-1.5668376296947812,0.0,0.0,0.0,0.0,0.0,0.0,-4.369226700958765,0.0,0.0,0.0,0.0,0.0,0.0,-5.6112103010169605,0.0,0.0,0.0,0.0,0.0,0.0,-9.220230455062667,0.0,0.0,0.0,0.0,0.0,0.0,-0.3988363660764269,-0.4356590197575612,0.0,0.0,0.0,0.0,0.0,1.0,0.0,4.0,36.557149467838926,49.71463828474469,0.0,0.0,0.0,0.0,0.0,0.0,0.0,0.0,-4.902171356738024,0.0,0.0,0.0,0.0,0.0,0.0,-6.011976778969494,0.0,0.0,0.0,0.0,0.0,0.0,-8.237578148052355,0.0,0.0,0.0,0.0,0.0,0.0,,0.0,0.0,0.0,0.0,0.0,0.0,-0.5011678644182891,0.839216670807136,0.0,0.0,1.0,0.0,0.0,0.0,1.0,0.0,35.09557819953041,24.53275426503517,1.0,0.0,0.0,0.0,0.0,0.0,0.0,0.0,4.452439875132476,1.0,0.0,1.0,0.0,1.0,0.0,0.5853152571523204,1.0,0.0,1.0,0.0,1.0,0.0,,0.0,0.0,0.0,0.0,0.0,0.0,,0.0,0.0,0.0,0.0,0.0,0.0,-1.160693103491126,-0.6508807822790248,0.0,0.0,0.0,0.0,0.0,0.0,0.0,2.0,,,0.0,0.0,0.0,0.0,0.0,0.0,0.0,0.0,-7.570554118896297,0.0,0.0,0.0,0.0,0.0,1.0,-9.491047498320066,0.0,0.0,0.0,0.0,0.0,0.0,,0.0,0.0,0.0,0.0,0.0,0.0,,0.0,0.0,0.0,0.0,0.0,0.0
51,LONG,-2.055,60,1.0,104.14,102.0,2024-08-02 13:10:00+00:00,2024-08-02 14:10:00+00:00,0.0316729577180085,0.0128341952225791,1,1,0,0,0,0,2,0,58.62279666107408,51.784443609847735,1,0,0,0,0,0,0,0,0.2227231165127676,1,1,0,0,0,0,0.3466418883000369,1,0,0,0,0,0,0.5059345598467461,1,0,0,0,0,0,-0.7402921308325702,0,0,0,0,0,0,0.0101329397687874,0.0319593949406656,1.0,1.0,0.0,0.0,1.0,0.0,4.0,0.0,45.73817762399083,43.48346789696276,1.0,0.0,0.0,0.0,0.0,0.0,0.0,0.0,0.0894888914266117,1.0,1.0,0.0,0.0,1.0,0.0,-0.3221605680940986,0.0,0.0,0.0,0.0,0.0,0.0,-1.0521857248378754,0.0,0.0,0.0,0.0,0.0,0.0,-5.007694468174725,0.0,0.0,0.0,0.0,0.0,0.0,-0.0654414253119581,-0.0985922150345042,0.0,0.0,0.0,0.0,0.0,1.0,0.0,2.0,20.82424454682867,19.190485469876496,1.0,0.0,0.0,0.0,1.0,0.0,0.0,0.0,-1.576869968170157,0.0,0.0,0.0,0.0,0.0,0.0,-2.608446758566275,0.0,0.0,0.0,0.0,0.0,0.0,-4.3647413309961465,0.0,0.0,0.0,0.0,0.0,0.0,-7.91014757950067,0.0,0.0,0.0,0.0,0.0,0.0,-0.0101752980252212,-0.0210022007553463,0.0,0.0,0.0,0.0,0.0,1.0,0.0,2.0,4.739303353543133,10.34436301251646,0.0,0.0,1.0,10.0,0.0,0.0,0.0,0.0,-1.261768752977461,0.0,0.0,0.0,0.0,0.0,1.0,-3.189488055375621,0.0,0.0,0.0,0.0,0.0,1.0,-8.010013858252403,0.0,0.0,0.0,0.0,0.0,0.0,-7.627837417711623,0.0,0.0,0.0,0.0,0.0,0.0,-0.8310429785573246,0.0403691807055688,0.0,0.0,0.0,0.0,0.0,0.0,6.0,0.0,3.6324430167291166,3.3201008238176954,1.0,0.0,1.0,7.0,0.0,0.0,0.0,0.0,-2.290351127232348,0.0,0.0,0.0,0.0,0.0,0.0,-5.198978540730117,0.0,0.0,0.0,0.0,0.0,0.0,-6.786190016419076,0.0,0.0,0.0,0.0,0.0,0.0,-10.41449620237172,0.0,0.0,0.0,0.0,0.0,0.0,-0.3988363660764269,-0.4356590197575612,0.0,0.0,0.0,0.0,0.0,1.0,0.0,4.0,36.557149467838926,49.71463828474469,0.0,0.0,0.0,0.0,0.0,0.0,0.0,0.0,-4.902171356738024,0.0,0.0,0.0,0.0,0.0,0.0,-6.011976778969494,0.0,0.0,0.0,0.0,0.0,0.0,-8.237578148052355,0.0,0.0,0.0,0.0,0.0,0.0,,0.0,0.0,0.0,0.0,0.0,0.0,-0.5011678644182891,0.839216670807136,0.0,0.0,1.0,0.0,0.0,0.0,1.0,0.0,35.09557819953041,24.53275426503517,1.0,0.0,0.0,0.0,0.0,0.0,0.0,0.0,4.452439875132476,1.0,0.0,1.0,0.0,1.0,0.0,0.5853152571523204,1.0,0.0,1.0,0.0,1.0,0.0,,0.0,0.0,0.0,0.0,0.0,0.0,,0.0,0.0,0.0,0.0,0.0,0.0,-1.160693103491126,-0.6508807822790248,0.0,0.0,0.0,0.0,0.0,0.0,0.0,2.0,,,0.0,0.0,0.0,0.0,0.0,0.0,0.0,0.0,-7.570554118896297,0.0,0.0,0.0,0.0,0.0,1.0,-9.491047498320066,0.0,0.0,0.0,0.0,0.0,0.0,,0.0,0.0,0.0,0.0,0.0,0.0,,0.0,0.0,0.0,0.0,0.0,0.0
52,LONG,1.687,105,1.8,105.14,106.9132,2024-08-02 14:50:00+00:00,2024-08-02 16:35:00+00:00,0.226110581315732,0.0035693996341533,1,1,0,0,0,0,10,0,92.5011360483416,91.2781537293352,1,1,0,4,0,0,0,0,0.616397541112698,1,0,0,0,0,0,1.191230913927093,1,0,0,0,0,0,1.8093104449787225,1,0,0,0,0,0,1.0144263761676005,1,0,0,0,0,0,0.0023616126520225,0.0861394468409141,1.0,1.0,1.0,0.0,1.0,0.0,1.0,0.0,29.96139206090271,33.35037157875667,0.0,0.0,0.0,0.0,0.0,0.0,0.0,0.0,0.6640312616338432,1.0,0.0,1.0,0.0,1.0,0.0,0.3805298291958022,1.0,0.0,1.0,0.0,1.0,0.0,-0.2743590005853171,0.0,1.0,0.0,0.0,0.0,0.0,-3.4912528185283307,0.0,0.0,0.0,0.0,0.0,0.0,0.0868284908163368,0.0865498862377356,1.0,1.0,1.0,0.0,0.0,0.0,1.0,0.0,33.11365140522596,42.71370184409889,0.0,0.0,0.0,0.0,0.0,0.0,0.0,0.0,0.5494122385357327,1.0,0.0,1.0,0.0,1.0,0.0,-0.1428894663382992,0.0,1.0,0.0,0.0,0.0,0.0,-1.846741418208982,0.0,0.0,0.0,0.0,0.0,0.0,-5.961833343835998,0.0,0.0,0.0,0.0,0.0,0.0,0.0476473651342193,0.0492307406177818,1.0,1.0,1.0,0.0,1.0,0.0,1.0,0.0,32.26398852223813,21.795896103797,1.0,0.0,0.0,0.0,0.0,0.0,0.0,0.0,-0.4786609466063194,0.0,0.0,0.0,0.0,0.0,1.0,-2.3199441686398226,0.0,0.0,0.0,0.0,0.0,1.0,-7.1616438749057805,0.0,0.0,0.0,0.0,0.0,0.0,-7.440176415414239,0.0,0.0,0.0,0.0,0.0,0.0,-0.7568913979792713,0.0741515805780532,0.0,0.0,0.0,0.0,0.0,0.0,7.0,0.0,9.111208536356688,5.629941163575111,1.0,0.0,1.0,8.0,0.0,0.0,0.0,0.0,-1.918891928822246,0.0,0.0,0.0,0.0,0.0,1.0,-4.894254583263467,0.0,0.0,0.0,0.0,0.0,0.0,-6.875405391796583,0.0,0.0,0.0,0.0,0.0,0.0,-10.509434041816048,0.0,0.0,0.0,0.0,0.0,0.0,-0.3988363660764269,-0.4356590197575612,0.0,0.0,0.0,0.0,0.0,1.0,0.0,4.0,36.557149467838926,49.71463828474469,0.0,0.0,0.0,0.0,0.0,0.0,0.0,0.0,-4.902171356738024,0.0,0.0,0.0,0.0,0.0,0.0,-6.011976778969494,0.0,0.0,0.0,0.0,0.0,0.0,-8.237578148052355,0.0,0.0,0.0,0.0,0.0,0.0,,0.0,0.0,0.0,0.0,0.0,0.0,-0.5011678644182891,0.839216670807136,0.0,0.0,1.0,0.0,0.0,0.0,1.0,0.0,35.09557819953041,24.53275426503517,1.0,0.0,0.0,0.0,0.0,0.0,0.0,0.0,4.452439875132476,1.0,0.0,1.0,0.0,1.0,0.0,0.5853152571523204,1.0,0.0,1.0,0.0,1.0,0.0,,0.0,0.0,0.0,0.0,0.0,0.0,,0.0,0.0,0.0,0.0,0.0,0.0,-1.160693103491126,-0.6508807822790248,0.0,0.0,0.0,0.0,0.0,0.0,0.0,2.0,,,0.0,0.0,0.0,0.0,0.0,0.0,0.0,0.0,-7.570554118896297,0.0,0.0,0.0,0.0,0.0,1.0,-9.491047498320066,0.0,0.0,0.0,0.0,0.0,0.0,,0.0,0.0,0.0,0.0,0.0,0.0,,0.0,0.0,0.0,0.0,0.0,0.0
53,LONG,1.924,155,2.6,105.0689,107.09,2024-08-02 18:15:00+00:00,2024-08-02 20:50:00+00:00,-0.1101008736426497,-0.0349450541626732,0,0,0,0,0,0,0,10,12.276146893917378,26.60666884767981,0,0,1,1,0,0,0,0,-0.4900358404643676,0,0,0,0,0,0,-0.5456742694983949,0,0,0,0,0,0,-0.2426009133038654,0,1,0,0,0,1,-0.9059920379342606,0,0,0,0,0,0,0.0162268583620182,0.0323647402459384,1.0,1.0,0.0,0.0,1.0,0.0,7.0,0.0,67.13333333333337,51.98841405508071,1.0,0.0,0.0,0.0,0.0,0.0,0.0,0.0,0.2692776210992163,1.0,1.0,0.0,0.0,0.0,0.0,0.1753844502417672,1.0,1.0,0.0,0.0,0.0,0.0,0.3865687783385748,1.0,0.0,0.0,0.0,0.0,0.0,-0.5566573438092726,0.0,0.0,0.0,0.0,0.0,0.0,0.0230175541196111,-0.0277233146055893,1.0,1.0,0.0,0.0,0.0,0.0,0.0,8.0,50.895521240440985,54.72252969491074,0.0,0.0,0.0,0.0,0.0,0.0,0.0,0.0,-0.1675017785031236,0.0,1.0,0.0,0.0,0.0,1.0,-0.0505103847820788,0.0,1.0,0.0,0.0,0.0,1.0,-0.1546168407032297,0.0,1.0,0.0,0.0,0.0,1.0,-5.040777631422623,0.0,0.0,0.0,0.0,0.0,0.0,0.4729859288289988,-0.0828479402614397,1.0,1.0,0.0,0.0,0.0,0.0,0.0,2.0,61.04761904761909,71.29893131804114,0.0,0.0,0.0,0.0,0.0,0.0,0.0,0.0,-0.4419433563517415,0.0,0.0,0.0,0.0,0.0,1.0,-0.9209581155670308,0.0,0.0,0.0,0.0,0.0,1.0,-4.403840120405836,0.0,0.0,0.0,0.0,0.0,0.0,-6.1506674947770525,0.0,0.0,0.0,0.0,0.0,0.0,-0.053785696934379,0.1297080491749538,0.0,0.0,0.0,0.0,0.0,0.0,11.0,0.0,40.559170454883095,32.25934854276658,1.0,0.0,0.0,0.0,0.0,0.0,0.0,0.0,-0.0633688755230958,0.0,1.0,0.0,1.0,0.0,1.0,-2.2600040839001974,0.0,0.0,0.0,0.0,0.0,1.0,-5.411347243631966,0.0,0.0,0.0,0.0,0.0,0.0,-8.887738180400337,0.0,0.0,0.0,0.0,0.0,0.0,-0.7740362378773878,-0.3751998718009609,0.0,0.0,0.0,0.0,0.0,0.0,0.0,5.0,27.803177541261714,37.21260733199646,0.0,0.0,0.0,0.0,0.0,0.0,0.0,0.0,-5.305299985211719,0.0,0.0,0.0,0.0,0.0,0.0,-7.148787370613683,0.0,0.0,0.0,0.0,0.0,0.0,-9.723393996365337,0.0,0.0,0.0,0.0,0.0,0.0,,0.0,0.0,0.0,0.0,0.0,0.0,-0.5011678644182891,0.839216670807136,0.0,0.0,1.0,0.0,0.0,0.0,1.0,0.0,35.09557819953041,24.53275426503517,1.0,0.0,0.0,0.0,0.0,0.0,0.0,0.0,4.452439875132476,1.0,0.0,1.0,0.0,1.0,0.0,0.5853152571523204,1.0,0.0,1.0,0.0,1.0,0.0,,0.0,0.0,0.0,0.0,0.0,0.0,,0.0,0.0,0.0,0.0,0.0,0.0,-1.160693103491126,-0.6508807822790248,0.0,0.0,0.0,0.0,0.0,0.0,0.0,2.0,,,0.0,0.0,0.0,0.0,0.0,0.0,0.0,0.0,-7.570554118896297,0.0,0.0,0.0,0.0,0.0,1.0,-9.491047498320066,0.0,0.0,0.0,0.0,0.0,0.0,,0.0,0.0,0.0,0.0,0.0,0.0,,0.0,0.0,0.0,0.0,0.0,0.0
54,SHORT,-8.725,75,1.2,106.71,97.4,2024-08-02 23:40:00+00:00,2024-08-05 08:55:00+00:00,-0.0170042906356969,0.0007287403296274,0,0,0,0,0,0,2,0,1.6666666666674768,1.1111111111117364,1,0,1,9,1,0,0,0,-0.0358381196508357,0,1,0,0,0,0,-0.0763537708149457,0,1,0,0,0,0,-0.0864363278414269,0,1,0,0,0,0,-0.2158296725076285,0,1,0,0,0,0,-0.0009409410783529,-0.0036777036253679,0.0,0.0,0.0,0.0,0.0,1.0,0.0,2.0,46.11538461538427,45.72214452214431,1.0,0.0,0.0,0.0,0.0,0.0,0.0,0.0,-0.036548708366844,0.0,1.0,0.0,0.0,0.0,1.0,-0.0423341042149657,0.0,1.0,0.0,0.0,0.0,1.0,-0.109954816100461,0.0,1.0,0.0,0.0,0.0,0.0,0.9154764939585968,1.0,0.0,0.0,0.0,0.0,0.0,-0.0546961071276256,-0.0066836553518285,0.0,0.0,0.0,0.0,0.0,0.0,0.0,11.0,76.03731343283582,76.2037037037037,0.0,0.0,0.0,0.0,0.0,0.0,0.0,0.0,-0.0313010672108223,0.0,1.0,0.0,0.0,0.0,0.0,0.1560669207763047,1.0,1.0,0.0,0.0,0.0,0.0,1.0026921844026655,1.0,0.0,0.0,0.0,0.0,0.0,-4.056555779950384,0.0,0.0,0.0,0.0,0.0,0.0,0.2809200591162349,-0.0514191196970748,1.0,1.0,0.0,0.0,0.0,0.0,0.0,5.0,65.9631394246624,68.1374947593438,0.0,0.0,0.0,0.0,0.0,0.0,0.0,0.0,-0.0038309980621885,0.0,1.0,0.0,1.0,0.0,1.0,0.2393535887537231,1.0,1.0,0.0,0.0,0.0,0.0,-0.4435884495759329,0.0,0.0,0.0,0.0,0.0,0.0,-4.293531684525656,0.0,0.0,0.0,0.0,0.0,0.0,0.4787089524837569,0.0514272983880808,1.0,1.0,0.0,0.0,0.0,0.0,16.0,0.0,77.77732426303862,68.23604163254642,1.0,0.0,0.0,0.0,0.0,0.0,0.0,0.0,0.5471864653105452,1.0,0.0,0.0,0.0,0.0,0.0,-0.4303700017401659,0.0,0.0,0.0,0.0,0.0,0.0,-4.143416513354424,0.0,0.0,0.0,0.0,0.0,0.0,-7.351786540526896,0.0,0.0,0.0,0.0,0.0,0.0,-0.7325042601572862,0.0415319777201016,0.0,0.0,1.0,0.0,0.0,0.0,1.0,0.0,26.939379916705203,30.433235641935276,0.0,0.0,0.0,0.0,0.0,0.0,0.0,0.0,-1.6008664008025877,0.0,0.0,0.0,0.0,0.0,0.0,-3.6091314067257354,0.0,0.0,0.0,0.0,0.0,0.0,-6.421050902214527,0.0,0.0,0.0,0.0,0.0,0.0,,0.0,0.0,0.0,0.0,0.0,0.0,-0.5011678644182891,0.839216670807136,0.0,0.0,1.0,0.0,0.0,0.0,1.0,0.0,35.09557819953041,24.53275426503517,1.0,0.0,0.0,0.0,0.0,0.0,0.0,0.0,4.452439875132476,1.0,0.0,1.0,0.0,1.0,0.0,0.5853152571523204,1.0,0.0,1.0,0.0,1.0,0.0,,0.0,0.0,0.0,0.0,0.0,0.0,,0.0,0.0,0.0,0.0,0.0,0.0,-1.160693103491126,-0.6508807822790248,0.0,0.0,0.0,0.0,0.0,0.0,0.0,2.0,,,0.0,0.0,0.0,0.0,0.0,0.0,0.0,0.0,-7.570554118896297,0.0,0.0,0.0,0.0,0.0,1.0,-9.491047498320066,0.0,0.0,0.0,0.0,0.0,0.0,,0.0,0.0,0.0,0.0,0.0,0.0,,0.0,0.0,0.0,0.0,0.0,0.0
55,LONG,-2.381,130,2.2,97.0,94.69,2024-08-05 09:35:00+00:00,2024-08-05 11:45:00+00:00,0.028364929632889,-0.0106710920854816,1,1,0,0,0,0,0,4,41.666666666666906,50.36231884057997,0,0,0,0,0,0,0,0,-0.1223232266208342,0,1,0,0,0,1,-0.2170947837693725,0,1,0,0,0,0,-0.4809744246363837,0,0,0,0,0,0,-5.692475578398136,0,0,0,0,0,0,0.0342708642139153,0.0766811686214463,1.0,1.0,0.0,0.0,1.0,0.0,7.0,0.0,11.948136203531824,9.974943029515508,1.0,0.0,1.0,9.0,0.0,0.0,0.0,0.0,-0.2187103082710821,0.0,1.0,0.0,0.0,0.0,0.0,-2.117912046126808,0.0,0.0,0.0,0.0,0.0,0.0,-6.065570397298274,0.0,0.0,0.0,0.0,0.0,0.0,-7.276461592488878,0.0,0.0,0.0,0.0,0.0,0.0,-1.014321395894438,0.0006016557316241,0.0,0.0,1.0,0.0,0.0,0.0,1.0,0.0,10.014268927312408,19.55923832735425,0.0,0.0,1.0,1.0,0.0,0.0,0.0,0.0,-2.8297828870350763,0.0,0.0,0.0,0.0,0.0,0.0,-5.513603850355969,0.0,0.0,0.0,0.0,0.0,0.0,-7.312582810265749,0.0,0.0,0.0,0.0,0.0,0.0,-12.136869849854753,0.0,0.0,0.0,0.0,0.0,0.0,-0.8199454138502162,-0.26476654297709,0.0,0.0,0.0,0.0,0.0,0.0,0.0,10.0,16.553881290022762,35.874496588415376,0.0,0.0,1.0,1.0,0.0,0.0,0.0,0.0,-4.641507142809681,0.0,0.0,0.0,0.0,0.0,0.0,-6.519998772892246,0.0,0.0,0.0,0.0,0.0,0.0,-7.850104595454338,0.0,0.0,0.0,0.0,0.0,0.0,-12.092562316709426,0.0,0.0,0.0,0.0,0.0,0.0,-0.0734434661068641,-0.5671587130084004,0.0,0.0,0.0,0.0,0.0,1.0,0.0,2.0,50.232501889644745,66.44938271604941,0.0,0.0,0.0,0.0,0.0,0.0,0.0,0.0,-6.307609389125242,0.0,0.0,0.0,1.0,0.0,0.0,-7.905111826285989,0.0,0.0,0.0,0.0,0.0,0.0,-11.85890733645983,0.0,0.0,0.0,0.0,0.0,0.0,-14.878935393276992,0.0,0.0,0.0,0.0,0.0,0.0,-0.6279239064833346,0.0477546383107962,0.0,0.0,0.0,0.0,0.0,0.0,3.0,0.0,30.14980787358391,28.17207087355405,1.0,0.0,0.0,0.0,0.0,0.0,0.0,0.0,-1.5148825672711903,0.0,0.0,0.0,0.0,0.0,0.0,-3.648760180056497,0.0,0.0,0.0,0.0,0.0,0.0,-6.764859788343553,0.0,0.0,0.0,0.0,0.0,0.0,,0.0,0.0,0.0,0.0,0.0,0.0,-0.7582182383394156,-0.2570503739211265,0.0,0.0,0.0,1.0,0.0,0.0,0.0,1.0,38.85579067679591,31.342374869600786,1.0,0.0,0.0,0.0,0.0,0.0,0.0,0.0,-5.473870088175173,0.0,0.0,0.0,1.0,0.0,1.0,-9.521803555677376,0.0,0.0,0.0,1.0,0.0,1.0,,0.0,0.0,0.0,0.0,0.0,0.0,,0.0,0.0,0.0,0.0,0.0,0.0,-1.9057469201223616,-0.7450538166312357,0.0,0.0,0.0,0.0,0.0,0.0,0.0,3.0,,,0.0,0.0,0.0,0.0,0.0,0.0,0.0,0.0,-10.18819241606795,0.0,0.0,0.0,0.0,0.0,1.0,-13.397022650309824,0.0,0.0,0.0,0.0,0.0,0.0,,0.0,0.0,0.0,0.0,0.0,0.0,,0.0,0.0,0.0,0.0,0.0,0.0
56,LONG,8.23,125,2.1,92.47,100.08,2024-08-05 12:50:00+00:00,2024-08-05 14:55:00+00:00,-0.0157817244897017,-0.0034708360822357,0,0,0,0,0,0,0,9,39.81447069817123,40.26036554406616,0,0,0,0,0,0,0,0,-0.0734125850038016,0,1,0,0,0,1,-0.0965513328478475,0,1,0,0,0,1,-0.1786615205332056,0,1,0,0,0,1,-3.119136347803717,0,0,0,0,0,0,0.0195706620636217,0.0291890059110553,1.0,1.0,0.0,0.0,1.0,0.0,5.0,0.0,12.458048589676729,11.511587519161134,1.0,0.0,1.0,16.0,0.0,0.0,0.0,0.0,-0.3384134293931618,0.0,0.0,0.0,1.0,0.0,1.0,-1.5595998206849702,0.0,0.0,0.0,0.0,0.0,0.0,-3.6701837102415897,0.0,0.0,0.0,0.0,0.0,0.0,-10.353308256916456,0.0,0.0,0.0,0.0,0.0,0.0,-0.3217698032680345,-0.0040288255807126,0.0,0.0,0.0,0.0,0.0,0.0,0.0,4.0,12.319037051381097,11.535572469433374,1.0,0.0,1.0,14.0,0.0,0.0,0.0,0.0,-2.149955114692146,0.0,0.0,0.0,0.0,0.0,0.0,-5.127341416661236,0.0,0.0,0.0,0.0,0.0,0.0,-9.930993658515485,0.0,0.0,0.0,0.0,0.0,0.0,-15.893179978352869,0.0,0.0,0.0,0.0,0.0,0.0,-0.9172092371109368,-0.0687774280737945,0.0,0.0,0.0,1.0,0.0,0.0,0.0,1.0,7.579581490401463,9.149660455007426,0.0,0.0,1.0,7.0,0.0,0.0,0.0,0.0,-3.897248737455266,0.0,0.0,0.0,0.0,0.0,1.0,-7.30104394864122,0.0,0.0,0.0,0.0,0.0,0.0,-10.564009547557053,0.0,0.0,0.0,0.0,0.0,0.0,-15.43564589656214,0.0,0.0,0.0,0.0,0.0,0.0,-0.6727376504837297,-0.0510558875461688,0.0,0.0,0.0,0.0,0.0,0.0,0.0,5.0,11.096801459139668,15.793318362780688,0.0,0.0,1.0,2.0,0.0,0.0,0.0,0.0,-3.0821945133840627,0.0,0.0,0.0,0.0,0.0,0.0,-6.146365456657168,0.0,0.0,0.0,0.0,0.0,0.0,-11.41241513714098,0.0,0.0,0.0,0.0,0.0,0.0,-14.7671790446468,0.0,0.0,0.0,0.0,0.0,0.0,-1.1096001034182583,-0.4816761969349237,0.0,0.0,0.0,1.0,0.0,0.0,0.0,1.0,19.26635380722338,25.61439550372678,0.0,0.0,1.0,1.0,0.0,0.0,0.0,0.0,-7.605466342600166,0.0,0.0,0.0,0.0,0.0,0.0,-10.592690431442852,0.0,0.0,0.0,0.0,0.0,0.0,-14.071122069634548,0.0,0.0,0.0,0.0,0.0,0.0,,0.0,0.0,0.0,0.0,0.0,0.0,-0.7582182383394156,-0.2570503739211265,0.0,0.0,0.0,1.0,0.0,0.0,0.0,1.0,38.85579067679591,31.342374869600786,1.0,0.0,0.0,0.0,0.0,0.0,0.0,0.0,-5.473870088175173,0.0,0.0,0.0,1.0,0.0,1.0,-9.521803555677376,0.0,0.0,0.0,1.0,0.0,1.0,,0.0,0.0,0.0,0.0,0.0,0.0,,0.0,0.0,0.0,0.0,0.0,0.0,-1.9057469201223616,-0.7450538166312357,0.0,0.0,0.0,0.0,0.0,0.0,0.0,3.0,,,0.0,0.0,0.0,0.0,0.0,0.0,0.0,0.0,-10.18819241606795,0.0,0.0,0.0,0.0,0.0,1.0,-13.397022650309824,0.0,0.0,0.0,0.0,0.0,0.0,,0.0,0.0,0.0,0.0,0.0,0.0,,0.0,0.0,0.0,0.0,0.0,0.0
57,LONG,-1.323,30,0.5,101.9999,100.6501,2024-08-05 15:20:00+00:00,2024-08-05 15:50:00+00:00,0.1039930629438006,0.0008135925674394,1,1,1,0,0,0,1,0,85.4539079998659,84.31040681960052,1,1,0,9,0,0,0,0,0.4573249406488806,1,0,0,0,1,0,1.0530572343930464,1,0,0,0,0,0,1.8787763228297911,1,0,0,0,0,0,5.657848681860067,1,0,0,0,0,0,0.0135711196791703,0.0713482794549802,1.0,1.0,0.0,0.0,1.0,0.0,2.0,0.0,84.68843889009635,80.2452696135641,1.0,1.0,0.0,1.0,0.0,0.0,0.0,0.0,1.347492822316798,1.0,0.0,0.0,0.0,0.0,0.0,2.585669643201414,1.0,0.0,0.0,0.0,0.0,0.0,5.540756599510939,1.0,0.0,0.0,0.0,0.0,0.0,-0.7058645725936571,0.0,0.0,0.0,0.0,0.0,0.0,0.9841286106938724,-0.0234159600473622,1.0,1.0,0.0,0.0,0.0,0.0,0.0,2.0,72.37214611872146,75.58535312321702,0.0,0.0,0.0,0.0,0.0,0.0,0.0,0.0,1.3686711255837247,1.0,0.0,0.0,0.0,0.0,0.0,1.92053129289592,1.0,0.0,0.0,0.0,0.0,0.0,-1.5791613657374697,0.0,0.0,0.0,0.0,0.0,0.0,-9.10840036211615,0.0,0.0,0.0,0.0,0.0,0.0,0.1518567726715165,0.322495085613939,1.0,1.0,0.0,0.0,1.0,0.0,4.0,0.0,45.7998502968694,26.829664162603745,1.0,0.0,0.0,0.0,0.0,0.0,0.0,0.0,2.177333592921712,1.0,0.0,0.0,0.0,1.0,0.0,-0.1812723890012584,0.0,1.0,0.0,1.0,0.0,1.0,-4.280262380096491,0.0,0.0,0.0,0.0,0.0,0.0,-10.280357009042266,0.0,0.0,0.0,0.0,0.0,0.0,-0.5185496807822143,0.5011406042923205,0.0,0.0,1.0,0.0,0.0,0.0,1.0,0.0,26.22723179153137,15.939674683124345,1.0,0.0,0.0,0.0,0.0,0.0,0.0,0.0,2.3517491105575057,1.0,0.0,1.0,0.0,1.0,0.0,-1.2440550337141432,0.0,0.0,0.0,0.0,0.0,0.0,-7.6905947429711325,0.0,0.0,0.0,0.0,0.0,0.0,-11.760476794023417,0.0,0.0,0.0,0.0,0.0,0.0,-1.1096001034182583,-0.4816761969349237,0.0,0.0,0.0,1.0,0.0,0.0,0.0,1.0,19.26635380722338,25.61439550372678,0.0,0.0,1.0,1.0,0.0,0.0,0.0,0.0,-7.605466342600166,0.0,0.0,0.0,0.0,0.0,0.0,-10.592690431442852,0.0,0.0,0.0,0.0,0.0,0.0,-14.071122069634548,0.0,0.0,0.0,0.0,0.0,0.0,,0.0,0.0,0.0,0.0,0.0,0.0,-0.7582182383394156,-0.2570503739211265,0.0,0.0,0.0,1.0,0.0,0.0,0.0,1.0,38.85579067679591,31.342374869600786,1.0,0.0,0.0,0.0,0.0,0.0,0.0,0.0,-5.473870088175173,0.0,0.0,0.0,1.0,0.0,1.0,-9.521803555677376,0.0,0.0,0.0,1.0,0.0,1.0,,0.0,0.0,0.0,0.0,0.0,0.0,,0.0,0.0,0.0,0.0,0.0,0.0,-1.9057469201223616,-0.7450538166312357,0.0,0.0,0.0,0.0,0.0,0.0,0.0,3.0,,,0.0,0.0,0.0,0.0,0.0,0.0,0.0,0.0,-10.18819241606795,0.0,0.0,0.0,0.0,0.0,1.0,-13.397022650309824,0.0,0.0,0.0,0.0,0.0,0.0,,0.0,0.0,0.0,0.0,0.0,0.0,,0.0,0.0,0.0,0.0,0.0,0.0
58,LONG,-1.618,30,0.5,102.02,100.3692,2024-08-05 16:35:00+00:00,2024-08-05 17:05:00+00:00,-0.1034996137848611,-0.0347777057138006,0,0,0,0,0,0,0,7,31.922412294775253,43.35083038904224,0,0,0,0,0,0,0,0,-0.3768782744870763,0,0,0,0,0,0,-0.2164886860977463,0,1,0,0,0,0,0.4704285058851826,1,0,0,0,0,0,2.3394946918735013,1,0,0,0,0,0,0.0152644591935739,0.060214524203534,1.0,1.0,0.0,0.0,1.0,0.0,5.0,0.0,85.65741599256243,77.56923425954321,1.0,1.0,0.0,1.0,0.0,0.0,0.0,0.0,1.0723301624608437,1.0,0.0,0.0,0.0,0.0,0.0,1.985966748209387,1.0,0.0,0.0,0.0,0.0,0.0,4.800867355722089,1.0,0.0,0.0,0.0,0.0,0.0,1.0379690537771271,1.0,0.0,0.0,0.0,0.0,0.0,0.80066089561377,-0.0752965357275623,1.0,1.0,0.0,0.0,0.0,0.0,0.0,4.0,88.87128995433785,88.51940639269402,1.0,1.0,0.0,4.0,0.0,0.0,0.0,0.0,1.029574858107083,1.0,0.0,0.0,0.0,0.0,0.0,2.4030027439331865,1.0,0.0,0.0,0.0,0.0,0.0,0.7649497765595673,1.0,0.0,0.0,0.0,1.0,0.0,-7.129257623067878,0.0,0.0,0.0,0.0,0.0,0.0,0.7969775430161037,0.1479852945666828,1.0,1.0,0.0,0.0,0.0,0.0,7.0,0.0,82.47773972602737,76.30387356216217,1.0,1.0,0.0,1.0,0.0,0.0,0.0,0.0,2.139939914184895,1.0,0.0,0.0,0.0,0.0,0.0,1.4469849754430022,1.0,0.0,0.0,0.0,0.0,0.0,-1.981267407105447,0.0,0.0,0.0,0.0,0.0,0.0,-8.34992442262124,0.0,0.0,0.0,0.0,0.0,0.0,-0.2525268662291062,0.266022814553108,0.0,0.0,0.0,0.0,0.0,0.0,2.0,0.0,41.13510796231796,26.086988155896616,1.0,0.0,0.0,0.0,0.0,0.0,0.0,0.0,0.5825842899756987,1.0,0.0,0.0,0.0,1.0,0.0,-2.542133323067299,0.0,0.0,0.0,0.0,0.0,1.0,-8.861495788236663,0.0,0.0,0.0,0.0,0.0,0.0,-13.06113641033498,0.0,0.0,0.0,0.0,0.0,0.0,-1.6170890116002732,-0.5074889081820149,0.0,0.0,0.0,0.0,0.0,0.0,0.0,2.0,10.726593911742455,20.04758519751657,0.0,0.0,1.0,2.0,0.0,0.0,0.0,0.0,-9.363830165032637,0.0,0.0,0.0,0.0,0.0,0.0,-13.432146287704835,0.0,0.0,0.0,0.0,0.0,0.0,-17.515914459906842,0.0,0.0,0.0,0.0,0.0,0.0,,0.0,0.0,0.0,0.0,0.0,0.0,-0.7582182383394156,-0.2570503739211265,0.0,0.0,0.0,1.0,0.0,0.0,0.0,1.0,38.85579067679591,31.342374869600786,1.0,0.0,0.0,0.0,0.0,0.0,0.0,0.0,-5.473870088175173,0.0,0.0,0.0,1.0,0.0,1.0,-9.521803555677376,0.0,0.0,0.0,1.0,0.0,1.0,,0.0,0.0,0.0,0.0,0.0,0.0,,0.0,0.0,0.0,0.0,0.0,0.0,-1.9057469201223616,-0.7450538166312357,0.0,0.0,0.0,0.0,0.0,0.0,0.0,3.0,,,0.0,0.0,0.0,0.0,0.0,0.0,0.0,0.0,-10.18819241606795,0.0,0.0,0.0,0.0,0.0,1.0,-13.397022650309824,0.0,0.0,0.0,0.0,0.0,0.0,,0.0,0.0,0.0,0.0,0.0,0.0,,0.0,0.0,0.0,0.0,0.0,0.0
59,LONG,2.255,80,1.3,99.79,102.0401,2024-08-05 19:40:00+00:00,2024-08-05 21:00:00+00:00,0.0238415329098222,-0.0175334530407647,1,1,0,0,0,0,0,3,43.29533553841875,53.96606053050344,0,0,0,0,0,0,0,0,-0.0611948323477022,0,1,0,1,0,1,0.0891531826665739,1,1,0,0,0,0,0.250653759035866,1,1,0,0,0,0,-0.8364567597016919,0,0,0,0,0,0,0.0028949545569691,0.0262986418974075,1.0,1.0,0.0,0.0,1.0,0.0,4.0,0.0,48.67724867724875,36.68680961663429,1.0,0.0,0.0,0.0,0.0,0.0,0.0,0.0,0.0969803519950353,1.0,1.0,0.0,0.0,1.0,0.0,-0.2148858698867149,0.0,1.0,0.0,1.0,0.0,1.0,-0.9477130607047388,0.0,0.0,0.0,0.0,0.0,0.0,-1.0885955011817658,0.0,0.0,0.0,0.0,0.0,0.0,-0.2383374281981182,-0.0848537239917003,0.0,0.0,0.0,0.0,0.0,0.0,0.0,11.0,5.868795127924893,15.384801984000772,0.0,0.0,1.0,2.0,0.0,0.0,0.0,0.0,-1.094557705875015,0.0,0.0,0.0,0.0,0.0,1.0,-0.9848969831887778,0.0,0.0,0.0,0.0,0.0,1.0,-0.0177593876996449,0.0,1.0,0.0,1.0,0.0,1.0,-8.498633998359733,0.0,0.0,0.0,0.0,0.0,0.0,0.606158310685395,-0.1399280945842403,1.0,1.0,0.0,0.0,0.0,0.0,0.0,5.0,76.24475890985327,78.1664919636618,0.0,0.0,0.0,0.0,0.0,0.0,0.0,0.0,-0.4641528611570963,0.0,0.0,0.0,1.0,0.0,1.0,-0.2713204762498108,0.0,1.0,0.0,1.0,0.0,1.0,-2.510974382527302,0.0,0.0,0.0,0.0,0.0,0.0,-9.033175344642997,0.0,0.0,0.0,0.0,0.0,0.0,0.3754765182483588,0.150538543215366,1.0,1.0,0.0,0.0,0.0,0.0,5.0,0.0,58.901735448717865,57.18777400198896,1.0,0.0,0.0,0.0,0.0,0.0,0.0,0.0,0.9531046585765902,1.0,0.0,0.0,0.0,0.0,0.0,-0.9061444683710644,0.0,0.0,0.0,0.0,0.0,1.0,-6.862485943849282,0.0,0.0,0.0,0.0,0.0,0.0,-11.6497738976201,0.0,0.0,0.0,0.0,0.0,0.0,-1.6170890116002732,-0.5074889081820149,0.0,0.0,0.0,0.0,0.0,0.0,0.0,2.0,10.726593911742455,20.04758519751657,0.0,0.0,1.0,2.0,0.0,0.0,0.0,0.0,-9.363830165032637,0.0,0.0,0.0,0.0,0.0,0.0,-13.432146287704835,0.0,0.0,0.0,0.0,0.0,0.0,-17.515914459906842,0.0,0.0,0.0,0.0,0.0,0.0,,0.0,0.0,0.0,0.0,0.0,0.0,-0.7582182383394156,-0.2570503739211265,0.0,0.0,0.0,1.0,0.0,0.0,0.0,1.0,38.85579067679591,31.342374869600786,1.0,0.0,0.0,0.0,0.0,0.0,0.0,0.0,-5.473870088175173,0.0,0.0,0.0,1.0,0.0,1.0,-9.521803555677376,0.0,0.0,0.0,1.0,0.0,1.0,,0.0,0.0,0.0,0.0,0.0,0.0,,0.0,0.0,0.0,0.0,0.0,0.0,-1.9057469201223616,-0.7450538166312357,0.0,0.0,0.0,0.0,0.0,0.0,0.0,3.0,,,0.0,0.0,0.0,0.0,0.0,0.0,0.0,0.0,-10.18819241606795,0.0,0.0,0.0,0.0,0.0,1.0,-13.397022650309824,0.0,0.0,0.0,0.0,0.0,0.0,,0.0,0.0,0.0,0.0,0.0,0.0,,0.0,0.0,0.0,0.0,0.0,0.0
60,SHORT,1.179,35,0.6,101.75,102.95,2024-08-05 21:40:00+00:00,2024-08-05 22:15:00+00:00,-0.0127840306725015,0.0087716972856692,0,0,0,0,0,0,4,0,85.68740740740724,82.00759856630816,1,1,0,2,0,0,0,0,0.0306896468850706,1,1,1,0,1,0,-0.0400673074094004,0,1,0,0,0,0,-0.1487278565206593,0,1,0,0,0,0,1.0289939560086871,1,0,0,0,0,0,-0.0270908019758777,-0.0339708957511949,0.0,0.0,0.0,0.0,0.0,1.0,0.0,13.0,78.9395711500978,84.45771891602679,0.0,0.0,0.0,0.0,0.0,0.0,0.0,0.0,-0.1797282618778825,0.0,1.0,0.0,1.0,0.0,1.0,0.1619800712619425,1.0,1.0,0.0,0.0,0.0,0.0,0.855800617718194,1.0,0.0,0.0,0.0,0.0,0.0,1.4147471990699865,1.0,0.0,0.0,0.0,0.0,0.0,0.1276960451579132,0.0178093800850382,1.0,1.0,0.0,0.0,0.0,0.0,6.0,0.0,93.45040890945222,88.40572525691266,1.0,1.0,0.0,3.0,0.0,0.0,0.0,0.0,0.6702568046362128,1.0,0.0,0.0,0.0,1.0,0.0,1.3313629034127126,1.0,0.0,0.0,0.0,1.0,0.0,3.3683570288147204,1.0,0.0,0.0,0.0,0.0,0.0,-5.146595078121812,0.0,0.0,0.0,0.0,0.0,0.0,0.5191982723199395,0.0160738867370506,1.0,1.0,0.0,0.0,0.0,0.0,2.0,0.0,84.4274215847448,79.65435366591427,1.0,1.0,0.0,1.0,0.0,0.0,0.0,0.0,1.110951321502409,1.0,0.0,0.0,0.0,0.0,0.0,1.6476617271666834,1.0,0.0,0.0,0.0,0.0,0.0,0.0160668537944104,1.0,1.0,1.0,0.0,1.0,0.0,-6.726272761334606,0.0,0.0,0.0,0.0,0.0,0.0,0.4917785180047147,0.0810960819047164,1.0,1.0,0.0,0.0,0.0,0.0,7.0,0.0,58.68955425178395,58.284970156628674,1.0,0.0,0.0,0.0,0.0,0.0,1.0,0.0,0.6601549255784546,1.0,0.0,1.0,0.0,1.0,0.0,-0.771582469086071,0.0,0.0,0.0,0.0,0.0,0.0,-6.340980807274973,0.0,0.0,0.0,0.0,0.0,0.0,-11.581697150151124,0.0,0.0,0.0,0.0,0.0,0.0,-1.3720909948663933,0.2449980167338799,0.0,0.0,1.0,0.0,0.0,0.0,1.0,0.0,12.831558128033327,14.274835282333049,0.0,0.0,1.0,3.0,0.0,0.0,0.0,0.0,-1.8719228181304093,0.0,0.0,0.0,0.0,0.0,0.0,-6.197372496049758,0.0,0.0,0.0,0.0,0.0,0.0,-10.851640690683642,0.0,0.0,0.0,0.0,0.0,0.0,,0.0,0.0,0.0,0.0,0.0,0.0,-0.7582182383394156,-0.2570503739211265,0.0,0.0,0.0,1.0,0.0,0.0,0.0,1.0,38.85579067679591,31.342374869600786,1.0,0.0,0.0,0.0,0.0,0.0,0.0,0.0,-5.473870088175173,0.0,0.0,0.0,1.0,0.0,1.0,-9.521803555677376,0.0,0.0,0.0,1.0,0.0,1.0,,0.0,0.0,0.0,0.0,0.0,0.0,,0.0,0.0,0.0,0.0,0.0,0.0,-1.9057469201223616,-0.7450538166312357,0.0,0.0,0.0,0.0,0.0,0.0,0.0,3.0,,,0.0,0.0,0.0,0.0,0.0,0.0,0.0,0.0,-10.18819241606795,0.0,0.0,0.0,0.0,0.0,1.0,-13.397022650309824,0.0,0.0,0.0,0.0,0.0,0.0,,0.0,0.0,0.0,0.0,0.0,0.0,,0.0,0.0,0.0,0.0,0.0,0.0
61,SHORT,2.424,65,1.1,102.33,104.81,2024-08-05 22:55:00+00:00,2024-08-06 08:00:00+00:00,-0.0674626228218976,-0.006724555658606,0,0,0,0,0,0,0,3,1.079786175272982,4.923068054897419,0,0,1,7,0,0,0,0,-0.2450155617390234,0,1,0,0,0,0,-0.4244965681419353,0,0,0,0,0,0,-0.5762207001532701,0,0,0,0,0,0,0.5390402657972013,1,0,0,0,0,0,-0.0292985199231584,-0.0382027641219732,0.0,0.0,0.0,0.0,0.0,1.0,0.0,5.0,77.94518980289443,86.73389699497606,0.0,0.0,0.0,0.0,0.0,0.0,0.0,0.0,-0.2021385730930408,0.0,1.0,0.0,0.0,0.0,1.0,0.1686592806383433,1.0,1.0,0.0,0.0,0.0,0.0,1.3011052040239592,1.0,0.0,0.0,0.0,0.0,0.0,2.7230002326413696,1.0,0.0,0.0,0.0,0.0,0.0,0.1632641946349391,0.0112982984985222,1.0,1.0,0.0,0.0,0.0,0.0,3.0,0.0,97.27873409701822,96.68690553809842,1.0,1.0,0.0,8.0,0.0,0.0,0.0,0.0,0.7680490452499525,1.0,0.0,0.0,0.0,0.0,0.0,1.639359742986283,1.0,0.0,0.0,0.0,0.0,0.0,3.8781405115983,1.0,0.0,0.0,0.0,0.0,0.0,-3.8214587450282655,0.0,0.0,0.0,0.0,0.0,0.0,0.4829537399521378,-0.0126330379492218,1.0,1.0,0.0,0.0,0.0,0.0,0.0,2.0,77.86188094198188,81.14760140276555,0.0,0.0,0.0,0.0,0.0,0.0,0.0,0.0,0.8666941637050251,1.0,0.0,0.0,0.0,1.0,0.0,1.570264847163299,1.0,0.0,0.0,0.0,1.0,0.0,0.2913037710609024,1.0,1.0,1.0,0.0,1.0,0.0,-6.431823475628706,0.0,0.0,0.0,0.0,0.0,0.0,0.6300443018189128,0.138265783814198,1.0,1.0,0.0,0.0,0.0,0.0,8.0,0.0,68.23798881591996,61.39705461236272,1.0,0.0,0.0,0.0,0.0,0.0,0.0,0.0,1.6106549204161769,1.0,0.0,0.0,0.0,0.0,0.0,0.5710168472432897,1.0,0.0,1.0,0.0,1.0,0.0,-4.7008723578707015,0.0,0.0,0.0,0.0,0.0,0.0,-10.264101048538416,0.0,0.0,0.0,0.0,0.0,0.0,-1.3720909948663933,0.2449980167338799,0.0,0.0,1.0,0.0,0.0,0.0,1.0,0.0,12.831558128033327,14.274835282333049,0.0,0.0,1.0,3.0,0.0,0.0,0.0,0.0,-1.8719228181304093,0.0,0.0,0.0,0.0,0.0,0.0,-6.197372496049758,0.0,0.0,0.0,0.0,0.0,0.0,-10.851640690683642,0.0,0.0,0.0,0.0,0.0,0.0,,0.0,0.0,0.0,0.0,0.0,0.0,-0.7582182383394156,-0.2570503739211265,0.0,0.0,0.0,1.0,0.0,0.0,0.0,1.0,38.85579067679591,31.342374869600786,1.0,0.0,0.0,0.0,0.0,0.0,0.0,0.0,-5.473870088175173,0.0,0.0,0.0,1.0,0.0,1.0,-9.521803555677376,0.0,0.0,0.0,1.0,0.0,1.0,,0.0,0.0,0.0,0.0,0.0,0.0,,0.0,0.0,0.0,0.0,0.0,0.0,-1.9057469201223616,-0.7450538166312357,0.0,0.0,0.0,0.0,0.0,0.0,0.0,3.0,,,0.0,0.0,0.0,0.0,0.0,0.0,0.0,0.0,-10.18819241606795,0.0,0.0,0.0,0.0,0.0,1.0,-13.397022650309824,0.0,0.0,0.0,0.0,0.0,0.0,,0.0,0.0,0.0,0.0,0.0,0.0,,0.0,0.0,0.0,0.0,0.0,0.0
62,SHORT,2.411,30,0.5,101.2,103.6399,2024-08-06 13:45:00+00:00,2024-08-06 14:15:00+00:00,-0.2242289075451109,0.033615959517828,0,0,0,0,0,0,3,0,13.209491397239551,9.084488923676782,1,0,1,6,0,0,0,0,-0.3546521034668957,0,0,0,0,0,0,-1.0749993679461949,0,0,0,0,0,0,-1.6083132341738289,0,0,0,0,0,0,-1.7924908325910496,0,0,0,0,0,0,-0.0306286879352338,-0.1168977713833784,0.0,0.0,0.0,0.0,0.0,1.0,0.0,2.0,39.67626873512622,66.86774779000852,0.0,0.0,0.0,0.0,0.0,0.0,0.0,0.0,-1.1841149349239954,0.0,0.0,0.0,0.0,0.0,1.0,-1.2475070096745493,0.0,0.0,0.0,0.0,0.0,1.0,-1.0763758722311336,0.0,0.0,0.0,1.0,0.0,1.0,0.1241570093602999,1.0,1.0,0.0,0.0,0.0,0.0,-0.0299730099369527,0.0737719930138922,0.0,0.0,0.0,0.0,0.0,0.0,2.0,0.0,40.718227366214265,35.92548023101289,1.0,0.0,0.0,0.0,0.0,0.0,1.0,0.0,0.7695664741943453,1.0,0.0,0.0,0.0,1.0,0.0,0.9652296386080444,1.0,0.0,0.0,0.0,0.0,0.0,1.65833885418521,1.0,0.0,0.0,0.0,0.0,0.0,-0.8114760816507818,0.0,0.0,0.0,0.0,0.0,0.0,-0.0654051478394681,-0.0720773154178651,0.0,0.0,0.0,0.0,0.0,1.0,0.0,3.0,43.04136155146045,51.87483794247286,0.0,0.0,0.0,0.0,0.0,0.0,0.0,0.0,-0.5483081046206916,0.0,0.0,0.0,0.0,0.0,1.0,-0.113538023318798,0.0,1.0,0.0,1.0,0.0,1.0,1.1992777200797908,1.0,0.0,0.0,0.0,0.0,0.0,-5.71593764057646,0.0,0.0,0.0,0.0,0.0,0.0,0.6181728383128332,-0.0352850910726239,1.0,1.0,0.0,0.0,0.0,0.0,0.0,4.0,73.80384098849825,78.05558670688269,0.0,0.0,0.0,0.0,0.0,0.0,0.0,0.0,0.6721744833099385,1.0,0.0,0.0,0.0,1.0,0.0,1.0890615747010546,1.0,0.0,0.0,0.0,1.0,0.0,-0.9585242638211972,0.0,0.0,0.0,0.0,0.0,1.0,-8.469255309488801,0.0,0.0,0.0,0.0,0.0,0.0,-0.3133894469929315,0.4058384694525516,0.0,0.0,0.0,0.0,0.0,0.0,4.0,0.0,40.210606555591866,32.96229942328213,1.0,0.0,0.0,0.0,0.0,0.0,0.0,0.0,1.6940566568004491,1.0,0.0,0.0,0.0,0.0,0.0,-1.501013647703785,0.0,0.0,0.0,0.0,0.0,0.0,-6.3336839408050905,0.0,0.0,0.0,0.0,0.0,0.0,,0.0,0.0,0.0,0.0,0.0,0.0,-0.9309514851078512,-0.1727332467684355,0.0,0.0,0.0,0.0,0.0,0.0,0.0,2.0,38.54014078501368,37.49716988711333,1.0,0.0,0.0,0.0,0.0,0.0,0.0,0.0,-5.267305427420705,0.0,0.0,0.0,0.0,0.0,0.0,-9.793597495993156,0.0,0.0,0.0,0.0,0.0,0.0,,0.0,0.0,0.0,0.0,0.0,0.0,,0.0,0.0,0.0,0.0,0.0,0.0,-1.9057469201223616,-0.7450538166312357,0.0,0.0,0.0,0.0,0.0,0.0,0.0,3.0,,,0.0,0.0,0.0,0.0,0.0,0.0,0.0,0.0,-10.18819241606795,0.0,0.0,0.0,0.0,0.0,1.0,-13.397022650309824,0.0,0.0,0.0,0.0,0.0,0.0,,0.0,0.0,0.0,0.0,0.0,0.0,,0.0,0.0,0.0,0.0,0.0,0.0
63,SHORT,1.354,105,1.8,105.59,107.02,2024-08-07 09:25:00+00:00,2024-08-07 11:10:00+00:00,0.0283081355369525,0.009156915608065,1,1,0,0,0,0,7,0,94.21217827997462,88.17698967476618,1,1,0,3,0,0,0,0,0.1357180344201721,1,1,0,0,0,0,0.1640845656354981,1,1,0,0,0,0,0.1312450451202298,1,1,0,0,0,0,1.9191779856814968,1,0,0,0,0,0,-0.0247798893499731,-0.0258175864801619,0.0,0.0,0.0,0.0,0.0,1.0,0.0,12.0,58.306878755717584,67.6336324974266,0.0,0.0,0.0,0.0,0.0,0.0,0.0,0.0,0.0283673945011659,1.0,1.0,1.0,0.0,1.0,0.0,0.5981895678040815,1.0,0.0,0.0,0.0,0.0,0.0,1.9298413613850327,1.0,0.0,0.0,0.0,0.0,0.0,1.1636376211578086,1.0,0.0,0.0,0.0,0.0,0.0,0.4126614051819033,0.0383175200500975,1.0,1.0,0.0,0.0,0.0,0.0,13.0,0.0,85.16918646508287,85.75035411552233,0.0,1.0,0.0,3.0,0.0,1.0,0.0,0.0,1.0826195707121935,1.0,0.0,0.0,0.0,0.0,0.0,1.473467668416204,1.0,0.0,0.0,0.0,0.0,0.0,0.9988302085090012,1.0,0.0,0.0,0.0,0.0,0.0,2.4063275080858,1.0,0.0,0.0,0.0,0.0,0.0,-0.1741695138619503,0.2384207216197029,0.0,0.0,0.0,0.0,0.0,0.0,2.0,0.0,28.387096774193505,15.501254480286676,1.0,0.0,0.0,0.0,0.0,0.0,0.0,0.0,1.899745824649185,1.0,0.0,0.0,0.0,0.0,0.0,1.6643687630573556,1.0,0.0,0.0,0.0,1.0,0.0,2.278217037570633,1.0,0.0,0.0,0.0,0.0,0.0,-1.748281794370358,0.0,0.0,0.0,0.0,0.0,0.0,-0.1889219942469304,0.0632338721064242,0.0,0.0,1.0,0.0,0.0,0.0,1.0,0.0,25.69508239903441,26.338019844569345,0.0,0.0,0.0,0.0,0.0,0.0,0.0,0.0,0.348976899661171,1.0,0.0,1.0,0.0,1.0,0.0,0.3426865084708613,1.0,0.0,1.0,0.0,1.0,0.0,0.908008886432527,1.0,0.0,1.0,0.0,0.0,0.0,-7.310201196735237,0.0,0.0,0.0,0.0,0.0,0.0,0.2259041752035355,-0.083290473923113,1.0,1.0,0.0,1.0,0.0,0.0,0.0,1.0,68.07675886159116,64.0861866479104,1.0,0.0,0.0,0.0,0.0,0.0,0.0,0.0,-1.6739663266845162,0.0,0.0,0.0,1.0,0.0,1.0,-3.7487925902579287,0.0,0.0,0.0,0.0,0.0,1.0,-8.006200028818395,0.0,0.0,0.0,0.0,0.0,0.0,,0.0,0.0,0.0,0.0,0.0,0.0,-1.154212307653424,-0.2232608225455727,0.0,0.0,0.0,0.0,0.0,0.0,0.0,3.0,28.510175874381243,35.30203577873028,0.0,0.0,0.0,0.0,0.0,0.0,0.0,0.0,-6.396553159376215,0.0,0.0,0.0,0.0,0.0,0.0,-11.465050423077942,0.0,0.0,0.0,0.0,0.0,0.0,,0.0,0.0,0.0,0.0,0.0,0.0,,0.0,0.0,0.0,0.0,0.0,0.0,-1.9057469201223616,-0.7450538166312357,0.0,0.0,0.0,0.0,0.0,0.0,0.0,3.0,,,0.0,0.0,0.0,0.0,0.0,0.0,0.0,0.0,-10.18819241606795,0.0,0.0,0.0,0.0,0.0,1.0,-13.397022650309824,0.0,0.0,0.0,0.0,0.0,0.0,,0.0,0.0,0.0,0.0,0.0,0.0,,0.0,0.0,0.0,0.0,0.0,0.0
64,SHORT,1.221,105,1.8,106.54,107.8413,2024-08-07 11:45:00+00:00,2024-08-07 13:30:00+00:00,0.0129675591328981,0.0023159119602679,1,1,0,0,0,0,8,0,72.3744072019938,61.89373844546267,1,0,0,0,0,0,0,0,0.0226194832847329,1,1,0,0,1,0,-0.0058762826584886,0,1,0,1,0,1,-0.0967712896837181,0,1,0,0,0,1,0.699147355914869,1,0,0,0,0,0,-0.015158113781148,-0.0411181860389094,0.0,0.0,0.0,0.0,0.0,1.0,0.0,4.0,62.62067598374481,74.74256891443927,0.0,0.0,0.0,0.0,0.0,0.0,0.0,0.0,-0.2154213218567693,0.0,1.0,0.0,0.0,0.0,0.0,0.1167022587995256,1.0,1.0,0.0,0.0,0.0,0.0,0.9051647187076194,1.0,0.0,0.0,0.0,0.0,0.0,1.4927015682327276,1.0,0.0,0.0,0.0,0.0,0.0,0.2401671491833458,0.0031253057558952,1.0,1.0,0.0,0.0,0.0,0.0,3.0,0.0,93.85078858763065,92.04455350111073,1.0,1.0,0.0,13.0,0.0,0.0,0.0,0.0,0.7350233966987164,1.0,0.0,0.0,0.0,0.0,0.0,1.5093431797823786,1.0,0.0,0.0,0.0,0.0,0.0,1.7395132377777047,1.0,0.0,0.0,0.0,0.0,0.0,3.590087119263261,1.0,0.0,0.0,0.0,0.0,0.0,0.2016719473716998,0.0512878780327296,1.0,1.0,0.0,0.0,0.0,0.0,7.0,0.0,64.52807646356025,56.47710075667061,1.0,0.0,0.0,0.0,0.0,0.0,1.0,0.0,1.0119493422928048,1.0,0.0,0.0,0.0,0.0,0.0,1.5553072893687656,1.0,0.0,0.0,0.0,0.0,0.0,2.3166358567494667,1.0,0.0,0.0,0.0,0.0,0.0,-1.0929047825937586,0.0,0.0,0.0,0.0,0.0,0.0,0.0728949758143188,0.1078137902212901,1.0,1.0,0.0,0.0,1.0,0.0,3.0,0.0,52.12321071857051,38.06734117520104,1.0,0.0,0.0,0.0,0.0,0.0,0.0,0.0,1.3247547760954608,1.0,0.0,0.0,0.0,0.0,0.0,1.7848225113523293,1.0,0.0,0.0,0.0,0.0,0.0,2.7147304132187817,1.0,0.0,0.0,0.0,0.0,0.0,-5.509414539325787,0.0,0.0,0.0,0.0,0.0,0.0,0.2259041752035355,-0.083290473923113,1.0,1.0,0.0,1.0,0.0,0.0,0.0,1.0,68.07675886159116,64.0861866479104,1.0,0.0,0.0,0.0,0.0,0.0,0.0,0.0,-1.6739663266845162,0.0,0.0,0.0,1.0,0.0,1.0,-3.7487925902579287,0.0,0.0,0.0,0.0,0.0,1.0,-8.006200028818395,0.0,0.0,0.0,0.0,0.0,0.0,,0.0,0.0,0.0,0.0,0.0,0.0,-1.154212307653424,-0.2232608225455727,0.0,0.0,0.0,0.0,0.0,0.0,0.0,3.0,28.510175874381243,35.30203577873028,0.0,0.0,0.0,0.0,0.0,0.0,0.0,0.0,-6.396553159376215,0.0,0.0,0.0,0.0,0.0,0.0,-11.465050423077942,0.0,0.0,0.0,0.0,0.0,0.0,,0.0,0.0,0.0,0.0,0.0,0.0,,0.0,0.0,0.0,0.0,0.0,0.0,-1.9057469201223616,-0.7450538166312357,0.0,0.0,0.0,0.0,0.0,0.0,0.0,3.0,,,0.0,0.0,0.0,0.0,0.0,0.0,0.0,0.0,-10.18819241606795,0.0,0.0,0.0,0.0,0.0,1.0,-13.397022650309824,0.0,0.0,0.0,0.0,0.0,0.0,,0.0,0.0,0.0,0.0,0.0,0.0,,0.0,0.0,0.0,0.0,0.0,0.0
65,SHORT,-1.503,65,1.1,101.3684,99.8448,2024-08-07 17:55:00+00:00,2024-08-07 19:00:00+00:00,-0.0608754302705709,0.0147287042865792,0,0,0,0,0,0,3,0,16.882004158003944,13.36339400006326,1,0,1,9,0,0,0,0,-0.1090524641494262,0,1,0,0,0,0,-0.4281253594018003,0,0,0,0,0,0,-0.8056271976103409,0,0,0,0,0,0,-2.339183988082602,0,0,0,0,0,0,-0.0232261300650655,-0.0385951550224853,0.0,0.0,0.0,1.0,0.0,1.0,0.0,1.0,24.770928921872837,31.44842692586476,0.0,0.0,0.0,0.0,0.0,0.0,0.0,0.0,-0.7344132530300449,0.0,0.0,0.0,0.0,0.0,0.0,-1.3523255609195513,0.0,0.0,0.0,0.0,0.0,0.0,-2.701510179899422,0.0,0.0,0.0,0.0,0.0,0.0,-3.3573159178187275,0.0,0.0,0.0,0.0,0.0,0.0,-0.3844731449820286,0.0080783852179646,0.0,0.0,1.0,0.0,0.0,0.0,1.0,0.0,8.826312430940488,9.72716130723338,0.0,0.0,1.0,8.0,0.0,0.0,0.0,0.0,-0.9832372883483128,0.0,0.0,0.0,0.0,0.0,0.0,-2.0355182645486933,0.0,0.0,0.0,0.0,0.0,0.0,-2.321250370484191,0.0,0.0,0.0,0.0,0.0,0.0,-0.8087711145717595,0.0,0.0,0.0,0.0,0.0,0.0,-0.3893553914144395,-0.0775394292857892,0.0,0.0,0.0,0.0,0.0,0.0,0.0,7.0,11.904675650224796,15.953233268866365,0.0,0.0,1.0,2.0,0.0,0.0,0.0,0.0,-1.4052489685104663,0.0,0.0,0.0,0.0,0.0,0.0,-1.7761262307543206,0.0,0.0,0.0,0.0,0.0,0.0,-1.3747199690180565,0.0,0.0,0.0,0.0,0.0,0.0,-3.7528285317365286,0.0,0.0,0.0,0.0,0.0,0.0,0.0082006362326884,-0.1778737052000855,1.0,1.0,0.0,0.0,0.0,0.0,0.0,2.0,50.83397849462366,60.29232974910397,0.0,0.0,0.0,0.0,0.0,0.0,0.0,0.0,-1.3491600549661789,0.0,0.0,0.0,0.0,0.0,1.0,-0.7844596666589466,0.0,0.0,0.0,1.0,0.0,1.0,0.7816134993373967,1.0,0.0,0.0,0.0,0.0,0.0,-6.732648395568278,0.0,0.0,0.0,0.0,0.0,0.0,0.5602402553444725,0.2241978621452021,1.0,1.0,0.0,0.0,0.0,0.0,2.0,0.0,71.04885057471263,69.12939515300819,1.0,0.0,0.0,0.0,0.0,0.0,0.0,0.0,2.0840734032530785,1.0,0.0,0.0,0.0,1.0,0.0,0.7264971741127647,1.0,0.0,1.0,0.0,1.0,0.0,-3.251073667110443,0.0,0.0,0.0,0.0,0.0,0.0,,0.0,0.0,0.0,0.0,0.0,0.0,-1.154212307653424,-0.2232608225455727,0.0,0.0,0.0,0.0,0.0,0.0,0.0,3.0,28.510175874381243,35.30203577873028,0.0,0.0,0.0,0.0,0.0,0.0,0.0,0.0,-6.396553159376215,0.0,0.0,0.0,0.0,0.0,0.0,-11.465050423077942,0.0,0.0,0.0,0.0,0.0,0.0,,0.0,0.0,0.0,0.0,0.0,0.0,,0.0,0.0,0.0,0.0,0.0,0.0,-1.9057469201223616,-0.7450538166312357,0.0,0.0,0.0,0.0,0.0,0.0,0.0,3.0,,,0.0,0.0,0.0,0.0,0.0,0.0,0.0,0.0,-10.18819241606795,0.0,0.0,0.0,0.0,0.0,1.0,-13.397022650309824,0.0,0.0,0.0,0.0,0.0,0.0,,0.0,0.0,0.0,0.0,0.0,0.0,,0.0,0.0,0.0,0.0,0.0,0.0
66,LONG,-1.751,65,1.1,101.1,99.33,2024-08-08 12:40:00+00:00,2024-08-08 13:45:00+00:00,0.2883370958326311,-0.0386545594644083,1,1,0,0,0,0,0,2,85.03763915888594,89.79015389465506,0,1,0,9,0,0,0,0,0.486835919646066,1,0,0,0,0,0,1.4126815945421691,1,0,0,0,0,0,2.144174957149956,1,0,0,0,0,0,2.1656583104825646,1,0,0,0,0,0,0.0492814245967373,0.1001481952303939,1.0,1.0,0.0,0.0,1.0,0.0,2.0,0.0,61.19485073670211,38.7614311613624,1.0,0.0,0.0,0.0,0.0,0.0,0.0,0.0,1.0920095332312922,1.0,0.0,0.0,0.0,1.0,0.0,1.1644330096614648,1.0,0.0,0.0,0.0,1.0,0.0,1.0982264390240055,1.0,0.0,0.0,0.0,1.0,0.0,-0.9572596595025878,0.0,0.0,0.0,0.0,0.0,0.0,0.0784523726799692,-0.0351108152192108,1.0,1.0,0.0,0.0,0.0,0.0,0.0,2.0,47.39468864468845,51.69628004359519,0.0,0.0,0.0,0.0,0.0,0.0,0.0,0.0,-0.2756924106477837,0.0,1.0,0.0,0.0,0.0,1.0,-0.3221149200423311,0.0,0.0,0.0,0.0,0.0,1.0,-0.8576845739483165,0.0,0.0,0.0,0.0,0.0,1.0,-3.360319554164765,0.0,0.0,0.0,0.0,0.0,0.0,0.2529462760021665,0.0096359462145825,1.0,1.0,0.0,0.0,0.0,0.0,2.0,0.0,61.36363636363596,59.495342148403104,1.0,0.0,0.0,0.0,0.0,0.0,0.0,0.0,0.0643524511013641,1.0,1.0,0.0,0.0,1.0,0.0,-0.6311218449310548,0.0,0.0,0.0,0.0,0.0,1.0,-3.1912209950728827,0.0,0.0,0.0,0.0,0.0,0.0,-6.920225721134628,0.0,0.0,0.0,0.0,0.0,0.0,-0.3111221301069715,0.0808775321230377,0.0,0.0,0.0,0.0,0.0,0.0,6.0,0.0,16.010907899276557,14.893478598757412,1.0,0.0,1.0,11.0,0.0,0.0,0.0,0.0,-0.5522812158265819,0.0,0.0,0.0,0.0,0.0,1.0,-2.2521030641095656,0.0,0.0,0.0,0.0,0.0,0.0,-3.6830713894038,0.0,0.0,0.0,0.0,0.0,0.0,-10.391832783394833,0.0,0.0,0.0,0.0,0.0,0.0,-0.1414710557750567,-0.0801423359930488,0.0,0.0,0.0,0.0,0.0,0.0,0.0,4.0,41.81034482758623,53.11170977011496,0.0,0.0,0.0,0.0,0.0,0.0,0.0,0.0,-2.285382445555265,0.0,0.0,0.0,0.0,0.0,0.0,-4.674195727687415,0.0,0.0,0.0,0.0,0.0,0.0,-9.013544847219142,0.0,0.0,0.0,0.0,0.0,0.0,,0.0,0.0,0.0,0.0,0.0,0.0,-1.3214181378628602,-0.1672058302094363,0.0,0.0,0.0,0.0,0.0,0.0,0.0,4.0,30.593669544952053,32.54799540144899,0.0,0.0,0.0,0.0,0.0,0.0,0.0,0.0,-6.510465294292662,0.0,0.0,0.0,0.0,0.0,1.0,-12.134219570137022,0.0,0.0,0.0,0.0,0.0,0.0,,0.0,0.0,0.0,0.0,0.0,0.0,,0.0,0.0,0.0,0.0,0.0,0.0,-1.9057469201223616,-0.7450538166312357,0.0,0.0,0.0,0.0,0.0,0.0,0.0,3.0,,,0.0,0.0,0.0,0.0,0.0,0.0,0.0,0.0,-10.18819241606795,0.0,0.0,0.0,0.0,0.0,1.0,-13.397022650309824,0.0,0.0,0.0,0.0,0.0,0.0,,0.0,0.0,0.0,0.0,0.0,0.0,,0.0,0.0,0.0,0.0,0.0,0.0
67,SHORT,2.165,30,0.5,108.99,111.35,2024-08-12 23:40:00+00:00,2024-08-13 08:10:00+00:00,0.0010588599249886,0.0013442076318117,1,1,1,0,1,0,1,0,36.02958721068743,37.643572962469314,0,0,0,0,0,0,0,0,0.0090986823275542,1,1,1,0,1,0,0.0009764410579771,1,1,1,0,1,0,-0.022409877297891,0,1,0,0,0,0,0.0592221332357857,1,1,0,0,0,0,-0.0001575021857862,-0.0021693512170379,0.0,0.0,0.0,1.0,0.0,1.0,0.0,1.0,95.165359329708,95.09045546561548,1.0,1.0,0.0,15.0,0.0,0.0,0.0,0.0,-0.0164321956239782,0.0,1.0,0.0,1.0,0.0,1.0,-0.0089193326605019,0.0,1.0,0.0,1.0,0.0,1.0,0.0224309409767748,1.0,1.0,0.0,0.0,1.0,0.0,1.081717199842958,1.0,0.0,0.0,0.0,0.0,0.0,-0.0642063224344705,0.011312558395573,0.0,0.0,0.0,0.0,0.0,0.0,10.0,0.0,84.7487635384205,64.78378330398417,1.0,1.0,0.0,1.0,0.0,0.0,0.0,0.0,0.0214742334044006,1.0,1.0,0.0,0.0,0.0,0.0,0.0100049800076282,1.0,1.0,0.0,0.0,1.0,0.0,0.4794724879297994,1.0,0.0,0.0,0.0,0.0,0.0,3.892001215814631,1.0,0.0,0.0,0.0,0.0,0.0,-0.1889281263688083,-0.0006077892695371,0.0,0.0,0.0,0.0,0.0,0.0,0.0,13.0,46.1059230619151,38.51474367154763,1.0,0.0,0.0,0.0,0.0,0.0,1.0,0.0,-0.0064355175206349,0.0,1.0,0.0,1.0,0.0,1.0,0.421185903069527,1.0,0.0,0.0,0.0,1.0,0.0,2.2061879628723697,1.0,0.0,0.0,0.0,1.0,0.0,5.166649342201296,1.0,0.0,0.0,0.0,0.0,0.0,0.1767921685238294,-0.0758646283534851,1.0,1.0,0.0,0.0,0.0,0.0,0.0,3.0,66.50182885527214,71.95333367628383,0.0,0.0,0.0,0.0,0.0,0.0,0.0,0.0,0.199703765571591,1.0,1.0,0.0,0.0,0.0,0.0,1.461282631582345,1.0,0.0,0.0,0.0,0.0,0.0,3.857187691502771,1.0,0.0,0.0,0.0,0.0,0.0,1.370804712275926,1.0,0.0,0.0,0.0,0.0,0.0,0.7909409119624344,0.1730214598179713,1.0,1.0,1.0,0.0,0.0,0.0,1.0,0.0,75.84154784422135,70.31530263349339,1.0,0.0,0.0,0.0,0.0,0.0,0.0,0.0,3.0555706035714816,1.0,0.0,0.0,0.0,1.0,0.0,3.998834986702183,1.0,0.0,0.0,0.0,0.0,0.0,2.4088380136949907,1.0,0.0,1.0,0.0,1.0,0.0,,0.0,0.0,0.0,0.0,0.0,0.0,-1.0378942057911695,0.524114890201071,0.0,0.0,1.0,0.0,0.0,0.0,1.0,0.0,32.67647058823531,30.990394462968386,1.0,0.0,0.0,0.0,0.0,0.0,0.0,0.0,0.0120054356796477,1.0,1.0,1.0,0.0,1.0,0.0,-6.217297438369051,0.0,0.0,0.0,0.0,0.0,0.0,,0.0,0.0,0.0,0.0,0.0,0.0,,0.0,0.0,0.0,0.0,0.0,0.0,-2.388953214803104,-0.4832062946807425,0.0,0.0,0.0,0.0,0.0,0.0,0.0,4.0,,,0.0,0.0,0.0,0.0,0.0,0.0,0.0,0.0,-9.45582364762648,0.0,0.0,0.0,0.0,0.0,0.0,-13.813270652445183,0.0,0.0,0.0,0.0,0.0,0.0,,0.0,0.0,0.0,0.0,0.0,0.0,,0.0,0.0,0.0,0.0,0.0,0.0
68,LONG,1.283,55,0.9,110.69,112.11,2024-08-13 11:35:00+00:00,2024-08-13 12:30:00+00:00,0.0244417196664432,0.0002297965611783,1,1,0,0,0,0,2,0,89.52380952380948,89.95590828924183,0,1,0,7,0,0,0,0,0.1025453204940968,1,1,0,0,0,0,0.2383344432178929,1,1,0,0,0,0,0.4637907405222371,1,0,0,0,0,0,0.1227451125826855,1,1,0,0,0,0,0.0190496004941823,0.0253002740256043,1.0,1.0,0.0,0.0,1.0,0.0,6.0,0.0,87.23181580324432,72.60596546310836,1.0,1.0,0.0,1.0,0.0,0.0,0.0,0.0,0.2330725607378463,1.0,1.0,0.0,0.0,1.0,0.0,0.2049750229378833,1.0,1.0,0.0,0.0,1.0,0.0,0.1527000209257761,1.0,1.0,0.0,0.0,1.0,0.0,1.3776975027269436,1.0,0.0,0.0,0.0,0.0,0.0,-0.0907291894882297,-0.0085532129502324,0.0,0.0,0.0,0.0,0.0,0.0,0.0,11.0,41.31816574537,48.90038938099962,0.0,0.0,0.0,0.0,0.0,0.0,0.0,0.0,-0.0907696439774938,0.0,1.0,0.0,0.0,0.0,0.0,0.0746573982102687,1.0,1.0,1.0,0.0,1.0,0.0,0.4747706537492804,1.0,0.0,0.0,0.0,0.0,0.0,3.978564294169723,1.0,0.0,0.0,0.0,0.0,0.0,-0.0547159091578053,-0.0609032170878198,0.0,0.0,0.0,0.0,0.0,1.0,0.0,3.0,77.62467191601058,83.37707786526691,0.0,0.0,0.0,0.0,0.0,0.0,0.0,0.0,-0.3084075451771147,0.0,0.0,0.0,0.0,0.0,1.0,0.2473077879730154,1.0,1.0,0.0,0.0,0.0,0.0,2.004631082693665,1.0,0.0,0.0,0.0,0.0,0.0,5.546100671000944,1.0,0.0,0.0,0.0,0.0,0.0,0.1278291512579397,-0.0053076286333531,1.0,1.0,0.0,1.0,0.0,0.0,0.0,1.0,89.43921115277402,82.31593153373761,1.0,1.0,0.0,2.0,0.0,0.0,0.0,0.0,0.7833812114487226,1.0,0.0,0.0,0.0,0.0,0.0,2.079339036951897,1.0,0.0,0.0,0.0,0.0,0.0,4.358914839315176,1.0,0.0,0.0,0.0,0.0,0.0,3.0867244389887016,1.0,0.0,0.0,0.0,0.0,0.0,0.8601153375637688,-0.0090420755900523,1.0,1.0,0.0,1.0,0.0,0.0,0.0,1.0,85.41373145245564,80.76922768055944,1.0,1.0,0.0,2.0,0.0,0.0,0.0,0.0,1.7016327557820163,1.0,0.0,0.0,0.0,1.0,0.0,3.144725273887007,1.0,0.0,0.0,0.0,0.0,0.0,2.349156022732439,1.0,0.0,0.0,0.0,1.0,0.0,,0.0,0.0,0.0,0.0,0.0,0.0,-0.6964989508675279,0.3413952549236416,0.0,0.0,0.0,0.0,0.0,0.0,2.0,0.0,35.83313725490198,32.73688369961837,1.0,0.0,0.0,0.0,0.0,0.0,0.0,0.0,-1.0413137987935757,0.0,0.0,0.0,1.0,0.0,1.0,-6.846808320363645,0.0,0.0,0.0,0.0,0.0,0.0,,0.0,0.0,0.0,0.0,0.0,0.0,,0.0,0.0,0.0,0.0,0.0,0.0,-2.388953214803104,-0.4832062946807425,0.0,0.0,0.0,0.0,0.0,0.0,0.0,4.0,,,0.0,0.0,0.0,0.0,0.0,0.0,0.0,0.0,-9.45582364762648,0.0,0.0,0.0,0.0,0.0,0.0,-13.813270652445183,0.0,0.0,0.0,0.0,0.0,0.0,,0.0,0.0,0.0,0.0,0.0,0.0,,0.0,0.0,0.0,0.0,0.0,0.0
69,SHORT,1.906,30,0.5,111.74,113.87,2024-08-13 13:35:00+00:00,2024-08-13 14:05:00+00:00,-0.1149992435371736,-0.0232518027810746,0,0,0,0,0,0,0,4,9.519534152163228,22.831894848326822,0,0,1,1,0,0,0,0,-0.4877082602944165,0,0,0,0,0,1,-0.7722588876731085,0,0,0,0,0,0,-1.0229816062363395,0,0,0,0,0,0,0.4127427418970887,1,0,0,0,0,0,-0.0041953931605709,-0.0487147712318257,0.0,0.0,0.0,0.0,0.0,1.0,0.0,10.0,82.02425505045147,85.63228424994588,0.0,1.0,0.0,25.0,0.0,0.0,0.0,0.0,-0.1531082267363503,0.0,1.0,0.0,1.0,0.0,1.0,0.3600606483637497,1.0,0.0,0.0,0.0,1.0,0.0,1.3638378908981796,1.0,0.0,0.0,0.0,0.0,0.0,2.6534981907765127,1.0,0.0,0.0,0.0,0.0,0.0,0.2448213177129012,0.0099159035649244,1.0,1.0,0.0,0.0,0.0,0.0,8.0,0.0,90.01773788796511,90.92611543435794,0.0,1.0,0.0,5.0,0.0,1.0,0.0,0.0,0.8165993779445271,1.0,0.0,0.0,0.0,0.0,0.0,1.6673618809164796,1.0,0.0,0.0,0.0,0.0,0.0,2.671907321006879,1.0,0.0,0.0,0.0,0.0,0.0,6.105174913573021,1.0,0.0,0.0,0.0,0.0,0.0,0.1700188336325532,0.11422737830555,1.0,1.0,0.0,0.0,0.0,0.0,4.0,0.0,95.78935643360693,89.36377836680505,1.0,1.0,0.0,3.0,0.0,0.0,0.0,0.0,1.70871929741851,1.0,0.0,0.0,0.0,0.0,0.0,2.6802066856245395,1.0,0.0,0.0,0.0,0.0,0.0,4.624545352619833,1.0,0.0,0.0,0.0,0.0,0.0,8.486488500324436,1.0,0.0,0.0,0.0,0.0,0.0,0.0654810625552804,0.0112070664955787,1.0,1.0,1.0,0.0,0.0,0.0,1.0,0.0,82.51832912029921,84.53313159491594,0.0,1.0,0.0,4.0,0.0,0.0,0.0,0.0,0.8135532889861453,1.0,0.0,0.0,0.0,1.0,0.0,2.0260293912948866,1.0,0.0,0.0,0.0,0.0,0.0,4.219978230564768,1.0,0.0,0.0,0.0,0.0,0.0,3.392466648753999,1.0,0.0,0.0,0.0,0.0,0.0,0.9194733617711104,0.0593580242073416,1.0,1.0,1.0,0.0,0.0,0.0,1.0,0.0,89.12436363636367,85.19683294460687,1.0,1.0,0.0,3.0,0.0,0.0,0.0,0.0,2.543849040023401,1.0,0.0,0.0,0.0,0.0,0.0,4.308902768993529,1.0,0.0,0.0,0.0,0.0,0.0,3.964583139235725,1.0,0.0,0.0,0.0,0.0,0.0,,0.0,0.0,0.0,0.0,0.0,0.0,-0.6964989508675279,0.3413952549236416,0.0,0.0,0.0,0.0,0.0,0.0,2.0,0.0,35.83313725490198,32.73688369961837,1.0,0.0,0.0,0.0,0.0,0.0,0.0,0.0,-1.0413137987935757,0.0,0.0,0.0,1.0,0.0,1.0,-6.846808320363645,0.0,0.0,0.0,0.0,0.0,0.0,,0.0,0.0,0.0,0.0,0.0,0.0,,0.0,0.0,0.0,0.0,0.0,0.0,-2.388953214803104,-0.4832062946807425,0.0,0.0,0.0,0.0,0.0,0.0,0.0,4.0,,,0.0,0.0,0.0,0.0,0.0,0.0,0.0,0.0,-9.45582364762648,0.0,0.0,0.0,0.0,0.0,0.0,-13.813270652445183,0.0,0.0,0.0,0.0,0.0,0.0,,0.0,0.0,0.0,0.0,0.0,0.0,,0.0,0.0,0.0,0.0,0.0,0.0
70,SHORT,1.068,70,1.2,114.735,115.96,2024-08-13 17:50:00+00:00,2024-08-13 19:00:00+00:00,-0.0492272583601258,-0.0055373238231642,0,0,0,1,0,0,0,1,43.29312300237179,41.37473710218637,1,0,0,0,0,0,0,0,-0.1713756757623194,0,1,0,0,0,0,-0.3005278673610448,0,0,0,0,0,0,-0.4368767542430506,0,0,0,0,0,0,0.031756715234877,1,1,0,0,0,0,-0.0059645174961205,-0.0109334521907423,0.0,0.0,0.0,0.0,0.0,1.0,0.0,6.0,64.17735326688806,67.30594315245476,0.0,0.0,0.0,0.0,0.0,0.0,0.0,0.0,0.0246242530881109,1.0,1.0,0.0,0.0,1.0,0.0,0.2511937505074639,1.0,1.0,0.0,0.0,0.0,0.0,0.7054228557494565,1.0,0.0,0.0,0.0,0.0,0.0,3.68614710166388,1.0,0.0,0.0,0.0,0.0,0.0,0.0046630924247359,-0.0016779270526721,1.0,1.0,0.0,1.0,0.0,0.0,0.0,1.0,92.68305060171092,91.50736498423898,1.0,1.0,0.0,4.0,0.0,0.0,0.0,0.0,0.4397272359544865,1.0,0.0,0.0,0.0,0.0,0.0,1.293564019848809,1.0,0.0,0.0,0.0,0.0,0.0,3.301928389207044,1.0,0.0,0.0,0.0,0.0,0.0,7.274473223973983,1.0,0.0,0.0,0.0,0.0,0.0,0.2077412220980836,0.000426529924868,1.0,1.0,1.0,0.0,0.0,0.0,1.0,0.0,89.56192467340975,89.44376116672738,1.0,1.0,0.0,11.0,0.0,0.0,0.0,0.0,0.9954824444255596,1.0,0.0,0.0,0.0,0.0,0.0,2.432323577478031,1.0,0.0,0.0,0.0,0.0,0.0,4.938573798458387,1.0,0.0,0.0,0.0,0.0,0.0,9.582094992622604,1.0,0.0,0.0,0.0,0.0,0.0,0.3643633692100352,-0.0253369303746946,1.0,1.0,0.0,1.0,0.0,0.0,0.0,1.0,94.78429541321096,96.47787676150384,0.0,1.0,0.0,8.0,0.0,1.0,0.0,0.0,1.2188066643543072,1.0,0.0,0.0,0.0,0.0,0.0,3.1906597999617983,1.0,0.0,0.0,0.0,0.0,0.0,6.092269531343289,1.0,0.0,0.0,0.0,0.0,0.0,6.1449666017702365,1.0,0.0,0.0,0.0,0.0,0.0,0.9280382680884142,0.0085649063173037,1.0,1.0,0.0,0.0,0.0,0.0,2.0,0.0,92.06400000000006,88.86736502960646,1.0,1.0,0.0,4.0,0.0,0.0,0.0,0.0,2.19538880865215,1.0,0.0,0.0,0.0,0.0,0.0,4.173976567776834,1.0,0.0,0.0,0.0,0.0,0.0,4.279022731774284,1.0,0.0,0.0,0.0,0.0,0.0,,0.0,0.0,0.0,0.0,0.0,0.0,-0.6964989508675279,0.3413952549236416,0.0,0.0,0.0,0.0,0.0,0.0,2.0,0.0,35.83313725490198,32.73688369961837,1.0,0.0,0.0,0.0,0.0,0.0,0.0,0.0,-1.0413137987935757,0.0,0.0,0.0,1.0,0.0,1.0,-6.846808320363645,0.0,0.0,0.0,0.0,0.0,0.0,,0.0,0.0,0.0,0.0,0.0,0.0,,0.0,0.0,0.0,0.0,0.0,0.0,-2.388953214803104,-0.4832062946807425,0.0,0.0,0.0,0.0,0.0,0.0,0.0,4.0,,,0.0,0.0,0.0,0.0,0.0,0.0,0.0,0.0,-9.45582364762648,0.0,0.0,0.0,0.0,0.0,0.0,-13.813270652445183,0.0,0.0,0.0,0.0,0.0,0.0,,0.0,0.0,0.0,0.0,0.0,0.0,,0.0,0.0,0.0,0.0,0.0,0.0
71,SHORT,1.424,35,0.6,117.2901,118.96,2024-08-15 12:00:00+00:00,2024-08-15 12:35:00+00:00,-0.0137169388552935,0.0052223620636937,0,0,1,0,0,0,1,0,17.86028491485781,13.121887086314713,1,0,1,8,1,0,0,0,-0.0049543689509365,0,1,0,0,0,1,-0.0677486435603453,0,1,0,0,0,1,-0.1609493671823481,0,1,0,0,0,1,-0.1725598687623971,0,1,0,0,0,1,-0.0046327426145556,-0.0147223714487671,0.0,0.0,0.0,0.0,0.0,1.0,0.0,6.0,45.83333333333343,52.777777777777885,0.0,0.0,0.0,0.0,0.0,0.0,0.0,0.0,-0.1394906262093385,0.0,1.0,0.0,0.0,0.0,1.0,-0.1620143933824482,0.0,1.0,0.0,0.0,0.0,1.0,-0.1870658471407478,0.0,1.0,0.0,0.0,0.0,1.0,-0.1397872684563637,0.0,1.0,0.0,1.0,0.0,1.0,-0.0243190552908795,0.0030006627725156,0.0,0.0,0.0,0.0,0.0,0.0,3.0,0.0,39.034578788581854,27.98858165558322,1.0,0.0,0.0,0.0,0.0,0.0,0.0,0.0,-0.0318051479865024,0.0,1.0,0.0,1.0,0.0,1.0,-0.0880726029147507,0.0,1.0,0.0,1.0,0.0,1.0,-0.0892779744872947,0.0,1.0,0.0,1.0,0.0,1.0,3.0935561772264912,1.0,0.0,0.0,0.0,0.0,0.0,-0.0858775036908527,0.0180147976029374,0.0,0.0,1.0,0.0,0.0,0.0,1.0,0.0,27.227995381472255,36.08506793989442,0.0,0.0,0.0,0.0,0.0,0.0,0.0,0.0,0.0659164243963239,1.0,1.0,1.0,0.0,1.0,0.0,0.0768950776783975,1.0,1.0,1.0,0.0,1.0,0.0,0.2353048930702056,1.0,1.0,1.0,0.0,1.0,0.0,8.066915865163473,1.0,0.0,0.0,0.0,0.0,0.0,-0.3012987447345878,-0.0313606968812385,0.0,0.0,0.0,1.0,0.0,0.0,0.0,1.0,64.46555797384518,65.66695190083769,0.0,0.0,0.0,0.0,0.0,0.0,0.0,1.0,-0.343632138067923,0.0,0.0,0.0,1.0,0.0,1.0,0.1197434688960813,1.0,1.0,0.0,0.0,0.0,0.0,2.561565754786026,1.0,0.0,0.0,0.0,0.0,0.0,8.396862519000335,1.0,0.0,0.0,0.0,0.0,0.0,0.665814874183464,-0.1533499701762499,1.0,1.0,0.0,0.0,0.0,0.0,0.0,6.0,88.86607346566278,90.7551600882196,0.0,1.0,0.0,13.0,0.0,0.0,0.0,0.0,1.2526932483286255,1.0,0.0,0.0,0.0,0.0,0.0,4.78500927411085,1.0,0.0,0.0,0.0,0.0,0.0,10.170685756328329,1.0,0.0,0.0,0.0,0.0,0.0,-1.115159495563928,0.0,0.0,0.0,0.0,0.0,0.0,0.7849333258190923,0.9144942106260228,1.0,1.0,0.0,0.0,1.0,0.0,4.0,0.0,61.56091915330634,48.68479364113359,1.0,0.0,0.0,0.0,0.0,0.0,0.0,0.0,7.304236750547282,1.0,0.0,0.0,0.0,0.0,0.0,3.73266813778466,1.0,0.0,1.0,0.0,1.0,0.0,,0.0,0.0,0.0,0.0,0.0,0.0,,0.0,0.0,0.0,0.0,0.0,0.0,-2.388953214803104,-0.4832062946807425,0.0,0.0,0.0,0.0,0.0,0.0,0.0,4.0,,,0.0,0.0,0.0,0.0,0.0,0.0,0.0,0.0,-9.45582364762648,0.0,0.0,0.0,0.0,0.0,0.0,-13.813270652445183,0.0,0.0,0.0,0.0,0.0,0.0,,0.0,0.0,0.0,0.0,0.0,0.0,,0.0,0.0,0.0,0.0,0.0,0.0
72,SHORT,1.106,30,0.5,118.915,120.23,2024-08-15 13:35:00+00:00,2024-08-15 14:05:00+00:00,0.0009723746806546,0.049384545796841,1,1,0,0,1,0,3,0,66.95087240938086,45.95652665861451,1,0,0,0,0,0,0,0,0.3538997836645922,1,0,0,0,0,0,0.2505131172491148,1,1,0,0,1,0,-0.0030340079325515,0,1,0,0,0,1,0.8498359512020894,1,0,0,0,0,0,-0.0573216796318913,-0.083489400181312,0.0,0.0,0.0,0.0,0.0,1.0,0.0,8.0,60.053981106612845,68.24111560953688,0.0,0.0,0.0,0.0,0.0,0.0,0.0,1.0,-0.6472342636914885,0.0,0.0,0.0,1.0,0.0,1.0,-0.4542077104654113,0.0,0.0,0.0,1.0,0.0,1.0,0.0271309486743256,1.0,1.0,0.0,0.0,1.0,0.0,0.3572237042791993,1.0,0.0,0.0,0.0,0.0,0.0,0.1830069631764837,0.0095212149239175,1.0,1.0,0.0,0.0,0.0,0.0,5.0,0.0,81.45390070921997,82.23144432237994,0.0,1.0,0.0,2.0,0.0,1.0,0.0,0.0,0.4741334774176119,1.0,0.0,0.0,0.0,0.0,0.0,0.8420384568534873,1.0,0.0,0.0,0.0,0.0,0.0,1.0957978577790166,1.0,0.0,0.0,0.0,0.0,0.0,4.075643143628417,1.0,0.0,0.0,0.0,0.0,0.0,0.0644718778962681,0.08243386664445,1.0,1.0,0.0,0.0,1.0,0.0,2.0,0.0,67.06049115204031,48.81552700939415,1.0,0.0,0.0,0.0,0.0,0.0,0.0,0.0,0.8836760266653008,1.0,0.0,0.0,0.0,0.0,0.0,1.1217931674806725,1.0,0.0,0.0,0.0,0.0,0.0,1.3529222702032802,1.0,0.0,0.0,0.0,0.0,0.0,9.20316535023296,1.0,0.0,0.0,0.0,0.0,0.0,-0.303936930619483,-0.0026381858848951,0.0,0.0,0.0,0.0,0.0,0.0,0.0,2.0,59.99967706531229,64.01757067296656,0.0,0.0,0.0,0.0,0.0,0.0,0.0,0.0,-0.14149615435615,0.0,1.0,0.0,0.0,0.0,1.0,0.2565502930066288,1.0,1.0,0.0,0.0,1.0,0.0,2.52672882391286,1.0,0.0,0.0,0.0,0.0,0.0,8.509003468834395,1.0,0.0,0.0,0.0,0.0,0.0,0.665814874183464,-0.1533499701762499,1.0,1.0,0.0,0.0,0.0,0.0,0.0,6.0,88.86607346566278,90.7551600882196,0.0,1.0,0.0,13.0,0.0,0.0,0.0,0.0,1.2526932483286255,1.0,0.0,0.0,0.0,0.0,0.0,4.78500927411085,1.0,0.0,0.0,0.0,0.0,0.0,10.170685756328329,1.0,0.0,0.0,0.0,0.0,0.0,-1.115159495563928,0.0,0.0,0.0,0.0,0.0,0.0,0.7849333258190923,0.9144942106260228,1.0,1.0,0.0,0.0,1.0,0.0,4.0,0.0,61.56091915330634,48.68479364113359,1.0,0.0,0.0,0.0,0.0,0.0,0.0,0.0,7.304236750547282,1.0,0.0,0.0,0.0,0.0,0.0,3.73266813778466,1.0,0.0,1.0,0.0,1.0,0.0,,0.0,0.0,0.0,0.0,0.0,0.0,,0.0,0.0,0.0,0.0,0.0,0.0,-2.388953214803104,-0.4832062946807425,0.0,0.0,0.0,0.0,0.0,0.0,0.0,4.0,,,0.0,0.0,0.0,0.0,0.0,0.0,0.0,0.0,-9.45582364762648,0.0,0.0,0.0,0.0,0.0,0.0,-13.813270652445183,0.0,0.0,0.0,0.0,0.0,0.0,,0.0,0.0,0.0,0.0,0.0,0.0,,0.0,0.0,0.0,0.0,0.0,0.0
73,SHORT,-1.533,115,1.9,123.32,121.43,2024-08-16 11:20:00+00:00,2024-08-16 13:15:00+00:00,-0.0202064608294372,-0.0045733925429422,0,0,0,0,0,0,0,2,12.298850574712658,20.395913154534806,0,0,1,1,0,0,0,0,-0.0702066733887055,0,1,0,0,0,0,-0.0934529266461425,0,1,0,0,0,0,-0.067259304879146,0,1,0,0,0,0,-0.1398463229000515,0,1,0,0,0,0,-0.0022707443271139,-0.005591271692525,0.0,0.0,0.0,1.0,0.0,1.0,0.0,1.0,73.8801054018443,72.43300434789732,1.0,0.0,0.0,0.0,0.0,0.0,0.0,0.0,-0.0382696829082226,0.0,1.0,0.0,1.0,0.0,1.0,-0.0233790747148537,0.0,1.0,0.0,1.0,0.0,1.0,0.0322580122256242,1.0,1.0,0.0,0.0,1.0,0.0,1.389175049425273,1.0,0.0,0.0,0.0,0.0,0.0,-0.0514728216501084,-0.0025850538575618,0.0,0.0,0.0,0.0,0.0,0.0,0.0,10.0,59.5469255663426,59.20183188926979,1.0,0.0,0.0,0.0,0.0,0.0,1.0,0.0,0.0304145105623129,1.0,1.0,1.0,0.0,1.0,0.0,0.2209883164740203,1.0,1.0,0.0,0.0,0.0,0.0,0.6064074433030289,1.0,0.0,0.0,0.0,0.0,0.0,4.641247429446352,1.0,0.0,0.0,0.0,0.0,0.0,-0.0857881315918208,-0.0180027792966918,0.0,0.0,0.0,0.0,0.0,0.0,0.0,2.0,85.99439775910349,86.64799253034533,0.0,1.0,0.0,6.0,0.0,1.0,0.0,0.0,0.0878771571970174,1.0,1.0,0.0,0.0,1.0,0.0,0.6949970584630915,1.0,0.0,0.0,0.0,0.0,0.0,2.569135345596652,1.0,0.0,0.0,0.0,0.0,0.0,10.269331658661978,1.0,0.0,0.0,0.0,0.0,0.0,0.024431477130796,-0.026221588893561,1.0,1.0,0.0,0.0,0.0,0.0,0.0,9.0,94.5741842713848,94.09526515962806,1.0,1.0,0.0,13.0,0.0,0.0,0.0,0.0,0.5319740223855619,1.0,0.0,0.0,0.0,0.0,0.0,1.8792514667579208,1.0,0.0,0.0,0.0,0.0,0.0,4.486991196254367,1.0,0.0,0.0,0.0,0.0,0.0,13.208513274701358,1.0,0.0,0.0,0.0,0.0,0.0,0.6292526494986781,-0.010342933653781,1.0,1.0,0.0,1.0,0.0,0.0,0.0,1.0,97.15925979131649,93.21749301192052,1.0,1.0,0.0,17.0,0.0,0.0,0.0,0.0,2.5437897161579484,1.0,0.0,0.0,0.0,0.0,0.0,6.450280349329368,1.0,0.0,0.0,0.0,0.0,0.0,13.932139034164598,1.0,0.0,0.0,0.0,0.0,0.0,3.151196914430996,1.0,0.0,0.0,0.0,0.0,0.0,1.3993679115682278,0.6144345857491356,1.0,1.0,0.0,0.0,0.0,0.0,5.0,0.0,76.4132988468585,62.21151417178576,1.0,0.0,0.0,0.0,0.0,0.0,0.0,0.0,5.942931733078267,1.0,0.0,0.0,0.0,0.0,0.0,3.7907814826073194,1.0,0.0,0.0,0.0,0.0,0.0,,0.0,0.0,0.0,0.0,0.0,0.0,,0.0,0.0,0.0,0.0,0.0,0.0,-2.388953214803104,-0.4832062946807425,0.0,0.0,0.0,0.0,0.0,0.0,0.0,4.0,,,0.0,0.0,0.0,0.0,0.0,0.0,0.0,0.0,-9.45582364762648,0.0,0.0,0.0,0.0,0.0,0.0,-13.813270652445183,0.0,0.0,0.0,0.0,0.0,0.0,,0.0,0.0,0.0,0.0,0.0,0.0,,0.0,0.0,0.0,0.0,0.0,0.0
74,SHORT,-1.166,190,3.2,124.35,122.9,2024-08-16 21:45:00+00:00,2024-08-19 08:55:00+00:00,-0.0080632841056956,-0.0025348118280507,0,0,0,1,0,0,0,1,4.166666666668911,6.944444444442271,0,0,1,9,0,0,0,0,-0.0392497227836669,0,1,0,0,0,1,-0.0596052000953735,0,1,0,0,0,0,-0.0794575224957406,0,1,0,0,0,0,-0.0416645795122329,0,1,0,0,0,0,-0.0021335037290994,-0.0043709746336478,0.0,0.0,0.0,0.0,0.0,1.0,0.0,3.0,96.0155490767737,96.50145772594767,0.0,1.0,0.0,15.0,0.0,0.0,0.0,0.0,-0.0266232845137575,0.0,1.0,0.0,0.0,0.0,1.0,-0.0091197484263448,0.0,1.0,0.0,1.0,0.0,1.0,-0.0013117744488834,0.0,1.0,0.0,1.0,0.0,1.0,0.7979383066303487,1.0,0.0,0.0,0.0,0.0,0.0,-0.0492397325568961,0.0023297185653234,0.0,0.0,0.0,0.0,0.0,0.0,3.0,0.0,92.33033910342913,87.99609788996032,1.0,1.0,0.0,3.0,0.0,0.0,0.0,0.0,0.0430827769397626,1.0,1.0,0.0,0.0,0.0,0.0,0.1875758460459217,1.0,1.0,0.0,0.0,0.0,0.0,0.6982505849146882,1.0,0.0,0.0,0.0,0.0,0.0,3.651194303336354,1.0,0.0,0.0,0.0,0.0,0.0,-0.0049949165716892,-0.016079928975664,0.0,0.0,0.0,0.0,0.0,1.0,0.0,5.0,85.41288243045909,85.8319244485708,0.0,1.0,0.0,8.0,0.0,0.0,0.0,0.0,0.0986821331707014,1.0,1.0,0.0,0.0,1.0,0.0,0.5218232976382365,1.0,0.0,0.0,0.0,1.0,0.0,1.3284423409164672,1.0,0.0,0.0,0.0,1.0,0.0,8.988995005908814,1.0,0.0,0.0,0.0,0.0,0.0,-0.0706585522336726,0.0039302198579329,0.0,0.0,0.0,0.0,0.0,0.0,5.0,0.0,87.53318745441277,84.8565523948456,1.0,1.0,0.0,2.0,0.0,0.0,0.0,0.0,0.4423933083142746,1.0,0.0,0.0,0.0,1.0,0.0,1.3602423395512708,1.0,0.0,0.0,0.0,0.0,0.0,3.6535178979516423,1.0,0.0,0.0,0.0,0.0,0.0,13.71021360031901,1.0,0.0,0.0,0.0,0.0,0.0,0.3749640960963263,-0.1014965747388294,1.0,1.0,0.0,0.0,0.0,0.0,0.0,4.0,91.69136639490485,94.83877772909544,0.0,1.0,0.0,20.0,0.0,0.0,0.0,0.0,1.4431440792418508,1.0,0.0,0.0,0.0,1.0,0.0,5.126717759175168,1.0,0.0,0.0,0.0,0.0,0.0,13.30461368941467,1.0,0.0,0.0,0.0,0.0,0.0,3.785740092563509,1.0,0.0,0.0,0.0,0.0,0.0,1.3993679115682278,0.6144345857491356,1.0,1.0,0.0,0.0,0.0,0.0,5.0,0.0,76.4132988468585,62.21151417178576,1.0,0.0,0.0,0.0,0.0,0.0,0.0,0.0,5.942931733078267,1.0,0.0,0.0,0.0,0.0,0.0,3.7907814826073194,1.0,0.0,0.0,0.0,0.0,0.0,,0.0,0.0,0.0,0.0,0.0,0.0,,0.0,0.0,0.0,0.0,0.0,0.0,-2.388953214803104,-0.4832062946807425,0.0,0.0,0.0,0.0,0.0,0.0,0.0,4.0,,,0.0,0.0,0.0,0.0,0.0,0.0,0.0,0.0,-9.45582364762648,0.0,0.0,0.0,0.0,0.0,0.0,-13.813270652445183,0.0,0.0,0.0,0.0,0.0,0.0,,0.0,0.0,0.0,0.0,0.0,0.0,,0.0,0.0,0.0,0.0,0.0,0.0
75,LONG,1.233,145,2.4,123.23,124.75,2024-08-19 09:30:00+00:00,2024-08-19 11:55:00+00:00,0.0453991072163232,0.0027161782407184,1,1,0,0,0,0,7,0,97.72727272727371,97.20538720538887,1,1,0,5,0,0,0,0,0.1079879271288776,1,1,0,0,0,0,0.1805663775121818,1,1,0,0,0,0,0.2146934925101444,1,1,0,0,0,0,-0.4363795999773133,0,0,0,0,0,0,0.0086318695416053,0.0133132835607902,1.0,1.0,0.0,0.0,1.0,0.0,12.0,0.0,26.016260162601966,20.801140042332676,1.0,0.0,0.0,0.0,0.0,0.0,0.0,0.0,-0.0111947798788025,0.0,1.0,0.0,0.0,0.0,1.0,-0.247922903514883,0.0,1.0,0.0,0.0,0.0,0.0,-0.7731654871007824,0.0,0.0,0.0,0.0,0.0,0.0,-0.5861350914998098,0.0,0.0,0.0,0.0,0.0,0.0,-0.1892305290221207,-0.0054494695619608,0.0,0.0,0.0,1.0,0.0,0.0,0.0,1.0,14.638447971781238,16.737142573822485,0.0,0.0,1.0,3.0,0.0,0.0,0.0,0.0,-0.430534454369794,0.0,0.0,0.0,0.0,0.0,0.0,-0.7810396916166932,0.0,0.0,0.0,0.0,0.0,0.0,-0.8880137031620645,0.0,0.0,0.0,0.0,0.0,0.0,1.784858356690795,1.0,0.0,0.0,0.0,0.0,0.0,-0.2163531495974465,-0.0366827586757148,0.0,0.0,0.0,0.0,0.0,0.0,0.0,14.0,63.79342001950448,73.4220791689845,0.0,0.0,0.0,0.0,0.0,0.0,0.0,0.0,-0.5404969844324923,0.0,0.0,0.0,0.0,0.0,0.0,-0.5905354615226044,0.0,0.0,0.0,0.0,0.0,0.0,-0.1942399198532471,0.0,1.0,0.0,0.0,0.0,0.0,7.078627666743668,1.0,0.0,0.0,0.0,0.0,0.0,-0.1806719195529602,-0.0422689620312661,0.0,0.0,0.0,0.0,0.0,0.0,0.0,5.0,81.40043763676151,84.36858740578656,0.0,1.0,0.0,7.0,0.0,0.0,0.0,0.0,-0.1830915949058267,0.0,1.0,0.0,1.0,0.0,1.0,0.4459755105978641,1.0,0.0,0.0,0.0,0.0,0.0,2.5356771680261714,1.0,0.0,0.0,0.0,0.0,0.0,13.050212454640068,1.0,0.0,0.0,0.0,0.0,0.0,0.2212948696851313,-0.0995476782986575,1.0,1.0,0.0,0.0,0.0,0.0,0.0,6.0,91.2775236352547,91.3615501394883,0.0,1.0,0.0,22.0,0.0,0.0,0.0,0.0,1.214217111472855,1.0,0.0,0.0,0.0,1.0,0.0,4.715360223466607,1.0,0.0,0.0,0.0,0.0,0.0,13.29022049051026,1.0,0.0,0.0,0.0,0.0,0.0,4.488457152232169,1.0,0.0,0.0,0.0,0.0,0.0,2.119630964041148,0.7202630524729203,1.0,1.0,0.0,0.0,0.0,0.0,6.0,0.0,89.79893650148023,75.92438483388169,1.0,1.0,0.0,1.0,0.0,0.0,0.0,0.0,8.399450171882183,1.0,0.0,0.0,0.0,0.0,0.0,7.9442327795934835,1.0,0.0,0.0,0.0,0.0,0.0,,0.0,0.0,0.0,0.0,0.0,0.0,,0.0,0.0,0.0,0.0,0.0,0.0,-1.3102632894750696,1.0786899253280344,0.0,0.0,1.0,0.0,0.0,0.0,1.0,0.0,,,0.0,0.0,0.0,0.0,0.0,0.0,0.0,0.0,5.633886305309747,1.0,0.0,1.0,0.0,1.0,0.0,1.99171982498476,1.0,0.0,1.0,0.0,1.0,0.0,,0.0,0.0,0.0,0.0,0.0,0.0,,0.0,0.0,0.0,0.0,0.0,0.0
76,SHORT,-1.315,65,1.1,130.06,128.35,2024-08-22 13:45:00+00:00,2024-08-22 14:50:00+00:00,-0.0467572963435993,0.031781845714171,0,0,1,0,0,0,1,0,31.89469586374734,26.501619932724832,1,0,0,0,0,0,1,0,0.1416139631975232,1,1,1,0,1,0,0.0458936666919275,1,1,1,0,1,0,0.0048549181451137,1,1,1,0,1,0,0.1560358034648612,1,1,1,0,1,0,-0.0156209504250682,-0.0168770672231005,0.0,0.0,0.0,0.0,0.0,1.0,0.0,2.0,48.61814345991635,51.22222222222266,0.0,0.0,0.0,0.0,0.0,0.0,0.0,1.0,-0.1056235171649908,0.0,1.0,0.0,0.0,0.0,1.0,-0.0382474373061274,0.0,1.0,0.0,0.0,0.0,1.0,0.2301967132885102,1.0,1.0,0.0,0.0,1.0,0.0,1.0535794890876955,1.0,0.0,0.0,0.0,0.0,0.0,0.0588287269235016,0.0278699750631348,1.0,1.0,1.0,0.0,0.0,0.0,1.0,0.0,73.6735632183911,67.48582375478944,1.0,0.0,0.0,0.0,0.0,0.0,0.0,0.0,0.4759900393886332,1.0,0.0,0.0,0.0,1.0,0.0,0.8651608894020902,1.0,0.0,0.0,0.0,0.0,0.0,1.471599814082856,1.0,0.0,0.0,0.0,0.0,0.0,2.1218388306279974,1.0,0.0,0.0,0.0,0.0,0.0,0.1287904369125103,-0.0225418458835875,1.0,1.0,0.0,1.0,0.0,0.0,0.0,1.0,72.05964001662475,79.3035689172316,0.0,0.0,0.0,0.0,0.0,0.0,0.0,0.0,0.2164426200193054,1.0,1.0,0.0,0.0,1.0,0.0,0.7036697006533427,1.0,0.0,0.0,0.0,0.0,0.0,1.5757209963205543,1.0,0.0,0.0,0.0,0.0,0.0,4.258102284342924,1.0,0.0,0.0,0.0,0.0,0.0,0.1523324779716345,0.0488420394767686,1.0,1.0,0.0,0.0,0.0,0.0,2.0,0.0,84.84799830670623,80.58408240908732,1.0,1.0,0.0,2.0,0.0,0.0,0.0,0.0,0.7901817111362699,1.0,0.0,0.0,0.0,1.0,0.0,1.2858507577570932,1.0,0.0,0.0,0.0,1.0,0.0,1.5430021922385115,1.0,0.0,0.0,0.0,0.0,0.0,12.175267172413664,1.0,0.0,0.0,0.0,0.0,0.0,-0.5028593924388813,0.0148233371669843,0.0,0.0,0.0,0.0,0.0,0.0,3.0,0.0,77.81286326611576,75.26974055064181,1.0,0.0,0.0,0.0,0.0,0.0,0.0,0.0,0.4650051576437357,1.0,0.0,0.0,0.0,0.0,0.0,2.125173598196519,1.0,0.0,0.0,0.0,0.0,0.0,8.870123596708792,1.0,0.0,0.0,0.0,0.0,0.0,7.803030642602258,1.0,0.0,0.0,0.0,0.0,0.0,3.0628407341353143,-0.0233054943552573,1.0,1.0,0.0,1.0,0.0,0.0,0.0,1.0,95.01211550662512,95.83002730687228,0.0,1.0,0.0,4.0,0.0,1.0,0.0,0.0,4.596626306759063,1.0,0.0,0.0,0.0,0.0,0.0,7.576048887575289,1.0,0.0,0.0,0.0,0.0,0.0,,0.0,0.0,0.0,0.0,0.0,0.0,,0.0,0.0,0.0,0.0,0.0,0.0,-1.3102632894750696,1.0786899253280344,0.0,0.0,1.0,0.0,0.0,0.0,1.0,0.0,,,0.0,0.0,0.0,0.0,0.0,0.0,0.0,0.0,5.633886305309747,1.0,0.0,1.0,0.0,1.0,0.0,1.99171982498476,1.0,0.0,1.0,0.0,1.0,0.0,,0.0,0.0,0.0,0.0,0.0,0.0,,0.0,0.0,0.0,0.0,0.0,0.0
77,LONG,-1.593,80,1.3,126.82,124.8,2024-08-22 16:30:00+00:00,2024-08-22 17:50:00+00:00,0.0637659136275451,0.0044347808097607,1,1,1,0,0,0,1,0,83.94656365684828,83.18412952131455,1,1,0,9,0,0,0,0,0.2153647885616385,1,1,0,0,1,0,0.4353207301010365,1,0,0,0,0,0,0.8432650272487515,1,0,0,0,0,0,-1.0684625546451658,0,0,0,0,0,0,0.0300283335883693,0.0708044197524007,1.0,1.0,0.0,0.0,1.0,0.0,7.0,0.0,37.671957671957706,32.97449855948826,1.0,0.0,0.0,0.0,0.0,0.0,0.0,0.0,0.2510773707375215,1.0,1.0,0.0,0.0,1.0,0.0,-0.3599933781700599,0.0,0.0,0.0,0.0,0.0,0.0,-1.6789275736644456,0.0,0.0,0.0,0.0,0.0,0.0,-1.6731070417596356,0.0,0.0,0.0,0.0,0.0,0.0,-0.5232127064875673,0.0070212300369932,0.0,0.0,1.0,0.0,0.0,0.0,1.0,0.0,14.209727761401007,10.682716653475156,1.0,0.0,1.0,4.0,1.0,0.0,0.0,0.0,-0.9929063114497098,0.0,0.0,0.0,0.0,0.0,0.0,-1.9325075257078688,0.0,0.0,0.0,0.0,0.0,0.0,-2.342070229709626,0.0,0.0,0.0,0.0,0.0,0.0,-1.9184379010751755,0.0,0.0,0.0,0.0,0.0,0.0,-0.4063419748210928,-0.1972043562573721,0.0,0.0,0.0,0.0,0.0,0.0,0.0,5.0,12.888008664200386,22.080871206595816,0.0,0.0,1.0,2.0,0.0,0.0,0.0,0.0,-2.1057614320067373,0.0,0.0,0.0,0.0,0.0,0.0,-2.4542826593784173,0.0,0.0,0.0,0.0,0.0,0.0,-2.069589836927088,0.0,0.0,0.0,0.0,0.0,0.0,0.4483624859132261,1.0,0.0,0.0,0.0,1.0,0.0,0.0516893459923982,-0.0941146465670564,1.0,1.0,0.0,0.0,0.0,0.0,0.0,2.0,55.953212842641854,70.96442488288876,0.0,0.0,0.0,0.0,0.0,0.0,0.0,0.0,-0.4352577160637106,0.0,0.0,0.0,1.0,0.0,1.0,-0.0195343087640757,0.0,1.0,0.0,1.0,0.0,1.0,0.2590954524289661,1.0,1.0,0.0,0.0,1.0,0.0,10.61816905061238,1.0,0.0,0.0,0.0,0.0,0.0,-0.3956218926495718,0.1072374997893095,0.0,0.0,0.0,0.0,0.0,0.0,4.0,0.0,79.62585048452426,77.75382277183462,1.0,0.0,0.0,0.0,0.0,0.0,0.0,0.0,1.317993192409478,1.0,0.0,0.0,0.0,1.0,0.0,3.064724530373907,1.0,0.0,0.0,0.0,0.0,0.0,9.63143666647304,1.0,0.0,0.0,0.0,0.0,0.0,9.125101230927118,1.0,0.0,0.0,0.0,0.0,0.0,3.0628407341353143,-0.0233054943552573,1.0,1.0,0.0,1.0,0.0,0.0,0.0,1.0,95.01211550662512,95.83002730687228,0.0,1.0,0.0,4.0,0.0,1.0,0.0,0.0,4.596626306759063,1.0,0.0,0.0,0.0,0.0,0.0,7.576048887575289,1.0,0.0,0.0,0.0,0.0,0.0,,0.0,0.0,0.0,0.0,0.0,0.0,,0.0,0.0,0.0,0.0,0.0,0.0,-1.3102632894750696,1.0786899253280344,0.0,0.0,1.0,0.0,0.0,0.0,1.0,0.0,,,0.0,0.0,0.0,0.0,0.0,0.0,0.0,0.0,5.633886305309747,1.0,0.0,1.0,0.0,1.0,0.0,1.99171982498476,1.0,0.0,1.0,0.0,1.0,0.0,,0.0,0.0,0.0,0.0,0.0,0.0,,0.0,0.0,0.0,0.0,0.0,0.0
78,SHORT,-1.438,70,1.2,128.615,126.7658,2024-08-26 14:05:00+00:00,2024-08-26 15:15:00+00:00,-0.0492225572809362,0.0202025341893397,0,0,0,0,0,0,4,0,35.437710437710955,28.741863075196846,1,0,0,0,0,0,0,0,-0.0753801140505622,0,1,0,1,0,1,-0.408864801529937,0,0,0,0,0,0,-0.8704944824678214,0,0,0,0,0,0,-1.016463144411457,0,0,0,0,0,0,-0.0633978019350063,-0.0779866703294989,0.0,0.0,0.0,0.0,0.0,1.0,0.0,4.0,10.846807702745382,32.41199872842564,0.0,0.0,1.0,1.0,0.0,0.0,0.0,0.0,-0.7298551110629633,0.0,0.0,0.0,0.0,0.0,0.0,-0.8774876058727205,0.0,0.0,0.0,0.0,0.0,0.0,-1.1459278117839966,0.0,0.0,0.0,0.0,0.0,0.0,-0.4299724975978264,0.0,0.0,0.0,1.0,0.0,1.0,-0.090948225368478,0.0625525369164526,0.0,0.0,0.0,0.0,0.0,0.0,3.0,0.0,37.55342950644485,26.346312250940475,1.0,0.0,0.0,0.0,0.0,0.0,0.0,0.0,0.3570320447764319,1.0,0.0,0.0,0.0,1.0,0.0,0.3129441538969252,1.0,0.0,1.0,0.0,1.0,0.0,0.5782089345586392,1.0,0.0,0.0,0.0,1.0,0.0,2.007976770172438,1.0,0.0,0.0,0.0,0.0,0.0,-0.1834997990739317,-0.0129252605044946,0.0,0.0,0.0,0.0,0.0,0.0,0.0,6.0,31.92523056653506,38.245258178493074,0.0,0.0,0.0,0.0,0.0,0.0,0.0,0.0,-0.1426253137104252,0.0,1.0,0.0,0.0,0.0,1.0,0.1179786345321065,1.0,1.0,1.0,0.0,1.0,0.0,1.5007512729801094,1.0,0.0,0.0,0.0,0.0,0.0,2.063370654380008,1.0,0.0,0.0,0.0,0.0,0.0,0.118449287477832,-0.0983876473682208,1.0,1.0,0.0,0.0,0.0,0.0,0.0,10.0,80.38057742782152,87.76636104042548,0.0,1.0,0.0,11.0,0.0,0.0,0.0,0.0,-0.2151682040816097,0.0,1.0,0.0,1.0,0.0,1.0,0.5498881100068415,1.0,0.0,0.0,0.0,0.0,0.0,1.3978984020628034,1.0,0.0,0.0,0.0,0.0,0.0,7.660942610056345,1.0,0.0,0.0,0.0,0.0,0.0,-0.1129917851758954,0.1430153606686848,0.0,0.0,0.0,0.0,0.0,0.0,6.0,0.0,82.48945147679323,70.26722925457103,1.0,1.0,0.0,1.0,0.0,0.0,0.0,0.0,1.5194062879583867,1.0,0.0,0.0,0.0,0.0,0.0,2.5577909280804887,1.0,0.0,0.0,0.0,0.0,0.0,6.186945428369083,1.0,0.0,0.0,0.0,0.0,0.0,9.05859380712894,1.0,0.0,0.0,0.0,0.0,0.0,2.6848117340659634,-0.3913507599328989,1.0,1.0,0.0,1.0,0.0,0.0,0.0,1.0,89.8927381310068,93.13103646085511,0.0,1.0,0.0,6.0,0.0,0.0,0.0,0.0,1.4979487541016128,1.0,0.0,0.0,0.0,0.0,0.0,4.9513732390364735,1.0,0.0,0.0,0.0,0.0,0.0,,0.0,0.0,0.0,0.0,0.0,0.0,,0.0,0.0,0.0,0.0,0.0,0.0,-0.2149437219605223,1.0953195675145473,0.0,0.0,0.0,0.0,0.0,0.0,2.0,0.0,,,0.0,0.0,0.0,0.0,0.0,0.0,0.0,0.0,7.66265043951779,1.0,0.0,0.0,0.0,0.0,0.0,5.674249318357876,1.0,0.0,0.0,0.0,0.0,0.0,,0.0,0.0,0.0,0.0,0.0,0.0,,0.0,0.0,0.0,0.0,0.0,0.0
79,SHORT,-6.104,130,2.2,124.7685,117.1521,2024-08-28 20:10:00+00:00,2024-08-28 22:20:00+00:00,-0.104358408033948,-0.0376679559583366,0,0,0,0,0,0,0,2,20.9635261129451,31.04475256076293,0,0,0,0,0,0,0,0,-0.543210276542679,0,0,0,0,0,0,-0.8062132368972152,0,0,0,0,0,0,-1.0496257200913142,0,0,0,0,0,0,-0.5677021293865449,0,0,0,0,0,0,-0.0062367948844527,-0.0495931683392263,0.0,0.0,0.0,0.0,0.0,1.0,0.0,7.0,60.14125610784416,75.2866452750745,0.0,0.0,0.0,0.0,0.0,0.0,0.0,0.0,-0.3001296542816547,0.0,0.0,0.0,0.0,0.0,1.0,-0.1290856492995135,0.0,1.0,0.0,1.0,0.0,1.0,0.1300000446297408,1.0,1.0,0.0,0.0,1.0,0.0,-1.3034131744782247,0.0,0.0,0.0,0.0,0.0,0.0,0.2643142190725854,0.0244049554221782,1.0,1.0,0.0,0.0,0.0,0.0,6.0,0.0,94.0486550545206,89.8464250790329,1.0,1.0,0.0,3.0,0.0,0.0,0.0,0.0,0.4516326299715607,1.0,0.0,0.0,0.0,0.0,0.0,0.4274964332979258,1.0,0.0,0.0,0.0,0.0,0.0,-0.566653170613381,0.0,0.0,0.0,0.0,0.0,0.0,-1.0987118366597175,0.0,0.0,0.0,0.0,0.0,0.0,-0.0573740914406042,0.1137058952100524,0.0,0.0,0.0,0.0,0.0,0.0,3.0,0.0,50.72007180815864,41.2570002788032,1.0,0.0,0.0,0.0,0.0,0.0,0.0,0.0,0.5149270091807615,1.0,0.0,0.0,0.0,1.0,0.0,-0.0617853187400948,0.0,1.0,0.0,0.0,0.0,0.0,-0.8290269505811996,0.0,0.0,0.0,0.0,0.0,0.0,-0.8455516242122558,0.0,0.0,0.0,0.0,0.0,0.0,-0.3801091292897596,0.0790046012995365,0.0,0.0,1.0,0.0,0.0,0.0,1.0,0.0,39.717948717948765,36.83502285827877,1.0,0.0,0.0,0.0,0.0,0.0,0.0,0.0,-0.1541435870397484,0.0,1.0,0.0,0.0,0.0,0.0,-0.8509039680339932,0.0,0.0,0.0,0.0,0.0,0.0,-1.4283331286053462,0.0,0.0,0.0,0.0,0.0,0.0,1.1737037689808578,1.0,0.0,1.0,0.0,1.0,0.0,-0.2987790785026297,-0.1535943625225622,0.0,0.0,0.0,1.0,0.0,0.0,0.0,1.0,51.23229731910633,55.28881455352331,0.0,0.0,0.0,0.0,0.0,0.0,0.0,1.0,-1.4082280169221164,0.0,0.0,0.0,1.0,0.0,1.0,-1.2881559638346465,0.0,0.0,0.0,1.0,0.0,1.0,-0.3267953618121425,0.0,0.0,0.0,1.0,0.0,1.0,5.081862759580049,1.0,0.0,0.0,0.0,0.0,0.0,2.264142957955108,-0.3574121764067199,1.0,1.0,0.0,0.0,0.0,0.0,0.0,3.0,88.55001682563181,90.0980898915208,0.0,1.0,0.0,8.0,0.0,0.0,0.0,0.0,1.487979207448778,1.0,0.0,0.0,0.0,1.0,0.0,5.248661774802335,1.0,0.0,0.0,0.0,0.0,0.0,,0.0,0.0,0.0,0.0,0.0,0.0,,0.0,0.0,0.0,0.0,0.0,0.0,-0.2149437219605223,1.0953195675145473,0.0,0.0,0.0,0.0,0.0,0.0,2.0,0.0,,,0.0,0.0,0.0,0.0,0.0,0.0,0.0,0.0,7.66265043951779,1.0,0.0,0.0,0.0,0.0,0.0,5.674249318357876,1.0,0.0,0.0,0.0,0.0,0.0,,0.0,0.0,0.0,0.0,0.0,0.0,,0.0,0.0,0.0,0.0,0.0,0.0
80,SHORT,-1.257,135,2.2,122.55,121.01,2024-08-29 10:20:00+00:00,2024-08-29 12:35:00+00:00,-0.0723271884974223,0.0254414198921068,0,0,1,0,0,0,1,0,17.761629051951637,8.413116697574317,1,0,1,14,0,0,0,0,0.0154696634644279,1,1,1,0,1,0,-0.195315031030584,0,1,0,0,0,0,-0.3655296439988338,0,0,0,0,0,0,2.1929578911936565,1,0,0,0,0,0,-0.0265032508336544,-0.0766538462449024,0.0,0.0,0.0,0.0,0.0,1.0,0.0,5.0,69.50229928129177,75.5912258320369,0.0,0.0,0.0,0.0,0.0,0.0,0.0,0.0,-0.2045393725107339,0.0,1.0,0.0,0.0,0.0,1.0,0.6191333640923967,1.0,0.0,0.0,0.0,0.0,0.0,2.722964070248113,1.0,0.0,0.0,0.0,0.0,0.0,-1.1485629535860795,0.0,0.0,0.0,0.0,0.0,0.0,0.8973744489614777,0.0175624342377234,1.0,1.0,0.0,0.0,0.0,0.0,17.0,0.0,93.24884690049616,94.163855333147,0.0,1.0,0.0,6.0,0.0,1.0,0.0,0.0,1.5019827243963395,1.0,0.0,0.0,0.0,0.0,0.0,2.259036789477432,1.0,0.0,0.0,0.0,0.0,0.0,0.7528709461533878,1.0,0.0,0.0,0.0,0.0,0.0,-2.4785459918959094,0.0,0.0,0.0,0.0,0.0,0.0,0.364881602259564,0.2832565591247111,1.0,1.0,0.0,0.0,0.0,0.0,8.0,0.0,43.17343173431734,35.97375973759737,1.0,0.0,0.0,0.0,0.0,0.0,0.0,0.0,2.0803792471765377,1.0,0.0,0.0,0.0,0.0,0.0,0.9064114621793576,1.0,0.0,1.0,0.0,1.0,0.0,-2.339874375567619,0.0,0.0,0.0,0.0,0.0,0.0,-3.572792302329452,0.0,0.0,0.0,0.0,0.0,0.0,-0.7097609860137157,0.2502035386599521,0.0,0.0,0.0,0.0,0.0,0.0,2.0,0.0,28.41522698467593,19.597460179872588,1.0,0.0,0.0,0.0,0.0,0.0,0.0,0.0,-0.0349683484147583,0.0,1.0,0.0,0.0,0.0,1.0,-2.4028518487283343,0.0,0.0,0.0,0.0,0.0,0.0,-4.781151955295248,0.0,0.0,0.0,0.0,0.0,0.0,-3.611119265109615,0.0,0.0,0.0,0.0,0.0,0.0,-0.9595107452567118,-0.6021061926197814,0.0,0.0,0.0,0.0,0.0,0.0,0.0,3.0,28.186370396811267,41.24163953119502,0.0,0.0,0.0,0.0,0.0,0.0,0.0,0.0,-6.286564564043079,0.0,0.0,0.0,0.0,0.0,1.0,-7.293660973209821,0.0,0.0,0.0,0.0,0.0,1.0,-7.256735766042153,0.0,0.0,0.0,0.0,0.0,1.0,-2.101376581884172,0.0,0.0,0.0,1.0,0.0,1.0,1.9912061171750384,-0.2729368407800689,1.0,1.0,0.0,0.0,0.0,0.0,0.0,4.0,90.4136745390482,90.27173536086794,1.0,1.0,0.0,9.0,0.0,0.0,0.0,0.0,1.8521301928810008,1.0,0.0,0.0,0.0,1.0,0.0,5.594195728541522,1.0,0.0,0.0,0.0,0.0,0.0,,0.0,0.0,0.0,0.0,0.0,0.0,,0.0,0.0,0.0,0.0,0.0,0.0,-0.2149437219605223,1.0953195675145473,0.0,0.0,0.0,0.0,0.0,0.0,2.0,0.0,,,0.0,0.0,0.0,0.0,0.0,0.0,0.0,0.0,7.66265043951779,1.0,0.0,0.0,0.0,0.0,0.0,5.674249318357876,1.0,0.0,0.0,0.0,0.0,0.0,,0.0,0.0,0.0,0.0,0.0,0.0,,0.0,0.0,0.0,0.0,0.0,0.0
81,SHORT,-1.942,30,0.5,123.57,121.17,2024-08-29 13:35:00+00:00,2024-08-29 14:05:00+00:00,0.253685441116921,0.0310180626256252,1,1,0,0,0,0,5,0,91.99643233201816,91.60345312660309,1,1,0,3,0,0,0,0,0.7643290634055162,1,0,0,0,0,0,1.2401519757864807,1,0,0,0,0,0,1.5629700277048204,1,0,0,0,0,0,1.7539458660114724,1,0,0,0,0,0,-0.0334929702698141,-0.1084872253725043,0.0,0.0,0.0,0.0,0.0,1.0,0.0,2.0,56.62104920169437,73.39758909444366,0.0,0.0,0.0,0.0,0.0,1.0,0.0,1.0,-0.9290462774311268,0.0,0.0,0.0,1.0,0.0,1.0,-0.9665445350407084,0.0,0.0,0.0,1.0,0.0,1.0,-1.2970736369685412,0.0,0.0,0.0,0.0,0.0,0.0,-1.991000479269802,0.0,0.0,0.0,0.0,0.0,0.0,0.0575892575322715,0.0234795462718223,1.0,1.0,1.0,0.0,0.0,0.0,1.0,0.0,56.20596205962047,54.81481481481472,1.0,0.0,0.0,0.0,0.0,0.0,0.0,0.0,0.3500755505660631,1.0,0.0,1.0,0.0,1.0,0.0,0.5537736255726317,1.0,0.0,0.0,0.0,1.0,0.0,0.4200847817478034,1.0,0.0,1.0,0.0,1.0,0.0,-3.188635049693044,0.0,0.0,0.0,0.0,0.0,0.0,0.4766083120276614,-0.0327934691600504,1.0,1.0,0.0,1.0,0.0,0.0,0.0,1.0,69.39720493155718,64.92976297859859,1.0,0.0,0.0,0.0,0.0,0.0,0.0,0.0,0.1448631413454292,1.0,1.0,0.0,0.0,1.0,0.0,-0.0642963586825211,0.0,1.0,0.0,1.0,0.0,1.0,-2.4594797942922644,0.0,0.0,0.0,0.0,0.0,0.0,-4.306203487233424,0.0,0.0,0.0,0.0,0.0,0.0,-0.0369095891955799,0.1402715208989151,0.0,0.0,0.0,0.0,0.0,0.0,5.0,0.0,50.1682884573151,47.20607744818606,1.0,0.0,0.0,0.0,0.0,0.0,0.0,0.0,0.2799390699045002,1.0,1.0,1.0,0.0,1.0,0.0,-1.208358732535212,0.0,0.0,0.0,0.0,0.0,1.0,-3.5221897929927346,0.0,0.0,0.0,0.0,0.0,0.0,-2.803017210606068,0.0,0.0,0.0,0.0,0.0,0.0,-1.1186586345328835,-0.1591478892761719,0.0,0.0,0.0,0.0,0.0,0.0,0.0,4.0,26.490088642988884,32.99423663915587,0.0,0.0,0.0,0.0,0.0,0.0,0.0,0.0,-3.2364482880254166,0.0,0.0,0.0,0.0,0.0,0.0,-4.706932568907308,0.0,0.0,0.0,0.0,0.0,0.0,-5.138460505593223,0.0,0.0,0.0,0.0,0.0,0.0,0.1677602784323973,1.0,1.0,1.0,0.0,1.0,0.0,1.9912061171750384,-0.2729368407800689,1.0,1.0,0.0,0.0,0.0,0.0,0.0,4.0,90.4136745390482,90.27173536086794,1.0,1.0,0.0,9.0,0.0,0.0,0.0,0.0,1.8521301928810008,1.0,0.0,0.0,0.0,1.0,0.0,5.594195728541522,1.0,0.0,0.0,0.0,0.0,0.0,,0.0,0.0,0.0,0.0,0.0,0.0,,0.0,0.0,0.0,0.0,0.0,0.0,-0.2149437219605223,1.0953195675145473,0.0,0.0,0.0,0.0,0.0,0.0,2.0,0.0,,,0.0,0.0,0.0,0.0,0.0,0.0,0.0,0.0,7.66265043951779,1.0,0.0,0.0,0.0,0.0,0.0,5.674249318357876,1.0,0.0,0.0,0.0,0.0,0.0,,0.0,0.0,0.0,0.0,0.0,0.0,,0.0,0.0,0.0,0.0,0.0,0.0
82,SHORT,1.044,45,0.8,120.868,122.13,2024-08-29 14:15:00+00:00,2024-08-29 15:00:00+00:00,-0.1305757927071091,0.0064345245266901,0,0,1,0,0,0,1,0,9.685079205096256,13.556161087672004,0,0,1,6,0,0,0,0,-0.3225036400131736,0,0,0,0,0,0,-0.7593942410664473,0,0,0,0,0,0,-1.1929422717386358,0,0,0,0,0,0,-0.4923618473564937,0,0,0,0,0,0,-0.0348375044189245,-0.0818483123430996,0.0,0.0,0.0,0.0,0.0,1.0,0.0,3.0,45.86904761904768,59.50070028011209,0.0,0.0,0.0,0.0,0.0,0.0,0.0,0.0,-0.6066910475092071,0.0,0.0,0.0,0.0,0.0,1.0,-0.4524881894594871,0.0,0.0,0.0,0.0,0.0,1.0,-0.2443247461366381,0.0,1.0,0.0,0.0,0.0,1.0,-0.8072755702491645,0.0,0.0,0.0,0.0,0.0,0.0,0.1297075699628819,0.0939178379033887,1.0,1.0,0.0,0.0,0.0,0.0,2.0,0.0,60.7498243389454,55.73135709880382,1.0,0.0,0.0,0.0,0.0,0.0,0.0,0.0,1.0583023192300958,1.0,0.0,0.0,0.0,0.0,0.0,1.39105531589315,1.0,0.0,0.0,0.0,0.0,0.0,1.5894618679475974,1.0,0.0,0.0,0.0,0.0,0.0,-2.1434185898096083,0.0,0.0,0.0,0.0,0.0,0.0,0.366013412538857,-0.1105948994888044,1.0,1.0,0.0,0.0,0.0,0.0,0.0,2.0,63.265687295079,66.16358503348361,0.0,0.0,0.0,0.0,0.0,0.0,0.0,1.0,-0.6526790022487295,0.0,0.0,0.0,1.0,0.0,1.0,-0.9506340590185658,0.0,0.0,0.0,0.0,0.0,1.0,-3.2910309359680965,0.0,0.0,0.0,0.0,0.0,0.0,-5.215983897938873,0.0,0.0,0.0,0.0,0.0,0.0,0.0664475189369293,0.1033571081325093,1.0,1.0,0.0,0.0,1.0,0.0,6.0,0.0,45.31365313653132,47.60030894428488,0.0,0.0,0.0,0.0,0.0,0.0,0.0,1.0,0.1854954336678755,1.0,1.0,0.0,0.0,1.0,0.0,-1.1368035661143774,0.0,0.0,0.0,0.0,0.0,1.0,-3.449793789295371,0.0,0.0,0.0,0.0,0.0,0.0,-2.86714837594413,0.0,0.0,0.0,0.0,0.0,0.0,-1.1186586345328835,-0.1591478892761719,0.0,0.0,0.0,0.0,0.0,0.0,0.0,4.0,26.490088642988884,32.99423663915587,0.0,0.0,0.0,0.0,0.0,0.0,0.0,0.0,-3.2364482880254166,0.0,0.0,0.0,0.0,0.0,0.0,-4.706932568907308,0.0,0.0,0.0,0.0,0.0,0.0,-5.138460505593223,0.0,0.0,0.0,0.0,0.0,0.0,0.1677602784323973,1.0,1.0,1.0,0.0,1.0,0.0,1.9912061171750384,-0.2729368407800689,1.0,1.0,0.0,0.0,0.0,0.0,0.0,4.0,90.4136745390482,90.27173536086794,1.0,1.0,0.0,9.0,0.0,0.0,0.0,0.0,1.8521301928810008,1.0,0.0,0.0,0.0,1.0,0.0,5.594195728541522,1.0,0.0,0.0,0.0,0.0,0.0,,0.0,0.0,0.0,0.0,0.0,0.0,,0.0,0.0,0.0,0.0,0.0,0.0,-0.2149437219605223,1.0953195675145473,0.0,0.0,0.0,0.0,0.0,0.0,2.0,0.0,,,0.0,0.0,0.0,0.0,0.0,0.0,0.0,0.0,7.66265043951779,1.0,0.0,0.0,0.0,0.0,0.0,5.674249318357876,1.0,0.0,0.0,0.0,0.0,0.0,,0.0,0.0,0.0,0.0,0.0,0.0,,0.0,0.0,0.0,0.0,0.0,0.0
83,SHORT,-1.745,90,1.5,120.3703,118.27,2024-08-29 18:05:00+00:00,2024-08-29 19:35:00+00:00,-0.0488990416034257,-0.0012922658417678,0,0,0,1,0,0,0,1,24.084175084175257,21.88888888888893,1,0,0,0,0,0,0,0,-0.1132932127742329,0,1,0,0,0,0,-0.2065084408809449,0,1,0,0,0,0,-0.2827069752060128,0,1,0,0,0,0,-0.7151493803954427,0,0,0,0,0,0,-0.0017530986440991,-0.0140473403230855,0.0,0.0,0.0,1.0,0.0,1.0,0.0,1.0,37.67180925666193,35.89643429844625,1.0,0.0,0.0,0.0,0.0,0.0,0.0,0.0,-0.2008717044582248,0.0,1.0,0.0,1.0,0.0,1.0,-0.3598577788730232,0.0,0.0,0.0,1.0,0.0,1.0,-0.6822938398943139,0.0,0.0,0.0,0.0,0.0,0.0,-0.7017997588555972,0.0,0.0,0.0,0.0,0.0,0.0,-0.1276282316226622,0.0003588403957435,0.0,0.0,1.0,0.0,0.0,0.0,1.0,0.0,38.04850037505983,33.55720387670054,1.0,0.0,0.0,0.0,0.0,0.0,0.0,0.0,-0.2393115630161724,0.0,1.0,0.0,0.0,0.0,0.0,-0.4275603381895055,0.0,0.0,0.0,0.0,0.0,0.0,0.1693472199846998,1.0,1.0,0.0,0.0,1.0,0.0,-3.6816251803774023,0.0,0.0,0.0,0.0,0.0,0.0,0.1302015971204254,-0.0449099072919327,1.0,1.0,0.0,0.0,0.0,0.0,0.0,5.0,44.71124935199584,48.245723172628296,0.0,0.0,0.0,0.0,0.0,0.0,0.0,0.0,-0.3030280904983932,0.0,0.0,0.0,0.0,0.0,1.0,-0.452941900642852,0.0,0.0,0.0,0.0,0.0,0.0,-1.9305037494140664,0.0,0.0,0.0,0.0,0.0,0.0,-4.528741674277099,0.0,0.0,0.0,0.0,0.0,0.0,0.2451541266013217,-0.0630290346882385,1.0,1.0,0.0,0.0,0.0,0.0,0.0,2.0,46.71586715867156,50.81180811808115,0.0,0.0,0.0,0.0,0.0,0.0,0.0,1.0,-0.688814629358232,0.0,0.0,0.0,0.0,0.0,1.0,-1.515401532914061,0.0,0.0,0.0,0.0,0.0,0.0,-3.786828751764016,0.0,0.0,0.0,0.0,0.0,0.0,-3.5862525972420776,0.0,0.0,0.0,0.0,0.0,0.0,-1.0530940599745853,0.0655645745582984,0.0,0.0,1.0,0.0,0.0,0.0,1.0,0.0,28.39055311613451,27.689004051978227,1.0,0.0,0.0,0.0,0.0,0.0,0.0,0.0,-1.4539426188149174,0.0,0.0,0.0,0.0,0.0,1.0,-3.0575002419636945,0.0,0.0,0.0,0.0,0.0,0.0,-3.852553314888242,0.0,0.0,0.0,0.0,0.0,0.0,1.5922728121974274,1.0,0.0,0.0,0.0,1.0,0.0,1.9912061171750384,-0.2729368407800689,1.0,1.0,0.0,0.0,0.0,0.0,0.0,4.0,90.4136745390482,90.27173536086794,1.0,1.0,0.0,9.0,0.0,0.0,0.0,0.0,1.8521301928810008,1.0,0.0,0.0,0.0,1.0,0.0,5.594195728541522,1.0,0.0,0.0,0.0,0.0,0.0,,0.0,0.0,0.0,0.0,0.0,0.0,,0.0,0.0,0.0,0.0,0.0,0.0,-0.2149437219605223,1.0953195675145473,0.0,0.0,0.0,0.0,0.0,0.0,2.0,0.0,,,0.0,0.0,0.0,0.0,0.0,0.0,0.0,0.0,7.66265043951779,1.0,0.0,0.0,0.0,0.0,0.0,5.674249318357876,1.0,0.0,0.0,0.0,0.0,0.0,,0.0,0.0,0.0,0.0,0.0,0.0,,0.0,0.0,0.0,0.0,0.0,0.0
84,SHORT,-2.047,120,2.0,119.22,116.78,2024-08-30 23:50:00+00:00,2024-09-03 09:50:00+00:00,-0.0015362565071031,0.0006693661042036,0,0,0,0,0,0,2,0,19.476190476189355,16.30158730158426,1,0,1,3,1,0,0,0,0.0026027077011249,1,1,0,0,1,0,0.0002311020938598,1,1,0,0,1,0,-0.0019224592662562,0,1,0,0,0,0,0.0177552069384172,1,1,0,0,0,0,-0.0005164051061692,-0.0009585008937162,0.0,0.0,0.0,0.0,0.0,1.0,0.0,6.0,72.22222222222102,71.29629629629535,1.0,0.0,0.0,0.0,0.0,0.0,0.0,0.0,0.0016251324595769,1.0,1.0,0.0,0.0,1.0,0.0,0.0192139997183369,1.0,1.0,0.0,0.0,0.0,0.0,0.0383471939839348,1.0,1.0,0.0,0.0,0.0,0.0,0.1848091241150997,1.0,1.0,0.0,0.0,0.0,0.0,0.0100845005985719,-0.0042995119348902,1.0,1.0,0.0,1.0,0.0,0.0,0.0,1.0,62.24371717171714,64.07834847199712,0.0,0.0,0.0,0.0,0.0,0.0,0.0,1.0,0.0283781980166894,1.0,1.0,0.0,0.0,1.0,0.0,0.1282622776527318,1.0,1.0,0.0,0.0,0.0,0.0,0.2430115267523469,1.0,1.0,0.0,0.0,0.0,0.0,-1.9567204217058447,0.0,0.0,0.0,0.0,0.0,0.0,0.0848115492494223,-0.0090205584618557,1.0,1.0,0.0,0.0,0.0,0.0,0.0,4.0,78.12503664614474,72.10316931331984,1.0,0.0,0.0,0.0,0.0,0.0,0.0,0.0,0.0547222131393538,1.0,1.0,0.0,0.0,1.0,0.0,0.1267424522697396,1.0,1.0,0.0,0.0,0.0,0.0,0.0319681988370576,1.0,1.0,1.0,0.0,1.0,0.0,-4.321524107783651,0.0,0.0,0.0,0.0,0.0,0.0,0.2263542044335669,0.0058256405361436,1.0,1.0,0.0,0.0,0.0,0.0,4.0,0.0,44.07652685798388,40.79421142997306,1.0,0.0,0.0,0.0,0.0,0.0,0.0,0.0,0.1343866933973013,1.0,1.0,0.0,0.0,0.0,0.0,-0.1595937599070673,0.0,1.0,0.0,0.0,0.0,0.0,-1.9579225814277528,0.0,0.0,0.0,0.0,0.0,0.0,-4.7897643428024095,0.0,0.0,0.0,0.0,0.0,0.0,-0.7257767425240977,0.0631586459535802,0.0,0.0,0.0,0.0,0.0,0.0,4.0,0.0,26.032856087662765,26.052922117702632,0.0,0.0,0.0,0.0,0.0,0.0,0.0,0.0,-1.492074961498342,0.0,0.0,0.0,0.0,0.0,1.0,-3.699674977162172,0.0,0.0,0.0,0.0,0.0,0.0,-6.244222284291288,0.0,0.0,0.0,0.0,0.0,0.0,-1.0966044034496876,0.0,0.0,0.0,0.0,0.0,1.0,1.022194196094323,-0.9690119210807152,1.0,1.0,0.0,0.0,0.0,0.0,0.0,5.0,74.80023902381389,84.58797679616463,0.0,0.0,0.0,0.0,0.0,1.0,0.0,0.0,-5.313321221363799,0.0,0.0,0.0,1.0,0.0,1.0,-3.0112886944286483,0.0,0.0,0.0,1.0,0.0,1.0,-2.991084718935021,0.0,0.0,0.0,0.0,0.0,1.0,,0.0,0.0,0.0,0.0,0.0,0.0,-0.2149437219605223,1.0953195675145473,0.0,0.0,0.0,0.0,0.0,0.0,2.0,0.0,,,0.0,0.0,0.0,0.0,0.0,0.0,0.0,0.0,7.66265043951779,1.0,0.0,0.0,0.0,0.0,0.0,5.674249318357876,1.0,0.0,0.0,0.0,0.0,0.0,,0.0,0.0,0.0,0.0,0.0,0.0,,0.0,0.0,0.0,0.0,0.0,0.0
85,SHORT,-3.223,60,1.0,116.598,112.84,2024-09-03 13:05:00+00:00,2024-09-03 14:05:00+00:00,-0.0074683036579961,0.0027855150491498,0,0,0,0,0,0,3,0,54.08236208236193,39.50067582880052,1,0,0,0,0,0,0,0,-0.0267682070234842,0,1,0,1,0,1,-0.1039220978120919,0,1,0,1,0,1,-0.2331879599277536,0,1,0,0,0,0,-0.2500426136817413,0,1,0,0,0,0,-0.0164147161490946,-0.0171249453810112,0.0,0.0,0.0,0.0,0.0,1.0,0.0,2.0,9.744584097965234,12.322211065329393,0.0,0.0,1.0,11.0,0.0,0.0,0.0,0.0,-0.1939664280112375,0.0,1.0,0.0,0.0,0.0,1.0,-0.2512982244758908,0.0,1.0,0.0,0.0,0.0,0.0,-0.2400535201290717,0.0,1.0,0.0,0.0,0.0,0.0,-1.4889100956798078,0.0,0.0,0.0,0.0,0.0,0.0,0.048352997341175,0.00995214901357,1.0,1.0,0.0,0.0,0.0,0.0,13.0,0.0,17.502787068004224,17.914240885255186,0.0,0.0,1.0,7.0,0.0,0.0,0.0,0.0,-0.0313346639584632,0.0,1.0,0.0,0.0,0.0,1.0,-0.347860436551889,0.0,0.0,0.0,0.0,0.0,0.0,-1.1032822388957912,0.0,0.0,0.0,0.0,0.0,0.0,-2.9000062095645496,0.0,0.0,0.0,0.0,0.0,0.0,-0.1435706173909872,0.0278071986672318,0.0,0.0,0.0,0.0,0.0,0.0,5.0,0.0,15.268817204300968,18.70967741935472,0.0,0.0,1.0,2.0,0.0,0.0,0.0,0.0,-0.2425953753185232,0.0,1.0,0.0,0.0,0.0,1.0,-0.8202566938227449,0.0,0.0,0.0,0.0,0.0,1.0,-1.4231720611254846,0.0,0.0,0.0,0.0,0.0,1.0,-5.809457020654561,0.0,0.0,0.0,0.0,0.0,0.0,-0.1090301023373219,-0.0308915030037456,0.0,0.0,0.0,0.0,0.0,0.0,0.0,7.0,9.67718437075308,10.71427504087208,0.0,0.0,1.0,3.0,0.0,0.0,0.0,0.0,-0.767270483042523,0.0,0.0,0.0,0.0,0.0,1.0,-1.4798664999732696,0.0,0.0,0.0,0.0,0.0,1.0,-2.7282858348395305,0.0,0.0,0.0,0.0,0.0,0.0,-6.661567821023221,0.0,0.0,0.0,0.0,0.0,0.0,-0.2844514590885258,0.109735805475295,0.0,0.0,0.0,0.0,0.0,0.0,7.0,0.0,29.408086605538827,27.207989941412148,1.0,0.0,0.0,0.0,0.0,0.0,0.0,0.0,-0.401991551017446,0.0,0.0,0.0,0.0,0.0,1.0,-2.227119142114271,0.0,0.0,0.0,0.0,0.0,0.0,-5.219707303977608,0.0,0.0,0.0,0.0,0.0,0.0,-0.1764294281028159,0.0,1.0,0.0,1.0,0.0,1.0,0.4503205836314614,-0.5718736124628616,1.0,1.0,0.0,0.0,0.0,0.0,0.0,6.0,63.23159725084421,76.14850360456876,0.0,0.0,0.0,0.0,0.0,0.0,0.0,0.0,-3.191663632915827,0.0,0.0,0.0,0.0,0.0,1.0,-1.5789795674551983,0.0,0.0,0.0,0.0,0.0,1.0,-1.4207672640739657,0.0,0.0,0.0,0.0,0.0,1.0,,0.0,0.0,0.0,0.0,0.0,0.0,-0.1514743076757772,0.0634694142847451,0.0,0.0,0.0,0.0,0.0,0.0,3.0,0.0,,,0.0,0.0,0.0,0.0,0.0,0.0,0.0,0.0,-0.6524093452826686,0.0,0.0,0.0,1.0,0.0,1.0,-2.4319631866276383,0.0,0.0,0.0,1.0,0.0,1.0,,0.0,0.0,0.0,0.0,0.0,0.0,,0.0,0.0,0.0,0.0,0.0,0.0
86,LONG,-2.056,165,2.8,111.38,109.09,2024-09-03 15:20:00+00:00,2024-09-03 18:05:00+00:00,0.0370439924733857,0.0027670725255611,1,1,1,0,0,0,1,0,59.99715772443025,54.86009303537077,1,0,0,0,0,0,1,0,0.1671557703023869,1,1,0,0,0,0,0.357120545736505,1,0,0,0,0,0,0.5690412698577679,1,0,0,0,0,0,-2.35880799162912,0,0,0,0,0,0,0.0771065664496495,0.0941521090925852,1.0,1.0,0.0,0.0,1.0,0.0,3.0,0.0,40.0075330889841,27.08166619610103,1.0,0.0,0.0,0.0,0.0,0.0,0.0,0.0,0.388796920380583,1.0,0.0,0.0,0.0,1.0,0.0,-0.6011997621986883,0.0,0.0,0.0,0.0,0.0,0.0,-2.920270221421296,0.0,0.0,0.0,0.0,0.0,0.0,-5.216831299626638,0.0,0.0,0.0,0.0,0.0,0.0,-0.633478831734704,-0.0700165613791735,0.0,0.0,0.0,0.0,0.0,0.0,0.0,9.0,2.279049700755191,4.131327674522839,0.0,0.0,1.0,16.0,0.0,0.0,0.0,0.0,-2.4077226534708376,0.0,0.0,0.0,0.0,0.0,0.0,-4.317298553971884,0.0,0.0,0.0,0.0,0.0,0.0,-6.468674728882393,0.0,0.0,0.0,0.0,0.0,0.0,-8.380266498758836,0.0,0.0,0.0,0.0,0.0,0.0,-0.5146305273344705,-0.145471620650356,0.0,0.0,0.0,0.0,0.0,0.0,0.0,3.0,5.592109312467371,6.666222206581129,0.0,0.0,1.0,6.0,0.0,0.0,0.0,0.0,-2.585176261214998,0.0,0.0,0.0,0.0,0.0,0.0,-3.961657382377451,0.0,0.0,0.0,0.0,0.0,0.0,-5.271091622754154,0.0,0.0,0.0,0.0,0.0,0.0,-9.564150231216544,0.0,0.0,0.0,0.0,0.0,0.0,-0.3556763308391852,-0.2287284383524875,0.0,0.0,0.0,0.0,0.0,0.0,0.0,9.0,10.400257914969536,10.389842139073844,1.0,0.0,1.0,5.0,0.0,0.0,0.0,0.0,-2.9750832605118465,0.0,0.0,0.0,0.0,0.0,1.0,-4.141059837478524,0.0,0.0,0.0,0.0,0.0,0.0,-5.5343826087084524,0.0,0.0,0.0,0.0,0.0,0.0,-9.635943096588129,0.0,0.0,0.0,0.0,0.0,0.0,-0.2844514590885258,0.109735805475295,0.0,0.0,0.0,0.0,0.0,0.0,7.0,0.0,29.408086605538827,27.207989941412148,1.0,0.0,0.0,0.0,0.0,0.0,0.0,0.0,-0.401991551017446,0.0,0.0,0.0,0.0,0.0,1.0,-2.227119142114271,0.0,0.0,0.0,0.0,0.0,0.0,-5.219707303977608,0.0,0.0,0.0,0.0,0.0,0.0,-0.1764294281028159,0.0,1.0,0.0,1.0,0.0,1.0,0.4503205836314614,-0.5718736124628616,1.0,1.0,0.0,0.0,0.0,0.0,0.0,6.0,63.23159725084421,76.14850360456876,0.0,0.0,0.0,0.0,0.0,0.0,0.0,0.0,-3.191663632915827,0.0,0.0,0.0,0.0,0.0,1.0,-1.5789795674551983,0.0,0.0,0.0,0.0,0.0,1.0,-1.4207672640739657,0.0,0.0,0.0,0.0,0.0,1.0,,0.0,0.0,0.0,0.0,0.0,0.0,-0.1514743076757772,0.0634694142847451,0.0,0.0,0.0,0.0,0.0,0.0,3.0,0.0,,,0.0,0.0,0.0,0.0,0.0,0.0,0.0,0.0,-0.6524093452826686,0.0,0.0,0.0,1.0,0.0,1.0,-2.4319631866276383,0.0,0.0,0.0,1.0,0.0,1.0,,0.0,0.0,0.0,0.0,0.0,0.0,,0.0,0.0,0.0,0.0,0.0,0.0
87,LONG,-1.1,40,0.7,109.075,107.875,2024-09-03 19:05:00+00:00,2024-09-03 19:45:00+00:00,0.0686419197440512,-0.0085920011759444,1,1,0,0,0,0,0,3,85.33656957928862,89.00051592326861,0,1,0,9,0,0,0,0,0.105678040579079,1,1,0,0,0,0,0.2953755207759495,1,1,0,0,0,0,0.460958997044942,1,0,0,0,0,0,-0.6318443632039129,0,0,0,0,0,0,0.018664214716827,0.0580546306283004,1.0,1.0,0.0,0.0,1.0,0.0,3.0,0.0,29.68030179526556,19.33775516220398,1.0,0.0,0.0,0.0,1.0,0.0,0.0,0.0,0.3100730418280978,1.0,0.0,1.0,0.0,1.0,0.0,-0.1203728112240344,0.0,1.0,0.0,0.0,0.0,0.0,-0.9000473330245627,0.0,0.0,0.0,0.0,0.0,0.0,-5.665140953307935,0.0,0.0,0.0,0.0,0.0,0.0,-0.0280887664295659,-0.0285266527591676,0.0,0.0,0.0,0.0,0.0,1.0,0.0,4.0,6.916828102510165,8.435394576105468,0.0,0.0,1.0,4.0,0.0,0.0,0.0,0.0,-1.0675926219494316,0.0,0.0,0.0,0.0,0.0,0.0,-2.4973954302185786,0.0,0.0,0.0,0.0,0.0,0.0,-5.604774256905933,0.0,0.0,0.0,0.0,0.0,0.0,-8.784201216121513,0.0,0.0,0.0,0.0,0.0,0.0,-0.431988862365533,-0.0058533765591437,0.0,0.0,0.0,1.0,0.0,0.0,0.0,1.0,5.492501669698377,7.605943667010273,0.0,0.0,1.0,14.0,0.0,0.0,0.0,0.0,-1.8347556098617253,0.0,0.0,0.0,0.0,0.0,0.0,-4.112542545800725,0.0,0.0,0.0,0.0,0.0,0.0,-7.1852670428115495,0.0,0.0,0.0,0.0,0.0,0.0,-11.962106632563565,0.0,0.0,0.0,0.0,0.0,0.0,-0.8281987085272453,-0.0139915770291825,0.0,0.0,0.0,0.0,0.0,0.0,0.0,13.0,7.458660430596978,8.13485319713647,0.0,0.0,1.0,9.0,0.0,0.0,0.0,0.0,-2.52384828612648,0.0,0.0,0.0,0.0,0.0,0.0,-5.076945712089737,0.0,0.0,0.0,0.0,0.0,0.0,-7.486444409561034,0.0,0.0,0.0,0.0,0.0,0.0,-12.230706889960016,0.0,0.0,0.0,0.0,0.0,0.0,-0.3188903581862488,-0.0344388990977229,0.0,0.0,0.0,1.0,0.0,0.0,0.0,1.0,23.75997110102921,26.63201986460187,0.0,0.0,0.0,0.0,0.0,0.0,0.0,0.0,-1.6891847525093788,0.0,0.0,0.0,0.0,0.0,1.0,-3.607755090361082,0.0,0.0,0.0,0.0,0.0,0.0,-6.777738939160358,0.0,0.0,0.0,0.0,0.0,0.0,-1.8991890260155373,0.0,0.0,0.0,0.0,0.0,1.0,0.4503205836314614,-0.5718736124628616,1.0,1.0,0.0,0.0,0.0,0.0,0.0,6.0,63.23159725084421,76.14850360456876,0.0,0.0,0.0,0.0,0.0,0.0,0.0,0.0,-3.191663632915827,0.0,0.0,0.0,0.0,0.0,1.0,-1.5789795674551983,0.0,0.0,0.0,0.0,0.0,1.0,-1.4207672640739657,0.0,0.0,0.0,0.0,0.0,1.0,,0.0,0.0,0.0,0.0,0.0,0.0,-0.1514743076757772,0.0634694142847451,0.0,0.0,0.0,0.0,0.0,0.0,3.0,0.0,,,0.0,0.0,0.0,0.0,0.0,0.0,0.0,0.0,-0.6524093452826686,0.0,0.0,0.0,1.0,0.0,1.0,-2.4319631866276383,0.0,0.0,0.0,1.0,0.0,1.0,,0.0,0.0,0.0,0.0,0.0,0.0,,0.0,0.0,0.0,0.0,0.0,0.0
88,LONG,1.038,70,1.2,105.94,107.04,2024-09-04 08:40:00+00:00,2024-09-04 09:50:00+00:00,0.0460760063020142,-0.0200472754259482,1,1,0,0,0,0,0,5,77.91099361597794,82.60287060747318,0,0,0,0,0,0,0,0,0.0201797872427247,1,1,1,0,1,0,0.2984533256472107,1,1,0,0,0,0,0.6345237553331319,1,0,0,0,0,0,0.1006524627425139,1,1,0,0,0,0,0.0630768421029378,0.0829179353096928,1.0,1.0,0.0,0.0,1.0,0.0,4.0,0.0,68.15891472868243,48.36563307493572,1.0,0.0,0.0,0.0,0.0,0.0,0.0,0.0,0.7711546065298324,1.0,0.0,0.0,0.0,0.0,0.0,0.6340653558932269,1.0,0.0,0.0,0.0,0.0,0.0,0.3920014610722964,1.0,0.0,1.0,0.0,1.0,0.0,-4.535948775068791,0.0,0.0,0.0,0.0,0.0,0.0,0.1091796411208632,-0.0361593281351955,1.0,1.0,0.0,0.0,0.0,0.0,0.0,3.0,14.38128654970758,17.5173489278751,0.0,0.0,1.0,3.0,0.0,0.0,0.0,0.0,-0.6998771732919203,0.0,0.0,0.0,0.0,0.0,0.0,-1.614726231103327,0.0,0.0,0.0,0.0,0.0,0.0,-4.212001991102935,0.0,0.0,0.0,0.0,0.0,0.0,-10.303359586125518,0.0,0.0,0.0,0.0,0.0,0.0,0.0345084902988626,0.0229387452498239,1.0,1.0,0.0,0.0,0.0,0.0,7.0,0.0,9.086277326831826,11.315791712369268,0.0,0.0,1.0,26.0,0.0,0.0,0.0,0.0,-0.922828811255748,0.0,0.0,0.0,0.0,0.0,0.0,-3.0624960306469684,0.0,0.0,0.0,0.0,0.0,0.0,-7.683260987207996,0.0,0.0,0.0,0.0,0.0,0.0,-13.748848965087172,0.0,0.0,0.0,0.0,0.0,0.0,-0.6785553868574952,0.0756971843539382,0.0,0.0,0.0,0.0,0.0,0.0,3.0,0.0,5.434456928838937,5.656556694786335,0.0,0.0,1.0,15.0,0.0,0.0,0.0,0.0,-2.0800692385668755,0.0,0.0,0.0,0.0,0.0,0.0,-5.506079452800383,0.0,0.0,0.0,0.0,0.0,0.0,-9.831277108705049,0.0,0.0,0.0,0.0,0.0,0.0,-15.206133804564123,0.0,0.0,0.0,0.0,0.0,0.0,-1.366125405487597,-0.3079761138175589,0.0,0.0,0.0,0.0,0.0,0.0,0.0,4.0,3.7039569986161336,9.070098436146196,0.0,0.0,1.0,3.0,0.0,0.0,0.0,0.0,-6.591331522728207,0.0,0.0,0.0,0.0,0.0,0.0,-10.556612118446036,0.0,0.0,0.0,0.0,0.0,0.0,-15.034757907153809,0.0,0.0,0.0,0.0,0.0,0.0,-11.23491486537194,0.0,0.0,0.0,0.0,0.0,0.0,0.1052636261496293,-0.345056957481832,1.0,1.0,0.0,0.0,0.0,0.0,0.0,7.0,48.46431839034423,62.16538488833411,0.0,0.0,0.0,0.0,0.0,0.0,0.0,0.0,-2.023801341990098,0.0,0.0,0.0,0.0,0.0,1.0,-0.8774195698066076,0.0,0.0,0.0,0.0,0.0,1.0,-0.6237209669445988,0.0,0.0,0.0,0.0,0.0,1.0,,0.0,0.0,0.0,0.0,0.0,0.0,-0.1514743076757772,0.0634694142847451,0.0,0.0,0.0,0.0,0.0,0.0,3.0,0.0,,,0.0,0.0,0.0,0.0,0.0,0.0,0.0,0.0,-0.6524093452826686,0.0,0.0,0.0,1.0,0.0,1.0,-2.4319631866276383,0.0,0.0,0.0,1.0,0.0,1.0,,0.0,0.0,0.0,0.0,0.0,0.0,,0.0,0.0,0.0,0.0,0.0,0.0
89,LONG,2.555,110,1.8,105.48,108.175,2024-09-05 13:05:00+00:00,2024-09-05 14:55:00+00:00,0.0223167354775244,-0.0144971401187153,1,1,0,0,0,0,0,2,77.86698862935675,85.92898458648267,0,0,0,0,0,1,0,0,-0.0403302834019991,0,1,0,1,0,1,0.0869793583337609,1,1,0,0,0,0,0.3691124542463291,1,0,0,0,0,0,-0.6893583040721278,0,0,0,0,0,0,0.0069840214608716,0.0238838623239439,1.0,1.0,0.0,0.0,1.0,0.0,4.0,0.0,35.64099585704907,31.059227423497635,1.0,0.0,0.0,0.0,0.0,0.0,0.0,0.0,0.0465921472266286,1.0,1.0,0.0,0.0,1.0,0.0,-0.2938153583926038,0.0,1.0,0.0,0.0,0.0,0.0,-0.9327668099526928,0.0,0.0,0.0,0.0,0.0,0.0,-1.6053138809635563,0.0,0.0,0.0,0.0,0.0,0.0,-0.1681750087722259,-0.0485341402873545,0.0,0.0,0.0,0.0,0.0,0.0,0.0,5.0,24.6209066377447,17.600438352283522,1.0,0.0,0.0,0.0,0.0,0.0,0.0,0.0,-0.8971202438615621,0.0,0.0,0.0,0.0,0.0,0.0,-1.3447599892818416,0.0,0.0,0.0,0.0,0.0,0.0,-1.8105498710202093,0.0,0.0,0.0,0.0,0.0,0.0,-5.762831703052767,0.0,0.0,0.0,0.0,0.0,0.0,-0.0693446023153275,-0.053858221494234,0.0,0.0,0.0,0.0,0.0,0.0,0.0,2.0,33.161290322580726,38.07874096937832,0.0,0.0,0.0,0.0,0.0,0.0,0.0,0.0,-0.7470377469858203,0.0,0.0,0.0,0.0,0.0,1.0,-1.0456526216985034,0.0,0.0,0.0,0.0,0.0,1.0,-0.9930611403722344,0.0,0.0,0.0,0.0,0.0,1.0,-9.967336456305503,0.0,0.0,0.0,0.0,0.0,0.0,0.2725975681118013,-0.0526501184487553,1.0,1.0,0.0,0.0,0.0,0.0,0.0,4.0,29.753346224602407,41.27221513099295,0.0,0.0,0.0,0.0,0.0,0.0,0.0,0.0,-0.5057872753598962,0.0,0.0,0.0,0.0,0.0,1.0,-1.1563319450252214,0.0,0.0,0.0,0.0,0.0,1.0,-4.428377344977164,0.0,0.0,0.0,0.0,0.0,0.0,-13.202554812210815,0.0,0.0,0.0,0.0,0.0,0.0,-0.4757425892844678,0.2638650744376685,0.0,0.0,0.0,0.0,0.0,0.0,5.0,0.0,17.119113573407194,17.130311998297824,0.0,0.0,1.0,9.0,0.0,0.0,0.0,0.0,-0.5709702393683685,0.0,0.0,0.0,0.0,0.0,0.0,-4.825786965357944,0.0,0.0,0.0,0.0,0.0,0.0,-11.503069858164553,0.0,0.0,0.0,0.0,0.0,0.0,-8.886807944149968,0.0,0.0,0.0,0.0,0.0,0.0,-1.0101399375641844,-1.1154035637138138,0.0,0.0,0.0,0.0,0.0,1.0,0.0,8.0,32.579200932803595,48.09170552466401,0.0,0.0,0.0,0.0,0.0,0.0,0.0,0.0,-10.738284274756094,0.0,0.0,0.0,0.0,0.0,1.0,-11.384564816767687,0.0,0.0,0.0,0.0,0.0,1.0,-11.840247953756965,0.0,0.0,0.0,0.0,0.0,0.0,,0.0,0.0,0.0,0.0,0.0,0.0,-0.1514743076757772,0.0634694142847451,0.0,0.0,0.0,0.0,0.0,0.0,3.0,0.0,,,0.0,0.0,0.0,0.0,0.0,0.0,0.0,0.0,-0.6524093452826686,0.0,0.0,0.0,1.0,0.0,1.0,-2.4319631866276383,0.0,0.0,0.0,1.0,0.0,1.0,,0.0,0.0,0.0,0.0,0.0,0.0,,0.0,0.0,0.0,0.0,0.0,0.0
90,LONG,-1.655,30,0.5,106.35,104.59,2024-09-05 23:50:00+00:00,2024-09-06 08:20:00+00:00,0.0036441631214042,-0.0040258633766106,1,1,0,0,0,0,0,2,72.38636363636176,73.45959595959387,0,0,0,0,0,0,0,0,-0.0163125403216012,0,1,0,1,0,1,0.0146250125125043,1,1,0,0,0,0,0.0612241088407198,1,1,0,0,0,0,-0.118821035998119,0,1,0,0,0,0,0.0072308122438131,0.0092939848740428,1.0,1.0,0.0,0.0,1.0,0.0,4.0,0.0,46.2357425772064,32.53072615691905,1.0,0.0,0.0,0.0,0.0,0.0,0.0,0.0,0.0562236429411659,1.0,1.0,0.0,0.0,0.0,0.0,-0.0137361122189409,0.0,1.0,0.0,0.0,0.0,1.0,-0.1818872381702974,0.0,1.0,0.0,0.0,0.0,0.0,-0.4192823787716605,0.0,0.0,0.0,0.0,0.0,0.0,-0.0426517337183042,-0.001603682923924,0.0,0.0,0.0,0.0,0.0,0.0,0.0,3.0,15.333333333333371,19.69373219373233,0.0,0.0,1.0,2.0,0.0,0.0,0.0,0.0,-0.1681342320002906,0.0,1.0,0.0,0.0,0.0,0.0,-0.3574298952517192,0.0,0.0,0.0,0.0,0.0,0.0,-0.5292101983595356,0.0,0.0,0.0,0.0,0.0,0.0,-2.4012423454128893,0.0,0.0,0.0,0.0,0.0,0.0,-0.0617585720386621,-0.0086427017064833,0.0,0.0,0.0,0.0,0.0,0.0,0.0,6.0,25.68854131247884,23.88351827883669,1.0,0.0,0.0,0.0,0.0,0.0,0.0,0.0,-0.2465524300790414,0.0,1.0,0.0,0.0,0.0,0.0,-0.4129898279465997,0.0,0.0,0.0,0.0,0.0,0.0,-0.6760194071363127,0.0,0.0,0.0,0.0,0.0,0.0,-7.687847776497221,0.0,0.0,0.0,0.0,0.0,0.0,0.159797975896947,-0.0361928491549178,1.0,1.0,0.0,0.0,0.0,0.0,0.0,4.0,47.96599878567088,51.94292653309045,0.0,0.0,0.0,0.0,0.0,0.0,0.0,0.0,-0.2838070169235697,0.0,1.0,0.0,0.0,0.0,1.0,-0.5390465770899414,0.0,0.0,0.0,0.0,0.0,1.0,-1.9781637650872956,0.0,0.0,0.0,0.0,0.0,0.0,-12.10243965193983,0.0,0.0,0.0,0.0,0.0,0.0,-0.1660514359264624,0.1626250067767891,0.0,0.0,0.0,0.0,0.0,0.0,7.0,0.0,18.198150893321387,17.737233236165352,1.0,0.0,1.0,11.0,0.0,0.0,0.0,0.0,-0.8962403053611459,0.0,0.0,0.0,0.0,0.0,1.0,-4.780794605879144,0.0,0.0,0.0,0.0,0.0,0.0,-11.75083801062734,0.0,0.0,0.0,0.0,0.0,0.0,-9.5578698624732,0.0,0.0,0.0,0.0,0.0,0.0,-1.0101399375641844,-1.1154035637138138,0.0,0.0,0.0,0.0,0.0,1.0,0.0,8.0,32.579200932803595,48.09170552466401,0.0,0.0,0.0,0.0,0.0,0.0,0.0,0.0,-10.738284274756094,0.0,0.0,0.0,0.0,0.0,1.0,-11.384564816767687,0.0,0.0,0.0,0.0,0.0,1.0,-11.840247953756965,0.0,0.0,0.0,0.0,0.0,0.0,,0.0,0.0,0.0,0.0,0.0,0.0,-0.1514743076757772,0.0634694142847451,0.0,0.0,0.0,0.0,0.0,0.0,3.0,0.0,,,0.0,0.0,0.0,0.0,0.0,0.0,0.0,0.0,-0.6524093452826686,0.0,0.0,0.0,1.0,0.0,1.0,-2.4319631866276383,0.0,0.0,0.0,1.0,0.0,1.0,,0.0,0.0,0.0,0.0,0.0,0.0,,0.0,0.0,0.0,0.0,0.0,0.0
91,SHORT,2.011,30,0.5,105.91,108.04,2024-09-06 12:25:00+00:00,2024-09-06 12:55:00+00:00,0.0105025871672638,0.0113530679166984,1,1,0,0,1,0,11,0,71.32248282690709,54.02902311911058,1,0,0,0,0,0,0,0,0.1130142542065272,1,1,0,0,1,0,0.1036988417740177,1,1,0,0,1,0,0.0803212851405563,1,1,1,0,1,0,0.5191528089010082,1,0,0,0,0,0,-0.0095680796483674,-0.0164369042999812,0.0,0.0,0.0,0.0,0.0,1.0,0.0,3.0,66.64191419141913,72.5814081408141,0.0,0.0,0.0,0.0,0.0,0.0,0.0,0.0,-0.0964135403889246,0.0,1.0,0.0,0.0,0.0,0.0,0.03181841518677,1.0,1.0,0.0,0.0,1.0,0.0,0.4381227040067415,1.0,0.0,0.0,0.0,0.0,0.0,-0.6493204710566336,0.0,0.0,0.0,0.0,0.0,0.0,0.1527589912441551,0.0201681095856473,1.0,1.0,0.0,0.0,0.0,0.0,12.0,0.0,85.31832486080832,77.62896351432983,1.0,1.0,0.0,2.0,0.0,0.0,0.0,0.0,0.3726789413156003,1.0,0.0,0.0,0.0,1.0,0.0,0.3664156382126254,1.0,0.0,0.0,0.0,1.0,0.0,-0.2279264782225833,0.0,1.0,0.0,0.0,0.0,1.0,-1.5286767189011303,0.0,0.0,0.0,0.0,0.0,0.0,-0.0404825260875024,0.0661000665419247,0.0,0.0,0.0,0.0,0.0,0.0,5.0,0.0,36.93728188690402,29.65487230165769,1.0,0.0,0.0,0.0,0.0,0.0,0.0,0.0,0.3337219766244022,1.0,0.0,1.0,0.0,1.0,0.0,-0.0894686040683398,0.0,1.0,0.0,0.0,0.0,0.0,-0.6655604523216442,0.0,0.0,0.0,0.0,0.0,0.0,-7.20631912255314,0.0,0.0,0.0,0.0,0.0,0.0,-0.0802709654251369,0.0083462914451203,0.0,0.0,1.0,0.0,0.0,0.0,1.0,0.0,13.62917339213736,18.07453184771966,0.0,0.0,1.0,2.0,0.0,0.0,0.0,0.0,-0.3979834863993016,0.0,0.0,0.0,0.0,0.0,1.0,-1.0749126274368035,0.0,0.0,0.0,0.0,0.0,0.0,-1.8770013723429728,0.0,0.0,0.0,0.0,0.0,0.0,-12.675824637881323,0.0,0.0,0.0,0.0,0.0,0.0,0.1849057815039732,0.048490046462077,1.0,1.0,0.0,0.0,0.0,0.0,10.0,0.0,17.034125304035573,18.16006215051011,0.0,0.0,1.0,14.0,0.0,0.0,0.0,0.0,-1.146016622568158,0.0,0.0,0.0,0.0,0.0,0.0,-4.410150407205383,0.0,0.0,0.0,0.0,0.0,0.0,-11.518099174785174,0.0,0.0,0.0,0.0,0.0,0.0,-9.980412725142603,0.0,0.0,0.0,0.0,0.0,0.0,-1.5809748284821306,-0.5708348909179461,0.0,0.0,0.0,0.0,0.0,0.0,0.0,9.0,19.016395271343807,33.35330486483054,0.0,0.0,1.0,1.0,0.0,0.0,0.0,0.0,-7.653897661338026,0.0,0.0,0.0,0.0,0.0,0.0,-9.437724292222272,0.0,0.0,0.0,0.0,0.0,0.0,-10.59845062003872,0.0,0.0,0.0,0.0,0.0,0.0,,0.0,0.0,0.0,0.0,0.0,0.0,-0.1514743076757772,0.0634694142847451,0.0,0.0,0.0,0.0,0.0,0.0,3.0,0.0,,,0.0,0.0,0.0,0.0,0.0,0.0,0.0,0.0,-0.6524093452826686,0.0,0.0,0.0,1.0,0.0,1.0,-2.4319631866276383,0.0,0.0,0.0,1.0,0.0,1.0,,0.0,0.0,0.0,0.0,0.0,0.0,,0.0,0.0,0.0,0.0,0.0,0.0
92,SHORT,-2.586,110,1.8,105.2,102.48,2024-09-06 13:40:00+00:00,2024-09-06 15:30:00+00:00,-0.2762341611338852,-0.0321697532871994,0,0,0,0,0,0,0,5,2.70510641165536,2.6469734030278738,1,0,1,12,1,0,0,0,-1.0521932153695075,0,0,0,0,0,0,-1.822384165176648,0,0,0,0,0,0,-2.498098805609119,0,0,0,0,0,0,-1.0729443205852869,0,0,0,0,0,0,-0.0250358523146719,-0.0938386783928105,0.0,0.0,0.0,0.0,0.0,1.0,0.0,7.0,68.95424836601312,81.73760942051068,0.0,0.0,0.0,0.0,0.0,0.0,0.0,0.0,-0.60409875718795,0.0,0.0,0.0,0.0,0.0,1.0,-0.0875466785208147,0.0,1.0,0.0,1.0,0.0,1.0,1.0542424222372888,1.0,0.0,0.0,0.0,0.0,0.0,0.6220835251986232,1.0,0.0,0.0,0.0,0.0,0.0,0.3770312103003179,0.0383086355395999,1.0,1.0,0.0,0.0,0.0,0.0,4.0,0.0,89.91017370752475,81.32594814167123,1.0,1.0,0.0,2.0,0.0,0.0,0.0,0.0,1.1614197280822378,1.0,0.0,0.0,0.0,0.0,0.0,1.834384250812908,1.0,0.0,0.0,0.0,0.0,0.0,1.8293961590215224,1.0,0.0,0.0,0.0,0.0,0.0,0.7427660793240677,1.0,0.0,0.0,0.0,0.0,0.0,0.2474422024508271,0.162962139020081,1.0,1.0,0.0,0.0,0.0,0.0,8.0,0.0,79.98980342078802,65.06466721434582,1.0,0.0,0.0,0.0,0.0,0.0,0.0,0.0,1.8786264387602905,1.0,0.0,0.0,0.0,1.0,0.0,2.0310021655936468,1.0,0.0,0.0,0.0,1.0,0.0,1.661967251469218,1.0,0.0,1.0,0.0,1.0,0.0,-4.72679538219911,0.0,0.0,0.0,0.0,0.0,0.0,-0.0208330084773771,0.0594379569477597,0.0,0.0,0.0,0.0,0.0,0.0,2.0,0.0,27.20430107526886,19.06734380298535,1.0,0.0,0.0,0.0,1.0,0.0,0.0,0.0,0.197923708367109,1.0,1.0,1.0,0.0,1.0,0.0,-0.3881024863446899,0.0,0.0,0.0,0.0,0.0,1.0,-1.0384262002745803,0.0,0.0,0.0,0.0,0.0,0.0,-12.02252857370288,0.0,0.0,0.0,0.0,0.0,0.0,0.1849057815039732,0.048490046462077,1.0,1.0,0.0,0.0,0.0,0.0,10.0,0.0,17.034125304035573,18.16006215051011,0.0,0.0,1.0,14.0,0.0,0.0,0.0,0.0,-1.146016622568158,0.0,0.0,0.0,0.0,0.0,0.0,-4.410150407205383,0.0,0.0,0.0,0.0,0.0,0.0,-11.518099174785174,0.0,0.0,0.0,0.0,0.0,0.0,-9.980412725142603,0.0,0.0,0.0,0.0,0.0,0.0,-1.5809748284821306,-0.5708348909179461,0.0,0.0,0.0,0.0,0.0,0.0,0.0,9.0,19.016395271343807,33.35330486483054,0.0,0.0,1.0,1.0,0.0,0.0,0.0,0.0,-7.653897661338026,0.0,0.0,0.0,0.0,0.0,0.0,-9.437724292222272,0.0,0.0,0.0,0.0,0.0,0.0,-10.59845062003872,0.0,0.0,0.0,0.0,0.0,0.0,,0.0,0.0,0.0,0.0,0.0,0.0,-0.1514743076757772,0.0634694142847451,0.0,0.0,0.0,0.0,0.0,0.0,3.0,0.0,,,0.0,0.0,0.0,0.0,0.0,0.0,0.0,0.0,-0.6524093452826686,0.0,0.0,0.0,1.0,0.0,1.0,-2.4319631866276383,0.0,0.0,0.0,1.0,0.0,1.0,,0.0,0.0,0.0,0.0,0.0,0.0,,0.0,0.0,0.0,0.0,0.0,0.0
