mov_id,direction,pct_move,duration_bars,duration_hrs,price_start,price_end,ts_start,ts_end,1M_macd_hist,1M_macd_hist_delta,1M_macd_above_zero,1M_macd_above_sig,1M_macd_e1_bull,1M_macd_e1_bear,1M_macd_e2_bull,1M_macd_e2_bear,1M_macd_hist_bars_rising,1M_macd_hist_bars_falling,1M_stoch_K,1M_stoch_D,1M_stoch_KD_above,1M_stoch_ob,1M_stoch_os,1M_stoch_bars_extreme,1M_stoch_A_bull,1M_stoch_A_bear,1M_stoch_B_bull,1M_stoch_B_bear,1M_dist_ema8_pct,1M_above_ema8,1M_near_ema8,1M_cross_bull_ema8,1M_cross_bear_ema8,1M_reject_bull_ema8,1M_reject_bear_ema8,1M_dist_ema21_pct,1M_above_ema21,1M_near_ema21,1M_cross_bull_ema21,1M_cross_bear_ema21,1M_reject_bull_ema21,1M_reject_bear_ema21,1M_dist_sma50_pct,1M_above_sma50,1M_near_sma50,1M_cross_bull_sma50,1M_cross_bear_sma50,1M_reject_bull_sma50,1M_reject_bear_sma50,1M_dist_sma200_pct,1M_above_sma200,1M_near_sma200,1M_cross_bull_sma200,1M_cross_bear_sma200,1M_reject_bull_sma200,1M_reject_bear_sma200,5M_macd_hist,5M_macd_hist_delta,5M_macd_above_zero,5M_macd_above_sig,5M_macd_e1_bull,5M_macd_e1_bear,5M_macd_e2_bull,5M_macd_e2_bear,5M_macd_hist_bars_rising,5M_macd_hist_bars_falling,5M_stoch_K,5M_stoch_D,5M_stoch_KD_above,5M_stoch_ob,5M_stoch_os,5M_stoch_bars_extreme,5M_stoch_A_bull,5M_stoch_A_bear,5M_stoch_B_bull,5M_stoch_B_bear,5M_dist_ema8_pct,5M_above_ema8,5M_near_ema8,5M_cross_bull_ema8,5M_cross_bear_ema8,5M_reject_bull_ema8,5M_reject_bear_ema8,5M_dist_ema21_pct,5M_above_ema21,5M_near_ema21,5M_cross_bull_ema21,5M_cross_bear_ema21,5M_reject_bull_ema21,5M_reject_bear_ema21,5M_dist_sma50_pct,5M_above_sma50,5M_near_sma50,5M_cross_bull_sma50,5M_cross_bear_sma50,5M_reject_bull_sma50,5M_reject_bear_sma50,5M_dist_sma200_pct,5M_above_sma200,5M_near_sma200,5M_cross_bull_sma200,5M_cross_bear_sma200,5M_reject_bull_sma200,5M_reject_bear_sma200,15M_macd_hist,15M_macd_hist_delta,15M_macd_above_zero,15M_macd_above_sig,15M_macd_e1_bull,15M_macd_e1_bear,15M_macd_e2_bull,15M_macd_e2_bear,15M_macd_hist_bars_rising,15M_macd_hist_bars_falling,15M_stoch_K,15M_stoch_D,15M_stoch_KD_above,15M_stoch_ob,15M_stoch_os,15M_stoch_bars_extreme,15M_stoch_A_bull,15M_stoch_A_bear,15M_stoch_B_bull,15M_stoch_B_bear,15M_dist_ema8_pct,15M_above_ema8,15M_near_ema8,15M_cross_bull_ema8,15M_cross_bear_ema8,15M_reject_bull_ema8,15M_reject_bear_ema8,15M_dist_ema21_pct,15M_above_ema21,15M_near_ema21,15M_cross_bull_ema21,15M_cross_bear_ema21,15M_reject_bull_ema21,15M_reject_bear_ema21,15M_dist_sma50_pct,15M_above_sma50,15M_near_sma50,15M_cross_bull_sma50,15M_cross_bear_sma50,15M_reject_bull_sma50,15M_reject_bear_sma50,15M_dist_sma200_pct,15M_above_sma200,15M_near_sma200,15M_cross_bull_sma200,15M_cross_bear_sma200,15M_reject_bull_sma200,15M_reject_bear_sma200,30M_macd_hist,30M_macd_hist_delta,30M_macd_above_zero,30M_macd_above_sig,30M_macd_e1_bull,30M_macd_e1_bear,30M_macd_e2_bull,30M_macd_e2_bear,30M_macd_hist_bars_rising,30M_macd_hist_bars_falling,30M_stoch_K,30M_stoch_D,30M_stoch_KD_above,30M_stoch_ob,30M_stoch_os,30M_stoch_bars_extreme,30M_stoch_A_bull,30M_stoch_A_bear,30M_stoch_B_bull,30M_stoch_B_bear,30M_dist_ema8_pct,30M_above_ema8,30M_near_ema8,30M_cross_bull_ema8,30M_cross_bear_ema8,30M_reject_bull_ema8,30M_reject_bear_ema8,30M_dist_ema21_pct,30M_above_ema21,30M_near_ema21,30M_cross_bull_ema21,30M_cross_bear_ema21,30M_reject_bull_ema21,30M_reject_bear_ema21,30M_dist_sma50_pct,30M_above_sma50,30M_near_sma50,30M_cross_bull_sma50,30M_cross_bear_sma50,30M_reject_bull_sma50,30M_reject_bear_sma50,30M_dist_sma200_pct,30M_above_sma200,30M_near_sma200,30M_cross_bull_sma200,30M_cross_bear_sma200,30M_reject_bull_sma200,30M_reject_bear_sma200,1H_macd_hist,1H_macd_hist_delta,1H_macd_above_zero,1H_macd_above_sig,1H_macd_e1_bull,1H_macd_e1_bear,1H_macd_e2_bull,1H_macd_e2_bear,1H_macd_hist_bars_rising,1H_macd_hist_bars_falling,1H_stoch_K,1H_stoch_D,1H_stoch_KD_above,1H_stoch_ob,1H_stoch_os,1H_stoch_bars_extreme,1H_stoch_A_bull,1H_stoch_A_bear,1H_stoch_B_bull,1H_stoch_B_bear,1H_dist_ema8_pct,1H_above_ema8,1H_near_ema8,1H_cross_bull_ema8,1H_cross_bear_ema8,1H_reject_bull_ema8,1H_reject_bear_ema8,1H_dist_ema21_pct,1H_above_ema21,1H_near_ema21,1H_cross_bull_ema21,1H_cross_bear_ema21,1H_reject_bull_ema21,1H_reject_bear_ema21,1H_dist_sma50_pct,1H_above_sma50,1H_near_sma50,1H_cross_bull_sma50,1H_cross_bear_sma50,1H_reject_bull_sma50,1H_reject_bear_sma50,1H_dist_sma200_pct,1H_above_sma200,1H_near_sma200,1H_cross_bull_sma200,1H_cross_bear_sma200,1H_reject_bull_sma200,1H_reject_bear_sma200,4H_macd_hist,4H_macd_hist_delta,4H_macd_above_zero,4H_macd_above_sig,4H_macd_e1_bull,4H_macd_e1_bear,4H_macd_e2_bull,4H_macd_e2_bear,4H_macd_hist_bars_rising,4H_macd_hist_bars_falling,4H_stoch_K,4H_stoch_D,4H_stoch_KD_above,4H_stoch_ob,4H_stoch_os,4H_stoch_bars_extreme,4H_stoch_A_bull,4H_stoch_A_bear,4H_stoch_B_bull,4H_stoch_B_bear,4H_dist_ema8_pct,4H_above_ema8,4H_near_ema8,4H_cross_bull_ema8,4H_cross_bear_ema8,4H_reject_bull_ema8,4H_reject_bear_ema8,4H_dist_ema21_pct,4H_above_ema21,4H_near_ema21,4H_cross_bull_ema21,4H_cross_bear_ema21,4H_reject_bull_ema21,4H_reject_bear_ema21,4H_dist_sma50_pct,4H_above_sma50,4H_near_sma50,4H_cross_bull_sma50,4H_cross_bear_sma50,4H_reject_bull_sma50,4H_reject_bear_sma50,4H_dist_sma200_pct,4H_above_sma200,4H_near_sma200,4H_cross_bull_sma200,4H_cross_bear_sma200,4H_reject_bull_sma200,4H_reject_bear_sma200,1D_macd_hist,1D_macd_hist_delta,1D_macd_above_zero,1D_macd_above_sig,1D_macd_e1_bull,1D_macd_e1_bear,1D_macd_e2_bull,1D_macd_e2_bear,1D_macd_hist_bars_rising,1D_macd_hist_bars_falling,1D_stoch_K,1D_stoch_D,1D_stoch_KD_above,1D_stoch_ob,1D_stoch_os,1D_stoch_bars_extreme,1D_stoch_A_bull,1D_stoch_A_bear,1D_stoch_B_bull,1D_stoch_B_bear,1D_dist_ema8_pct,1D_above_ema8,1D_near_ema8,1D_cross_bull_ema8,1D_cross_bear_ema8,1D_reject_bull_ema8,1D_reject_bear_ema8,1D_dist_ema21_pct,1D_above_ema21,1D_near_ema21,1D_cross_bull_ema21,1D_cross_bear_ema21,1D_reject_bull_ema21,1D_reject_bear_ema21,1D_dist_sma50_pct,1D_above_sma50,1D_near_sma50,1D_cross_bull_sma50,1D_cross_bear_sma50,1D_reject_bull_sma50,1D_reject_bear_sma50,1D_dist_sma200_pct,1D_above_sma200,1D_near_sma200,1D_cross_bull_sma200,1D_cross_bear_sma200,1D_reject_bull_sma200,1D_reject_bear_sma200,1W_macd_hist,1W_macd_hist_delta,1W_macd_above_zero,1W_macd_above_sig,1W_macd_e1_bull,1W_macd_e1_bear,1W_macd_e2_bull,1W_macd_e2_bear,1W_macd_hist_bars_rising,1W_macd_hist_bars_falling,1W_stoch_K,1W_stoch_D,1W_stoch_KD_above,1W_stoch_ob,1W_stoch_os,1W_stoch_bars_extreme,1W_stoch_A_bull,1W_stoch_A_bear,1W_stoch_B_bull,1W_stoch_B_bear,1W_dist_ema8_pct,1W_above_ema8,1W_near_ema8,1W_cross_bull_ema8,1W_cross_bear_ema8,1W_reject_bull_ema8,1W_reject_bear_ema8,1W_dist_ema21_pct,1W_above_ema21,1W_near_ema21,1W_cross_bull_ema21,1W_cross_bear_ema21,1W_reject_bull_ema21,1W_reject_bear_ema21,1W_dist_sma50_pct,1W_above_sma50,1W_near_sma50,1W_cross_bull_sma50,1W_cross_bear_sma50,1W_reject_bull_sma50,1W_reject_bear_sma50,1W_dist_sma200_pct,1W_above_sma200,1W_near_sma200,1W_cross_bull_sma200,1W_cross_bear_sma200,1W_reject_bull_sma200,1W_reject_bear_sma200
0,SHORT,1.247,30,0.5,133.08,134.74,2024-06-18 15:15:00+00:00,2024-06-18 15:45:00+00:00,0.0969918848740024,0.0061154107422392,1,1,0,0,0,0,2,0,95.6120981371755,95.62490626574008,0,1,0,10,0,0,0,0,0.2976972833372813,1,1,0,0,0,0,0.5972350233875416,1,0,0,0,0,0,0.947393611568856,1,0,0,0,0,0,1.6940669998990217,1,0,0,0,0,0,0.0124934921815103,0.0418256467503171,1.0,1.0,0.0,0.0,1.0,0.0,2.0,0.0,89.67018575773625,82.00918523652842,1.0,1.0,0.0,2.0,0.0,0.0,0.0,0.0,0.4657832472270522,1.0,0.0,0.0,0.0,0.0,0.0,0.7456375540050095,1.0,0.0,0.0,0.0,0.0,0.0,1.3765048503543542,1.0,0.0,0.0,0.0,0.0,0.0,,0.0,0.0,0.0,0.0,0.0,0.0,0.1620837312624813,-0.0083477171446403,1.0,1.0,0.0,0.0,0.0,0.0,0.0,2.0,85.59358394666538,82.84321814801405,1.0,1.0,0.0,6.0,0.0,0.0,0.0,0.0,0.337246759566176,1.0,0.0,0.0,0.0,0.0,0.0,0.788764935027842,1.0,0.0,0.0,0.0,0.0,0.0,,0.0,0.0,0.0,0.0,0.0,0.0,,0.0,0.0,0.0,0.0,0.0,0.0,0.2011242630713381,0.0489583090930089,1.0,1.0,0.0,0.0,0.0,0.0,3.0,0.0,,,0.0,0.0,0.0,0.0,0.0,0.0,0.0,0.0,0.7604096546260863,1.0,0.0,0.0,0.0,0.0,0.0,1.1432236751096905,1.0,0.0,0.0,0.0,0.0,0.0,,0.0,0.0,0.0,0.0,0.0,0.0,,0.0,0.0,0.0,0.0,0.0,0.0,0.1120242339273029,0.0969845528699367,1.0,1.0,1.0,0.0,0.0,0.0,1.0,0.0,,,0.0,0.0,0.0,0.0,0.0,0.0,0.0,0.0,0.9287210791604418,1.0,0.0,1.0,0.0,1.0,0.0,1.1144070685145044,1.0,0.0,1.0,0.0,1.0,0.0,,0.0,0.0,0.0,0.0,0.0,0.0,,0.0,0.0,0.0,0.0,0.0,0.0,0.0,,0.0,0.0,0.0,0.0,0.0,0.0,0.0,0.0,,,0.0,0.0,0.0,0.0,0.0,0.0,0.0,0.0,0.0,0.0,1.0,0.0,0.0,0.0,0.0,0.0,0.0,1.0,0.0,0.0,0.0,0.0,,0.0,0.0,0.0,0.0,0.0,0.0,,0.0,0.0,0.0,0.0,0.0,0.0,,,,,,,,,,,,,,,,,,,,,,,,,,,,,,,,,,,,,,,,,,,,,,,,,,,,,,,,,,,,,,,,,,,,,,,,,,,,,,,,,,,,,,,,,,,,,,,,
1,SHORT,3.031,70,1.2,136.5603,140.7,2024-06-18 22:55:00+00:00,2024-06-20 08:05:00+00:00,0.4447277172907331,-0.0392724322462502,1,1,0,0,0,0,0,3,89.07810797109693,90.22144069240971,0,1,0,5,0,0,0,0,0.7079311654962773,1,0,0,0,0,0,1.7895364683452355,1,0,0,0,0,0,2.843070742349491,1,0,0,0,0,0,3.142616233793031,1,0,0,0,0,0,0.2647835041754686,0.2844608616586122,1.0,1.0,0.0,0.0,1.0,0.0,5.0,0.0,75.16725550627767,63.01801598636983,1.0,0.0,0.0,0.0,0.0,0.0,0.0,0.0,2.505652949798168,1.0,0.0,0.0,0.0,0.0,0.0,2.9440739339889865,1.0,0.0,0.0,0.0,0.0,0.0,3.2938664562943267,1.0,0.0,0.0,0.0,0.0,0.0,,0.0,0.0,0.0,0.0,0.0,0.0,-0.0978648426421072,0.001269216598721,0.0,0.0,1.0,0.0,0.0,0.0,1.0,0.0,65.68637595466778,73.11226214247154,0.0,0.0,0.0,0.0,0.0,0.0,0.0,0.0,0.0501524466642983,1.0,1.0,1.0,0.0,1.0,0.0,0.2993103870581329,1.0,1.0,0.0,0.0,0.0,0.0,1.3215885864231685,1.0,0.0,0.0,0.0,0.0,0.0,,0.0,0.0,0.0,0.0,0.0,0.0,-0.0323876830283604,-0.0293582886704584,0.0,0.0,0.0,0.0,0.0,0.0,0.0,12.0,90.686435663094,92.98219694146978,0.0,1.0,0.0,18.0,0.0,0.0,0.0,0.0,0.134991048973361,1.0,1.0,0.0,0.0,1.0,0.0,0.8486203467198601,1.0,0.0,0.0,0.0,0.0,0.0,,0.0,0.0,0.0,0.0,0.0,0.0,,0.0,0.0,0.0,0.0,0.0,0.0,0.3272230196352432,-0.066412737749641,1.0,1.0,0.0,0.0,0.0,0.0,0.0,5.0,97.10628825820808,,0.0,1.0,0.0,2.0,0.0,0.0,0.0,0.0,0.4549395576252976,1.0,0.0,0.0,0.0,0.0,0.0,1.6294025151752198,1.0,0.0,0.0,0.0,0.0,0.0,,0.0,0.0,0.0,0.0,0.0,0.0,,0.0,0.0,0.0,0.0,0.0,0.0,0.5337960776915832,0.1321115923936721,1.0,1.0,0.0,0.0,0.0,0.0,4.0,0.0,,,0.0,0.0,0.0,0.0,0.0,0.0,0.0,0.0,1.9825794778471788,1.0,0.0,0.0,0.0,0.0,0.0,2.94724149274194,1.0,0.0,0.0,0.0,0.0,0.0,,0.0,0.0,0.0,0.0,0.0,0.0,,0.0,0.0,0.0,0.0,0.0,0.0,,,,,,,,,,,,,,,,,,,,,,,,,,,,,,,,,,,,,,,,,,,,,,,,,,,,,,,,,,,,,,,,,,,,,,,,,,,,,,,,,,,,,,,,,,,,,,,,
2,SHORT,1.012,30,0.5,139.3095,140.72,2024-06-20 12:00:00+00:00,2024-06-20 12:30:00+00:00,0.0391058488394321,0.0008272125074867,1,1,1,0,0,0,1,0,95.35603715170257,94.12141268203156,1,1,0,9,0,0,0,0,0.1147724262973394,1,1,0,0,0,0,0.251558915929626,1,1,0,0,0,0,0.4390998738087601,1,0,0,0,0,0,0.6965464633844387,1,0,0,0,0,0,0.0265247871465446,0.0313920883256948,1.0,1.0,0.0,0.0,1.0,0.0,3.0,0.0,56.74854727945069,50.218641779656,1.0,0.0,0.0,0.0,0.0,0.0,0.0,0.0,0.3169991945067851,1.0,0.0,0.0,0.0,0.0,0.0,0.4526863722860066,1.0,0.0,0.0,0.0,0.0,0.0,0.4933576786327532,1.0,0.0,0.0,0.0,0.0,0.0,3.2755173155531283,1.0,0.0,0.0,0.0,0.0,0.0,-0.1293528590603994,0.0085877410252757,0.0,0.0,1.0,0.0,0.0,0.0,1.0,0.0,46.44125683060099,55.39180041019438,0.0,0.0,0.0,0.0,0.0,0.0,0.0,0.0,0.1810658112936636,1.0,1.0,1.0,0.0,1.0,0.0,0.6347498965783688,1.0,0.0,0.0,0.0,0.0,0.0,1.9871942547757917,1.0,0.0,0.0,0.0,0.0,0.0,,0.0,0.0,0.0,0.0,0.0,0.0,0.0031076930249449,-0.0808989603803491,1.0,1.0,0.0,0.0,0.0,0.0,0.0,6.0,73.5601935874168,72.33321069632326,1.0,0.0,0.0,0.0,0.0,0.0,0.0,0.0,-0.0062989527809801,0.0,1.0,0.0,1.0,0.0,1.0,1.0499155857816656,1.0,0.0,0.0,0.0,0.0,0.0,,0.0,0.0,0.0,0.0,0.0,0.0,,0.0,0.0,0.0,0.0,0.0,0.0,0.4535361854351913,-0.0845607658521123,1.0,1.0,0.0,0.0,0.0,0.0,0.0,2.0,84.91526848201462,90.26433781385418,0.0,1.0,0.0,6.0,0.0,0.0,0.0,0.0,0.7196141977856559,1.0,0.0,0.0,0.0,0.0,0.0,2.4279906819481325,1.0,0.0,0.0,0.0,0.0,0.0,,0.0,0.0,0.0,0.0,0.0,0.0,,0.0,0.0,0.0,0.0,0.0,0.0,0.8641564968297356,0.3303604191381524,1.0,1.0,0.0,0.0,0.0,0.0,5.0,0.0,,,0.0,0.0,0.0,0.0,0.0,0.0,0.0,0.0,4.030493388135881,1.0,0.0,0.0,0.0,0.0,0.0,5.638868702667856,1.0,0.0,0.0,0.0,0.0,0.0,,0.0,0.0,0.0,0.0,0.0,0.0,,0.0,0.0,0.0,0.0,0.0,0.0,,,,,,,,,,,,,,,,,,,,,,,,,,,,,,,,,,,,,,,,,,,,,,,,,,,,,,,,,,,,,,,,,,,,,,,,,,,,,,,,,,,,,,,,,,,,,,,,
3,SHORT,-3.955,130,2.2,137.675,132.23,2024-06-20 15:50:00+00:00,2024-06-20 18:00:00+00:00,0.1468880274741879,0.013422809003839,1,1,0,0,0,0,3,0,93.82312121038206,89.95694831231367,1,1,0,5,0,0,0,0,0.3869088635118804,1,0,0,0,0,0,0.6577455111512142,1,0,0,0,0,0,0.6953101404890892,1,0,0,0,0,0,-2.2675824087516867,0,0,0,0,0,0,0.0552122110574442,0.0773291112050442,1.0,1.0,0.0,0.0,1.0,0.0,4.0,0.0,34.71881188118795,26.03976211265038,1.0,0.0,0.0,0.0,0.0,0.0,0.0,0.0,0.0380697576795534,1.0,1.0,1.0,0.0,1.0,0.0,-1.0595961276419406,0.0,0.0,0.0,0.0,0.0,0.0,-3.4595587764109625,0.0,0.0,0.0,0.0,0.0,0.0,-4.395145955126526,0.0,0.0,0.0,0.0,0.0,0.0,-0.804557631931996,0.0130978237699318,0.0,0.0,1.0,0.0,0.0,0.0,1.0,0.0,15.19048055769358,19.83332633910551,0.0,0.0,1.0,2.0,0.0,0.0,0.0,0.0,-1.6816877325584134,0.0,0.0,0.0,0.0,0.0,0.0,-3.4819137169204333,0.0,0.0,0.0,0.0,0.0,0.0,-4.931359543281069,0.0,0.0,0.0,0.0,0.0,0.0,,0.0,0.0,0.0,0.0,0.0,0.0,-1.101409494222762,-0.1765110850524683,0.0,0.0,0.0,0.0,0.0,0.0,0.0,10.0,11.120086790478643,16.666345255447727,0.0,0.0,1.0,2.0,0.0,0.0,0.0,0.0,-2.947586095518653,0.0,0.0,0.0,0.0,0.0,0.0,-4.057459176619045,0.0,0.0,0.0,0.0,0.0,0.0,-3.2815625567657936,0.0,0.0,0.0,0.0,0.0,0.0,,0.0,0.0,0.0,0.0,0.0,0.0,-0.4998268102024936,-0.4146009873454761,0.0,0.0,0.0,0.0,0.0,0.0,0.0,8.0,46.95732353008723,63.04540926598878,0.0,0.0,0.0,0.0,0.0,0.0,0.0,0.0,-3.152087016793653,0.0,0.0,0.0,0.0,0.0,0.0,-2.6616473912401464,0.0,0.0,0.0,1.0,0.0,1.0,,0.0,0.0,0.0,0.0,0.0,0.0,,0.0,0.0,0.0,0.0,0.0,0.0,0.9286752777177067,0.0645187808879711,1.0,1.0,0.0,0.0,0.0,0.0,6.0,0.0,,,0.0,0.0,0.0,0.0,0.0,0.0,0.0,0.0,2.2860128891247657,1.0,0.0,0.0,0.0,0.0,0.0,4.119580694560156,1.0,0.0,0.0,0.0,0.0,0.0,,0.0,0.0,0.0,0.0,0.0,0.0,,0.0,0.0,0.0,0.0,0.0,0.0,,,,,,,,,,,,,,,,,,,,,,,,,,,,,,,,,,,,,,,,,,,,,,,,,,,,,,,,,,,,,,,,,,,,,,,,,,,,,,,,,,,,,,,,,,,,,,,,
4,LONG,-1.057,30,0.5,128.71,127.35,2024-06-21 12:35:00+00:00,2024-06-21 13:05:00+00:00,-0.0813933499550241,-0.0007854643844063,0,0,0,0,0,0,0,7,15.42479321185511,9.891115544275172,1,0,1,6,0,0,0,0,-0.2343698681500443,0,1,0,0,0,0,-0.5061578879742087,0,0,0,0,0,0,-0.8250159384751697,0,0,0,0,0,0,-1.045983966216974,0,0,0,0,0,0,-0.0149377104212243,-0.0346612024905284,0.0,0.0,0.0,0.0,0.0,1.0,0.0,3.0,20.88089616361022,25.167024682372027,0.0,0.0,0.0,0.0,0.0,0.0,0.0,0.0,-0.3209588241566449,0.0,0.0,0.0,0.0,0.0,1.0,-0.3993583960177992,0.0,0.0,0.0,0.0,0.0,1.0,-0.4501454139647536,0.0,0.0,0.0,0.0,0.0,1.0,-3.205530646555278,0.0,0.0,0.0,0.0,0.0,0.0,0.1444431299815748,0.0212343427866184,1.0,1.0,0.0,0.0,0.0,0.0,2.0,0.0,27.69140877841552,29.9176257620786,0.0,0.0,0.0,0.0,0.0,0.0,0.0,0.0,0.1499912351820115,1.0,1.0,0.0,0.0,0.0,0.0,-0.1377109062211321,0.0,1.0,0.0,0.0,0.0,1.0,-1.0508393179066582,0.0,0.0,0.0,0.0,0.0,0.0,,0.0,0.0,0.0,0.0,0.0,0.0,0.144570850822775,0.0511364484591501,1.0,1.0,1.0,0.0,0.0,0.0,1.0,0.0,31.077097640613044,34.637403444459004,0.0,0.0,0.0,0.0,0.0,0.0,0.0,0.0,-0.031456911621814,0.0,1.0,0.0,0.0,0.0,1.0,-1.0965930051719657,0.0,0.0,0.0,0.0,0.0,1.0,-4.16797648023235,0.0,0.0,0.0,0.0,0.0,0.0,,0.0,0.0,0.0,0.0,0.0,0.0,-0.6639886713347749,0.0497910952996101,0.0,0.0,0.0,0.0,0.0,0.0,3.0,0.0,13.513925159691036,12.38513377982914,1.0,0.0,1.0,11.0,0.0,0.0,0.0,0.0,-1.2914960644162654,0.0,0.0,0.0,0.0,0.0,1.0,-3.095521714160399,0.0,0.0,0.0,0.0,0.0,0.0,,0.0,0.0,0.0,0.0,0.0,0.0,,0.0,0.0,0.0,0.0,0.0,0.0,-0.3746489326975054,-0.2089117954515643,0.0,0.0,0.0,0.0,0.0,0.0,0.0,4.0,,,0.0,0.0,0.0,0.0,0.0,0.0,0.0,0.0,-1.8231561496845188,0.0,0.0,0.0,0.0,0.0,0.0,-1.7114155902918349,0.0,0.0,0.0,0.0,0.0,0.0,,0.0,0.0,0.0,0.0,0.0,0.0,,0.0,0.0,0.0,0.0,0.0,0.0,0.0,,0.0,0.0,0.0,0.0,0.0,0.0,0.0,0.0,,,0.0,0.0,0.0,0.0,0.0,0.0,0.0,0.0,0.0,0.0,1.0,0.0,0.0,0.0,0.0,0.0,0.0,1.0,0.0,0.0,0.0,0.0,,0.0,0.0,0.0,0.0,0.0,0.0,,0.0,0.0,0.0,0.0,0.0,0.0,,,,,,,,,,,,,,,,,,,,,,,,,,,,,,,,,,,,,,,,,,,,,,,,
5,LONG,1.882,105,1.8,126.43,128.81,2024-06-21 14:55:00+00:00,2024-06-21 16:40:00+00:00,-0.0435577900966001,0.0099369434711748,0,0,1,0,0,0,1,0,15.85773366418625,12.153708298870091,1,0,1,3,1,0,0,0,-0.0590810695802078,0,1,0,0,0,1,-0.2321380156448874,0,1,0,0,0,0,-0.5586256811436802,0,0,0,0,0,0,0.8732114886326041,1,0,0,0,0,0,-0.0331665703651848,-0.044981519480536,0.0,0.0,0.0,0.0,0.0,1.0,0.0,6.0,51.3661202185793,58.122263765059465,0.0,0.0,0.0,0.0,0.0,0.0,0.0,0.0,-0.1587033166027574,0.0,1.0,0.0,0.0,0.0,1.0,0.2462712166865481,1.0,1.0,0.0,0.0,0.0,0.0,1.0429798745205798,1.0,0.0,0.0,0.0,0.0,0.0,-0.4693474866247637,0.0,0.0,0.0,0.0,0.0,0.0,0.3968896486810278,0.0251863564587673,1.0,1.0,0.0,0.0,0.0,0.0,7.0,0.0,91.5696200758187,77.76211168620065,1.0,1.0,0.0,2.0,0.0,0.0,0.0,0.0,0.7134787492271848,1.0,0.0,0.0,0.0,0.0,0.0,0.9545507993907796,1.0,0.0,0.0,0.0,0.0,0.0,0.4580018895664403,1.0,0.0,0.0,0.0,0.0,0.0,,0.0,0.0,0.0,0.0,0.0,0.0,0.3536495569998978,0.1921155788091439,1.0,1.0,0.0,0.0,0.0,0.0,3.0,0.0,52.19824140687458,38.08886224353859,1.0,0.0,0.0,0.0,0.0,0.0,0.0,0.0,1.4934817763671289,1.0,0.0,0.0,0.0,1.0,0.0,0.8605368302441968,1.0,0.0,1.0,0.0,1.0,0.0,-2.24378206378601,0.0,0.0,0.0,0.0,0.0,0.0,,0.0,0.0,0.0,0.0,0.0,0.0,-0.4372234552706497,0.1141078054980322,0.0,0.0,0.0,0.0,0.0,0.0,6.0,0.0,25.96296296296296,18.317841916075924,1.0,0.0,0.0,0.0,0.0,0.0,0.0,0.0,-0.5591151654365343,0.0,0.0,0.0,0.0,0.0,0.0,-2.3623863947981727,0.0,0.0,0.0,0.0,0.0,0.0,,0.0,0.0,0.0,0.0,0.0,0.0,,0.0,0.0,0.0,0.0,0.0,0.0,-0.6980866455397929,-0.3234377128422875,0.0,0.0,0.0,0.0,0.0,0.0,0.0,5.0,,,0.0,0.0,0.0,0.0,0.0,0.0,0.0,0.0,-3.314378691383054,0.0,0.0,0.0,0.0,0.0,0.0,-3.752536257396037,0.0,0.0,0.0,0.0,0.0,0.0,,0.0,0.0,0.0,0.0,0.0,0.0,,0.0,0.0,0.0,0.0,0.0,0.0,0.0,,0.0,0.0,0.0,0.0,0.0,0.0,0.0,0.0,,,0.0,0.0,0.0,0.0,0.0,0.0,0.0,0.0,0.0,0.0,1.0,0.0,0.0,0.0,0.0,0.0,0.0,1.0,0.0,0.0,0.0,0.0,,0.0,0.0,0.0,0.0,0.0,0.0,,0.0,0.0,0.0,0.0,0.0,0.0,,,,,,,,,,,,,,,,,,,,,,,,,,,,,,,,,,,,,,,,,,,,,,,,
6,LONG,-2.327,30,0.5,122.46,119.61,2024-06-24 14:15:00+00:00,2024-06-24 14:45:00+00:00,-0.1611732531935237,-0.0093197534086437,0,0,0,0,0,0,0,8,8.430622996935341,6.742458617032132,1,0,1,4,1,0,0,0,-0.5734006633049387,0,0,0,0,0,0,-1.1756029242107422,0,0,0,0,0,0,-2.082437467999347,0,0,0,0,0,0,-3.089366924989964,0,0,0,0,0,0,-0.1840162233457896,-0.0573990056944788,0.0,0.0,0.0,1.0,0.0,0.0,0.0,1.0,14.894269015722791,19.09005085852646,0.0,0.0,1.0,1.0,0.0,0.0,0.0,0.0,-0.9825165406345574,0.0,0.0,0.0,0.0,0.0,1.0,-1.581898654339257,0.0,0.0,0.0,0.0,0.0,0.0,-2.3059218517962843,0.0,0.0,0.0,0.0,0.0,0.0,-4.128747501685407,0.0,0.0,0.0,0.0,0.0,0.0,-0.1425765129470871,-0.072938788342281,0.0,0.0,0.0,0.0,0.0,0.0,0.0,7.0,16.90342913122178,16.155338400382266,1.0,0.0,1.0,5.0,0.0,0.0,0.0,0.0,-1.1548932907093823,0.0,0.0,0.0,0.0,0.0,1.0,-1.9315053337290784,0.0,0.0,0.0,0.0,0.0,0.0,-3.2360160629090777,0.0,0.0,0.0,0.0,0.0,0.0,-7.627226002347695,0.0,0.0,0.0,0.0,0.0,0.0,-0.1378941562834634,-0.0180604361049963,0.0,0.0,0.0,0.0,0.0,0.0,0.0,3.0,17.156200429338572,23.971368953673007,0.0,0.0,1.0,1.0,0.0,0.0,0.0,0.0,-0.8363729199646106,0.0,0.0,0.0,0.0,0.0,1.0,-1.8327861229302955,0.0,0.0,0.0,0.0,0.0,0.0,-3.366785013016154,0.0,0.0,0.0,0.0,0.0,0.0,,0.0,0.0,0.0,0.0,0.0,0.0,-0.1192002977038639,-0.0128944406773405,0.0,0.0,0.0,0.0,0.0,0.0,0.0,5.0,16.559126493613487,16.09179109123083,1.0,0.0,1.0,4.0,1.0,0.0,0.0,0.0,-1.0582198149497428,0.0,0.0,0.0,0.0,0.0,1.0,-2.592848872805529,0.0,0.0,0.0,0.0,0.0,1.0,-6.137198491683833,0.0,0.0,0.0,0.0,0.0,0.0,,0.0,0.0,0.0,0.0,0.0,0.0,-0.997856581708807,-0.0133594015815343,0.0,0.0,0.0,0.0,0.0,0.0,0.0,9.0,14.219653179190743,,0.0,0.0,1.0,1.0,0.0,0.0,0.0,0.0,-1.943986342754448,0.0,0.0,0.0,0.0,0.0,0.0,-3.4527452336451923,0.0,0.0,0.0,0.0,0.0,0.0,,0.0,0.0,0.0,0.0,0.0,0.0,,0.0,0.0,0.0,0.0,0.0,0.0,-0.3956695156695105,-0.3956695156695105,0.0,0.0,0.0,0.0,0.0,0.0,0.0,1.0,,,0.0,0.0,0.0,0.0,0.0,0.0,0.0,0.0,-3.571428571428572,0.0,0.0,0.0,0.0,0.0,1.0,-4.149377593361009,0.0,0.0,0.0,0.0,0.0,1.0,,0.0,0.0,0.0,0.0,0.0,0.0,,0.0,0.0,0.0,0.0,0.0,0.0,0.0,,0.0,0.0,0.0,0.0,0.0,0.0,0.0,0.0,,,0.0,0.0,0.0,0.0,0.0,0.0,0.0,0.0,0.0,0.0,1.0,0.0,0.0,0.0,0.0,0.0,0.0,1.0,0.0,0.0,0.0,0.0,,0.0,0.0,0.0,0.0,0.0,0.0,,0.0,0.0,0.0,0.0,0.0,0.0
7,LONG,3.813,125,2.1,117.24,121.71,2024-06-25 08:20:00+00:00,2024-06-25 10:25:00+00:00,-0.0570832509270857,0.0036895841823731,0,0,1,0,0,0,1,0,21.256038647342248,30.27375201288182,0,0,0,0,0,0,0,0,-0.0404089657848588,0,1,0,0,0,0,-0.0594093133143769,0,1,0,0,0,0,0.1375647097154204,1,1,0,0,0,0,2.237063886598047,1,0,0,0,0,0,-0.0039260305988511,-0.0355273535958098,0.0,0.0,0.0,0.0,0.0,1.0,0.0,3.0,82.9562594268477,85.78643773775616,0.0,1.0,0.0,7.0,0.0,0.0,0.0,0.0,0.1136364423382362,1.0,1.0,0.0,0.0,0.0,0.0,0.8824759082992883,1.0,0.0,0.0,0.0,0.0,0.0,2.687377767732268,1.0,0.0,0.0,0.0,0.0,0.0,1.2435050127198692,1.0,0.0,0.0,0.0,0.0,0.0,0.6683105409420452,0.0339537124851608,1.0,1.0,0.0,0.0,0.0,0.0,8.0,0.0,89.6711526677711,89.58193697408002,1.0,1.0,0.0,6.0,0.0,0.0,0.0,0.0,1.5236768087989363,1.0,0.0,0.0,0.0,0.0,0.0,2.531221045809612,1.0,0.0,0.0,0.0,0.0,0.0,2.476596483829668,1.0,0.0,0.0,0.0,0.0,0.0,-4.29411223988652,0.0,0.0,0.0,0.0,0.0,0.0,0.569919927249182,0.1571521412616385,1.0,1.0,0.0,0.0,0.0,0.0,3.0,0.0,59.6394826777458,38.19465474384584,1.0,0.0,0.0,0.0,0.0,0.0,0.0,0.0,1.6964526158408866,1.0,0.0,0.0,0.0,0.0,0.0,1.277261207168744,1.0,0.0,0.0,0.0,0.0,0.0,-1.4673923809552796,0.0,0.0,0.0,0.0,0.0,0.0,,0.0,0.0,0.0,0.0,0.0,0.0,0.0545403015974743,0.3444814157871669,1.0,1.0,0.0,0.0,1.0,0.0,5.0,0.0,16.12652870995295,7.014894786380025,1.0,0.0,1.0,8.0,1.0,0.0,0.0,0.0,1.7437795749047265,1.0,0.0,1.0,0.0,1.0,0.0,-0.4276806474935481,0.0,0.0,0.0,0.0,0.0,0.0,-5.240585558825948,0.0,0.0,0.0,0.0,0.0,0.0,,0.0,0.0,0.0,0.0,0.0,0.0,-1.7094623375673912,-0.1506834756770867,0.0,0.0,0.0,0.0,0.0,0.0,0.0,13.0,3.8468954007756047,6.82333902000489,0.0,0.0,1.0,5.0,0.0,0.0,0.0,0.0,-5.0552944157320105,0.0,0.0,0.0,0.0,0.0,0.0,-8.546333203219177,0.0,0.0,0.0,0.0,0.0,0.0,,0.0,0.0,0.0,0.0,0.0,0.0,,0.0,0.0,0.0,0.0,0.0,0.0,-0.8262405662291712,-0.4305710505596607,0.0,0.0,0.0,0.0,0.0,0.0,0.0,2.0,,,0.0,0.0,0.0,0.0,0.0,0.0,0.0,0.0,-4.682925021311287,0.0,0.0,0.0,0.0,0.0,0.0,-5.948956484484979,0.0,0.0,0.0,0.0,0.0,0.0,,0.0,0.0,0.0,0.0,0.0,0.0,,0.0,0.0,0.0,0.0,0.0,0.0,0.0,,0.0,0.0,0.0,0.0,0.0,0.0,0.0,0.0,,,0.0,0.0,0.0,0.0,0.0,0.0,0.0,0.0,0.0,0.0,1.0,0.0,0.0,0.0,0.0,0.0,0.0,1.0,0.0,0.0,0.0,0.0,,0.0,0.0,0.0,0.0,0.0,0.0,,0.0,0.0,0.0,0.0,0.0,0.0
8,LONG,2.541,60,1.0,121.785,124.88,2024-06-25 14:55:00+00:00,2024-06-25 15:55:00+00:00,0.0322096460153214,0.0225469676532225,1,1,0,0,0,0,9,0,95.67904570290546,79.962479774627,1,1,0,1,0,0,0,0,0.2860520462246085,1,1,0,0,0,0,0.4264963231970359,1,0,0,0,0,0,0.6352998170400594,1,0,0,0,0,0,2.166354592140788,1,0,0,0,0,0,0.1335650916519146,-0.0298974794727792,1.0,1.0,0.0,0.0,0.0,0.0,0.0,3.0,86.64627930682974,90.1311306431965,0.0,1.0,0.0,9.0,0.0,0.0,0.0,0.0,0.2625427406780536,1.0,1.0,0.0,0.0,1.0,0.0,0.9347815610450338,1.0,0.0,0.0,0.0,0.0,0.0,1.9266891939386048,1.0,0.0,0.0,0.0,0.0,0.0,3.754694279992936,1.0,0.0,0.0,0.0,0.0,0.0,0.1774473213199723,0.0649355073738573,1.0,1.0,0.0,0.0,0.0,0.0,3.0,0.0,96.93002894355652,94.02537033622596,1.0,1.0,0.0,13.0,0.0,0.0,0.0,0.0,1.1398679426034204,1.0,0.0,0.0,0.0,0.0,0.0,1.981729196064981,1.0,0.0,0.0,0.0,0.0,0.0,3.7291477199544136,1.0,0.0,0.0,0.0,0.0,0.0,-1.052543105356628,0.0,0.0,0.0,0.0,0.0,0.0,0.4239429106780183,-0.023278163894857,1.0,1.0,0.0,0.0,0.0,0.0,0.0,9.0,92.933402477916,91.88506648917031,1.0,1.0,0.0,6.0,0.0,0.0,0.0,0.0,0.6468871378508477,1.0,0.0,0.0,0.0,1.0,0.0,1.3720207429470723,1.0,0.0,0.0,0.0,0.0,0.0,0.986790399348497,1.0,0.0,0.0,0.0,0.0,0.0,,0.0,0.0,0.0,0.0,0.0,0.0,0.7987357134332838,0.0706023428907842,1.0,1.0,0.0,0.0,0.0,0.0,10.0,0.0,84.25783930123175,75.50332908340364,1.0,1.0,0.0,1.0,0.0,0.0,0.0,0.0,1.216019694339503,1.0,0.0,0.0,0.0,1.0,0.0,0.8067161914476826,1.0,0.0,0.0,0.0,1.0,0.0,-2.486609442506031,0.0,0.0,0.0,0.0,0.0,0.0,,0.0,0.0,0.0,0.0,0.0,0.0,-1.7516254360728594,-0.0421630985054681,0.0,0.0,0.0,0.0,0.0,0.0,0.0,14.0,1.0221025949581468,3.711634627555633,0.0,0.0,1.0,6.0,0.0,0.0,0.0,0.0,-4.508790952027189,0.0,0.0,0.0,0.0,0.0,0.0,-8.424714924862474,0.0,0.0,0.0,0.0,0.0,0.0,,0.0,0.0,0.0,0.0,0.0,0.0,,0.0,0.0,0.0,0.0,0.0,0.0,-0.8262405662291712,-0.4305710505596607,0.0,0.0,0.0,0.0,0.0,0.0,0.0,2.0,,,0.0,0.0,0.0,0.0,0.0,0.0,0.0,0.0,-4.682925021311287,0.0,0.0,0.0,0.0,0.0,0.0,-5.948956484484979,0.0,0.0,0.0,0.0,0.0,0.0,,0.0,0.0,0.0,0.0,0.0,0.0,,0.0,0.0,0.0,0.0,0.0,0.0,0.0,,0.0,0.0,0.0,0.0,0.0,0.0,0.0,0.0,,,0.0,0.0,0.0,0.0,0.0,0.0,0.0,0.0,0.0,0.0,1.0,0.0,0.0,0.0,0.0,0.0,0.0,1.0,0.0,0.0,0.0,0.0,,0.0,0.0,0.0,0.0,0.0,0.0,,0.0,0.0,0.0,0.0,0.0,0.0
9,SHORT,1.751,155,2.6,127.32,129.55,2024-06-25 21:30:00+00:00,2024-06-26 08:05:00+00:00,0.2750688539848316,-0.0187937011545992,1,1,0,0,0,0,0,2,94.37287371859856,94.17975478289657,1,1,0,12,0,0,0,0,0.4716260277300018,1,0,0,0,0,0,1.108158450010902,1,0,0,0,0,0,1.5987319223466678,1,0,0,0,0,0,1.6345387441982364,1,0,0,0,0,0,0.0607854760605868,0.1327476050772526,1.0,1.0,0.0,0.0,1.0,0.0,3.0,0.0,60.53867481468927,47.77005515268393,1.0,0.0,0.0,0.0,0.0,0.0,1.0,0.0,1.148792534135633,1.0,0.0,0.0,0.0,0.0,0.0,1.2771980543715784,1.0,0.0,1.0,0.0,0.0,0.0,1.4359751210788747,1.0,0.0,0.0,0.0,0.0,0.0,4.579233413238429,1.0,0.0,0.0,0.0,0.0,0.0,-0.169534992467137,-0.017135313234625,0.0,0.0,0.0,0.0,0.0,0.0,0.0,11.0,79.89158721173577,88.69552583839209,0.0,0.0,0.0,0.0,0.0,0.0,0.0,0.0,-0.0543172175540302,0.0,1.0,0.0,0.0,0.0,0.0,0.4119047762975726,1.0,0.0,0.0,0.0,0.0,0.0,2.081116588348314,1.0,0.0,0.0,0.0,0.0,0.0,2.4480865617732093,1.0,0.0,0.0,0.0,0.0,0.0,0.040948112665061,-0.0738008514570007,1.0,1.0,0.0,0.0,0.0,0.0,0.0,7.0,93.71407379936956,95.62975510275191,0.0,1.0,0.0,24.0,0.0,0.0,0.0,0.0,0.1310698737147755,1.0,1.0,0.0,0.0,1.0,0.0,1.3913472249591057,1.0,0.0,0.0,0.0,0.0,0.0,4.448405377231118,1.0,0.0,0.0,0.0,0.0,0.0,,0.0,0.0,0.0,0.0,0.0,0.0,0.873070442720866,-0.1101495931786775,1.0,1.0,0.0,0.0,0.0,0.0,0.0,3.0,97.7072133631422,98.46868251455636,0.0,1.0,0.0,11.0,0.0,1.0,0.0,0.0,0.8935118360808008,1.0,0.0,0.0,0.0,0.0,0.0,2.5218189156137845,1.0,0.0,0.0,0.0,0.0,0.0,2.690161009036549,1.0,0.0,0.0,0.0,0.0,0.0,,0.0,0.0,0.0,0.0,0.0,0.0,0.2296271528811377,0.4270386528927115,1.0,1.0,0.0,0.0,1.0,0.0,4.0,0.0,63.40986394557825,46.73235387269597,1.0,0.0,0.0,0.0,0.0,0.0,0.0,0.0,2.700150108363353,1.0,0.0,0.0,0.0,1.0,0.0,1.0092801365853656,1.0,0.0,0.0,0.0,1.0,0.0,,0.0,0.0,0.0,0.0,0.0,0.0,,0.0,0.0,0.0,0.0,0.0,0.0,-1.7169108700439528,-0.8906703038147816,0.0,0.0,0.0,0.0,0.0,0.0,0.0,3.0,,,0.0,0.0,0.0,0.0,0.0,0.0,0.0,0.0,-10.021349622304417,0.0,0.0,0.0,0.0,0.0,0.0,-12.60024716530356,0.0,0.0,0.0,0.0,0.0,0.0,,0.0,0.0,0.0,0.0,0.0,0.0,,0.0,0.0,0.0,0.0,0.0,0.0,0.0,,0.0,0.0,0.0,0.0,0.0,0.0,0.0,0.0,,,0.0,0.0,0.0,0.0,0.0,0.0,0.0,0.0,0.0,0.0,1.0,0.0,0.0,0.0,0.0,0.0,0.0,1.0,0.0,0.0,0.0,0.0,,0.0,0.0,0.0,0.0,0.0,0.0,,0.0,0.0,0.0,0.0,0.0,0.0
10,SHORT,-1.831,95,1.6,128.72,126.3637,2024-06-26 12:10:00+00:00,2024-06-26 13:45:00+00:00,0.0153201890057559,0.0080478269182169,1,1,0,0,0,0,4,0,54.40568191081773,47.50874976223495,1,0,0,0,0,0,0,0,0.1388244091489849,1,1,0,0,1,0,0.2585821209120502,1,1,0,0,1,0,0.5534111172944051,1,0,0,0,0,0,-1.148758446845898,0,0,0,0,0,0,0.0239857375934635,0.0709911295876573,1.0,1.0,0.0,0.0,1.0,0.0,6.0,0.0,49.358833388288446,44.59985200144973,1.0,0.0,0.0,0.0,0.0,0.0,0.0,0.0,0.2917213541189681,1.0,1.0,1.0,0.0,1.0,0.0,-0.2359734614290181,0.0,1.0,0.0,0.0,0.0,0.0,-1.2606494084128277,0.0,0.0,0.0,0.0,0.0,0.0,0.1670090586424971,1.0,1.0,1.0,0.0,1.0,0.0,-0.4556905556548858,0.057050481666878,0.0,0.0,1.0,0.0,0.0,0.0,1.0,0.0,18.300438596491365,12.887683161497272,1.0,0.0,1.0,4.0,1.0,0.0,0.0,0.0,-0.29789209561685,0.0,1.0,0.0,0.0,0.0,0.0,-0.8118012856024294,0.0,0.0,0.0,0.0,0.0,0.0,-0.5092665717811795,0.0,0.0,0.0,0.0,0.0,0.0,2.0448866430707278,1.0,0.0,0.0,0.0,0.0,0.0,-0.3772377561018838,-0.1786506667522707,0.0,0.0,0.0,0.0,0.0,0.0,0.0,8.0,45.53694371495491,65.101537054124,0.0,0.0,0.0,0.0,0.0,0.0,0.0,0.0,-1.4801036921241124,0.0,0.0,0.0,0.0,0.0,1.0,-0.976046131562088,0.0,0.0,0.0,1.0,0.0,1.0,1.8335331471661875,1.0,0.0,0.0,0.0,0.0,0.0,,0.0,0.0,0.0,0.0,0.0,0.0,0.5121233449602225,-0.088009746174789,1.0,1.0,0.0,0.0,0.0,0.0,0.0,4.0,89.93287528134772,91.9343054368328,0.0,1.0,0.0,16.0,0.0,0.0,0.0,0.0,0.7550589209788979,1.0,0.0,0.0,0.0,0.0,0.0,2.505955016202596,1.0,0.0,0.0,0.0,0.0,0.0,4.128383085595154,1.0,0.0,0.0,0.0,0.0,0.0,,0.0,0.0,0.0,0.0,0.0,0.0,0.6275626718941925,0.3979355190130547,1.0,1.0,0.0,0.0,0.0,0.0,5.0,0.0,70.95616024187456,61.01582550545306,1.0,0.0,0.0,0.0,0.0,0.0,0.0,0.0,3.2375480084375616,1.0,0.0,0.0,0.0,0.0,0.0,2.2547575817466874,1.0,0.0,0.0,0.0,0.0,0.0,,0.0,0.0,0.0,0.0,0.0,0.0,,0.0,0.0,0.0,0.0,0.0,0.0,-1.7169108700439528,-0.8906703038147816,0.0,0.0,0.0,0.0,0.0,0.0,0.0,3.0,,,0.0,0.0,0.0,0.0,0.0,0.0,0.0,0.0,-10.021349622304417,0.0,0.0,0.0,0.0,0.0,0.0,-12.60024716530356,0.0,0.0,0.0,0.0,0.0,0.0,,0.0,0.0,0.0,0.0,0.0,0.0,,0.0,0.0,0.0,0.0,0.0,0.0,0.0,,0.0,0.0,0.0,0.0,0.0,0.0,0.0,0.0,,,0.0,0.0,0.0,0.0,0.0,0.0,0.0,0.0,0.0,0.0,1.0,0.0,0.0,0.0,0.0,0.0,0.0,1.0,0.0,0.0,0.0,0.0,,0.0,0.0,0.0,0.0,0.0,0.0,,0.0,0.0,0.0,0.0,0.0,0.0
11,SHORT,-1.354,60,1.0,125.165,123.47,2024-06-26 14:40:00+00:00,2024-06-26 15:40:00+00:00,0.0385461686087913,0.0018394176252871,1,1,0,0,0,0,8,0,67.09594065183003,59.24919411671132,1,0,0,0,0,0,0,0,0.029377129321012,1,1,0,0,1,0,-0.0145739509133394,0,1,0,0,0,1,-0.2057199233076748,0,1,0,0,0,0,-1.8202315956330712,0,0,0,0,0,0,-0.1158707816669781,0.0347157062520776,0.0,0.0,0.0,0.0,0.0,0.0,5.0,0.0,19.54956844134838,21.318412303727097,0.0,0.0,1.0,1.0,0.0,0.0,0.0,0.0,-0.2658188952769725,0.0,1.0,0.0,0.0,0.0,0.0,-1.0344513865633715,0.0,0.0,0.0,0.0,0.0,0.0,-2.356552532396132,0.0,0.0,0.0,0.0,0.0,0.0,-2.4894112198286207,0.0,0.0,0.0,0.0,0.0,0.0,-0.4397245655742916,-0.0485543117467849,0.0,0.0,0.0,0.0,0.0,0.0,0.0,4.0,11.542385795723048,19.38763182419254,0.0,0.0,1.0,2.0,0.0,0.0,0.0,0.0,-1.3469865809001338,0.0,0.0,0.0,0.0,0.0,0.0,-2.2908415925170478,0.0,0.0,0.0,0.0,0.0,0.0,-2.9551955768287206,0.0,0.0,0.0,0.0,0.0,0.0,-0.3208936116619245,0.0,0.0,0.0,0.0,0.0,1.0,-0.6954225042113639,-0.1291655123637415,0.0,0.0,0.0,0.0,0.0,0.0,0.0,12.0,21.20881377042168,28.43139998247868,0.0,0.0,0.0,0.0,0.0,0.0,0.0,0.0,-1.9118483161335285,0.0,0.0,0.0,0.0,0.0,0.0,-2.266268244470413,0.0,0.0,0.0,0.0,0.0,0.0,-0.5111472614313004,0.0,0.0,0.0,1.0,0.0,1.0,,0.0,0.0,0.0,0.0,0.0,0.0,0.0620438921220984,-0.1683754946761075,1.0,1.0,0.0,0.0,0.0,0.0,0.0,6.0,69.9278554069923,79.52313251315617,0.0,0.0,0.0,0.0,0.0,0.0,0.0,0.0,-0.6327610003877667,0.0,0.0,0.0,0.0,0.0,0.0,0.4994378544996345,1.0,0.0,0.0,0.0,1.0,0.0,2.184750383683958,1.0,0.0,0.0,0.0,0.0,0.0,,0.0,0.0,0.0,0.0,0.0,0.0,0.6275626718941925,0.3979355190130547,1.0,1.0,0.0,0.0,0.0,0.0,5.0,0.0,70.95616024187456,61.01582550545306,1.0,0.0,0.0,0.0,0.0,0.0,0.0,0.0,3.2375480084375616,1.0,0.0,0.0,0.0,0.0,0.0,2.2547575817466874,1.0,0.0,0.0,0.0,0.0,0.0,,0.0,0.0,0.0,0.0,0.0,0.0,,0.0,0.0,0.0,0.0,0.0,0.0,-1.7169108700439528,-0.8906703038147816,0.0,0.0,0.0,0.0,0.0,0.0,0.0,3.0,,,0.0,0.0,0.0,0.0,0.0,0.0,0.0,0.0,-10.021349622304417,0.0,0.0,0.0,0.0,0.0,0.0,-12.60024716530356,0.0,0.0,0.0,0.0,0.0,0.0,,0.0,0.0,0.0,0.0,0.0,0.0,,0.0,0.0,0.0,0.0,0.0,0.0,0.0,,0.0,0.0,0.0,0.0,0.0,0.0,0.0,0.0,,,0.0,0.0,0.0,0.0,0.0,0.0,0.0,0.0,0.0,0.0,1.0,0.0,0.0,0.0,0.0,0.0,0.0,1.0,0.0,0.0,0.0,0.0,,0.0,0.0,0.0,0.0,0.0,0.0,,0.0,0.0,0.0,0.0,0.0,0.0
12,SHORT,-1.526,155,2.6,125.86,123.94,2024-06-28 14:55:00+00:00,2024-06-28 17:30:00+00:00,-0.0163539595383863,-0.0247765133951369,0,0,0,0,0,1,0,3,41.005291005290665,64.24294532627856,0,0,0,0,0,0,0,0,-0.1758725103055463,0,1,0,0,0,1,-0.1061175081696906,0,1,0,1,0,1,0.1400538723433356,1,1,0,0,0,0,-1.0807668475310692,0,0,0,0,0,0,0.0507820767629205,0.0535344623578862,1.0,1.0,0.0,0.0,1.0,0.0,8.0,0.0,52.68909804925951,41.416246233492906,1.0,0.0,0.0,0.0,0.0,0.0,0.0,0.0,0.3025028195164184,1.0,0.0,0.0,0.0,1.0,0.0,-0.0219858392180643,0.0,1.0,0.0,0.0,0.0,1.0,-0.7690904113860112,0.0,0.0,0.0,0.0,0.0,0.0,-0.2680138258883429,0.0,1.0,0.0,0.0,0.0,0.0,-0.3103386495476158,0.0120259093096062,0.0,0.0,1.0,0.0,0.0,0.0,1.0,0.0,15.964038727524278,19.70498043527097,0.0,0.0,1.0,2.0,0.0,0.0,0.0,0.0,-0.4306166510150593,0.0,0.0,0.0,0.0,0.0,0.0,-0.806215311636471,0.0,0.0,0.0,0.0,0.0,0.0,-0.6676186687218644,0.0,0.0,0.0,0.0,0.0,0.0,-0.9729210915766676,0.0,0.0,0.0,0.0,0.0,0.0,-0.1256506683294234,-0.1482240012758008,0.0,0.0,0.0,0.0,0.0,1.0,0.0,5.0,34.50448306879853,48.70532756009941,0.0,0.0,0.0,0.0,0.0,0.0,0.0,0.0,-1.264508626390073,0.0,0.0,0.0,0.0,0.0,0.0,-1.2202538997308705,0.0,0.0,0.0,0.0,0.0,0.0,-0.8850275465652258,0.0,0.0,0.0,0.0,0.0,1.0,-1.2174319824268145,0.0,0.0,0.0,0.0,0.0,0.0,0.2159577514381324,0.0082182197348235,1.0,1.0,0.0,0.0,0.0,0.0,3.0,0.0,74.67633462570832,79.00147658323031,0.0,0.0,0.0,0.0,0.0,0.0,0.0,0.0,0.4925496763257888,1.0,0.0,0.0,0.0,1.0,0.0,0.876226953383854,1.0,0.0,0.0,0.0,0.0,0.0,0.5857876781440585,1.0,0.0,0.0,0.0,1.0,0.0,,0.0,0.0,0.0,0.0,0.0,0.0,0.2992028671374034,0.0359238948788078,1.0,1.0,0.0,0.0,0.0,0.0,3.0,0.0,57.04358040621776,59.70571966717852,0.0,0.0,0.0,0.0,0.0,0.0,0.0,1.0,0.3318246138531398,1.0,0.0,0.0,0.0,1.0,0.0,-0.1739742742779202,0.0,1.0,0.0,0.0,0.0,0.0,,0.0,0.0,0.0,0.0,0.0,0.0,,0.0,0.0,0.0,0.0,0.0,0.0,-1.4793908051849387,0.0168626576478605,0.0,0.0,0.0,0.0,0.0,0.0,2.0,0.0,,,0.0,0.0,0.0,0.0,0.0,0.0,0.0,0.0,-3.0845321353669544,0.0,0.0,0.0,0.0,0.0,1.0,-6.093635060844544,0.0,0.0,0.0,0.0,0.0,0.0,,0.0,0.0,0.0,0.0,0.0,0.0,,0.0,0.0,0.0,0.0,0.0,0.0,0.0,,0.0,0.0,0.0,0.0,0.0,0.0,0.0,0.0,,,0.0,0.0,0.0,0.0,0.0,0.0,0.0,0.0,0.0,0.0,1.0,0.0,0.0,0.0,0.0,0.0,0.0,1.0,0.0,0.0,0.0,0.0,,0.0,0.0,0.0,0.0,0.0,0.0,,0.0,0.0,0.0,0.0,0.0,0.0
13,LONG,1.502,205,3.4,121.2,123.02,2024-07-01 09:55:00+00:00,2024-07-01 13:20:00+00:00,-0.0253409297749532,0.0073775478275658,0,0,0,0,0,0,5,0,27.772394906600116,24.83163729734285,1,0,0,0,0,0,0,0,-0.0244356009075175,0,1,0,0,0,0,-0.1301056923582291,0,1,0,0,0,0,-0.2124188994725954,0,1,0,0,0,0,0.5541229399375607,1,0,0,0,0,0,-0.0226598569547631,-0.045584738007505,0.0,0.0,0.0,0.0,0.0,1.0,0.0,3.0,50.95659018948077,67.74396228828451,0.0,0.0,0.0,0.0,0.0,0.0,0.0,0.0,-0.2568739865974642,0.0,1.0,0.0,0.0,0.0,0.0,-0.0135268957084153,0.0,1.0,0.0,1.0,0.0,1.0,0.7275266716064652,1.0,0.0,0.0,0.0,0.0,0.0,-0.6844910702657167,0.0,0.0,0.0,0.0,0.0,0.0,0.3000963646053128,0.0374920066448885,1.0,1.0,0.0,0.0,0.0,0.0,14.0,0.0,77.04970515122255,69.8030795785549,1.0,0.0,0.0,0.0,0.0,0.0,0.0,0.0,0.721585055393076,1.0,0.0,0.0,0.0,0.0,0.0,0.918585668496388,1.0,0.0,0.0,0.0,0.0,0.0,0.4505488468259113,1.0,0.0,0.0,0.0,1.0,0.0,-0.4941777973908204,0.0,0.0,0.0,0.0,0.0,0.0,0.0184905325032491,0.1115668539252328,1.0,1.0,0.0,0.0,1.0,0.0,5.0,0.0,56.39880952380954,47.81746031746032,1.0,0.0,0.0,0.0,0.0,0.0,0.0,0.0,0.668257250370808,1.0,0.0,0.0,0.0,1.0,0.0,0.2141796642412025,1.0,1.0,1.0,0.0,1.0,0.0,-0.6826888169207366,0.0,0.0,0.0,0.0,0.0,1.0,-0.8019338340927409,0.0,0.0,0.0,0.0,0.0,1.0,-0.2699158700711518,0.0383238693339524,0.0,0.0,0.0,0.0,0.0,0.0,2.0,0.0,25.42942654053759,21.572533265951776,1.0,0.0,0.0,0.0,1.0,0.0,0.0,0.0,-0.3601736479461829,0.0,0.0,0.0,0.0,0.0,1.0,-1.0627083512503002,0.0,0.0,0.0,0.0,0.0,1.0,-1.6224653878676738,0.0,0.0,0.0,0.0,0.0,0.0,,0.0,0.0,0.0,0.0,0.0,0.0,0.1841472949224449,-0.0168139162857499,1.0,1.0,0.0,0.0,0.0,0.0,0.0,3.0,16.00952380952391,26.568500210633143,0.0,0.0,1.0,1.0,0.0,0.0,0.0,0.0,-0.1872937761620726,0.0,1.0,0.0,0.0,0.0,1.0,-0.6550501186389419,0.0,0.0,0.0,0.0,0.0,0.0,,0.0,0.0,0.0,0.0,0.0,0.0,,0.0,0.0,0.0,0.0,0.0,0.0,-1.3433021793333786,0.1360886258515601,0.0,0.0,0.0,0.0,0.0,0.0,3.0,0.0,,,0.0,0.0,0.0,0.0,0.0,0.0,0.0,0.0,-2.082762429111702,0.0,0.0,0.0,0.0,0.0,0.0,-5.194312969721894,0.0,0.0,0.0,0.0,0.0,0.0,,0.0,0.0,0.0,0.0,0.0,0.0,,0.0,0.0,0.0,0.0,0.0,0.0,-0.2074010256410133,-0.2074010256410133,0.0,0.0,0.0,0.0,0.0,0.0,0.0,1.0,,,0.0,0.0,0.0,0.0,0.0,0.0,0.0,0.0,-2.001697843959912,0.0,0.0,0.0,0.0,0.0,1.0,-2.3317666488418496,0.0,0.0,0.0,0.0,0.0,1.0,,0.0,0.0,0.0,0.0,0.0,0.0,,0.0,0.0,0.0,0.0,0.0,0.0
14,LONG,1.619,135,2.2,122.0506,124.026,2024-07-01 14:35:00+00:00,2024-07-01 16:50:00+00:00,-0.0092998169576659,0.0096334860549557,0,0,1,0,0,0,1,0,54.81735159817344,51.50228310502319,1,0,0,0,0,0,0,0,0.036685774996691,1,1,1,0,1,0,-0.0203420928246076,0,1,0,0,0,1,-0.1207898544511016,0,1,0,0,0,0,1.2018505122208438,1,0,0,0,0,0,-0.0102338915652268,-0.0309667080513258,0.0,0.0,0.0,0.0,0.0,1.0,0.0,6.0,60.45709570957104,67.54150699430126,0.0,0.0,0.0,0.0,0.0,0.0,0.0,0.0,-0.0540495217583209,0.0,1.0,0.0,0.0,0.0,1.0,0.3245723476360149,1.0,0.0,0.0,0.0,0.0,0.0,1.0559814846318838,1.0,0.0,0.0,0.0,0.0,0.0,0.7388979274890272,1.0,0.0,0.0,0.0,0.0,0.0,0.2981419994149274,0.0219424389022638,1.0,1.0,0.0,0.0,0.0,0.0,9.0,0.0,94.01134712147204,89.80778469289207,1.0,1.0,0.0,4.0,0.0,0.0,0.0,0.0,0.7469831634673798,1.0,0.0,0.0,0.0,0.0,0.0,1.243542302867766,1.0,0.0,0.0,0.0,0.0,0.0,1.3126560545691448,1.0,0.0,0.0,0.0,0.0,0.0,0.2785051007816497,1.0,1.0,0.0,0.0,0.0,0.0,0.2041174731805811,0.0682731990854126,1.0,1.0,0.0,0.0,0.0,0.0,2.0,0.0,78.51318944844125,65.0272008541577,1.0,0.0,0.0,0.0,0.0,0.0,0.0,0.0,0.7446135669738982,1.0,0.0,0.0,0.0,1.0,0.0,0.7140677490809817,1.0,0.0,0.0,0.0,1.0,0.0,-0.0725610297326871,0.0,1.0,0.0,0.0,0.0,1.0,-0.2166174933668642,0.0,1.0,0.0,0.0,0.0,0.0,-0.1768598336516594,0.035539164819148,0.0,0.0,1.0,0.0,0.0,0.0,1.0,0.0,50.259487938216125,44.41875369715317,1.0,0.0,0.0,0.0,0.0,0.0,0.0,0.0,-0.2664397337320093,0.0,1.0,0.0,0.0,0.0,1.0,-0.9364302782876452,0.0,0.0,0.0,0.0,0.0,0.0,-1.6358368034118296,0.0,0.0,0.0,0.0,0.0,0.0,,0.0,0.0,0.0,0.0,0.0,0.0,0.0518121158390997,-0.1323351790833452,1.0,1.0,0.0,0.0,0.0,0.0,0.0,4.0,21.587755102040852,21.65651357262706,0.0,0.0,0.0,0.0,0.0,0.0,0.0,0.0,-1.339247830273743,0.0,0.0,0.0,0.0,0.0,1.0,-1.982031554883315,0.0,0.0,0.0,0.0,0.0,0.0,,0.0,0.0,0.0,0.0,0.0,0.0,,0.0,0.0,0.0,0.0,0.0,0.0,-1.3433021793333786,0.1360886258515601,0.0,0.0,0.0,0.0,0.0,0.0,3.0,0.0,,,0.0,0.0,0.0,0.0,0.0,0.0,0.0,0.0,-2.082762429111702,0.0,0.0,0.0,0.0,0.0,0.0,-5.194312969721894,0.0,0.0,0.0,0.0,0.0,0.0,,0.0,0.0,0.0,0.0,0.0,0.0,,0.0,0.0,0.0,0.0,0.0,0.0,-0.2074010256410133,-0.2074010256410133,0.0,0.0,0.0,0.0,0.0,0.0,0.0,1.0,,,0.0,0.0,0.0,0.0,0.0,0.0,0.0,0.0,-2.001697843959912,0.0,0.0,0.0,0.0,0.0,1.0,-2.3317666488418496,0.0,0.0,0.0,0.0,0.0,1.0,,0.0,0.0,0.0,0.0,0.0,0.0,,0.0,0.0,0.0,0.0,0.0,0.0
15,LONG,1.943,55,0.9,124.02,126.43,2024-07-03 14:50:00+00:00,2024-07-03 15:45:00+00:00,0.0226675779648153,0.0038978727087575,1,1,0,0,0,0,6,0,91.73214285714364,91.32717745217798,1,1,0,4,0,0,0,0,0.1593729379153422,1,1,0,0,0,0,0.3553441851316097,1,0,0,0,0,0,0.6564972316000145,1,0,0,0,0,0,2.775217418298009,1,0,0,0,0,0,0.1787093445103583,-0.0254045548621755,1.0,1.0,0.0,0.0,0.0,0.0,0.0,5.0,94.77396941739016,92.38648418586352,1.0,1.0,0.0,11.0,0.0,0.0,0.0,0.0,0.4741467999581646,1.0,0.0,0.0,0.0,0.0,0.0,1.3943569678783785,1.0,0.0,0.0,0.0,0.0,0.0,2.740872437138232,1.0,0.0,0.0,0.0,0.0,0.0,3.145461865685488,1.0,0.0,0.0,0.0,0.0,0.0,0.4728460391302184,0.0596219182964998,1.0,1.0,0.0,0.0,0.0,0.0,4.0,0.0,94.0040059796382,90.31868316479296,1.0,1.0,0.0,3.0,0.0,0.0,0.0,0.0,1.4776861343376473,1.0,0.0,0.0,0.0,0.0,0.0,2.4649903439818046,1.0,0.0,0.0,0.0,0.0,0.0,3.119223046136714,1.0,0.0,0.0,0.0,0.0,0.0,2.356393322627417,1.0,0.0,0.0,0.0,0.0,0.0,0.2990081918587452,0.2104637242684862,1.0,1.0,1.0,0.0,0.0,0.0,1.0,0.0,72.31157503621137,75.14311901899022,0.0,0.0,0.0,0.0,0.0,0.0,0.0,0.0,2.1761072706611104,1.0,0.0,1.0,0.0,1.0,0.0,2.5178390355554505,1.0,0.0,1.0,0.0,1.0,0.0,2.387798245853297,1.0,0.0,1.0,0.0,1.0,0.0,0.9416693816789232,1.0,0.0,1.0,0.0,1.0,0.0,0.0245311471983526,0.0425151896873732,1.0,1.0,0.0,0.0,1.0,0.0,4.0,0.0,48.8738738738737,40.1702902164155,1.0,0.0,0.0,0.0,0.0,0.0,0.0,0.0,0.2134136517736364,1.0,1.0,0.0,0.0,1.0,0.0,-0.0719739803228922,0.0,1.0,0.0,0.0,0.0,1.0,-0.6691511398758182,0.0,0.0,0.0,0.0,0.0,0.0,,0.0,0.0,0.0,0.0,0.0,0.0,-0.0696570774195767,-0.0184160623639614,0.0,0.0,0.0,0.0,0.0,0.0,0.0,2.0,37.31231231231238,37.96296296296298,0.0,0.0,0.0,0.0,0.0,0.0,0.0,0.0,-0.6451854481813666,0.0,0.0,0.0,0.0,0.0,0.0,-1.418758042595788,0.0,0.0,0.0,0.0,0.0,0.0,-3.480330172559169,0.0,0.0,0.0,0.0,0.0,0.0,,0.0,0.0,0.0,0.0,0.0,0.0,-1.0484128013872898,0.16985031325519,0.0,0.0,0.0,0.0,0.0,0.0,5.0,0.0,,,0.0,0.0,0.0,0.0,0.0,0.0,0.0,0.0,-1.5484164908230271,0.0,0.0,0.0,0.0,0.0,0.0,-4.715192800025416,0.0,0.0,0.0,0.0,0.0,0.0,,0.0,0.0,0.0,0.0,0.0,0.0,,0.0,0.0,0.0,0.0,0.0,0.0,-0.2074010256410133,-0.2074010256410133,0.0,0.0,0.0,0.0,0.0,0.0,0.0,1.0,,,0.0,0.0,0.0,0.0,0.0,0.0,0.0,0.0,-2.001697843959912,0.0,0.0,0.0,0.0,0.0,1.0,-2.3317666488418496,0.0,0.0,0.0,0.0,0.0,1.0,,0.0,0.0,0.0,0.0,0.0,0.0,,0.0,0.0,0.0,0.0,0.0,0.0
16,SHORT,1.079,101,1.7,127.455,128.83,2024-07-03 16:40:00+00:00,2024-07-05 08:20:00+00:00,0.0204341661796574,-0.0179619262037114,1,1,0,0,0,0,0,6,76.32065144086839,75.50022593053951,1,0,0,0,0,0,0,0,0.0267734147728411,1,1,0,0,0,0,0.2937403119254595,1,1,0,0,0,0,0.775542227251985,1,0,0,0,0,0,1.3738322120887616,1,0,0,0,0,0,0.0417486271220061,0.0618533124652844,1.0,1.0,0.0,0.0,1.0,0.0,13.0,0.0,74.30303030303058,62.07720057720073,1.0,0.0,0.0,0.0,0.0,0.0,0.0,0.0,0.7222003182283813,1.0,0.0,0.0,0.0,0.0,0.0,1.1102286937166517,1.0,0.0,0.0,0.0,0.0,0.0,2.0775713577614674,1.0,0.0,0.0,0.0,0.0,0.0,4.867471659728358,1.0,0.0,0.0,0.0,0.0,0.0,0.0445184609855733,-0.0171479183160596,1.0,1.0,0.0,0.0,0.0,0.0,0.0,8.0,84.6459413874311,85.4420718728694,0.0,1.0,0.0,15.0,0.0,1.0,0.0,0.0,0.4987567905804736,1.0,0.0,0.0,0.0,1.0,0.0,1.6123575238951775,1.0,0.0,0.0,0.0,0.0,0.0,3.8150455804012897,1.0,0.0,0.0,0.0,0.0,0.0,3.9968854882737785,1.0,0.0,0.0,0.0,0.0,0.0,0.5338993265213205,-0.0852148401781175,1.0,1.0,0.0,0.0,0.0,0.0,0.0,3.0,88.22475201531422,91.5686770048989,0.0,1.0,0.0,7.0,0.0,0.0,0.0,0.0,0.6955215235630968,1.0,0.0,0.0,0.0,0.0,0.0,2.228951942409592,1.0,0.0,0.0,0.0,0.0,0.0,3.7289685407158495,1.0,0.0,0.0,0.0,0.0,0.0,2.6479540659585057,1.0,0.0,0.0,0.0,0.0,0.0,0.747340483954791,-0.0118893122569911,1.0,1.0,0.0,1.0,0.0,0.0,0.0,1.0,92.5549915397631,94.28244306925892,0.0,1.0,0.0,4.0,0.0,1.0,0.0,0.0,1.3945882194190675,1.0,0.0,0.0,0.0,0.0,0.0,2.7721920738374783,1.0,0.0,0.0,0.0,0.0,0.0,3.529469702532743,1.0,0.0,0.0,0.0,0.0,0.0,,0.0,0.0,0.0,0.0,0.0,0.0,0.6438010353285284,0.1316533687304242,1.0,1.0,0.0,0.0,0.0,0.0,3.0,0.0,92.8296084493159,74.79185485955475,1.0,1.0,0.0,1.0,0.0,0.0,0.0,0.0,1.968727116843405,1.0,0.0,0.0,0.0,0.0,0.0,2.50715347900022,1.0,0.0,0.0,0.0,0.0,0.0,1.5917534272832383,1.0,0.0,0.0,0.0,0.0,0.0,,0.0,0.0,0.0,0.0,0.0,0.0,-0.9795262512051548,0.0688865501821349,0.0,0.0,0.0,0.0,0.0,0.0,6.0,0.0,,,0.0,0.0,0.0,0.0,0.0,0.0,0.0,0.0,-2.326188834187853,0.0,0.0,0.0,0.0,0.0,0.0,-5.569100663229377,0.0,0.0,0.0,0.0,0.0,0.0,,0.0,0.0,0.0,0.0,0.0,0.0,,0.0,0.0,0.0,0.0,0.0,0.0,-0.2074010256410133,-0.2074010256410133,0.0,0.0,0.0,0.0,0.0,0.0,0.0,1.0,,,0.0,0.0,0.0,0.0,0.0,0.0,0.0,0.0,-2.001697843959912,0.0,0.0,0.0,0.0,0.0,1.0,-2.3317666488418496,0.0,0.0,0.0,0.0,0.0,1.0,,0.0,0.0,0.0,0.0,0.0,0.0,,0.0,0.0,0.0,0.0,0.0,0.0
17,LONG,1.343,175,2.9,125.07,126.75,2024-07-08 09:10:00+00:00,2024-07-08 12:05:00+00:00,-0.0656457373686587,0.0536926032051257,0,0,1,0,0,0,1,0,74.41945606694566,63.4623430962345,1,0,0,0,0,0,0,0,0.2735440655690689,1,1,1,0,1,0,0.1322652543012116,1,1,1,0,1,0,0.0451485798719379,1,1,1,0,1,0,0.8427470137121019,1,0,0,0,1,0,0.0345673600584828,-0.0316583944417793,1.0,1.0,0.0,0.0,0.0,0.0,0.0,5.0,93.1241127287797,91.96404299866212,1.0,1.0,0.0,12.0,0.0,0.0,0.0,0.0,-0.0392303280716067,0.0,1.0,0.0,1.0,0.0,1.0,0.2803382856958551,1.0,1.0,0.0,0.0,1.0,0.0,0.8487412223211424,1.0,0.0,0.0,0.0,1.0,0.0,0.1115792721394038,1.0,1.0,0.0,0.0,1.0,0.0,0.2378820174989143,0.0184462919521319,1.0,1.0,0.0,0.0,0.0,0.0,13.0,0.0,90.42440894767093,78.45415159686502,1.0,1.0,0.0,1.0,0.0,0.0,0.0,0.0,0.5160813811052027,1.0,0.0,0.0,0.0,0.0,0.0,0.7570030943571494,1.0,0.0,0.0,0.0,0.0,0.0,0.4295945263318605,1.0,0.0,0.0,0.0,0.0,0.0,1.777128267794886,1.0,0.0,0.0,0.0,0.0,0.0,0.0733513639272935,0.1010701258081125,1.0,1.0,0.0,0.0,1.0,0.0,6.0,0.0,60.04938746397543,37.31130153299165,1.0,0.0,0.0,0.0,0.0,0.0,0.0,0.0,0.7796276549146969,1.0,0.0,0.0,0.0,1.0,0.0,0.614690954319664,1.0,0.0,1.0,0.0,1.0,0.0,-0.0891172562200507,0.0,1.0,0.0,0.0,0.0,1.0,1.8660490821214,1.0,0.0,0.0,0.0,0.0,0.0,-0.3259974027345764,0.058653744282979,0.0,0.0,0.0,0.0,0.0,0.0,2.0,0.0,12.045048855308243,8.96447162279349,1.0,0.0,1.0,8.0,0.0,0.0,0.0,0.0,0.0053039038420744,1.0,1.0,1.0,0.0,1.0,0.0,-0.1969706607645756,0.0,1.0,0.0,0.0,0.0,1.0,0.8156976503271756,1.0,0.0,0.0,0.0,0.0,0.0,-0.3555313688665918,0.0,0.0,0.0,0.0,0.0,0.0,0.2220649821765404,-0.127331113070392,1.0,1.0,0.0,0.0,0.0,0.0,0.0,4.0,58.8636363636364,67.41818181818185,0.0,0.0,0.0,0.0,0.0,0.0,0.0,0.0,-0.470341102197242,0.0,0.0,0.0,0.0,0.0,1.0,0.0668442107629675,1.0,1.0,0.0,0.0,1.0,0.0,0.7243963644758059,1.0,0.0,0.0,0.0,0.0,0.0,,0.0,0.0,0.0,0.0,0.0,0.0,-0.5170832320727614,0.4624430191323934,0.0,0.0,0.0,0.0,0.0,0.0,7.0,0.0,,,0.0,0.0,0.0,0.0,0.0,0.0,0.0,0.0,1.5377955535831422,1.0,0.0,1.0,0.0,1.0,0.0,-1.2745205138931277,0.0,0.0,0.0,0.0,0.0,0.0,,0.0,0.0,0.0,0.0,0.0,0.0,,0.0,0.0,0.0,0.0,0.0,0.0,-0.2220345468624327,-0.0146335212214193,0.0,0.0,0.0,0.0,0.0,0.0,0.0,2.0,,,0.0,0.0,0.0,0.0,0.0,0.0,0.0,0.0,-0.5538533993781349,0.0,0.0,0.0,0.0,0.0,1.0,-0.9512569988236954,0.0,0.0,0.0,0.0,0.0,1.0,,0.0,0.0,0.0,0.0,0.0,0.0,,0.0,0.0,0.0,0.0,0.0,0.0
18,SHORT,-1.831,170,2.8,132.46,130.0352,2024-07-09 14:55:00+00:00,2024-07-09 17:45:00+00:00,-0.0001571083365783,-0.0081325358752307,0,0,0,0,0,1,0,11,39.682931354361976,58.58799659974856,0,0,0,0,0,0,0,0,-0.045651107750679,0,1,0,0,0,0,-0.0160650393873663,0,1,0,0,0,1,-0.0196969390120309,0,1,0,0,0,1,-0.8895249584730742,0,0,0,0,0,0,0.0208437257448882,0.0222091546483958,1.0,1.0,0.0,0.0,1.0,0.0,3.0,0.0,52.31972970440668,45.36910890980912,1.0,0.0,0.0,0.0,0.0,0.0,0.0,0.0,0.0351007663065076,1.0,1.0,0.0,0.0,1.0,0.0,-0.2531967336096158,0.0,1.0,0.0,0.0,0.0,0.0,-1.0330161408809972,0.0,0.0,0.0,0.0,0.0,0.0,0.3768008121598458,1.0,0.0,0.0,0.0,0.0,0.0,-0.332342614529661,0.002187020575909,0.0,0.0,1.0,0.0,0.0,0.0,1.0,0.0,26.01353965183752,21.1688183210774,1.0,0.0,0.0,0.0,1.0,0.0,0.0,0.0,-0.4306120288189015,0.0,0.0,0.0,0.0,0.0,0.0,-0.6455073187133996,0.0,0.0,0.0,0.0,0.0,0.0,-0.0344632908431655,0.0,1.0,0.0,0.0,0.0,1.0,1.995148524006159,1.0,0.0,0.0,0.0,0.0,0.0,-0.0777256541814361,-0.1313361521023387,0.0,0.0,0.0,0.0,0.0,1.0,0.0,4.0,45.10964912280725,53.9220969089392,0.0,0.0,0.0,0.0,0.0,0.0,0.0,0.0,-0.7935739413683564,0.0,0.0,0.0,0.0,0.0,1.0,-0.3058280916740259,0.0,0.0,0.0,1.0,0.0,1.0,0.960011773144608,1.0,0.0,0.0,0.0,1.0,0.0,3.6998811117955865,1.0,0.0,0.0,0.0,0.0,0.0,0.2686863659212446,-0.0475051747536464,1.0,1.0,0.0,1.0,0.0,0.0,0.0,1.0,77.98316515486674,85.65105390744611,0.0,0.0,0.0,0.0,0.0,0.0,0.0,0.0,0.4990562516888163,1.0,0.0,0.0,0.0,0.0,0.0,1.6158747556236368,1.0,0.0,0.0,0.0,0.0,0.0,3.051706958010727,1.0,0.0,0.0,0.0,0.0,0.0,5.015406061609011,1.0,0.0,0.0,0.0,0.0,0.0,0.4135933688571606,0.0534915149220163,1.0,1.0,0.0,0.0,0.0,0.0,5.0,0.0,83.7450585895599,80.58831197999467,1.0,1.0,0.0,1.0,0.0,0.0,0.0,0.0,1.4464267216384503,1.0,0.0,0.0,0.0,0.0,0.0,2.6473613252132915,1.0,0.0,0.0,0.0,0.0,0.0,4.39576505911517,1.0,0.0,0.0,0.0,0.0,0.0,,0.0,0.0,0.0,0.0,0.0,0.0,-0.3090244345851691,0.2080587974875922,0.0,0.0,0.0,0.0,0.0,0.0,8.0,0.0,,,0.0,0.0,0.0,0.0,0.0,0.0,0.0,0.0,-0.1049179197847287,0.0,1.0,0.0,1.0,0.0,1.0,-2.644102243543465,0.0,0.0,0.0,0.0,0.0,1.0,,0.0,0.0,0.0,0.0,0.0,0.0,,0.0,0.0,0.0,0.0,0.0,0.0,-0.2220345468624327,-0.0146335212214193,0.0,0.0,0.0,0.0,0.0,0.0,0.0,2.0,,,0.0,0.0,0.0,0.0,0.0,0.0,0.0,0.0,-0.5538533993781349,0.0,0.0,0.0,0.0,0.0,1.0,-0.9512569988236954,0.0,0.0,0.0,0.0,0.0,1.0,,0.0,0.0,0.0,0.0,0.0,0.0,,0.0,0.0,0.0,0.0,0.0,0.0
19,SHORT,-3.721,150,2.5,134.3236,129.325,2024-07-11 13:35:00+00:00,2024-07-11 16:05:00+00:00,0.1251131050320521,0.0194318428852906,1,1,0,0,0,0,2,0,86.07272727272573,84.20696277127864,1,1,0,4,0,0,0,0,0.376292018003078,1,0,0,0,0,0,0.5726917198633188,1,0,0,0,0,0,0.5793698347253495,1,0,0,0,0,0,-2.1114653432616257,0,0,0,0,0,0,0.0373168743604181,0.0598060866917853,1.0,1.0,0.0,0.0,1.0,0.0,5.0,0.0,22.29250512757258,19.37022289274781,1.0,0.0,0.0,0.0,0.0,0.0,0.0,0.0,-0.0268974185589962,0.0,1.0,0.0,0.0,0.0,1.0,-0.9906217487913132,0.0,0.0,0.0,0.0,0.0,0.0,-3.2089936697778745,0.0,0.0,0.0,0.0,0.0,0.0,-4.484808492616655,0.0,0.0,0.0,0.0,0.0,0.0,-0.7157155447097434,0.0299518326966158,0.0,0.0,1.0,0.0,0.0,0.0,1.0,0.0,6.329676082683431,4.626466097694565,1.0,0.0,1.0,7.0,1.0,0.0,0.0,0.0,-1.42448989868178,0.0,0.0,0.0,0.0,0.0,0.0,-3.121431650659684,0.0,0.0,0.0,0.0,0.0,0.0,-4.639948660607591,0.0,0.0,0.0,0.0,0.0,0.0,-2.656983908252401,0.0,0.0,0.0,0.0,0.0,0.0,-0.8948788945711309,-0.2333198242145233,0.0,0.0,0.0,0.0,0.0,0.0,0.0,6.0,9.970604999708298,18.260129840968524,0.0,0.0,1.0,2.0,0.0,0.0,0.0,0.0,-3.274280586344825,0.0,0.0,0.0,0.0,0.0,0.0,-4.479499123472516,0.0,0.0,0.0,0.0,0.0,0.0,-4.706769785674863,0.0,0.0,0.0,0.0,0.0,0.0,-0.4199172170107188,0.0,0.0,0.0,1.0,0.0,1.0,-0.617261678546156,-0.3557036385392895,0.0,0.0,0.0,0.0,0.0,0.0,0.0,10.0,23.528826155708327,44.9871675673297,0.0,0.0,0.0,0.0,0.0,0.0,0.0,0.0,-3.265885678684794,0.0,0.0,0.0,0.0,0.0,1.0,-3.393506063766795,0.0,0.0,0.0,0.0,0.0,1.0,-2.0024009638715325,0.0,0.0,0.0,1.0,0.0,1.0,2.70045307556719,1.0,0.0,0.0,0.0,0.0,0.0,0.4730958666121032,-0.0925203321608922,1.0,1.0,0.0,0.0,0.0,0.0,0.0,2.0,94.01267829454672,96.12680746181518,0.0,1.0,0.0,6.0,0.0,1.0,0.0,0.0,0.9260045653166966,1.0,0.0,0.0,0.0,0.0,0.0,3.139247921360839,1.0,0.0,0.0,0.0,0.0,0.0,6.745912814101031,1.0,0.0,0.0,0.0,0.0,0.0,,0.0,0.0,0.0,0.0,0.0,0.0,0.5611309082897402,0.4871267194270925,1.0,1.0,0.0,0.0,0.0,0.0,10.0,0.0,,,0.0,0.0,0.0,0.0,0.0,0.0,0.0,0.0,3.655249782241601,1.0,0.0,0.0,0.0,0.0,0.0,2.418614906094873,1.0,0.0,1.0,0.0,1.0,0.0,,0.0,0.0,0.0,0.0,0.0,0.0,,0.0,0.0,0.0,0.0,0.0,0.0,-0.2220345468624327,-0.0146335212214193,0.0,0.0,0.0,0.0,0.0,0.0,0.0,2.0,,,0.0,0.0,0.0,0.0,0.0,0.0,0.0,0.0,-0.5538533993781349,0.0,0.0,0.0,0.0,0.0,1.0,-0.9512569988236954,0.0,0.0,0.0,0.0,0.0,1.0,,0.0,0.0,0.0,0.0,0.0,0.0,,0.0,0.0,0.0,0.0,0.0,0.0
20,SHORT,-1.242,45,0.8,128.85,127.25,2024-07-11 19:40:00+00:00,2024-07-11 20:25:00+00:00,0.0525476290814783,0.0009636181579348,1,1,1,0,0,0,1,0,53.05128205128066,51.60683760683654,1,0,0,0,0,0,1,0,0.0406690875407093,1,1,0,0,1,0,0.0030575752260081,1,1,1,0,1,0,-0.3410942546284644,0,0,0,0,0,0,-0.8404915783732003,0,0,0,0,0,0,-0.1647100563200285,0.0212084064840806,0.0,0.0,0.0,0.0,0.0,0.0,3.0,0.0,14.336277045224662,12.667321369912038,1.0,0.0,1.0,5.0,1.0,0.0,0.0,0.0,-0.235162831981815,0.0,1.0,0.0,0.0,0.0,0.0,-0.6550427764787339,0.0,0.0,0.0,0.0,0.0,0.0,-1.0170681023732704,0.0,0.0,0.0,0.0,0.0,0.0,-4.411662478894994,0.0,0.0,0.0,0.0,0.0,0.0,0.1495299161931957,-0.0967244899384613,1.0,1.0,0.0,0.0,0.0,0.0,0.0,3.0,33.581824349741154,47.883527537984975,0.0,0.0,0.0,0.0,0.0,0.0,0.0,0.0,-0.985498055329464,0.0,0.0,0.0,0.0,0.0,1.0,-1.7303944159765696,0.0,0.0,0.0,0.0,0.0,0.0,-4.067265605597878,0.0,0.0,0.0,0.0,0.0,0.0,-3.753605959424052,0.0,0.0,0.0,0.0,0.0,0.0,-0.3491445281014433,0.088263607984806,0.0,0.0,0.0,0.0,0.0,0.0,7.0,0.0,15.761441090554962,11.74906176393858,1.0,0.0,1.0,10.0,0.0,0.0,0.0,0.0,-0.5181475281895892,0.0,0.0,0.0,1.0,0.0,1.0,-2.043037591841685,0.0,0.0,0.0,0.0,0.0,0.0,-3.890430629409381,0.0,0.0,0.0,0.0,0.0,0.0,-0.2267182497408562,0.0,1.0,0.0,1.0,0.0,1.0,-0.9924375152510984,0.1229601668926145,0.0,0.0,1.0,0.0,0.0,0.0,1.0,0.0,10.269300508915288,7.333958424675053,1.0,0.0,1.0,4.0,1.0,0.0,0.0,0.0,-0.8072878018124945,0.0,0.0,0.0,0.0,0.0,0.0,-2.168958225600936,0.0,0.0,0.0,0.0,0.0,0.0,-2.076941305566759,0.0,0.0,0.0,0.0,0.0,0.0,2.4844969581719023,1.0,0.0,0.0,0.0,0.0,0.0,-0.0628367917538827,-0.535932658365986,0.0,0.0,0.0,0.0,0.0,1.0,0.0,3.0,64.55672891625566,85.30658978921171,0.0,0.0,0.0,0.0,0.0,0.0,0.0,0.0,-3.252004517852998,0.0,0.0,0.0,1.0,0.0,1.0,-1.858508188468764,0.0,0.0,0.0,1.0,0.0,1.0,1.3144246687861156,1.0,0.0,0.0,0.0,0.0,0.0,,0.0,0.0,0.0,0.0,0.0,0.0,0.5611309082897402,0.4871267194270925,1.0,1.0,0.0,0.0,0.0,0.0,10.0,0.0,,,0.0,0.0,0.0,0.0,0.0,0.0,0.0,0.0,3.655249782241601,1.0,0.0,0.0,0.0,0.0,0.0,2.418614906094873,1.0,0.0,1.0,0.0,1.0,0.0,,0.0,0.0,0.0,0.0,0.0,0.0,,0.0,0.0,0.0,0.0,0.0,0.0,-0.2220345468624327,-0.0146335212214193,0.0,0.0,0.0,0.0,0.0,0.0,0.0,2.0,,,0.0,0.0,0.0,0.0,0.0,0.0,0.0,0.0,-0.5538533993781349,0.0,0.0,0.0,0.0,0.0,1.0,-0.9512569988236954,0.0,0.0,0.0,0.0,0.0,1.0,,0.0,0.0,0.0,0.0,0.0,0.0,,0.0,0.0,0.0,0.0,0.0,0.0
21,LONG,1.779,200,3.3,126.51,128.76,2024-07-11 22:00:00+00:00,2024-07-12 09:20:00+00:00,0.0082579952597432,-0.0090657254834143,1,1,0,0,0,0,0,2,88.70056497175206,93.37448514408362,0,1,0,5,0,1,0,0,0.0216283207707987,1,1,0,0,1,0,0.1741357413704185,1,1,0,0,0,0,0.5097301474548553,1,0,0,0,0,0,1.4663734953567549,1,0,0,0,0,0,0.138053819004287,-0.0059804388300584,1.0,1.0,0.0,0.0,0.0,0.0,0.0,5.0,97.45985725925776,94.7000565165324,1.0,1.0,0.0,14.0,0.0,0.0,0.0,0.0,0.3496888328135567,1.0,0.0,0.0,0.0,0.0,0.0,0.8329033397655455,1.0,0.0,0.0,0.0,0.0,0.0,1.469726481470627,1.0,0.0,0.0,0.0,0.0,0.0,-1.4268594269474744,0.0,0.0,0.0,0.0,0.0,0.0,0.3724962821206843,0.0419179580713895,1.0,1.0,0.0,0.0,0.0,0.0,14.0,0.0,92.21544912110922,80.3320969736065,1.0,1.0,0.0,2.0,0.0,0.0,0.0,0.0,0.7200250289087441,1.0,0.0,0.0,0.0,0.0,0.0,0.7613540434629262,1.0,0.0,0.0,0.0,0.0,0.0,-0.351547741034946,0.0,0.0,0.0,0.0,0.0,0.0,-2.7708904841693065,0.0,0.0,0.0,0.0,0.0,0.0,0.1718332849722663,0.0893806543285329,1.0,1.0,0.0,0.0,0.0,0.0,18.0,0.0,10.694905431747616,6.357234427409911,1.0,0.0,1.0,21.0,0.0,0.0,0.0,0.0,0.2956906804067641,1.0,1.0,0.0,0.0,1.0,0.0,-0.7738164963895063,0.0,0.0,0.0,0.0,0.0,0.0,-3.636128567263958,0.0,0.0,0.0,0.0,0.0,0.0,-1.316496726481343,0.0,0.0,0.0,0.0,0.0,0.0,-0.61475702515515,0.1517909839094091,0.0,0.0,0.0,0.0,0.0,0.0,5.0,0.0,3.208556149732663,2.5901540733354182,1.0,0.0,1.0,10.0,1.0,0.0,0.0,0.0,-0.4568884709612023,0.0,0.0,0.0,0.0,0.0,0.0,-2.272529174824997,0.0,0.0,0.0,0.0,0.0,0.0,-3.837692271945588,0.0,0.0,0.0,0.0,0.0,0.0,0.2503156919099807,1.0,1.0,1.0,0.0,1.0,0.0,-0.8392890819812386,-0.3277923343747622,0.0,0.0,0.0,0.0,0.0,0.0,0.0,5.0,4.612479974154386,34.30379063487908,0.0,0.0,1.0,1.0,0.0,0.0,0.0,0.0,-3.2288558471027606,0.0,0.0,0.0,0.0,0.0,1.0,-3.1164206994932933,0.0,0.0,0.0,0.0,0.0,1.0,-0.6154596924385116,0.0,0.0,0.0,1.0,0.0,1.0,,0.0,0.0,0.0,0.0,0.0,0.0,1.0777549062107026,0.5166239979209624,1.0,1.0,0.0,0.0,0.0,0.0,11.0,0.0,,,0.0,0.0,0.0,0.0,0.0,0.0,0.0,0.0,4.842238712262885,1.0,0.0,0.0,0.0,0.0,0.0,4.56518463487247,1.0,0.0,0.0,0.0,0.0,0.0,,0.0,0.0,0.0,0.0,0.0,0.0,,0.0,0.0,0.0,0.0,0.0,0.0,-0.2220345468624327,-0.0146335212214193,0.0,0.0,0.0,0.0,0.0,0.0,0.0,2.0,,,0.0,0.0,0.0,0.0,0.0,0.0,0.0,0.0,-0.5538533993781349,0.0,0.0,0.0,0.0,0.0,1.0,-0.9512569988236954,0.0,0.0,0.0,0.0,0.0,1.0,,0.0,0.0,0.0,0.0,0.0,0.0,,0.0,0.0,0.0,0.0,0.0,0.0
22,LONG,1.943,110,1.8,127.885,130.37,2024-07-12 13:35:00+00:00,2024-07-12 15:25:00+00:00,-0.0687611382235335,0.0163612773126289,0,0,1,0,0,0,1,0,17.72870144942757,10.82107558955946,1,0,1,5,0,0,0,0,-0.0061189657334276,0,1,0,0,0,1,-0.1209965643813481,0,1,0,0,0,0,-0.2043968884837889,0,1,0,0,0,0,1.1373777465000414,1,0,0,0,0,0,0.012729720382029,-0.0435611905634523,1.0,1.0,0.0,0.0,0.0,0.0,0.0,5.0,85.56430446194219,85.58142469033471,0.0,1.0,0.0,9.0,0.0,1.0,0.0,0.0,-0.0607340311922752,0.0,1.0,0.0,1.0,0.0,1.0,0.4158841293112839,1.0,0.0,0.0,0.0,0.0,0.0,1.3950093628285187,1.0,0.0,0.0,0.0,0.0,0.0,1.8385803139691657,1.0,0.0,0.0,0.0,0.0,0.0,0.283012118701628,0.0370002163685486,1.0,1.0,0.0,0.0,0.0,0.0,2.0,0.0,85.61119365830757,83.1321060023213,1.0,1.0,0.0,5.0,0.0,0.0,0.0,0.0,0.8867069961937976,1.0,0.0,0.0,0.0,0.0,0.0,1.508600280415632,1.0,0.0,0.0,0.0,0.0,0.0,2.19521896832025,1.0,0.0,0.0,0.0,0.0,0.0,-0.9036991010939572,0.0,0.0,0.0,0.0,0.0,0.0,0.4215250737468698,-0.0249838558244037,1.0,1.0,0.0,1.0,0.0,0.0,0.0,1.0,88.94935758677921,84.37532954668406,1.0,1.0,0.0,2.0,0.0,0.0,0.0,0.0,0.3108531824384661,1.0,0.0,0.0,0.0,0.0,0.0,0.4509307706570346,1.0,0.0,0.0,0.0,0.0,0.0,-1.179990812277323,0.0,0.0,0.0,0.0,0.0,0.0,-0.3245531397616847,0.0,0.0,0.0,1.0,0.0,1.0,0.2207212980479869,0.217790474836744,1.0,1.0,0.0,0.0,0.0,0.0,11.0,0.0,40.59834791624789,27.80265909152931,1.0,0.0,0.0,0.0,0.0,0.0,0.0,0.0,1.4861830775027902,1.0,0.0,1.0,0.0,1.0,0.0,0.7174278253246766,1.0,0.0,1.0,0.0,1.0,0.0,-1.1986331365584422,0.0,0.0,0.0,0.0,0.0,0.0,2.561190565520823,1.0,0.0,0.0,0.0,0.0,0.0,-0.9733102284835952,-0.1340211465023566,0.0,0.0,0.0,0.0,0.0,0.0,0.0,6.0,3.5301240987702065,13.961589029050591,0.0,0.0,1.0,2.0,0.0,0.0,0.0,0.0,-2.118554821354102,0.0,0.0,0.0,0.0,0.0,0.0,-2.364145937900917,0.0,0.0,0.0,0.0,0.0,0.0,-0.1234049359864765,0.0,1.0,0.0,0.0,0.0,0.0,,0.0,0.0,0.0,0.0,0.0,0.0,1.0777549062107026,0.5166239979209624,1.0,1.0,0.0,0.0,0.0,0.0,11.0,0.0,,,0.0,0.0,0.0,0.0,0.0,0.0,0.0,0.0,4.842238712262885,1.0,0.0,0.0,0.0,0.0,0.0,4.56518463487247,1.0,0.0,0.0,0.0,0.0,0.0,,0.0,0.0,0.0,0.0,0.0,0.0,,0.0,0.0,0.0,0.0,0.0,0.0,-0.2220345468624327,-0.0146335212214193,0.0,0.0,0.0,0.0,0.0,0.0,0.0,2.0,,,0.0,0.0,0.0,0.0,0.0,0.0,0.0,0.0,-0.5538533993781349,0.0,0.0,0.0,0.0,0.0,1.0,-0.9512569988236954,0.0,0.0,0.0,0.0,0.0,1.0,,0.0,0.0,0.0,0.0,0.0,0.0,,0.0,0.0,0.0,0.0,0.0,0.0
23,SHORT,-1.677,80,1.3,131.5001,129.295,2024-07-12 19:10:00+00:00,2024-07-12 20:30:00+00:00,0.0289483735941192,-0.0043355546342952,1,1,0,0,0,0,0,2,84.78260869565054,78.30544565033397,1,1,0,1,0,0,0,0,0.0083136165091477,1,1,0,0,1,0,0.0331718246693412,1,1,0,0,1,0,-0.0126609127618089,0,1,0,1,0,1,-1.0820042769725449,0,0,0,0,0,0,-0.1294409514217596,0.0411509428448058,0.0,0.0,0.0,0.0,0.0,0.0,5.0,0.0,19.796340171171902,16.570286440944663,1.0,0.0,1.0,13.0,0.0,0.0,0.0,0.0,-0.0790075731896021,0.0,1.0,0.0,0.0,0.0,0.0,-0.5614205081802812,0.0,0.0,0.0,0.0,0.0,0.0,-1.039037286442159,0.0,0.0,0.0,0.0,0.0,0.0,0.5393375090744197,1.0,0.0,0.0,0.0,0.0,0.0,-0.3080134760215132,-0.0538020177198216,0.0,0.0,0.0,0.0,0.0,0.0,0.0,6.0,16.95707723227083,32.07877946852971,0.0,0.0,1.0,1.0,0.0,0.0,0.0,0.0,-0.7334964267455786,0.0,0.0,0.0,0.0,0.0,0.0,-0.774944496934117,0.0,0.0,0.0,0.0,0.0,0.0,0.0425407234994906,1.0,1.0,1.0,0.0,1.0,0.0,-1.81989918431467,0.0,0.0,0.0,0.0,0.0,0.0,0.0989292577700687,-0.1862405559193837,1.0,1.0,0.0,0.0,0.0,0.0,0.0,9.0,72.01474296052511,86.80948540990096,0.0,0.0,0.0,0.0,0.0,0.0,0.0,0.0,-1.0550348507997778,0.0,0.0,0.0,0.0,0.0,1.0,-0.5940279814752122,0.0,0.0,0.0,1.0,0.0,1.0,-0.2123434917631805,0.0,1.0,0.0,1.0,0.0,1.0,-0.6068828161851588,0.0,0.0,0.0,1.0,0.0,1.0,0.6206369734557138,0.0677479272312355,1.0,1.0,0.0,0.0,0.0,0.0,16.0,0.0,88.33648369234886,78.50854635474967,1.0,1.0,0.0,1.0,0.0,0.0,0.0,0.0,1.2890609203114856,1.0,0.0,0.0,0.0,0.0,0.0,1.5706931919074254,1.0,0.0,0.0,0.0,0.0,0.0,0.1239488751724843,1.0,1.0,1.0,0.0,1.0,0.0,3.777846711025376,1.0,0.0,0.0,0.0,0.0,0.0,-0.8064817623865683,0.183861639350525,0.0,0.0,1.0,0.0,0.0,0.0,1.0,0.0,18.948683390577283,9.62721984641946,1.0,0.0,1.0,4.0,0.0,0.0,0.0,0.0,0.3853750555154399,1.0,0.0,1.0,0.0,1.0,0.0,0.0312008085342754,1.0,1.0,1.0,0.0,1.0,0.0,1.9891010534294544,1.0,0.0,0.0,0.0,1.0,0.0,,0.0,0.0,0.0,0.0,0.0,0.0,1.0777549062107026,0.5166239979209624,1.0,1.0,0.0,0.0,0.0,0.0,11.0,0.0,,,0.0,0.0,0.0,0.0,0.0,0.0,0.0,0.0,4.842238712262885,1.0,0.0,0.0,0.0,0.0,0.0,4.56518463487247,1.0,0.0,0.0,0.0,0.0,0.0,,0.0,0.0,0.0,0.0,0.0,0.0,,0.0,0.0,0.0,0.0,0.0,0.0,-0.2220345468624327,-0.0146335212214193,0.0,0.0,0.0,0.0,0.0,0.0,0.0,2.0,,,0.0,0.0,0.0,0.0,0.0,0.0,0.0,0.0,-0.5538533993781349,0.0,0.0,0.0,0.0,0.0,1.0,-0.9512569988236954,0.0,0.0,0.0,0.0,0.0,1.0,,0.0,0.0,0.0,0.0,0.0,0.0,,0.0,0.0,0.0,0.0,0.0,0.0
24,SHORT,-1.235,155,2.6,131.14,129.52,2024-07-15 12:10:00+00:00,2024-07-15 14:45:00+00:00,-0.0030420495571319,-0.0147299740193119,0,0,0,0,0,1,0,8,55.61129978388473,58.35090006902354,0,0,0,0,0,0,0,0,-0.0708721577514907,0,1,0,1,0,1,0.0112691314177411,1,1,0,0,1,0,0.1970319862933683,1,1,0,0,0,0,-0.670534477727589,0,0,0,0,0,0,0.031157062957786,0.0421803208537745,1.0,1.0,0.0,0.0,1.0,0.0,9.0,0.0,44.61077844311389,37.55821689953424,1.0,0.0,0.0,0.0,0.0,0.0,0.0,0.0,0.2112897221225198,1.0,1.0,0.0,0.0,0.0,0.0,-0.0478938021164241,0.0,1.0,0.0,0.0,0.0,1.0,-0.5825214137030503,0.0,0.0,0.0,0.0,0.0,0.0,-0.4472889947836581,0.0,0.0,0.0,0.0,0.0,0.0,-0.2450614841703733,0.0076149203005387,0.0,0.0,1.0,0.0,0.0,0.0,1.0,0.0,28.88888888888853,29.08390460854201,0.0,0.0,0.0,0.0,0.0,0.0,0.0,0.0,-0.3538913106277306,0.0,0.0,0.0,0.0,0.0,0.0,-0.6650750722131884,0.0,0.0,0.0,0.0,0.0,0.0,-0.7135535477937163,0.0,0.0,0.0,0.0,0.0,0.0,-1.4421808754659542,0.0,0.0,0.0,0.0,0.0,0.0,-0.0674518127408593,-0.1379715532970876,0.0,0.0,0.0,0.0,0.0,1.0,0.0,2.0,61.05893719806746,73.74866160570501,0.0,0.0,0.0,0.0,0.0,0.0,0.0,0.0,-1.05546133469899,0.0,0.0,0.0,1.0,0.0,1.0,-0.9635546554325696,0.0,0.0,0.0,1.0,0.0,1.0,-0.292306833972708,0.0,1.0,0.0,1.0,0.0,1.0,-0.8786756450274361,0.0,0.0,0.0,1.0,0.0,1.0,0.2129405832503066,0.0136756156647969,1.0,1.0,0.0,0.0,0.0,0.0,2.0,0.0,64.41540253189031,62.98076997605176,1.0,0.0,0.0,0.0,0.0,0.0,1.0,0.0,0.4595748005892821,1.0,0.0,0.0,0.0,1.0,0.0,0.7302059803031505,1.0,0.0,0.0,0.0,1.0,0.0,-0.0572404989301266,0.0,1.0,0.0,0.0,0.0,1.0,3.052515007051999,1.0,0.0,0.0,0.0,0.0,0.0,-0.4345846591725706,0.1254161743973864,0.0,0.0,0.0,0.0,0.0,0.0,4.0,0.0,37.615176151761545,33.953045519760046,1.0,0.0,0.0,0.0,0.0,0.0,0.0,0.0,0.413038302456289,1.0,0.0,0.0,0.0,1.0,0.0,0.2566277130826465,1.0,1.0,0.0,0.0,1.0,0.0,1.955150928666797,1.0,0.0,0.0,0.0,0.0,0.0,,0.0,0.0,0.0,0.0,0.0,0.0,0.7677387781542526,-0.3100161280564499,1.0,1.0,0.0,1.0,0.0,0.0,0.0,1.0,64.12229049325823,,0.0,0.0,0.0,0.0,0.0,0.0,0.0,0.0,-1.890712211385561,0.0,0.0,0.0,1.0,0.0,1.0,-2.438406876092494,0.0,0.0,0.0,1.0,0.0,1.0,,0.0,0.0,0.0,0.0,0.0,0.0,,0.0,0.0,0.0,0.0,0.0,0.0,0.0692292977289062,0.2912638445913389,1.0,1.0,1.0,0.0,1.0,0.0,1.0,0.0,,,0.0,0.0,0.0,0.0,0.0,0.0,0.0,0.0,2.33575446445514,1.0,0.0,1.0,0.0,1.0,0.0,2.368549917546704,1.0,0.0,1.0,0.0,1.0,0.0,,0.0,0.0,0.0,0.0,0.0,0.0,,0.0,0.0,0.0,0.0,0.0,0.0
25,SHORT,-2.293,105,1.8,128.63,125.68,2024-07-16 13:10:00+00:00,2024-07-16 14:55:00+00:00,-0.0729292871918997,-0.0246972148293942,0,0,0,0,0,0,0,12,7.94545343362108,15.94129912041448,0,0,1,2,0,0,0,0,-0.2977470159403007,0,1,0,0,0,0,-0.3523193530231593,0,0,0,0,0,0,-0.1451327886994994,0,1,0,1,0,1,-1.6127689246905317,0,0,0,0,0,0,0.0071592110217342,0.0506949817629507,1.0,1.0,0.0,0.0,1.0,0.0,8.0,0.0,39.68609865470869,35.62381664175404,1.0,0.0,0.0,0.0,0.0,0.0,0.0,0.0,0.1504616577948119,1.0,1.0,0.0,0.0,1.0,0.0,-0.3123754028487204,0.0,0.0,0.0,0.0,0.0,0.0,-1.187026602262689,0.0,0.0,0.0,0.0,0.0,0.0,-1.4670002504672577,0.0,0.0,0.0,0.0,0.0,0.0,-0.3081848985713689,-0.0374880333749701,0.0,0.0,0.0,0.0,0.0,0.0,0.0,3.0,22.40676600768912,29.151987160951084,0.0,0.0,0.0,0.0,0.0,0.0,0.0,0.0,-0.8966220694356584,0.0,0.0,0.0,0.0,0.0,0.0,-1.440025210971533,0.0,0.0,0.0,0.0,0.0,0.0,-1.7581454034676989,0.0,0.0,0.0,0.0,0.0,0.0,-2.324400072184071,0.0,0.0,0.0,0.0,0.0,0.0,-0.0866991213280684,-0.1287875682901816,0.0,0.0,0.0,0.0,0.0,1.0,0.0,2.0,33.808876255166304,54.61235235386778,0.0,0.0,0.0,0.0,0.0,0.0,0.0,0.0,-1.232964339290059,0.0,0.0,0.0,0.0,0.0,1.0,-1.5288376071571268,0.0,0.0,0.0,0.0,0.0,1.0,-2.1199904742939077,0.0,0.0,0.0,0.0,0.0,1.0,-3.1916753273562484,0.0,0.0,0.0,0.0,0.0,0.0,0.0401427972542901,0.0361752422344814,1.0,1.0,0.0,0.0,0.0,0.0,11.0,0.0,52.274072497044415,37.280220296481424,1.0,0.0,0.0,0.0,0.0,0.0,0.0,0.0,0.1976432050790387,1.0,1.0,0.0,0.0,1.0,0.0,-0.0182727086952775,0.0,1.0,0.0,0.0,0.0,1.0,-0.0460795568314596,0.0,1.0,0.0,0.0,0.0,1.0,1.0309991028624612,1.0,0.0,0.0,0.0,0.0,0.0,-0.3424114585504959,-0.0011498440069578,0.0,0.0,0.0,1.0,0.0,0.0,0.0,1.0,27.28997289972902,30.745618789521277,0.0,0.0,0.0,0.0,0.0,0.0,0.0,0.0,-0.5376688157925402,0.0,0.0,0.0,0.0,0.0,0.0,-0.8725923706298482,0.0,0.0,0.0,0.0,0.0,0.0,0.2117445727309604,1.0,1.0,0.0,0.0,0.0,0.0,,0.0,0.0,0.0,0.0,0.0,0.0,0.7881992256496337,0.0204604474953811,1.0,1.0,1.0,0.0,0.0,0.0,1.0,0.0,64.79303096450802,,0.0,0.0,0.0,0.0,0.0,0.0,0.0,0.0,0.7527707098648071,1.0,0.0,1.0,0.0,1.0,0.0,0.3691999626459957,1.0,0.0,1.0,0.0,1.0,0.0,,0.0,0.0,0.0,0.0,0.0,0.0,,0.0,0.0,0.0,0.0,0.0,0.0,0.0692292977289062,0.2912638445913389,1.0,1.0,1.0,0.0,1.0,0.0,1.0,0.0,,,0.0,0.0,0.0,0.0,0.0,0.0,0.0,0.0,2.33575446445514,1.0,0.0,1.0,0.0,1.0,0.0,2.368549917546704,1.0,0.0,1.0,0.0,1.0,0.0,,0.0,0.0,0.0,0.0,0.0,0.0,,0.0,0.0,0.0,0.0,0.0,0.0
26,LONG,-1.732,65,1.1,125.9509,123.77,2024-07-16 23:00:00+00:00,2024-07-17 08:05:00+00:00,-0.2303032216163124,0.0301642405486651,0,0,0,0,0,0,3,0,37.695071564694906,34.683409560762165,1,0,0,0,0,0,0,0,-0.3410061968419271,0,0,0,0,0,0,-0.964244109572241,0,0,0,0,0,0,-1.5399918508174713,0,0,0,0,0,0,-1.7370128536196394,0,0,0,0,0,0,-0.1481558890478154,-0.1574175669566809,0.0,0.0,0.0,0.0,0.0,1.0,0.0,3.0,30.678381367062094,53.23446108893175,0.0,0.0,0.0,0.0,0.0,0.0,0.0,0.0,-1.5205337181112974,0.0,0.0,0.0,0.0,0.0,0.0,-1.776261915940839,0.0,0.0,0.0,0.0,0.0,0.0,-1.999893947590252,0.0,0.0,0.0,0.0,0.0,0.0,-2.661822120417306,0.0,0.0,0.0,0.0,0.0,0.0,0.0211261217768479,-0.0058994986478111,1.0,1.0,0.0,1.0,0.0,0.0,0.0,1.0,19.540906415538604,24.018969945392023,0.0,0.0,1.0,1.0,0.0,0.0,0.0,0.0,-0.0630927457198021,0.0,1.0,0.0,1.0,0.0,1.0,-0.1321558517124443,0.0,1.0,0.0,1.0,0.0,1.0,-0.4539159112800341,0.0,0.0,0.0,0.0,0.0,0.0,-1.9591566363122537,0.0,0.0,0.0,0.0,0.0,0.0,0.0703598654600158,-0.0008738456070415,1.0,1.0,0.0,0.0,0.0,0.0,0.0,6.0,46.77673120530252,46.12434798633311,1.0,0.0,0.0,0.0,0.0,0.0,0.0,0.0,-0.0830657591049417,0.0,1.0,0.0,0.0,0.0,1.0,-0.3625254893113531,0.0,0.0,0.0,0.0,0.0,0.0,-1.157073045975045,0.0,0.0,0.0,0.0,0.0,0.0,-3.30644606118097,0.0,0.0,0.0,0.0,0.0,0.0,-0.0476791467902821,0.0183853257836783,0.0,0.0,0.0,0.0,0.0,0.0,6.0,0.0,30.64947683109132,34.284504235177,0.0,0.0,0.0,0.0,0.0,0.0,0.0,0.0,-0.2564766939498869,0.0,1.0,0.0,0.0,0.0,0.0,-0.9021043780028852,0.0,0.0,0.0,0.0,0.0,0.0,-2.030020460707295,0.0,0.0,0.0,0.0,0.0,0.0,-1.3018257821691173,0.0,0.0,0.0,0.0,0.0,0.0,-0.4839842038892955,-0.0399796664176924,0.0,0.0,0.0,0.0,0.0,0.0,0.0,3.0,23.183304633912,30.007110411097077,0.0,0.0,0.0,0.0,0.0,0.0,0.0,0.0,-1.2513236697411894,0.0,0.0,0.0,0.0,0.0,0.0,-2.083612125477356,0.0,0.0,0.0,0.0,0.0,0.0,-1.8532599123997773,0.0,0.0,0.0,0.0,0.0,0.0,,0.0,0.0,0.0,0.0,0.0,0.0,0.6957531631933755,-0.0924460624562582,1.0,1.0,0.0,1.0,0.0,0.0,0.0,1.0,59.28912783751491,62.73481643176039,0.0,0.0,0.0,0.0,0.0,0.0,0.0,0.0,-0.192881154214862,0.0,1.0,0.0,1.0,0.0,1.0,-0.5708846214152069,0.0,0.0,0.0,1.0,0.0,1.0,,0.0,0.0,0.0,0.0,0.0,0.0,,0.0,0.0,0.0,0.0,0.0,0.0,0.0692292977289062,0.2912638445913389,1.0,1.0,1.0,0.0,1.0,0.0,1.0,0.0,,,0.0,0.0,0.0,0.0,0.0,0.0,0.0,0.0,2.33575446445514,1.0,0.0,1.0,0.0,1.0,0.0,2.368549917546704,1.0,0.0,1.0,0.0,1.0,0.0,,0.0,0.0,0.0,0.0,0.0,0.0,,0.0,0.0,0.0,0.0,0.0,0.0
27,LONG,-1.403,125,2.1,122.56,120.84,2024-07-17 09:15:00+00:00,2024-07-17 11:20:00+00:00,-0.0228668001317028,-0.0024381054256907,0,0,0,1,0,0,0,1,9.970911441499725,14.45430200642373,0,0,1,17,0,0,0,0,-0.154303629707539,0,1,0,0,0,0,-0.35912285218147,0,0,0,0,0,0,-0.7363450865969305,0,0,0,0,0,0,-1.1675018233589816,0,0,0,0,0,0,-0.0352676948264011,-0.0377803447095639,0.0,0.0,0.0,0.0,0.0,1.0,0.0,3.0,9.26674158524298,23.49779839088661,0.0,0.0,1.0,1.0,0.0,0.0,0.0,0.0,-0.5214317699074663,0.0,0.0,0.0,0.0,0.0,0.0,-0.8518592476806351,0.0,0.0,0.0,0.0,0.0,0.0,-1.648293974175784,0.0,0.0,0.0,0.0,0.0,0.0,-3.7822951591789016,0.0,0.0,0.0,0.0,0.0,0.0,-0.0525619792238427,0.0472966027872214,0.0,0.0,0.0,0.0,0.0,0.0,9.0,0.0,14.027476500361528,14.60592913955169,0.0,0.0,1.0,6.0,0.0,0.0,0.0,0.0,-0.1240004710062608,0.0,1.0,0.0,0.0,0.0,1.0,-0.9459120620109912,0.0,0.0,0.0,0.0,0.0,0.0,-2.2719563590560274,0.0,0.0,0.0,0.0,0.0,0.0,-4.574452801153544,0.0,0.0,0.0,0.0,0.0,0.0,-0.3311892826253033,0.0117697084463233,0.0,0.0,0.0,0.0,0.0,0.0,2.0,0.0,14.627831715210286,15.08090614886722,0.0,0.0,1.0,4.0,0.0,0.0,0.0,0.0,-0.901029930799657,0.0,0.0,0.0,0.0,0.0,0.0,-2.0809890563492783,0.0,0.0,0.0,0.0,0.0,0.0,-3.6563584206387336,0.0,0.0,0.0,0.0,0.0,0.0,-6.120666050068031,0.0,0.0,0.0,0.0,0.0,0.0,-0.3740022798809228,-0.0701801598084167,0.0,0.0,0.0,0.0,0.0,0.0,0.0,3.0,14.072337093732996,20.04162561837957,0.0,0.0,1.0,1.0,0.0,0.0,0.0,0.0,-1.636177846927929,0.0,0.0,0.0,0.0,0.0,0.0,-2.899797531588427,0.0,0.0,0.0,0.0,0.0,0.0,-4.576515913162789,0.0,0.0,0.0,0.0,0.0,0.0,-4.079289895368337,0.0,0.0,0.0,0.0,0.0,0.0,-0.4839842038892955,-0.0399796664176924,0.0,0.0,0.0,0.0,0.0,0.0,0.0,3.0,23.183304633912,30.007110411097077,0.0,0.0,0.0,0.0,0.0,0.0,0.0,0.0,-1.2513236697411894,0.0,0.0,0.0,0.0,0.0,0.0,-2.083612125477356,0.0,0.0,0.0,0.0,0.0,0.0,-1.8532599123997773,0.0,0.0,0.0,0.0,0.0,0.0,,0.0,0.0,0.0,0.0,0.0,0.0,0.6957531631933755,-0.0924460624562582,1.0,1.0,0.0,1.0,0.0,0.0,0.0,1.0,59.28912783751491,62.73481643176039,0.0,0.0,0.0,0.0,0.0,0.0,0.0,0.0,-0.192881154214862,0.0,1.0,0.0,1.0,0.0,1.0,-0.5708846214152069,0.0,0.0,0.0,1.0,0.0,1.0,,0.0,0.0,0.0,0.0,0.0,0.0,,0.0,0.0,0.0,0.0,0.0,0.0,0.0692292977289062,0.2912638445913389,1.0,1.0,1.0,0.0,1.0,0.0,1.0,0.0,,,0.0,0.0,0.0,0.0,0.0,0.0,0.0,0.0,2.33575446445514,1.0,0.0,1.0,0.0,1.0,0.0,2.368549917546704,1.0,0.0,1.0,0.0,1.0,0.0,,0.0,0.0,0.0,0.0,0.0,0.0,,0.0,0.0,0.0,0.0,0.0,0.0
28,LONG,-1.087,30,0.5,120.53,119.22,2024-07-17 13:45:00+00:00,2024-07-17 14:15:00+00:00,0.067535983612666,0.0444115080135866,1,1,0,0,0,0,4,0,52.63709440666213,37.06167024177936,1,0,0,0,0,0,0,0,0.268160238243208,1,1,0,0,1,0,-0.0515936694060483,0,1,0,0,0,0,-0.9132026084645004,0,0,0,0,0,0,-1.5938880543312532,0,0,0,0,0,0,-0.2488168052737374,-0.0780295202678783,0.0,0.0,0.0,0.0,0.0,0.0,0.0,6.0,8.525171708664788,14.352310600881315,0.0,0.0,1.0,4.0,0.0,0.0,0.0,0.0,-1.234052925258768,0.0,0.0,0.0,0.0,0.0,0.0,-1.8347424760577933,0.0,0.0,0.0,0.0,0.0,0.0,-2.381302883112108,0.0,0.0,0.0,0.0,0.0,0.0,-4.829848245384491,0.0,0.0,0.0,0.0,0.0,0.0,-0.0137577154690469,-0.061741727510471,0.0,0.0,0.0,0.0,0.0,1.0,0.0,3.0,2.7734028704665143,7.785368296889557,0.0,0.0,1.0,5.0,0.0,0.0,0.0,0.0,-0.9161926075875716,0.0,0.0,0.0,0.0,0.0,1.0,-1.6585224648052097,0.0,0.0,0.0,0.0,0.0,0.0,-3.365007517642283,0.0,0.0,0.0,0.0,0.0,0.0,-6.239166024907833,0.0,0.0,0.0,0.0,0.0,0.0,-0.162666261288259,0.0197980631765894,0.0,0.0,0.0,0.0,0.0,0.0,4.0,0.0,13.431372549019576,14.217906350893893,0.0,0.0,1.0,10.0,0.0,0.0,0.0,0.0,-0.6871769996984001,0.0,0.0,0.0,0.0,0.0,0.0,-1.915151050298115,0.0,0.0,0.0,0.0,0.0,0.0,-3.974539764699625,0.0,0.0,0.0,0.0,0.0,0.0,-6.866974147986895,0.0,0.0,0.0,0.0,0.0,0.0,-0.4430943058036254,0.0066647879578558,0.0,0.0,1.0,0.0,0.0,0.0,1.0,0.0,11.394304237152191,11.88923743411312,0.0,0.0,1.0,4.0,0.0,0.0,0.0,0.0,-1.307222772773586,0.0,0.0,0.0,0.0,0.0,1.0,-2.9273537525275204,0.0,0.0,0.0,0.0,0.0,1.0,-5.1484110388221165,0.0,0.0,0.0,0.0,0.0,0.0,-4.920478824340848,0.0,0.0,0.0,0.0,0.0,0.0,-0.6332738503318774,-0.1492896464425819,0.0,0.0,0.0,0.0,0.0,0.0,0.0,4.0,18.26175974476988,24.867348952142795,0.0,0.0,1.0,1.0,0.0,0.0,0.0,0.0,-2.43589164702408,0.0,0.0,0.0,0.0,0.0,0.0,-3.582640062720224,0.0,0.0,0.0,0.0,0.0,0.0,-3.705023471871304,0.0,0.0,0.0,0.0,0.0,0.0,,0.0,0.0,0.0,0.0,0.0,0.0,0.6957531631933755,-0.0924460624562582,1.0,1.0,0.0,1.0,0.0,0.0,0.0,1.0,59.28912783751491,62.73481643176039,0.0,0.0,0.0,0.0,0.0,0.0,0.0,0.0,-0.192881154214862,0.0,1.0,0.0,1.0,0.0,1.0,-0.5708846214152069,0.0,0.0,0.0,1.0,0.0,1.0,,0.0,0.0,0.0,0.0,0.0,0.0,,0.0,0.0,0.0,0.0,0.0,0.0,0.0692292977289062,0.2912638445913389,1.0,1.0,1.0,0.0,1.0,0.0,1.0,0.0,,,0.0,0.0,0.0,0.0,0.0,0.0,0.0,0.0,2.33575446445514,1.0,0.0,1.0,0.0,1.0,0.0,2.368549917546704,1.0,0.0,1.0,0.0,1.0,0.0,,0.0,0.0,0.0,0.0,0.0,0.0,,0.0,0.0,0.0,0.0,0.0,0.0
29,LONG,-1.2,30,0.5,119.2201,117.79,2024-07-17 16:00:00+00:00,2024-07-17 16:30:00+00:00,-0.0374334736829287,0.0073332294325017,0,0,0,0,0,0,2,0,22.82437076251487,16.099678155469164,1,0,0,0,0,0,0,0,-0.1113913729908719,0,1,0,0,0,1,-0.3553466329733098,0,0,0,0,0,0,-0.7198874374743531,0,0,0,0,0,0,-1.5260124025057025,0,0,0,0,0,0,-0.0704027338741735,-0.0230906913969026,0.0,0.0,0.0,1.0,0.0,0.0,0.0,1.0,6.523730158730232,7.752659884237052,0.0,0.0,1.0,3.0,0.0,0.0,0.0,0.0,-0.4834698031467886,0.0,0.0,0.0,0.0,0.0,0.0,-0.8819626166602476,0.0,0.0,0.0,0.0,0.0,0.0,-1.668021328827364,0.0,0.0,0.0,0.0,0.0,0.0,-4.416850549400316,0.0,0.0,0.0,0.0,0.0,0.0,-0.0353913326697776,-0.0447127614962632,0.0,0.0,0.0,1.0,0.0,1.0,0.0,1.0,18.63180106025902,21.26396095946434,0.0,0.0,1.0,1.0,0.0,0.0,0.0,0.0,-0.8616530688273146,0.0,0.0,0.0,0.0,0.0,0.0,-1.6980849781923282,0.0,0.0,0.0,0.0,0.0,0.0,-3.618748856455651,0.0,0.0,0.0,0.0,0.0,0.0,-7.066663992420281,0.0,0.0,0.0,0.0,0.0,0.0,-0.1327828447391212,0.0193776158785601,0.0,0.0,0.0,0.0,0.0,0.0,3.0,0.0,18.496518711923372,16.077981840897174,1.0,0.0,1.0,15.0,0.0,0.0,0.0,0.0,-0.7387181600151205,0.0,0.0,0.0,0.0,0.0,0.0,-2.115120389355105,0.0,0.0,0.0,0.0,0.0,0.0,-4.572566299118472,0.0,0.0,0.0,0.0,0.0,0.0,-7.901151072804876,0.0,0.0,0.0,0.0,0.0,0.0,-0.5030053826592227,-0.0048377382753597,0.0,0.0,0.0,0.0,0.0,0.0,0.0,2.0,9.803724718311848,9.482430563258866,1.0,0.0,1.0,6.0,1.0,0.0,0.0,0.0,-1.631196452582413,0.0,0.0,0.0,0.0,0.0,0.0,-3.533457551567353,0.0,0.0,0.0,0.0,0.0,0.0,-6.115740580083121,0.0,0.0,0.0,0.0,0.0,0.0,-6.155465171002096,0.0,0.0,0.0,0.0,0.0,0.0,-0.844998388599699,-0.2117245382678215,0.0,0.0,0.0,0.0,0.0,0.0,0.0,5.0,11.731635084971664,17.725566487884514,0.0,0.0,1.0,2.0,0.0,0.0,0.0,0.0,-3.414145483415373,0.0,0.0,0.0,0.0,0.0,0.0,-4.998949801399581,0.0,0.0,0.0,0.0,0.0,0.0,-5.5670394020066025,0.0,0.0,0.0,0.0,0.0,0.0,,0.0,0.0,0.0,0.0,0.0,0.0,0.6957531631933755,-0.0924460624562582,1.0,1.0,0.0,1.0,0.0,0.0,0.0,1.0,59.28912783751491,62.73481643176039,0.0,0.0,0.0,0.0,0.0,0.0,0.0,0.0,-0.192881154214862,0.0,1.0,0.0,1.0,0.0,1.0,-0.5708846214152069,0.0,0.0,0.0,1.0,0.0,1.0,,0.0,0.0,0.0,0.0,0.0,0.0,,0.0,0.0,0.0,0.0,0.0,0.0,0.0692292977289062,0.2912638445913389,1.0,1.0,1.0,0.0,1.0,0.0,1.0,0.0,,,0.0,0.0,0.0,0.0,0.0,0.0,0.0,0.0,2.33575446445514,1.0,0.0,1.0,0.0,1.0,0.0,2.368549917546704,1.0,0.0,1.0,0.0,1.0,0.0,,0.0,0.0,0.0,0.0,0.0,0.0,,0.0,0.0,0.0,0.0,0.0,0.0
30,LONG,1.027,135,2.2,118.23,119.4445,2024-07-17 21:10:00+00:00,2024-07-17 23:25:00+00:00,0.0221951528293536,0.0081263404826154,1,1,0,0,0,0,12,0,91.27156789197302,84.35390918436671,1,1,0,2,0,0,0,0,0.1029216096660188,1,1,0,0,0,0,0.1243229057678529,1,1,0,0,0,0,0.0989353206570001,1,1,0,0,0,0,0.8415217795234224,1,0,0,0,0,0,-0.0087885446497105,-0.0136739340468443,0.0,0.0,0.0,0.0,0.0,1.0,0.0,5.0,47.50952289649454,39.663162155540725,1.0,0.0,0.0,0.0,0.0,0.0,1.0,0.0,4.3885049911550185e-05,1.0,1.0,1.0,0.0,1.0,0.0,0.2288519192413307,1.0,1.0,0.0,0.0,0.0,0.0,0.6905126724236387,1.0,0.0,0.0,0.0,0.0,0.0,-0.8593439906185657,0.0,0.0,0.0,0.0,0.0,0.0,0.2614041791013903,0.0120575368032902,1.0,1.0,0.0,0.0,0.0,0.0,6.0,0.0,43.39686274509787,38.67228592702892,1.0,0.0,0.0,0.0,0.0,0.0,0.0,0.0,0.4698273041425271,1.0,0.0,0.0,0.0,0.0,0.0,0.6374725227768294,1.0,0.0,0.0,0.0,0.0,0.0,0.0791797497685133,1.0,1.0,0.0,0.0,0.0,0.0,-4.973902210169482,0.0,0.0,0.0,0.0,0.0,0.0,0.2584866868344013,0.0746904658479299,1.0,1.0,0.0,0.0,0.0,0.0,4.0,0.0,35.9385610205951,29.149515161665377,1.0,0.0,0.0,0.0,0.0,0.0,0.0,0.0,0.5019318131670101,1.0,0.0,0.0,0.0,1.0,0.0,-0.2434610853317458,0.0,1.0,0.0,0.0,0.0,1.0,-2.7582036110008463,0.0,0.0,0.0,0.0,0.0,0.0,-7.489875179281621,0.0,0.0,0.0,0.0,0.0,0.0,-0.1572976789632227,0.1170081285274711,0.0,0.0,0.0,0.0,0.0,0.0,5.0,0.0,14.732572108320634,14.201586682532422,1.0,0.0,1.0,13.0,1.0,0.0,0.0,0.0,-0.2936498763649227,0.0,1.0,0.0,0.0,0.0,0.0,-2.2742434714823454,0.0,0.0,0.0,0.0,0.0,0.0,-5.800739540572378,0.0,0.0,0.0,0.0,0.0,0.0,-6.922702972095261,0.0,0.0,0.0,0.0,0.0,0.0,-1.04900129150156,-0.204002902901861,0.0,0.0,0.0,0.0,0.0,0.0,0.0,6.0,8.477742374309072,12.823712401350203,0.0,0.0,1.0,3.0,0.0,0.0,0.0,0.0,-3.870041164800073,0.0,0.0,0.0,0.0,0.0,1.0,-5.927127741083694,0.0,0.0,0.0,0.0,0.0,0.0,-7.00453980023729,0.0,0.0,0.0,0.0,0.0,0.0,,0.0,0.0,0.0,0.0,0.0,0.0,0.6957531631933755,-0.0924460624562582,1.0,1.0,0.0,1.0,0.0,0.0,0.0,1.0,59.28912783751491,62.73481643176039,0.0,0.0,0.0,0.0,0.0,0.0,0.0,0.0,-0.192881154214862,0.0,1.0,0.0,1.0,0.0,1.0,-0.5708846214152069,0.0,0.0,0.0,1.0,0.0,1.0,,0.0,0.0,0.0,0.0,0.0,0.0,,0.0,0.0,0.0,0.0,0.0,0.0,0.0692292977289062,0.2912638445913389,1.0,1.0,1.0,0.0,1.0,0.0,1.0,0.0,,,0.0,0.0,0.0,0.0,0.0,0.0,0.0,0.0,2.33575446445514,1.0,0.0,1.0,0.0,1.0,0.0,2.368549917546704,1.0,0.0,1.0,0.0,1.0,0.0,,0.0,0.0,0.0,0.0,0.0,0.0,,0.0,0.0,0.0,0.0,0.0,0.0
31,SHORT,-1.148,235,3.9,121.9,120.5,2024-07-18 21:15:00+00:00,2024-07-19 09:10:00+00:00,0.0191074983661658,-0.0033043523694397,1,1,0,1,0,0,0,1,83.35282651072161,85.31513970110545,0,1,0,5,0,1,0,0,0.0102267245606176,1,1,0,0,0,0,0.0408040771282858,1,1,0,0,0,0,0.0848852719900284,1,1,0,0,0,0,-0.6776205458719212,0,0,0,0,0,0,0.0213449243519979,0.0220274773024536,1.0,1.0,0.0,0.0,1.0,0.0,2.0,0.0,42.68303514782403,42.984802021125375,0.0,0.0,0.0,0.0,0.0,0.0,0.0,0.0,0.064853241707543,1.0,1.0,1.0,0.0,1.0,0.0,-0.1943839034543872,0.0,1.0,0.0,0.0,0.0,0.0,-0.80410089182794,0.0,0.0,0.0,0.0,0.0,0.0,-0.1485222368681562,0.0,1.0,0.0,0.0,0.0,0.0,-0.2448606217962713,0.0404500572964592,0.0,0.0,1.0,0.0,0.0,0.0,1.0,0.0,37.912673056442806,30.1418396208666,1.0,0.0,0.0,0.0,1.0,0.0,1.0,0.0,-0.04168323122567,0.0,1.0,0.0,0.0,0.0,1.0,-0.2376407748020027,0.0,1.0,0.0,0.0,0.0,0.0,0.1894621279190544,1.0,1.0,1.0,0.0,1.0,0.0,-1.312342508054427,0.0,0.0,0.0,0.0,0.0,0.0,-0.0919474042349673,-0.0835225238162185,0.0,0.0,0.0,0.0,0.0,0.0,0.0,7.0,51.05105105105102,70.6170928637889,0.0,0.0,0.0,0.0,0.0,0.0,0.0,0.0,-0.7008295961045231,0.0,0.0,0.0,0.0,0.0,0.0,-0.5669486643516843,0.0,0.0,0.0,0.0,0.0,0.0,0.1429695019835038,1.0,1.0,1.0,0.0,1.0,0.0,-4.68074934316947,0.0,0.0,0.0,0.0,0.0,0.0,0.2688751544847812,-0.1623115329401139,1.0,1.0,0.0,0.0,0.0,0.0,0.0,2.0,67.1476671476672,73.63315696649035,0.0,0.0,0.0,0.0,0.0,0.0,0.0,1.0,-0.9665300439850611,0.0,0.0,0.0,1.0,0.0,1.0,-0.8517964118721176,0.0,0.0,0.0,1.0,0.0,1.0,-2.00451117869162,0.0,0.0,0.0,0.0,0.0,0.0,-5.6200804043497,0.0,0.0,0.0,0.0,0.0,0.0,-0.2130759206335755,0.2526380367515783,0.0,0.0,0.0,0.0,0.0,0.0,6.0,0.0,31.03632478632478,27.2976534217008,1.0,0.0,0.0,0.0,0.0,0.0,0.0,0.0,0.7206669556605397,1.0,0.0,0.0,0.0,1.0,0.0,-1.2944411158060145,0.0,0.0,0.0,0.0,0.0,0.0,-4.43342540400311,0.0,0.0,0.0,0.0,0.0,0.0,,0.0,0.0,0.0,0.0,0.0,0.0,-0.1485683227945773,-0.5943853176321732,0.0,0.0,0.0,0.0,0.0,1.0,0.0,3.0,37.004481546115954,50.529009125457314,0.0,0.0,0.0,0.0,0.0,0.0,0.0,0.0,-5.56789442111334,0.0,0.0,0.0,0.0,0.0,0.0,-6.999906330601833,0.0,0.0,0.0,0.0,0.0,0.0,,0.0,0.0,0.0,0.0,0.0,0.0,,0.0,0.0,0.0,0.0,0.0,0.0,0.0692292977289062,0.2912638445913389,1.0,1.0,1.0,0.0,1.0,0.0,1.0,0.0,,,0.0,0.0,0.0,0.0,0.0,0.0,0.0,0.0,2.33575446445514,1.0,0.0,1.0,0.0,1.0,0.0,2.368549917546704,1.0,0.0,1.0,0.0,1.0,0.0,,0.0,0.0,0.0,0.0,0.0,0.0,,0.0,0.0,0.0,0.0,0.0,0.0
32,LONG,1.39,85,1.4,118.0,119.64,2024-07-19 23:20:00+00:00,2024-07-22 08:45:00+00:00,-0.0205404687446854,-0.0010681851990594,0,0,0,0,0,0,0,2,56.66666666666803,66.56862745098213,0,0,0,0,0,0,0,0,-0.0100053755397491,0,1,0,0,0,0,0.0272612381446831,1,1,0,0,0,0,0.1862388824802877,1,1,0,0,0,0,1.0739794620106755,1,0,0,0,0,0,0.1250073504029004,-0.0189655204178695,1.0,1.0,0.0,0.0,0.0,0.0,0.0,5.0,95.62841530054688,94.47480267152442,1.0,1.0,0.0,8.0,0.0,0.0,0.0,0.0,0.2220647254028454,1.0,1.0,0.0,0.0,0.0,0.0,0.6743935282763922,1.0,0.0,0.0,0.0,0.0,0.0,1.193564995527795,1.0,0.0,0.0,0.0,0.0,0.0,0.3621867577301327,1.0,0.0,0.0,0.0,0.0,0.0,0.2460626083075023,0.0373210834303301,1.0,1.0,0.0,0.0,0.0,0.0,4.0,0.0,95.62515535669934,79.80504953659351,1.0,1.0,0.0,2.0,0.0,0.0,0.0,0.0,0.7186882410568103,1.0,0.0,0.0,0.0,0.0,0.0,0.9922466247131744,1.0,0.0,0.0,0.0,0.0,0.0,0.6987134376290939,1.0,0.0,0.0,0.0,0.0,0.0,-0.2635706816732474,0.0,1.0,0.0,0.0,0.0,0.0,0.1197804760678853,0.0998821126139836,1.0,1.0,0.0,0.0,0.0,0.0,12.0,0.0,56.58837892183436,37.68817173268723,1.0,0.0,0.0,0.0,0.0,0.0,0.0,0.0,0.8139786941900377,1.0,0.0,1.0,0.0,0.0,0.0,0.5405888298335556,1.0,0.0,1.0,0.0,0.0,0.0,-0.4473619034858261,0.0,0.0,0.0,0.0,0.0,0.0,-3.9379672599964497,0.0,0.0,0.0,0.0,0.0,0.0,-0.1695361130955589,0.0317920452611023,0.0,0.0,0.0,0.0,0.0,0.0,3.0,0.0,12.68861454046627,13.512117055326836,0.0,0.0,1.0,6.0,0.0,0.0,0.0,0.0,-0.3306760748709608,0.0,0.0,0.0,0.0,0.0,0.0,-1.068035374706578,0.0,0.0,0.0,0.0,0.0,0.0,-1.6116232893158662,0.0,0.0,0.0,0.0,0.0,0.0,-6.855574559868812,0.0,0.0,0.0,0.0,0.0,0.0,-0.082802873254435,-0.0300591323103809,0.0,0.0,0.0,0.0,0.0,0.0,0.0,2.0,21.73817995237364,28.865698740668403,0.0,0.0,0.0,0.0,0.0,0.0,0.0,0.0,-1.350995880588354,0.0,0.0,0.0,0.0,0.0,0.0,-3.2085451887291305,0.0,0.0,0.0,0.0,0.0,0.0,-6.9646396879259695,0.0,0.0,0.0,0.0,0.0,0.0,,0.0,0.0,0.0,0.0,0.0,0.0,-0.3198062567747253,-0.1712379339801479,0.0,0.0,0.0,0.0,0.0,0.0,0.0,4.0,25.33225552557742,39.210051688144816,0.0,0.0,0.0,0.0,0.0,0.0,0.0,0.0,-2.6367793097363856,0.0,0.0,0.0,0.0,0.0,0.0,-4.410472606731572,0.0,0.0,0.0,0.0,0.0,0.0,,0.0,0.0,0.0,0.0,0.0,0.0,,0.0,0.0,0.0,0.0,0.0,0.0,-0.5098123212121011,-0.5790416189410073,0.0,0.0,0.0,1.0,0.0,1.0,0.0,1.0,,,0.0,0.0,0.0,0.0,0.0,0.0,0.0,0.0,-5.556123525563839,0.0,0.0,0.0,1.0,0.0,1.0,-6.406384335386722,0.0,0.0,0.0,1.0,0.0,1.0,,0.0,0.0,0.0,0.0,0.0,0.0,,0.0,0.0,0.0,0.0,0.0,0.0
33,SHORT,1.801,45,0.8,120.51,122.68,2024-07-22 13:00:00+00:00,2024-07-22 13:45:00+00:00,0.1833623028342554,0.0295154270956065,1,1,0,0,0,0,5,0,97.29226515923762,95.435209211839,1,1,0,4,0,0,0,0,0.68823735182204,1,0,0,0,0,0,1.1710157110429176,1,0,0,0,0,0,1.6084346861180605,1,0,0,0,0,0,1.8579968009216217,1,0,0,0,0,0,0.0283016870626571,0.0390693870763228,1.0,1.0,0.0,0.0,1.0,0.0,2.0,0.0,53.92715400541503,38.28723043824949,1.0,0.0,0.0,0.0,0.0,0.0,1.0,0.0,0.4078635726552251,1.0,0.0,0.0,0.0,0.0,0.0,0.5203593568193633,1.0,0.0,0.0,0.0,0.0,0.0,0.6401859200566131,1.0,0.0,0.0,0.0,0.0,0.0,1.651370995502878,1.0,0.0,0.0,0.0,0.0,0.0,-0.0568281382384502,-0.0540038657007271,0.0,0.0,0.0,1.0,0.0,0.0,0.0,1.0,86.93248272195642,92.00779727095512,0.0,1.0,0.0,5.0,0.0,1.0,0.0,0.0,-0.3694304759455503,0.0,0.0,0.0,1.0,0.0,1.0,-0.1179162256740754,0.0,1.0,0.0,1.0,0.0,1.0,0.7298829006079336,1.0,0.0,0.0,0.0,0.0,0.0,0.1000436857497453,1.0,1.0,0.0,0.0,0.0,0.0,0.2253784859422979,-0.0244654090266565,1.0,1.0,0.0,0.0,0.0,0.0,0.0,5.0,91.11111111111109,87.68031189083814,1.0,1.0,0.0,9.0,0.0,0.0,0.0,0.0,0.2859141985116151,1.0,1.0,0.0,0.0,0.0,0.0,0.735257743264743,1.0,0.0,0.0,0.0,0.0,0.0,0.6228311943167784,1.0,0.0,0.0,0.0,0.0,0.0,-2.6807559294693037,0.0,0.0,0.0,0.0,0.0,0.0,0.2539807267029604,0.0503106421785808,1.0,1.0,0.0,0.0,0.0,0.0,8.0,0.0,79.05650835274399,64.61175459175094,1.0,0.0,0.0,0.0,0.0,0.0,0.0,0.0,0.6923653705638106,1.0,0.0,0.0,0.0,0.0,0.0,0.7140044975927172,1.0,0.0,0.0,0.0,0.0,0.0,0.5404831876401147,1.0,0.0,0.0,0.0,1.0,0.0,-4.947224172911059,0.0,0.0,0.0,0.0,0.0,0.0,0.0066633108757532,0.0894661841301882,1.0,1.0,1.0,0.0,1.0,0.0,1.0,0.0,21.258134490238596,24.713482600124436,0.0,0.0,0.0,0.0,0.0,0.0,0.0,0.0,-0.1990879738536297,0.0,1.0,0.0,0.0,0.0,0.0,-1.9437672532080092,0.0,0.0,0.0,0.0,0.0,0.0,-5.841367635076076,0.0,0.0,0.0,0.0,0.0,0.0,,0.0,0.0,0.0,0.0,0.0,0.0,-0.3198062567747253,-0.1712379339801479,0.0,0.0,0.0,0.0,0.0,0.0,0.0,4.0,25.33225552557742,39.210051688144816,0.0,0.0,0.0,0.0,0.0,0.0,0.0,0.0,-2.6367793097363856,0.0,0.0,0.0,0.0,0.0,0.0,-4.410472606731572,0.0,0.0,0.0,0.0,0.0,0.0,,0.0,0.0,0.0,0.0,0.0,0.0,,0.0,0.0,0.0,0.0,0.0,0.0,-0.5098123212121011,-0.5790416189410073,0.0,0.0,0.0,1.0,0.0,1.0,0.0,1.0,,,0.0,0.0,0.0,0.0,0.0,0.0,0.0,0.0,-5.556123525563839,0.0,0.0,0.0,1.0,0.0,1.0,-6.406384335386722,0.0,0.0,0.0,1.0,0.0,1.0,,0.0,0.0,0.0,0.0,0.0,0.0,,0.0,0.0,0.0,0.0,0.0,0.0
34,SHORT,-1.493,100,1.7,122.55,120.72,2024-07-23 21:20:00+00:00,2024-07-23 23:00:00+00:00,-0.004864622214379,-0.001921806258776,0,0,0,0,0,0,0,3,49.57561728395037,53.33076131687167,0,0,0,0,0,0,0,0,-0.0208277626359209,0,1,0,0,0,1,-0.018893966617941,0,1,0,0,0,1,0.0582015151623203,1,1,0,0,0,0,-1.0951783661859051,0,0,0,0,0,0,0.0092167823636534,0.0186459497201485,1.0,1.0,0.0,0.0,1.0,0.0,7.0,0.0,29.686931705800973,29.991713524153997,0.0,0.0,0.0,0.0,0.0,0.0,0.0,0.0,-0.0482982260928365,0.0,1.0,0.0,0.0,0.0,1.0,-0.4369893179227084,0.0,0.0,0.0,0.0,0.0,0.0,-1.1963908425667091,0.0,0.0,0.0,0.0,0.0,0.0,-1.7532150694707518,0.0,0.0,0.0,0.0,0.0,0.0,-0.2298989610082512,0.009833534490967,0.0,0.0,1.0,0.0,0.0,0.0,1.0,0.0,12.67045454545457,9.291640414749244,1.0,0.0,1.0,4.0,0.0,0.0,0.0,0.0,-0.4841232548396322,0.0,0.0,0.0,0.0,0.0,0.0,-1.0755932292185244,0.0,0.0,0.0,0.0,0.0,0.0,-1.6854444592579123,0.0,0.0,0.0,0.0,0.0,0.0,-0.417577319637557,0.0,0.0,0.0,0.0,0.0,0.0,-0.2689965298746304,-0.0833650610911604,0.0,0.0,0.0,0.0,0.0,0.0,0.0,3.0,9.537421343109072,20.174189871889315,0.0,0.0,1.0,1.0,0.0,0.0,0.0,0.0,-1.1891714396816029,0.0,0.0,0.0,0.0,0.0,0.0,-1.6261998205769346,0.0,0.0,0.0,0.0,0.0,0.0,-1.866471068158376,0.0,0.0,0.0,0.0,0.0,0.0,-1.220961274163718,0.0,0.0,0.0,0.0,0.0,0.0,-0.2625419208455464,-0.1130544971666696,0.0,0.0,0.0,1.0,0.0,0.0,0.0,1.0,27.119428693372583,31.11923053472373,0.0,0.0,0.0,0.0,0.0,0.0,0.0,0.0,-1.178510029119878,0.0,0.0,0.0,1.0,0.0,1.0,-1.1655585902817938,0.0,0.0,0.0,1.0,0.0,1.0,-0.1260859732128847,0.0,1.0,0.0,1.0,0.0,1.0,-3.979595200323971,0.0,0.0,0.0,0.0,0.0,0.0,0.7423187665724789,0.0058759577754805,1.0,1.0,0.0,0.0,0.0,0.0,8.0,0.0,83.7203886014762,85.63575018776834,0.0,1.0,0.0,4.0,0.0,1.0,0.0,0.0,0.9170215645223116,1.0,0.0,0.0,0.0,0.0,0.0,1.0530437475316925,1.0,0.0,0.0,0.0,0.0,0.0,-1.8602289668860013,0.0,0.0,0.0,0.0,0.0,0.0,,0.0,0.0,0.0,0.0,0.0,0.0,-0.6449728306577294,-0.3251665738830041,0.0,0.0,0.0,0.0,0.0,0.0,0.0,5.0,14.8987659863691,25.745167686020825,0.0,0.0,1.0,1.0,0.0,0.0,0.0,0.0,-4.556188583105443,0.0,0.0,0.0,0.0,0.0,0.0,-6.864125197099906,0.0,0.0,0.0,0.0,0.0,0.0,,0.0,0.0,0.0,0.0,0.0,0.0,,0.0,0.0,0.0,0.0,0.0,0.0,-0.5098123212121011,-0.5790416189410073,0.0,0.0,0.0,1.0,0.0,1.0,0.0,1.0,,,0.0,0.0,0.0,0.0,0.0,0.0,0.0,0.0,-5.556123525563839,0.0,0.0,0.0,1.0,0.0,1.0,-6.406384335386722,0.0,0.0,0.0,1.0,0.0,1.0,,0.0,0.0,0.0,0.0,0.0,0.0,,0.0,0.0,0.0,0.0,0.0,0.0
35,LONG,-1.867,30,0.5,117.83,115.63,2024-07-24 15:35:00+00:00,2024-07-24 16:05:00+00:00,-0.1317896503611202,-0.0321646734467525,0,0,0,0,0,0,0,10,4.710692673844073,6.657781838859191,0,0,1,7,0,0,0,0,-0.6509511595161894,0,0,0,0,0,0,-1.0825661539998668,0,0,0,0,0,0,-1.5989778888486708,0,0,0,0,0,0,-2.351375170137711,0,0,0,0,0,0,-0.070805914261653,-0.0568753319641648,0.0,0.0,0.0,1.0,0.0,0.0,0.0,1.0,14.880310845875789,13.359512325067016,1.0,0.0,1.0,4.0,0.0,0.0,0.0,0.0,-0.7781231626410109,0.0,0.0,0.0,0.0,0.0,1.0,-1.194338830637392,0.0,0.0,0.0,0.0,0.0,0.0,-1.951455199504861,0.0,0.0,0.0,0.0,0.0,0.0,-3.762047529179492,0.0,0.0,0.0,0.0,0.0,0.0,-0.1040236736758617,0.002780107525302,0.0,0.0,0.0,0.0,0.0,0.0,2.0,0.0,9.973562185221605,13.346858993565348,0.0,0.0,1.0,3.0,0.0,0.0,0.0,0.0,-0.4698678334131374,0.0,0.0,0.0,0.0,0.0,0.0,-1.1649378524941538,0.0,0.0,0.0,0.0,0.0,0.0,-2.3266423304622315,0.0,0.0,0.0,0.0,0.0,0.0,-2.9076885293012444,0.0,0.0,0.0,0.0,0.0,0.0,-0.1872574171157648,-0.0140371899577425,0.0,0.0,0.0,0.0,0.0,0.0,0.0,7.0,22.439829100403603,26.06282519337357,0.0,0.0,0.0,0.0,0.0,0.0,0.0,0.0,-0.7995374183620519,0.0,0.0,0.0,0.0,0.0,0.0,-1.688777155757539,0.0,0.0,0.0,0.0,0.0,0.0,-3.088300113702133,0.0,0.0,0.0,0.0,0.0,0.0,-2.7089439584364103,0.0,0.0,0.0,0.0,0.0,0.0,-0.4127119329015554,-0.0449204053954915,0.0,0.0,0.0,0.0,0.0,0.0,0.0,3.0,16.874260485355883,14.830618570457275,1.0,0.0,1.0,9.0,0.0,0.0,0.0,0.0,-1.331183059070747,0.0,0.0,0.0,0.0,0.0,0.0,-2.2736837122384905,0.0,0.0,0.0,0.0,0.0,0.0,-2.538784243305426,0.0,0.0,0.0,0.0,0.0,0.0,-6.076116106296545,0.0,0.0,0.0,0.0,0.0,0.0,0.2148763731427461,-0.0984497801281426,1.0,1.0,0.0,0.0,0.0,0.0,0.0,4.0,43.445810564663,54.14313904068002,0.0,0.0,0.0,0.0,0.0,0.0,0.0,0.0,-0.7209000963361274,0.0,0.0,0.0,0.0,0.0,0.0,-1.0343437413523735,0.0,0.0,0.0,0.0,0.0,0.0,-3.497122599364773,0.0,0.0,0.0,0.0,0.0,0.0,,0.0,0.0,0.0,0.0,0.0,0.0,-0.4565133576878857,0.1884594729698436,0.0,0.0,1.0,0.0,0.0,0.0,1.0,0.0,21.820809248554905,20.68394358683381,1.0,0.0,0.0,0.0,1.0,0.0,0.0,0.0,-0.1906906224749014,0.0,1.0,0.0,0.0,0.0,1.0,-2.421508711982964,0.0,0.0,0.0,0.0,0.0,0.0,,0.0,0.0,0.0,0.0,0.0,0.0,,0.0,0.0,0.0,0.0,0.0,0.0,-0.5098123212121011,-0.5790416189410073,0.0,0.0,0.0,1.0,0.0,1.0,0.0,1.0,,,0.0,0.0,0.0,0.0,0.0,0.0,0.0,0.0,-5.556123525563839,0.0,0.0,0.0,1.0,0.0,1.0,-6.406384335386722,0.0,0.0,0.0,1.0,0.0,1.0,,0.0,0.0,0.0,0.0,0.0,0.0,,0.0,0.0,0.0,0.0,0.0,0.0
36,SHORT,1.003,30,0.5,114.68,115.83,2024-07-25 16:00:00+00:00,2024-07-25 16:30:00+00:00,0.0268992606160572,-0.0164064622136793,1,1,0,1,0,0,0,1,76.74897119341573,72.99862825788772,1,0,0,0,0,0,0,0,0.0581492774298564,1,1,0,0,0,0,0.3704577911301083,1,0,0,0,0,0,1.052357841238978,1,0,0,0,0,0,2.465762089105538,1,0,0,0,0,0,0.0790014771080998,0.0369637076540333,1.0,1.0,0.0,0.0,0.0,0.0,3.0,0.0,81.3609733049844,74.30373946767446,1.0,1.0,0.0,1.0,0.0,0.0,0.0,0.0,0.7283169535288915,1.0,0.0,0.0,0.0,0.0,0.0,1.3524647387050126,1.0,0.0,0.0,0.0,0.0,0.0,2.354993878751071,1.0,0.0,0.0,0.0,0.0,0.0,1.2752436657885406,1.0,0.0,0.0,0.0,0.0,0.0,0.3732200191405534,0.0330934611014141,1.0,1.0,0.0,0.0,0.0,0.0,2.0,0.0,84.26610348468854,84.0274551214362,1.0,1.0,0.0,5.0,0.0,0.0,0.0,0.0,0.9525244805453608,1.0,0.0,0.0,0.0,1.0,0.0,1.416968349521461,1.0,0.0,0.0,0.0,0.0,0.0,1.1302862875628117,1.0,0.0,0.0,0.0,0.0,0.0,-3.655908706425557,0.0,0.0,0.0,0.0,0.0,0.0,0.366983214705723,0.0880911167279103,1.0,1.0,0.0,0.0,0.0,0.0,3.0,0.0,88.33262935586067,71.61856395002862,1.0,1.0,0.0,1.0,0.0,0.0,0.0,0.0,1.0262430247854246,1.0,0.0,0.0,0.0,1.0,0.0,0.7495120783194804,1.0,0.0,0.0,0.0,1.0,0.0,-1.1986717062580976,0.0,0.0,0.0,0.0,0.0,0.0,-4.134618001342785,0.0,0.0,0.0,0.0,0.0,0.0,-0.034447129884747,0.2420981582835057,0.0,0.0,1.0,0.0,0.0,0.0,1.0,0.0,36.93946547279886,27.31472232927499,1.0,0.0,0.0,0.0,1.0,0.0,1.0,0.0,1.1672190408321168,1.0,0.0,1.0,0.0,1.0,0.0,-0.4944395425772858,0.0,0.0,0.0,0.0,0.0,1.0,-4.033260482534542,0.0,0.0,0.0,0.0,0.0,0.0,-7.879059222976928,0.0,0.0,0.0,0.0,0.0,0.0,-0.7216512189529105,-0.1246962661815558,0.0,0.0,0.0,0.0,0.0,0.0,0.0,9.0,13.850805703197514,11.61080125538384,1.0,0.0,1.0,4.0,0.0,0.0,0.0,0.0,-3.0732197031660293,0.0,0.0,0.0,0.0,0.0,0.0,-5.234627788268335,0.0,0.0,0.0,0.0,0.0,0.0,-8.145938215178408,0.0,0.0,0.0,0.0,0.0,0.0,,0.0,0.0,0.0,0.0,0.0,0.0,-0.4686940935752002,-0.0121807358873144,0.0,0.0,0.0,1.0,0.0,0.0,0.0,1.0,19.685292228644823,18.80162248785628,1.0,0.0,1.0,1.0,0.0,0.0,0.0,0.0,-1.870347298414805,0.0,0.0,0.0,0.0,0.0,1.0,-4.175148658412926,0.0,0.0,0.0,0.0,0.0,0.0,,0.0,0.0,0.0,0.0,0.0,0.0,,0.0,0.0,0.0,0.0,0.0,0.0,-0.5098123212121011,-0.5790416189410073,0.0,0.0,0.0,1.0,0.0,1.0,0.0,1.0,,,0.0,0.0,0.0,0.0,0.0,0.0,0.0,0.0,-5.556123525563839,0.0,0.0,0.0,1.0,0.0,1.0,-6.406384335386722,0.0,0.0,0.0,1.0,0.0,1.0,,0.0,0.0,0.0,0.0,0.0,0.0,,0.0,0.0,0.0,0.0,0.0,0.0
37,LONG,1.89,80,1.3,112.18,114.3,2024-07-25 23:30:00+00:00,2024-07-26 08:50:00+00:00,-0.0081254360205705,0.0010260960015511,0,0,0,0,0,0,2,0,84.83405483405552,83.25637325637423,1,1,0,8,0,0,0,0,0.0325786741459698,1,1,0,0,1,0,0.0907847778621794,1,1,0,0,0,0,0.1687883520262478,1,1,0,0,0,0,1.4730999961026434,1,0,0,0,0,0,0.1225121410896035,-0.0166949379888599,1.0,1.0,0.0,0.0,0.0,0.0,0.0,5.0,85.83959899749387,85.17126148705111,1.0,1.0,0.0,9.0,0.0,0.0,0.0,0.0,0.293230036371889,1.0,1.0,0.0,0.0,0.0,0.0,0.8520336930908453,1.0,0.0,0.0,0.0,0.0,0.0,1.6263397405702775,1.0,0.0,0.0,0.0,0.0,0.0,0.9241241485752092,1.0,0.0,0.0,0.0,0.0,0.0,0.2993748467249575,0.0441541644915449,1.0,1.0,0.0,0.0,0.0,0.0,16.0,0.0,96.40685794613056,89.17571414118595,1.0,1.0,0.0,3.0,0.0,0.0,0.0,0.0,0.852459373500096,1.0,0.0,0.0,0.0,0.0,0.0,1.092793609654818,1.0,0.0,0.0,0.0,0.0,0.0,0.7631618350789399,1.0,0.0,0.0,0.0,0.0,0.0,-3.0767282641500406,0.0,0.0,0.0,0.0,0.0,0.0,0.0503437212350014,0.1386551761542682,1.0,1.0,0.0,0.0,1.0,0.0,6.0,0.0,33.72053820455466,24.661919405536768,1.0,0.0,0.0,0.0,1.0,0.0,1.0,0.0,1.060257438251553,1.0,0.0,1.0,0.0,0.0,0.0,0.6993761973858181,1.0,0.0,1.0,0.0,0.0,0.0,-0.0015914819534245,0.0,1.0,0.0,0.0,0.0,1.0,-4.376331135184456,0.0,0.0,0.0,0.0,0.0,0.0,0.065696563167195,-0.0001049985833534,1.0,1.0,0.0,0.0,0.0,0.0,0.0,6.0,57.14746692481446,56.85705066150373,1.0,0.0,0.0,0.0,0.0,0.0,1.0,0.0,-0.5018406834983586,0.0,0.0,0.0,0.0,0.0,0.0,-1.5769090410486872,0.0,0.0,0.0,0.0,0.0,0.0,-4.673204218635372,0.0,0.0,0.0,0.0,0.0,0.0,-9.219577678055026,0.0,0.0,0.0,0.0,0.0,0.0,-0.6640437197051572,0.0186860378478308,0.0,0.0,1.0,0.0,0.0,0.0,1.0,0.0,36.77723400398768,29.754652697465293,1.0,0.0,0.0,0.0,0.0,0.0,0.0,0.0,-2.01537100553353,0.0,0.0,0.0,0.0,0.0,0.0,-4.537864540216979,0.0,0.0,0.0,0.0,0.0,0.0,-8.011172872462096,0.0,0.0,0.0,0.0,0.0,0.0,,0.0,0.0,0.0,0.0,0.0,0.0,-0.7606405420932831,-0.2919464485180829,0.0,0.0,0.0,0.0,0.0,0.0,0.0,2.0,20.17884864269969,20.56165003996648,0.0,0.0,0.0,0.0,0.0,0.0,0.0,0.0,-4.784530628524228,0.0,0.0,0.0,0.0,0.0,1.0,-7.579542283701382,0.0,0.0,0.0,0.0,0.0,0.0,,0.0,0.0,0.0,0.0,0.0,0.0,,0.0,0.0,0.0,0.0,0.0,0.0,-0.5098123212121011,-0.5790416189410073,0.0,0.0,0.0,1.0,0.0,1.0,0.0,1.0,,,0.0,0.0,0.0,0.0,0.0,0.0,0.0,0.0,-5.556123525563839,0.0,0.0,0.0,1.0,0.0,1.0,-6.406384335386722,0.0,0.0,0.0,1.0,0.0,1.0,,0.0,0.0,0.0,0.0,0.0,0.0,,0.0,0.0,0.0,0.0,0.0,0.0
38,SHORT,-2.377,125,2.1,115.68,112.93,2024-07-26 13:10:00+00:00,2024-07-26 15:15:00+00:00,-0.0514284988068294,-0.0183977715695424,0,0,0,0,0,0,0,10,18.216542748178693,17.502665699140977,1,0,1,3,1,0,0,0,-0.2262169342006939,0,1,0,0,0,0,-0.2380011683069812,0,1,0,0,0,0,-0.129549475757516,0,1,0,1,0,1,-1.488593021537599,0,0,0,0,0,0,0.003142693377107,0.0330745262256951,1.0,1.0,0.0,0.0,1.0,0.0,5.0,0.0,45.81886387995709,37.8691359972996,1.0,0.0,0.0,0.0,0.0,0.0,0.0,0.0,0.0487068376925419,1.0,1.0,0.0,0.0,1.0,0.0,-0.3985716348871352,0.0,0.0,0.0,0.0,0.0,0.0,-1.2454401602434189,0.0,0.0,0.0,0.0,0.0,0.0,-0.6063325035020214,0.0,0.0,0.0,0.0,0.0,0.0,-0.3592059856440192,-0.0056387929675678,0.0,0.0,0.0,0.0,0.0,0.0,0.0,9.0,19.53381272788021,27.65408989586238,0.0,0.0,1.0,1.0,0.0,0.0,0.0,0.0,-0.6645043184083415,0.0,0.0,0.0,0.0,0.0,0.0,-1.0462210700023546,0.0,0.0,0.0,0.0,0.0,0.0,-0.4960910914228905,0.0,0.0,0.0,0.0,0.0,0.0,-3.031701998781044,0.0,0.0,0.0,0.0,0.0,0.0,0.0349217925684349,-0.1545345391887652,1.0,1.0,0.0,0.0,0.0,0.0,0.0,5.0,58.66850221154849,76.21627575657658,0.0,0.0,0.0,0.0,0.0,0.0,0.0,0.0,-1.1132094407623032,0.0,0.0,0.0,0.0,0.0,1.0,-0.8055717124302321,0.0,0.0,0.0,1.0,0.0,1.0,-0.3168625807838615,0.0,0.0,0.0,1.0,0.0,1.0,-4.457146502963008,0.0,0.0,0.0,0.0,0.0,0.0,0.4816949027815851,-0.0474282422062589,1.0,1.0,0.0,1.0,0.0,0.0,0.0,1.0,79.20433996383372,81.29478855396984,0.0,0.0,0.0,0.0,0.0,1.0,0.0,0.0,0.2369416516917285,1.0,1.0,0.0,0.0,1.0,0.0,0.419339962708838,1.0,0.0,0.0,0.0,1.0,0.0,-1.3691167321375592,0.0,0.0,0.0,0.0,0.0,0.0,-6.483772779638117,0.0,0.0,0.0,0.0,0.0,0.0,-0.4887288704733077,0.1753148492318494,0.0,0.0,0.0,0.0,0.0,0.0,2.0,0.0,35.50842849374661,33.89590730053818,1.0,0.0,0.0,0.0,0.0,0.0,0.0,0.0,-0.3864878341851563,0.0,0.0,0.0,0.0,0.0,0.0,-2.787716390876535,0.0,0.0,0.0,0.0,0.0,0.0,-6.387018732731225,0.0,0.0,0.0,0.0,0.0,0.0,,0.0,0.0,0.0,0.0,0.0,0.0,-0.7606405420932831,-0.2919464485180829,0.0,0.0,0.0,0.0,0.0,0.0,0.0,2.0,20.17884864269969,20.56165003996648,0.0,0.0,0.0,0.0,0.0,0.0,0.0,0.0,-4.784530628524228,0.0,0.0,0.0,0.0,0.0,1.0,-7.579542283701382,0.0,0.0,0.0,0.0,0.0,0.0,,0.0,0.0,0.0,0.0,0.0,0.0,,0.0,0.0,0.0,0.0,0.0,0.0,-0.5098123212121011,-0.5790416189410073,0.0,0.0,0.0,1.0,0.0,1.0,0.0,1.0,,,0.0,0.0,0.0,0.0,0.0,0.0,0.0,0.0,-5.556123525563839,0.0,0.0,0.0,1.0,0.0,1.0,-6.406384335386722,0.0,0.0,0.0,1.0,0.0,1.0,,0.0,0.0,0.0,0.0,0.0,0.0,,0.0,0.0,0.0,0.0,0.0,0.0
39,SHORT,1.451,30,0.5,113.71,115.36,2024-07-29 13:25:00+00:00,2024-07-29 13:55:00+00:00,-0.1000991912219599,0.006574440777929,0,0,0,0,0,0,3,0,37.07586206896557,33.39770114942551,1,0,0,0,0,0,0,0,-0.000287640858099,0,1,0,0,0,1,0.1106186354419654,1,1,0,0,0,0,0.7749432398410362,1,0,0,0,0,0,1.251059264383929,1,0,0,0,0,0,0.1857560637161558,-0.0364489147551411,1.0,1.0,0.0,1.0,0.0,0.0,0.0,1.0,75.01240261012401,78.77341721287645,0.0,0.0,0.0,0.0,0.0,1.0,0.0,0.0,0.131147555134779,1.0,1.0,0.0,0.0,0.0,0.0,0.5710462825436451,1.0,0.0,0.0,0.0,0.0,0.0,0.8847063009933807,1.0,0.0,0.0,0.0,0.0,0.0,1.2178269033340432,1.0,0.0,0.0,0.0,0.0,0.0,-0.0287327938392168,-0.0158301607314491,0.0,0.0,0.0,0.0,0.0,0.0,0.0,2.0,38.280898876404535,44.0749063670411,0.0,0.0,0.0,0.0,0.0,0.0,0.0,1.0,-0.1545641523367011,0.0,1.0,0.0,0.0,0.0,1.0,-0.1238826063144414,0.0,1.0,0.0,1.0,0.0,1.0,0.131430493726314,1.0,1.0,0.0,0.0,1.0,0.0,-0.6234251218424055,0.0,0.0,0.0,0.0,0.0,0.0,0.0667500868886244,0.0020347582808623,1.0,1.0,1.0,0.0,0.0,0.0,1.0,0.0,48.31480273174114,49.89091884524467,0.0,0.0,0.0,0.0,0.0,0.0,0.0,0.0,0.1521118649607196,1.0,1.0,0.0,0.0,1.0,0.0,0.2588207698662658,1.0,1.0,0.0,0.0,0.0,0.0,0.2298169869511379,1.0,1.0,0.0,0.0,0.0,0.0,-3.22468348590244,0.0,0.0,0.0,0.0,0.0,0.0,0.1289296462582562,-0.0176527618055499,1.0,1.0,0.0,1.0,0.0,0.0,0.0,1.0,61.36781093855408,54.74526476336225,1.0,0.0,0.0,0.0,0.0,0.0,0.0,0.0,-0.0564093679662304,0.0,1.0,0.0,1.0,0.0,1.0,-0.1380216578865527,0.0,1.0,0.0,1.0,0.0,1.0,-0.5202197203479497,0.0,0.0,0.0,0.0,0.0,0.0,-6.441420705035707,0.0,0.0,0.0,0.0,0.0,0.0,0.0298209159003084,0.1214807205178929,1.0,1.0,0.0,0.0,1.0,0.0,7.0,0.0,47.29526912080375,45.47556509483314,1.0,0.0,0.0,0.0,0.0,0.0,1.0,0.0,0.1110177872751887,1.0,1.0,1.0,0.0,1.0,0.0,-1.6528172251365223,0.0,0.0,0.0,0.0,0.0,0.0,-5.175600413390805,0.0,0.0,0.0,0.0,0.0,0.0,,0.0,0.0,0.0,0.0,0.0,0.0,-1.0864563059742172,-0.325815763880934,0.0,0.0,0.0,0.0,0.0,0.0,0.0,3.0,15.691564039193224,18.51856830351258,0.0,0.0,1.0,1.0,0.0,0.0,0.0,0.0,-5.87745439511647,0.0,0.0,0.0,0.0,0.0,0.0,-9.312488903495924,0.0,0.0,0.0,0.0,0.0,0.0,,0.0,0.0,0.0,0.0,0.0,0.0,,0.0,0.0,0.0,0.0,0.0,0.0,-1.160693103491126,-0.6508807822790248,0.0,0.0,0.0,0.0,0.0,0.0,0.0,2.0,,,0.0,0.0,0.0,0.0,0.0,0.0,0.0,0.0,-7.570554118896297,0.0,0.0,0.0,0.0,0.0,1.0,-9.491047498320066,0.0,0.0,0.0,0.0,0.0,0.0,,0.0,0.0,0.0,0.0,0.0,0.0,,0.0,0.0,0.0,0.0,0.0,0.0
40,SHORT,-2.253,75,1.2,114.7144,112.13,2024-07-29 14:30:00+00:00,2024-07-29 15:45:00+00:00,0.0326110377914367,0.0026788258121621,1,1,1,0,0,0,1,0,61.13717823395223,60.99781696084867,1,0,0,0,0,0,1,0,0.0385859830304004,1,1,1,0,1,0,-0.0014075726009972,0,1,0,0,0,1,-0.1838902406995065,0,1,0,0,0,0,-1.5635821281972078,0,0,0,0,0,0,-0.1923475357659926,0.0561184825742387,0.0,0.0,0.0,0.0,0.0,0.0,5.0,0.0,16.089624570875714,14.26666591443571,1.0,0.0,1.0,10.0,0.0,0.0,0.0,0.0,-0.1079120406881053,0.0,1.0,0.0,0.0,0.0,0.0,-0.797732748078433,0.0,0.0,0.0,0.0,0.0,0.0,-1.3683705642442685,0.0,0.0,0.0,0.0,0.0,0.0,-1.050317036563887,0.0,0.0,0.0,0.0,0.0,0.0,-0.2723650557124179,-0.0604518138909841,0.0,0.0,0.0,0.0,0.0,0.0,0.0,6.0,3.832724678430855,17.2047647007732,0.0,0.0,1.0,2.0,0.0,0.0,0.0,0.0,-1.0145053193186109,0.0,0.0,0.0,0.0,0.0,0.0,-1.35365949970707,0.0,0.0,0.0,0.0,0.0,0.0,-1.2060461317414526,0.0,0.0,0.0,0.0,0.0,0.0,-1.6615294205656483,0.0,0.0,0.0,0.0,0.0,0.0,0.0218969529943127,-0.1430856630143719,1.0,1.0,0.0,0.0,0.0,0.0,0.0,2.0,46.8318238845888,54.29686301905658,0.0,0.0,0.0,0.0,0.0,0.0,0.0,1.0,-1.1423022397966391,0.0,0.0,0.0,1.0,0.0,1.0,-1.0261570365576451,0.0,0.0,0.0,1.0,0.0,1.0,-1.0573517237138843,0.0,0.0,0.0,1.0,0.0,1.0,-4.233094142502169,0.0,0.0,0.0,0.0,0.0,0.0,0.2626868358063457,0.1238881713257002,1.0,1.0,0.0,0.0,0.0,0.0,2.0,0.0,76.95311256894257,68.92166684510285,1.0,0.0,0.0,0.0,0.0,0.0,0.0,0.0,1.468711478832773,1.0,0.0,0.0,0.0,1.0,0.0,1.6861543374939674,1.0,0.0,0.0,0.0,1.0,0.0,1.612415202396036,1.0,0.0,1.0,0.0,1.0,0.0,-4.452352154488125,0.0,0.0,0.0,0.0,0.0,0.0,0.0298209159003084,0.1214807205178929,1.0,1.0,0.0,0.0,1.0,0.0,7.0,0.0,47.29526912080375,45.47556509483314,1.0,0.0,0.0,0.0,0.0,0.0,1.0,0.0,0.1110177872751887,1.0,1.0,1.0,0.0,1.0,0.0,-1.6528172251365223,0.0,0.0,0.0,0.0,0.0,0.0,-5.175600413390805,0.0,0.0,0.0,0.0,0.0,0.0,,0.0,0.0,0.0,0.0,0.0,0.0,-1.0864563059742172,-0.325815763880934,0.0,0.0,0.0,0.0,0.0,0.0,0.0,3.0,15.691564039193224,18.51856830351258,0.0,0.0,1.0,1.0,0.0,0.0,0.0,0.0,-5.87745439511647,0.0,0.0,0.0,0.0,0.0,0.0,-9.312488903495924,0.0,0.0,0.0,0.0,0.0,0.0,,0.0,0.0,0.0,0.0,0.0,0.0,,0.0,0.0,0.0,0.0,0.0,0.0,-1.160693103491126,-0.6508807822790248,0.0,0.0,0.0,0.0,0.0,0.0,0.0,2.0,,,0.0,0.0,0.0,0.0,0.0,0.0,0.0,0.0,-7.570554118896297,0.0,0.0,0.0,0.0,0.0,1.0,-9.491047498320066,0.0,0.0,0.0,0.0,0.0,0.0,,0.0,0.0,0.0,0.0,0.0,0.0,,0.0,0.0,0.0,0.0,0.0,0.0
41,LONG,-1.156,85,1.4,113.4109,112.1,2024-07-29 16:05:00+00:00,2024-07-29 17:30:00+00:00,-0.0655415620478351,-0.0022774899190643,0,0,0,0,0,0,0,2,5.601150403046025,5.569387833819271,1,0,1,10,1,0,0,0,-0.2332900796976752,0,1,0,0,0,0,-0.4899572737625917,0,0,0,0,0,0,-0.8441971149429474,0,0,0,0,0,0,-0.974676839779868,0,0,0,0,0,0,-0.0102584011698157,-0.0241434616617275,0.0,0.0,0.0,0.0,0.0,1.0,0.0,9.0,19.57239273662213,27.612566286357005,0.0,0.0,1.0,1.0,0.0,0.0,0.0,0.0,-0.2659206641181259,0.0,1.0,0.0,0.0,0.0,0.0,-0.3516527247194893,0.0,0.0,0.0,0.0,0.0,0.0,-0.7924328599521444,0.0,0.0,0.0,0.0,0.0,0.0,-0.6783138339385593,0.0,0.0,0.0,0.0,0.0,0.0,-0.0590009139783572,0.0166042160264346,0.0,0.0,0.0,0.0,0.0,0.0,6.0,0.0,36.19802877534817,36.03049985524196,1.0,0.0,0.0,0.0,0.0,0.0,0.0,0.0,-0.0531610059164041,0.0,1.0,0.0,0.0,0.0,1.0,-0.2887482595447211,0.0,1.0,0.0,0.0,0.0,1.0,-0.4387178247086713,0.0,0.0,0.0,0.0,0.0,0.0,-0.7432055519536018,0.0,0.0,0.0,0.0,0.0,0.0,-0.1088861192587817,0.0008491428609425,0.0,0.0,1.0,0.0,0.0,0.0,1.0,0.0,35.05017182130569,25.828337221267606,1.0,0.0,0.0,0.0,0.0,0.0,0.0,0.0,-0.2143762019372024,0.0,1.0,0.0,0.0,0.0,1.0,-0.3946078377602686,0.0,0.0,0.0,0.0,0.0,1.0,-0.6544681224014334,0.0,0.0,0.0,0.0,0.0,0.0,-3.74995429761326,0.0,0.0,0.0,0.0,0.0,0.0,0.0666316932347697,-0.0570581909961237,1.0,1.0,0.0,0.0,0.0,0.0,0.0,2.0,49.914703516853024,62.9958232476155,0.0,0.0,0.0,0.0,0.0,0.0,0.0,0.0,-0.4518069903304024,0.0,0.0,0.0,0.0,0.0,0.0,-0.5120895324251428,0.0,0.0,0.0,0.0,0.0,0.0,-0.6144564197762188,0.0,0.0,0.0,0.0,0.0,0.0,-6.544125408589897,0.0,0.0,0.0,0.0,0.0,0.0,0.0978710101913344,0.068050094291026,1.0,1.0,0.0,0.0,0.0,0.0,8.0,0.0,52.94490234718117,47.8102147869919,1.0,0.0,0.0,0.0,0.0,0.0,0.0,0.0,-0.2010711208615534,0.0,1.0,0.0,1.0,0.0,1.0,-1.835817139320216,0.0,0.0,0.0,0.0,0.0,0.0,-5.253472036019789,0.0,0.0,0.0,0.0,0.0,0.0,,0.0,0.0,0.0,0.0,0.0,0.0,-1.0864563059742172,-0.325815763880934,0.0,0.0,0.0,0.0,0.0,0.0,0.0,3.0,15.691564039193224,18.51856830351258,0.0,0.0,1.0,1.0,0.0,0.0,0.0,0.0,-5.87745439511647,0.0,0.0,0.0,0.0,0.0,0.0,-9.312488903495924,0.0,0.0,0.0,0.0,0.0,0.0,,0.0,0.0,0.0,0.0,0.0,0.0,,0.0,0.0,0.0,0.0,0.0,0.0,-1.160693103491126,-0.6508807822790248,0.0,0.0,0.0,0.0,0.0,0.0,0.0,2.0,,,0.0,0.0,0.0,0.0,0.0,0.0,0.0,0.0,-7.570554118896297,0.0,0.0,0.0,0.0,0.0,1.0,-9.491047498320066,0.0,0.0,0.0,0.0,0.0,0.0,,0.0,0.0,0.0,0.0,0.0,0.0,,0.0,0.0,0.0,0.0,0.0,0.0
42,LONG,-2.545,30,0.5,111.9493,109.0999,2024-07-30 13:20:00+00:00,2024-07-30 13:50:00+00:00,-0.1574681063497456,0.0137591972170215,0,0,0,0,0,0,3,0,17.572884012539227,16.845865423746854,1,0,1,8,0,0,0,0,-0.4301944116308844,0,0,0,0,0,0,-1.104772200419496,0,0,0,0,0,0,-1.9467197939178595,0,0,0,0,0,0,-2.100303517603462,0,0,0,0,0,0,-0.2085645777930267,-0.1537398733922259,0.0,0.0,0.0,0.0,0.0,0.0,0.0,2.0,30.109434328844063,33.45383486030523,0.0,0.0,0.0,0.0,0.0,0.0,0.0,0.0,-1.7914529145993674,0.0,0.0,0.0,0.0,0.0,1.0,-2.1400443404031075,0.0,0.0,0.0,0.0,0.0,1.0,-2.1846681608130702,0.0,0.0,0.0,0.0,0.0,1.0,-2.8092656023570224,0.0,0.0,0.0,0.0,0.0,0.0,0.0279876907818213,-0.0600890751648306,1.0,1.0,0.0,1.0,0.0,0.0,0.0,1.0,68.8888888888887,74.87654320987646,0.0,0.0,0.0,0.0,0.0,1.0,0.0,1.0,-0.4871803983758448,0.0,0.0,0.0,1.0,0.0,1.0,-0.4708567591223255,0.0,0.0,0.0,1.0,0.0,1.0,-0.5552780198754328,0.0,0.0,0.0,1.0,0.0,1.0,-1.96677077543948,0.0,0.0,0.0,0.0,0.0,0.0,0.1192855296765493,0.0170374198091343,1.0,1.0,0.0,0.0,0.0,0.0,7.0,0.0,53.04316382700825,42.320498164431534,1.0,0.0,0.0,0.0,0.0,0.0,0.0,0.0,0.1997557264369948,1.0,1.0,0.0,0.0,1.0,0.0,0.0313339708976905,1.0,1.0,1.0,0.0,1.0,0.0,-0.8000265030906413,0.0,0.0,0.0,0.0,0.0,0.0,-4.236073083978448,0.0,0.0,0.0,0.0,0.0,0.0,-0.0387673687161306,0.0636378209803701,0.0,0.0,0.0,0.0,0.0,0.0,5.0,0.0,17.968061087864807,12.370277160455094,1.0,0.0,1.0,11.0,0.0,0.0,0.0,0.0,0.1802212332588929,1.0,1.0,1.0,0.0,1.0,0.0,-0.4301722561909636,0.0,0.0,0.0,0.0,0.0,0.0,-1.3228308654761087,0.0,0.0,0.0,0.0,0.0,0.0,-6.995497932359565,0.0,0.0,0.0,0.0,0.0,0.0,-0.0132261603513921,0.0023458331051666,0.0,0.0,1.0,0.0,0.0,0.0,1.0,0.0,47.53146176185869,52.02448064764942,0.0,0.0,0.0,0.0,0.0,0.0,0.0,0.0,-0.970743172885038,0.0,0.0,0.0,0.0,0.0,0.0,-2.748334113345942,0.0,0.0,0.0,0.0,0.0,0.0,-6.124406272307155,0.0,0.0,0.0,0.0,0.0,0.0,,0.0,0.0,0.0,0.0,0.0,0.0,-1.1581570678028077,-0.0717007618285903,0.0,0.0,0.0,0.0,0.0,0.0,0.0,4.0,16.429271329784545,17.433228003892484,0.0,0.0,1.0,2.0,0.0,0.0,0.0,0.0,-4.098239682773721,0.0,0.0,0.0,0.0,0.0,0.0,-7.942256236374464,0.0,0.0,0.0,0.0,0.0,0.0,,0.0,0.0,0.0,0.0,0.0,0.0,,0.0,0.0,0.0,0.0,0.0,0.0,-1.160693103491126,-0.6508807822790248,0.0,0.0,0.0,0.0,0.0,0.0,0.0,2.0,,,0.0,0.0,0.0,0.0,0.0,0.0,0.0,0.0,-7.570554118896297,0.0,0.0,0.0,0.0,0.0,1.0,-9.491047498320066,0.0,0.0,0.0,0.0,0.0,0.0,,0.0,0.0,0.0,0.0,0.0,0.0,,0.0,0.0,0.0,0.0,0.0,0.0
43,SHORT,1.106,30,0.5,108.4508,109.65,2024-07-30 23:05:00+00:00,2024-07-30 23:35:00+00:00,0.044088681598754,-0.0159388159892913,1,1,0,0,0,0,0,2,86.34920634920623,92.66947034673164,0,1,0,28,0,0,0,0,0.0556180600074441,1,1,0,0,0,0,0.3280618600370798,1,0,0,0,0,0,0.7384639299797321,1,0,0,0,0,0,2.132741211198196,1,0,0,0,0,0,0.0059940001714426,0.0304618580411601,1.0,1.0,0.0,0.0,1.0,0.0,4.0,0.0,98.01300663314684,94.87837658023346,1.0,1.0,0.0,18.0,0.0,0.0,0.0,0.0,0.6007250292753771,1.0,0.0,0.0,0.0,0.0,0.0,1.209250959009376,1.0,0.0,0.0,0.0,0.0,0.0,2.855034578386832,1.0,0.0,0.0,0.0,0.0,0.0,1.2462970040161692,1.0,0.0,0.0,0.0,0.0,0.0,0.4811687812826788,-0.0223739639033595,1.0,1.0,0.0,0.0,0.0,0.0,0.0,2.0,96.8853225120999,97.76755107864876,0.0,1.0,0.0,7.0,0.0,1.0,0.0,0.0,0.8768773364475544,1.0,0.0,0.0,0.0,0.0,0.0,1.8313672101478096,1.0,0.0,0.0,0.0,0.0,0.0,1.5237364286378,1.0,0.0,0.0,0.0,0.0,0.0,-2.503406402549172,0.0,0.0,0.0,0.0,0.0,0.0,0.5835298900137169,0.0795441678676394,1.0,1.0,0.0,0.0,0.0,0.0,6.0,0.0,93.29740399522252,87.03569467659015,1.0,1.0,0.0,2.0,0.0,0.0,0.0,0.0,1.3639279510149505,1.0,0.0,0.0,0.0,0.0,0.0,1.2232229842826654,1.0,0.0,0.0,0.0,0.0,0.0,-1.0461255177081228,0.0,0.0,0.0,0.0,0.0,0.0,-5.74813362846497,0.0,0.0,0.0,0.0,0.0,0.0,-0.2095626944137083,0.2378557194723933,0.0,0.0,0.0,0.0,0.0,0.0,2.0,0.0,38.048912805704965,27.705902835779806,1.0,0.0,0.0,0.0,0.0,0.0,0.0,0.0,0.8562364817352461,1.0,0.0,0.0,0.0,1.0,0.0,-1.1270432643037511,0.0,0.0,0.0,0.0,0.0,0.0,-4.196115243800189,0.0,0.0,0.0,0.0,0.0,0.0,-9.962937926333115,0.0,0.0,0.0,0.0,0.0,0.0,-0.3704272039872158,-0.4039674769972388,0.0,0.0,0.0,1.0,0.0,1.0,0.0,1.0,23.87876580498251,35.97164397626922,0.0,0.0,0.0,0.0,0.0,0.0,0.0,0.0,-5.359447343798687,0.0,0.0,0.0,0.0,0.0,1.0,-7.6825158422323,0.0,0.0,0.0,0.0,0.0,0.0,-11.175539820898871,0.0,0.0,0.0,0.0,0.0,0.0,,0.0,0.0,0.0,0.0,0.0,0.0,-1.1581570678028077,-0.0717007618285903,0.0,0.0,0.0,0.0,0.0,0.0,0.0,4.0,16.429271329784545,17.433228003892484,0.0,0.0,1.0,2.0,0.0,0.0,0.0,0.0,-4.098239682773721,0.0,0.0,0.0,0.0,0.0,0.0,-7.942256236374464,0.0,0.0,0.0,0.0,0.0,0.0,,0.0,0.0,0.0,0.0,0.0,0.0,,0.0,0.0,0.0,0.0,0.0,0.0,-1.160693103491126,-0.6508807822790248,0.0,0.0,0.0,0.0,0.0,0.0,0.0,2.0,,,0.0,0.0,0.0,0.0,0.0,0.0,0.0,0.0,-7.570554118896297,0.0,0.0,0.0,0.0,0.0,1.0,-9.491047498320066,0.0,0.0,0.0,0.0,0.0,0.0,,0.0,0.0,0.0,0.0,0.0,0.0,,0.0,0.0,0.0,0.0,0.0,0.0
44,SHORT,1.179,205,3.4,114.55,115.9,2024-07-31 14:55:00+00:00,2024-07-31 18:20:00+00:00,0.030734276105892,0.0009371623508328,1,1,0,0,0,0,3,0,92.35186067678713,89.64972818557494,1,1,0,3,0,0,0,0,0.1277515116044277,1,1,0,0,1,0,0.2885927617782311,1,1,0,0,0,0,0.5487463011464956,1,0,0,0,0,0,0.3496766303101559,1,0,0,0,0,0,0.0014239860688552,0.0250642947930549,1.0,1.0,0.0,0.0,1.0,0.0,3.0,0.0,72.940074906367,56.52309612983779,1.0,0.0,0.0,0.0,0.0,0.0,0.0,0.0,0.2286902609102106,1.0,1.0,0.0,0.0,0.0,0.0,0.2499703007369949,1.0,1.0,0.0,0.0,0.0,0.0,0.2438702384443481,1.0,1.0,0.0,0.0,0.0,0.0,4.9543644404680425,1.0,0.0,0.0,0.0,0.0,0.0,-0.2791028503387809,-0.058834297360127,0.0,0.0,0.0,0.0,0.0,0.0,0.0,11.0,33.155806182122,52.66800904257635,0.0,0.0,0.0,0.0,0.0,0.0,0.0,0.0,-0.4642713792821047,0.0,0.0,0.0,0.0,0.0,1.0,0.195458126205883,1.0,1.0,0.0,0.0,0.0,0.0,2.565770148940071,1.0,0.0,0.0,0.0,0.0,0.0,2.9438839891704003,1.0,0.0,0.0,0.0,0.0,0.0,0.3038156768022895,-0.1011652859416618,1.0,1.0,0.0,0.0,0.0,0.0,0.0,4.0,83.03571428571429,86.75569860634796,0.0,1.0,0.0,24.0,0.0,0.0,0.0,0.0,0.4448107609699712,1.0,0.0,0.0,0.0,0.0,0.0,2.2976493499212776,1.0,0.0,0.0,0.0,0.0,0.0,5.121037709142142,1.0,0.0,0.0,0.0,0.0,0.0,1.2176735010890645,1.0,0.0,0.0,0.0,0.0,0.0,1.0519025932853496,-0.0558453974898969,1.0,1.0,0.0,1.0,0.0,0.0,0.0,1.0,93.90266718476624,95.58200895763918,0.0,1.0,0.0,7.0,0.0,0.0,0.0,0.0,1.7261120847808002,1.0,0.0,0.0,0.0,0.0,0.0,3.6594917068091775,1.0,0.0,0.0,0.0,0.0,0.0,3.647207242753006,1.0,0.0,0.0,0.0,0.0,0.0,-2.289076637505455,0.0,0.0,0.0,0.0,0.0,0.0,0.0789912716226157,0.2562190251718443,1.0,1.0,0.0,0.0,1.0,0.0,3.0,0.0,61.135402242696415,40.69885531307651,1.0,0.0,0.0,0.0,0.0,0.0,0.0,0.0,1.2770082640185554,1.0,0.0,0.0,0.0,1.0,0.0,-0.7622730362412405,0.0,0.0,0.0,0.0,0.0,0.0,-4.754873374214547,0.0,0.0,0.0,0.0,0.0,0.0,,0.0,0.0,0.0,0.0,0.0,0.0,-1.2598628435248682,-0.1017057757220607,0.0,0.0,0.0,0.0,0.0,0.0,0.0,5.0,18.42692886309908,16.849254744025615,1.0,0.0,1.0,3.0,1.0,0.0,0.0,0.0,-4.747707179938329,0.0,0.0,0.0,0.0,0.0,0.0,-8.979354110079594,0.0,0.0,0.0,0.0,0.0,0.0,,0.0,0.0,0.0,0.0,0.0,0.0,,0.0,0.0,0.0,0.0,0.0,0.0,-1.160693103491126,-0.6508807822790248,0.0,0.0,0.0,0.0,0.0,0.0,0.0,2.0,,,0.0,0.0,0.0,0.0,0.0,0.0,0.0,0.0,-7.570554118896297,0.0,0.0,0.0,0.0,0.0,1.0,-9.491047498320066,0.0,0.0,0.0,0.0,0.0,0.0,,0.0,0.0,0.0,0.0,0.0,0.0,,0.0,0.0,0.0,0.0,0.0,0.0
45,SHORT,3.014,40,0.7,116.12,119.62,2024-07-31 19:30:00+00:00,2024-07-31 20:10:00+00:00,0.2553042171673519,0.0036493690936078,1,1,0,0,0,0,6,0,90.592040763674,87.047046329573,1,1,0,5,0,0,0,0,0.6706913191963736,1,0,0,0,0,0,1.3572737418029557,1,0,0,0,0,0,2.085366271831338,1,0,0,0,0,0,2.820129575195994,1,0,0,0,0,0,0.0360288967958401,0.0872017462245866,1.0,1.0,0.0,0.0,1.0,0.0,2.0,0.0,67.82706066551717,56.29313408777113,1.0,0.0,0.0,0.0,0.0,0.0,1.0,0.0,0.9631829466468314,1.0,0.0,0.0,0.0,1.0,0.0,1.3387549129124696,1.0,0.0,0.0,0.0,1.0,0.0,2.0883370664717087,1.0,0.0,0.0,0.0,0.0,0.0,6.426258731469541,1.0,0.0,0.0,0.0,0.0,0.0,-0.02725624389289,0.0165018766658662,0.0,0.0,1.0,0.0,0.0,0.0,1.0,0.0,67.68948655256726,74.74494320881865,0.0,0.0,0.0,0.0,0.0,0.0,0.0,0.0,0.6129189994607924,1.0,0.0,1.0,0.0,1.0,0.0,1.570883065732915,1.0,0.0,0.0,0.0,0.0,0.0,4.066232862360333,1.0,0.0,0.0,0.0,0.0,0.0,5.457979780738323,1.0,0.0,0.0,0.0,0.0,0.0,0.1749327019730895,-0.0955763714677995,1.0,1.0,0.0,1.0,0.0,0.0,0.0,1.0,88.39606477951492,87.84684846682075,1.0,1.0,0.0,3.0,0.0,0.0,0.0,0.0,0.3172856354601466,1.0,0.0,0.0,0.0,0.0,0.0,2.108522482501784,1.0,0.0,0.0,0.0,0.0,0.0,5.655737430461207,1.0,0.0,0.0,0.0,0.0,0.0,2.239839175289008,1.0,0.0,0.0,0.0,0.0,0.0,0.9958787698042156,0.073083517474815,1.0,1.0,1.0,0.0,0.0,0.0,1.0,0.0,90.28538007069837,91.6230391093778,0.0,1.0,0.0,9.0,0.0,0.0,0.0,0.0,2.9193998946463844,1.0,0.0,0.0,0.0,0.0,0.0,5.191640268483189,1.0,0.0,0.0,0.0,0.0,0.0,5.9042195928981736,1.0,0.0,0.0,0.0,0.0,0.0,0.0623188604985418,1.0,1.0,1.0,0.0,1.0,0.0,0.5707913661941943,0.4918000945715786,1.0,1.0,0.0,0.0,0.0,0.0,4.0,0.0,74.78147825146357,58.57159947886572,1.0,0.0,0.0,0.0,0.0,0.0,0.0,0.0,4.409647644727812,1.0,0.0,0.0,0.0,1.0,0.0,3.27352546268626,1.0,0.0,1.0,0.0,1.0,0.0,-0.4976406745643068,0.0,0.0,0.0,0.0,0.0,1.0,,0.0,0.0,0.0,0.0,0.0,0.0,-1.2598628435248682,-0.1017057757220607,0.0,0.0,0.0,0.0,0.0,0.0,0.0,5.0,18.42692886309908,16.849254744025615,1.0,0.0,1.0,3.0,1.0,0.0,0.0,0.0,-4.747707179938329,0.0,0.0,0.0,0.0,0.0,0.0,-8.979354110079594,0.0,0.0,0.0,0.0,0.0,0.0,,0.0,0.0,0.0,0.0,0.0,0.0,,0.0,0.0,0.0,0.0,0.0,0.0,-1.160693103491126,-0.6508807822790248,0.0,0.0,0.0,0.0,0.0,0.0,0.0,2.0,,,0.0,0.0,0.0,0.0,0.0,0.0,0.0,0.0,-7.570554118896297,0.0,0.0,0.0,0.0,0.0,1.0,-9.491047498320066,0.0,0.0,0.0,0.0,0.0,0.0,,0.0,0.0,0.0,0.0,0.0,0.0,,0.0,0.0,0.0,0.0,0.0,0.0
46,SHORT,1.31,70,1.2,119.09,120.65,2024-07-31 21:00:00+00:00,2024-07-31 22:10:00+00:00,0.025637110550048,-0.0078619774940692,1,1,0,0,0,0,0,2,91.92129629629656,92.91666666666664,0,1,0,8,0,0,0,0,0.0858766597696019,1,1,0,0,0,0,0.3148325990595162,1,0,0,0,0,0,0.7512426849503956,1,0,0,0,0,0,1.7580853630486897,1,0,0,0,0,0,0.0353865611645212,0.0380673682650983,1.0,1.0,0.0,0.0,1.0,0.0,7.0,0.0,95.51205206519973,95.79919566568913,0.0,1.0,0.0,5.0,0.0,0.0,0.0,0.0,0.5954169702062622,1.0,0.0,0.0,0.0,0.0,0.0,1.0604312334388677,1.0,0.0,0.0,0.0,0.0,0.0,2.119172320169284,1.0,0.0,0.0,0.0,0.0,0.0,6.547494685916091,1.0,0.0,0.0,0.0,0.0,0.0,0.0564500800545118,-0.0092875439019499,1.0,1.0,0.0,0.0,0.0,0.0,0.0,5.0,90.78562229247171,88.51245116334303,1.0,1.0,0.0,7.0,0.0,0.0,0.0,0.0,0.6314203979795707,1.0,0.0,0.0,0.0,0.0,0.0,1.8530958789739496,1.0,0.0,0.0,0.0,0.0,0.0,4.622033235853356,1.0,0.0,0.0,0.0,0.0,0.0,7.255942477046434,1.0,0.0,0.0,0.0,0.0,0.0,0.2675511799704506,-0.0302747114369481,1.0,1.0,0.0,0.0,0.0,0.0,0.0,2.0,91.01484546248776,89.62964366359022,1.0,1.0,0.0,7.0,0.0,0.0,0.0,0.0,1.1395493295291024,1.0,0.0,0.0,0.0,1.0,0.0,3.274898080933831,1.0,0.0,0.0,0.0,0.0,0.0,7.837313669068717,1.0,0.0,0.0,0.0,0.0,0.0,4.97964399327801,1.0,0.0,0.0,0.0,0.0,0.0,0.9944693618325102,0.0259686440196251,1.0,1.0,1.0,0.0,0.0,0.0,1.0,0.0,93.17767792248247,91.25637618365614,1.0,1.0,0.0,11.0,0.0,0.0,0.0,0.0,2.6926314331197663,1.0,0.0,0.0,0.0,1.0,0.0,5.363641329045151,1.0,0.0,0.0,0.0,0.0,0.0,6.928121621907724,1.0,0.0,0.0,0.0,0.0,0.0,1.3101833765361313,1.0,0.0,1.0,0.0,1.0,0.0,0.5707913661941943,0.4918000945715786,1.0,1.0,0.0,0.0,0.0,0.0,4.0,0.0,74.78147825146357,58.57159947886572,1.0,0.0,0.0,0.0,0.0,0.0,0.0,0.0,4.409647644727812,1.0,0.0,0.0,0.0,1.0,0.0,3.27352546268626,1.0,0.0,1.0,0.0,1.0,0.0,-0.4976406745643068,0.0,0.0,0.0,0.0,0.0,1.0,,0.0,0.0,0.0,0.0,0.0,0.0,-1.2598628435248682,-0.1017057757220607,0.0,0.0,0.0,0.0,0.0,0.0,0.0,5.0,18.42692886309908,16.849254744025615,1.0,0.0,1.0,3.0,1.0,0.0,0.0,0.0,-4.747707179938329,0.0,0.0,0.0,0.0,0.0,0.0,-8.979354110079594,0.0,0.0,0.0,0.0,0.0,0.0,,0.0,0.0,0.0,0.0,0.0,0.0,,0.0,0.0,0.0,0.0,0.0,0.0,-1.160693103491126,-0.6508807822790248,0.0,0.0,0.0,0.0,0.0,0.0,0.0,2.0,,,0.0,0.0,0.0,0.0,0.0,0.0,0.0,0.0,-7.570554118896297,0.0,0.0,0.0,0.0,0.0,1.0,-9.491047498320066,0.0,0.0,0.0,0.0,0.0,0.0,,0.0,0.0,0.0,0.0,0.0,0.0,,0.0,0.0,0.0,0.0,0.0,0.0
47,SHORT,-3.695,120,2.0,120.97,116.5,2024-07-31 22:55:00+00:00,2024-08-01 08:55:00+00:00,0.0883560999940282,-0.0321323247611071,1,1,0,0,0,0,0,4,81.96248196248244,86.05098605098668,0,1,0,6,0,0,0,0,-0.1438452111518889,0,1,0,1,0,1,-0.0880767740882321,0,1,0,1,0,1,-0.138177903193185,0,1,0,1,0,1,-2.7432806292631744,0,0,0,0,0,0,-0.3298079664787923,0.1185808805228765,0.0,0.0,0.0,0.0,0.0,0.0,5.0,0.0,19.167779272823697,18.75207762957345,1.0,0.0,1.0,3.0,1.0,0.0,0.0,0.0,-0.023140057886662,0.0,1.0,0.0,0.0,0.0,1.0,-1.2195153391411588,0.0,0.0,0.0,0.0,0.0,0.0,-2.377419373272571,0.0,0.0,0.0,0.0,0.0,0.0,1.5416097595173472,1.0,0.0,0.0,0.0,0.0,0.0,-0.61899228730883,-0.1837251787845057,0.0,0.0,0.0,0.0,0.0,0.0,0.0,9.0,40.15658331683924,63.13312587509984,0.0,0.0,0.0,0.0,0.0,0.0,0.0,0.0,-2.1580424020200417,0.0,0.0,0.0,0.0,0.0,0.0,-2.1260487829046824,0.0,0.0,0.0,0.0,0.0,0.0,-0.2145711920596757,0.0,1.0,0.0,0.0,0.0,1.0,4.089312450856901,1.0,0.0,0.0,0.0,0.0,0.0,0.0843513359343663,-0.1338038019189502,1.0,1.0,0.0,0.0,0.0,0.0,0.0,4.0,92.67254635911348,95.88980287954162,0.0,1.0,0.0,13.0,0.0,1.0,0.0,0.0,0.0789558069287955,1.0,1.0,0.0,0.0,1.0,0.0,2.145568483060817,1.0,0.0,0.0,0.0,0.0,0.0,7.291065588464293,1.0,0.0,0.0,0.0,0.0,0.0,6.00959540168973,1.0,0.0,0.0,0.0,0.0,0.0,0.9677185441988184,-0.0441556545640655,1.0,1.0,0.0,1.0,0.0,0.0,0.0,1.0,97.76253185450152,96.06847054440424,1.0,1.0,0.0,14.0,0.0,0.0,0.0,0.0,2.3202618647063384,1.0,0.0,0.0,0.0,0.0,0.0,5.528442615550548,1.0,0.0,0.0,0.0,0.0,0.0,8.495979063442476,1.0,0.0,0.0,0.0,0.0,0.0,3.305945838986215,1.0,0.0,0.0,0.0,0.0,0.0,1.44661807430747,0.4683055866617165,1.0,1.0,0.0,0.0,0.0,0.0,6.0,0.0,96.65478792315128,85.857533598444,1.0,1.0,0.0,2.0,0.0,0.0,0.0,0.0,6.080428045137708,1.0,0.0,0.0,0.0,0.0,0.0,6.969003026235346,1.0,0.0,0.0,0.0,0.0,0.0,4.2072035341697855,1.0,0.0,0.0,0.0,1.0,0.0,,0.0,0.0,0.0,0.0,0.0,0.0,-1.3403845352254251,-0.0805216917005569,0.0,0.0,0.0,0.0,0.0,0.0,0.0,6.0,20.075755732476026,18.31065197511988,1.0,0.0,0.0,0.0,0.0,0.0,0.0,0.0,-4.945374131738305,0.0,0.0,0.0,0.0,0.0,0.0,-9.576084381834445,0.0,0.0,0.0,0.0,0.0,0.0,,0.0,0.0,0.0,0.0,0.0,0.0,,0.0,0.0,0.0,0.0,0.0,0.0,-1.160693103491126,-0.6508807822790248,0.0,0.0,0.0,0.0,0.0,0.0,0.0,2.0,,,0.0,0.0,0.0,0.0,0.0,0.0,0.0,0.0,-7.570554118896297,0.0,0.0,0.0,0.0,0.0,1.0,-9.491047498320066,0.0,0.0,0.0,0.0,0.0,0.0,,0.0,0.0,0.0,0.0,0.0,0.0,,0.0,0.0,0.0,0.0,0.0,0.0
48,SHORT,-3.305,120,2.0,117.41,113.53,2024-08-01 14:10:00+00:00,2024-08-01 16:10:00+00:00,0.0975106818879195,-0.0190035531017989,1,1,0,0,0,0,0,2,81.38020833333395,88.05558180558234,0,1,0,8,0,0,0,0,0.0548833901090855,1,1,0,0,0,0,0.2564347274511927,1,1,0,0,0,0,0.1756890817675609,1,1,0,0,0,0,-2.235994052128464,0,0,0,0,0,0,0.0406675988907374,0.0572414178701798,1.0,1.0,0.0,0.0,1.0,0.0,3.0,0.0,38.61861096960434,28.257544120942526,1.0,0.0,0.0,0.0,0.0,0.0,0.0,0.0,0.0261042001165216,1.0,1.0,1.0,0.0,1.0,0.0,-0.9329691025755236,0.0,0.0,0.0,0.0,0.0,0.0,-3.1865989050373544,0.0,0.0,0.0,0.0,0.0,0.0,-3.902249680667397,0.0,0.0,0.0,0.0,0.0,0.0,-0.7108850355041774,-0.0593395321466976,0.0,0.0,0.0,1.0,0.0,0.0,0.0,1.0,8.33122190358833,7.151233964524224,1.0,0.0,1.0,5.0,0.0,0.0,0.0,0.0,-2.211656867102684,0.0,0.0,0.0,0.0,0.0,0.0,-3.8387168617157927,0.0,0.0,0.0,0.0,0.0,0.0,-5.29369738599644,0.0,0.0,0.0,0.0,0.0,0.0,-0.2307236135524976,0.0,1.0,0.0,1.0,0.0,1.0,-0.847911682762447,-0.1147825763482927,0.0,0.0,0.0,0.0,0.0,0.0,0.0,3.0,12.867575616681393,27.397982535526225,0.0,0.0,1.0,1.0,0.0,0.0,0.0,0.0,-2.310648551343573,0.0,0.0,0.0,0.0,0.0,0.0,-3.051836007122321,0.0,0.0,0.0,0.0,0.0,0.0,-1.547146400655292,0.0,0.0,0.0,0.0,0.0,0.0,0.5240089769087433,1.0,0.0,0.0,0.0,1.0,0.0,-0.5111270220947826,-0.4082729153990421,0.0,0.0,0.0,0.0,0.0,0.0,0.0,9.0,43.73326646909289,60.8992848467536,0.0,0.0,0.0,0.0,0.0,0.0,0.0,0.0,-3.4448229824748453,0.0,0.0,0.0,0.0,0.0,1.0,-2.4905613633503947,0.0,0.0,0.0,1.0,0.0,1.0,1.0497424589058078,1.0,0.0,0.0,0.0,0.0,0.0,-2.897367320937128,0.0,0.0,0.0,1.0,0.0,1.0,1.617158917230591,0.0014861249445647,1.0,1.0,0.0,0.0,0.0,0.0,8.0,0.0,94.67823538485268,95.7627634473193,0.0,1.0,0.0,4.0,0.0,1.0,0.0,0.0,2.738546323140108,1.0,0.0,0.0,0.0,1.0,0.0,4.561340890351975,1.0,0.0,0.0,0.0,0.0,0.0,2.9180316257600434,1.0,0.0,0.0,0.0,1.0,0.0,,0.0,0.0,0.0,0.0,0.0,0.0,-1.3403845352254251,-0.0805216917005569,0.0,0.0,0.0,0.0,0.0,0.0,0.0,6.0,20.075755732476026,18.31065197511988,1.0,0.0,0.0,0.0,0.0,0.0,0.0,0.0,-4.945374131738305,0.0,0.0,0.0,0.0,0.0,0.0,-9.576084381834445,0.0,0.0,0.0,0.0,0.0,0.0,,0.0,0.0,0.0,0.0,0.0,0.0,,0.0,0.0,0.0,0.0,0.0,0.0,-1.160693103491126,-0.6508807822790248,0.0,0.0,0.0,0.0,0.0,0.0,0.0,2.0,,,0.0,0.0,0.0,0.0,0.0,0.0,0.0,0.0,-7.570554118896297,0.0,0.0,0.0,0.0,0.0,1.0,-9.491047498320066,0.0,0.0,0.0,0.0,0.0,0.0,,0.0,0.0,0.0,0.0,0.0,0.0,,0.0,0.0,0.0,0.0,0.0,0.0
49,LONG,-1.983,35,0.6,107.9,105.76,2024-08-01 23:35:00+00:00,2024-08-02 08:10:00+00:00,-0.0885179942171094,0.0440503740502427,0,0,0,0,0,0,5,0,22.64246274865737,20.7890477271008,1,0,0,0,0,0,0,0,-0.0527964802720359,0,1,0,0,0,1,-0.7011157922885924,0,0,0,0,0,0,-1.5982286192471038,0,0,0,0,0,0,-2.351594459228565,0,0,0,0,0,0,-0.1350194093923649,-0.1500209730700326,0.0,0.0,0.0,0.0,0.0,1.0,0.0,3.0,30.078937100804783,61.98059091143149,0.0,0.0,0.0,0.0,0.0,0.0,0.0,0.0,-1.79355532985015,0.0,0.0,0.0,0.0,0.0,0.0,-2.2749996424807124,0.0,0.0,0.0,0.0,0.0,0.0,-3.166881532999282,0.0,0.0,0.0,0.0,0.0,0.0,-7.390412910153585,0.0,0.0,0.0,0.0,0.0,0.0,0.1453104449610558,0.0274673680479258,1.0,1.0,0.0,0.0,0.0,0.0,3.0,0.0,31.87869884804317,24.7427983604225,1.0,0.0,0.0,0.0,0.0,0.0,0.0,0.0,0.0297648250278539,1.0,1.0,0.0,0.0,1.0,0.0,-0.694412016679093,0.0,0.0,0.0,0.0,0.0,0.0,-3.4658630644782327,0.0,0.0,0.0,0.0,0.0,0.0,-3.5513387435530364,0.0,0.0,0.0,0.0,0.0,0.0,-0.0213667957636647,0.0681211389190599,0.0,0.0,0.0,0.0,0.0,0.0,2.0,0.0,20.3964980018534,18.990421800155616,1.0,0.0,0.0,0.0,1.0,0.0,0.0,0.0,-0.3941370328758693,0.0,0.0,0.0,0.0,0.0,0.0,-2.220642489740749,0.0,0.0,0.0,0.0,0.0,0.0,-6.018456340713067,0.0,0.0,0.0,0.0,0.0,0.0,-4.130239132219218,0.0,0.0,0.0,0.0,0.0,0.0,-1.105022692568903,0.1145056868175324,0.0,0.0,1.0,0.0,0.0,0.0,1.0,0.0,10.381776613893978,16.016635570216035,0.0,0.0,1.0,2.0,0.0,0.0,0.0,0.0,-1.5652969471189406,0.0,0.0,0.0,0.0,0.0,0.0,-3.831895091289165,0.0,0.0,0.0,0.0,0.0,0.0,-3.604179965306792,0.0,0.0,0.0,0.0,0.0,0.0,-7.149527204490656,0.0,0.0,0.0,0.0,0.0,0.0,0.0368226536811343,-0.4855974101046828,1.0,1.0,0.0,0.0,0.0,0.0,0.0,3.0,47.27749498688875,64.77968018921278,0.0,0.0,0.0,0.0,0.0,0.0,0.0,0.0,-4.348719019248538,0.0,0.0,0.0,0.0,0.0,0.0,-4.713765223966062,0.0,0.0,0.0,0.0,0.0,0.0,-6.634236070005087,0.0,0.0,0.0,0.0,0.0,0.0,,0.0,0.0,0.0,0.0,0.0,0.0,-0.5011678644182891,0.839216670807136,0.0,0.0,1.0,0.0,0.0,0.0,1.0,0.0,35.09557819953041,24.53275426503517,1.0,0.0,0.0,0.0,0.0,0.0,0.0,0.0,4.452439875132476,1.0,0.0,1.0,0.0,1.0,0.0,0.5853152571523204,1.0,0.0,1.0,0.0,1.0,0.0,,0.0,0.0,0.0,0.0,0.0,0.0,,0.0,0.0,0.0,0.0,0.0,0.0,-1.160693103491126,-0.6508807822790248,0.0,0.0,0.0,0.0,0.0,0.0,0.0,2.0,,,0.0,0.0,0.0,0.0,0.0,0.0,0.0,0.0,-7.570554118896297,0.0,0.0,0.0,0.0,0.0,1.0,-9.491047498320066,0.0,0.0,0.0,0.0,0.0,0.0,,0.0,0.0,0.0,0.0,0.0,0.0,,0.0,0.0,0.0,0.0,0.0,0.0
50,LONG,-1.339,30,0.5,105.29,103.88,2024-08-02 12:20:00+00:00,2024-08-02 12:50:00+00:00,0.2214327650698808,0.0301135067053365,1,1,0,0,0,0,4,0,85.78431127391809,74.9630327441155,1,1,0,1,0,0,0,0,0.5902444221435287,1,0,0,0,0,0,0.6331444867810915,1,0,0,0,0,0,-0.2322931816782202,0,1,0,0,0,0,-1.116241332761937,0,0,0,0,0,0,-0.2566258520668767,-0.0034966651847373,0.0,0.0,0.0,0.0,0.0,0.0,0.0,4.0,14.35161225615576,12.308392757984484,1.0,0.0,1.0,3.0,1.0,0.0,0.0,0.0,-0.7970772611301067,0.0,0.0,0.0,0.0,0.0,1.0,-1.6127371448453158,0.0,0.0,0.0,0.0,0.0,0.0,-2.33866969563823,0.0,0.0,0.0,0.0,0.0,0.0,-6.418402533659712,0.0,0.0,0.0,0.0,0.0,0.0,0.033150789722546,-0.0576615868190137,1.0,1.0,0.0,1.0,0.0,0.0,0.0,1.0,15.693301540822906,18.326865351886603,0.0,0.0,1.0,1.0,0.0,0.0,0.0,0.0,-0.9666061982119832,0.0,0.0,0.0,1.0,0.0,1.0,-1.8191756804353112,0.0,0.0,0.0,0.0,0.0,0.0,-3.505826031048071,0.0,0.0,0.0,0.0,0.0,0.0,-6.958749359881838,0.0,0.0,0.0,0.0,0.0,0.0,0.010826902730125,-0.0435328085785915,1.0,1.0,0.0,1.0,0.0,0.0,0.0,1.0,9.70416338927864,13.74714059626836,0.0,0.0,1.0,9.0,0.0,0.0,0.0,0.0,-1.4222586873471317,0.0,0.0,0.0,0.0,0.0,1.0,-3.306806640494476,0.0,0.0,0.0,0.0,0.0,0.0,-8.089522047444587,0.0,0.0,0.0,0.0,0.0,0.0,-7.484183549152303,0.0,0.0,0.0,0.0,0.0,0.0,-0.8714121592628934,0.1165863584447646,0.0,0.0,0.0,0.0,0.0,0.0,5.0,0.0,4.146171937639501,3.6906894938340304,1.0,0.0,1.0,6.0,1.0,0.0,0.0,0.0,-1.5668376296947812,0.0,0.0,0.0,0.0,0.0,0.0,-4.369226700958765,0.0,0.0,0.0,0.0,0.0,0.0,-5.6112103010169605,0.0,0.0,0.0,0.0,0.0,0.0,-9.220230455062667,0.0,0.0,0.0,0.0,0.0,0.0,-0.3988363660764269,-0.4356590197575612,0.0,0.0,0.0,0.0,0.0,1.0,0.0,4.0,36.557149467838926,49.71463828474469,0.0,0.0,0.0,0.0,0.0,0.0,0.0,0.0,-4.902171356738024,0.0,0.0,0.0,0.0,0.0,0.0,-6.011976778969494,0.0,0.0,0.0,0.0,0.0,0.0,-8.237578148052355,0.0,0.0,0.0,0.0,0.0,0.0,,0.0,0.0,0.0,0.0,0.0,0.0,-0.5011678644182891,0.839216670807136,0.0,0.0,1.0,0.0,0.0,0.0,1.0,0.0,35.09557819953041,24.53275426503517,1.0,0.0,0.0,0.0,0.0,0.0,0.0,0.0,4.452439875132476,1.0,0.0,1.0,0.0,1.0,0.0,0.5853152571523204,1.0,0.0,1.0,0.0,1.0,0.0,,0.0,0.0,0.0,0.0,0.0,0.0,,0.0,0.0,0.0,0.0,0.0,0.0,-1.160693103491126,-0.6508807822790248,0.0,0.0,0.0,0.0,0.0,0.0,0.0,2.0,,,0.0,0.0,0.0,0.0,0.0,0.0,0.0,0.0,-7.570554118896297,0.0,0.0,0.0,0.0,0.0,1.0,-9.491047498320066,0.0,0.0,0.0,0.0,0.0,0.0,,0.0,0.0,0.0,0.0,0.0,0.0,,0.0,0.0,0.0,0.0,0.0,0.0
51,LONG,-2.055,60,1.0,104.14,102.0,2024-08-02 13:10:00+00:00,2024-08-02 14:10:00+00:00,-0.1780729491505637,-0.0041776343368617,0,0,0,1,0,0,0,1,12.768993658733123,13.366559796187929,0,0,1,6,0,0,0,0,-0.6655388399714585,0,0,0,0,0,0,-1.4087986623147568,0,0,0,0,0,0,-2.235009286619796,0,0,0,0,0,0,-2.434884755129351,0,0,0,0,0,0,-0.0600653318651096,-0.1298833586309684,0.0,0.0,0.0,0.0,0.0,1.0,0.0,4.0,20.191880238555925,36.83878706343029,0.0,0.0,0.0,0.0,0.0,0.0,0.0,0.0,-1.3796877615543526,0.0,0.0,0.0,0.0,0.0,1.0,-1.5434624212524015,0.0,0.0,0.0,0.0,0.0,1.0,-1.9641330858449315,0.0,0.0,0.0,0.0,0.0,0.0,-5.315975693662419,0.0,0.0,0.0,0.0,0.0,0.0,0.2049774273285272,0.1907326378403524,1.0,1.0,1.0,0.0,0.0,0.0,1.0,0.0,56.8021592150792,46.26431066492643,1.0,0.0,0.0,0.0,0.0,0.0,0.0,0.0,1.7455364861530809,1.0,0.0,1.0,0.0,1.0,0.0,1.200341958778242,1.0,0.0,1.0,0.0,1.0,0.0,-0.418279178711489,0.0,0.0,0.0,0.0,0.0,1.0,-4.413752994836852,0.0,0.0,0.0,0.0,0.0,0.0,-0.0015833754835625,-0.0006999919549315,0.0,0.0,0.0,1.0,0.0,0.0,0.0,1.0,20.749027925061863,12.62100104756533,1.0,0.0,0.0,0.0,0.0,0.0,0.0,0.0,-1.059059077335557,0.0,0.0,0.0,0.0,0.0,1.0,-2.981872326036421,0.0,0.0,0.0,0.0,0.0,0.0,-7.843138163858729,0.0,0.0,0.0,0.0,0.0,0.0,-7.893907053048191,0.0,0.0,0.0,0.0,0.0,0.0,-0.7568913979792713,0.0741515805780532,0.0,0.0,0.0,0.0,0.0,0.0,7.0,0.0,9.111208536356688,5.629941163575111,1.0,0.0,1.0,8.0,0.0,0.0,0.0,0.0,-1.918891928822246,0.0,0.0,0.0,0.0,0.0,1.0,-4.894254583263467,0.0,0.0,0.0,0.0,0.0,0.0,-6.875405391796583,0.0,0.0,0.0,0.0,0.0,0.0,-10.509434041816048,0.0,0.0,0.0,0.0,0.0,0.0,-0.3988363660764269,-0.4356590197575612,0.0,0.0,0.0,0.0,0.0,1.0,0.0,4.0,36.557149467838926,49.71463828474469,0.0,0.0,0.0,0.0,0.0,0.0,0.0,0.0,-4.902171356738024,0.0,0.0,0.0,0.0,0.0,0.0,-6.011976778969494,0.0,0.0,0.0,0.0,0.0,0.0,-8.237578148052355,0.0,0.0,0.0,0.0,0.0,0.0,,0.0,0.0,0.0,0.0,0.0,0.0,-0.5011678644182891,0.839216670807136,0.0,0.0,1.0,0.0,0.0,0.0,1.0,0.0,35.09557819953041,24.53275426503517,1.0,0.0,0.0,0.0,0.0,0.0,0.0,0.0,4.452439875132476,1.0,0.0,1.0,0.0,1.0,0.0,0.5853152571523204,1.0,0.0,1.0,0.0,1.0,0.0,,0.0,0.0,0.0,0.0,0.0,0.0,,0.0,0.0,0.0,0.0,0.0,0.0,-1.160693103491126,-0.6508807822790248,0.0,0.0,0.0,0.0,0.0,0.0,0.0,2.0,,,0.0,0.0,0.0,0.0,0.0,0.0,0.0,0.0,-7.570554118896297,0.0,0.0,0.0,0.0,0.0,1.0,-9.491047498320066,0.0,0.0,0.0,0.0,0.0,0.0,,0.0,0.0,0.0,0.0,0.0,0.0,,0.0,0.0,0.0,0.0,0.0,0.0
52,LONG,1.687,105,1.8,105.14,106.9132,2024-08-02 14:50:00+00:00,2024-08-02 16:35:00+00:00,-0.0554946911612296,-0.0039222741905325,0,0,0,1,0,0,0,1,33.42528735632226,30.21533162500593,1,0,0,0,0,0,0,0,-0.1255460316513538,0,1,0,1,0,1,-0.1673252012144325,0,1,0,0,0,1,-0.2171488352149852,0,1,0,0,0,1,1.6403347315044516,1,0,0,0,0,0,-0.0163484283017336,-0.0328749340710758,0.0,0.0,0.0,1.0,0.0,1.0,0.0,1.0,66.86413902053725,62.052317917031765,1.0,0.0,0.0,0.0,0.0,0.0,0.0,0.0,0.028360895715903,1.0,1.0,0.0,0.0,1.0,0.0,0.6896333825792798,1.0,0.0,0.0,0.0,0.0,0.0,2.15270041839067,1.0,0.0,0.0,0.0,0.0,0.0,0.0773110192216097,1.0,1.0,0.0,0.0,1.0,0.0,0.5369162252499529,-0.0537629276442677,1.0,1.0,0.0,1.0,0.0,0.0,0.0,1.0,85.21541950113382,84.55116837382047,1.0,1.0,0.0,3.0,0.0,0.0,0.0,0.0,0.4896215985226068,1.0,0.0,0.0,0.0,1.0,0.0,1.1242076633566356,1.0,0.0,0.0,0.0,0.0,0.0,0.3666186273479474,1.0,0.0,0.0,0.0,1.0,0.0,-4.0393430055058674,0.0,0.0,0.0,0.0,0.0,0.0,0.5342798448416879,0.2036497866615478,1.0,1.0,0.0,0.0,0.0,0.0,2.0,0.0,65.55608453277996,53.58605413986618,1.0,0.0,0.0,0.0,0.0,0.0,0.0,0.0,2.147707991917497,1.0,0.0,0.0,0.0,0.0,0.0,1.378938460662844,1.0,0.0,0.0,0.0,1.0,0.0,-2.755481397894018,0.0,0.0,0.0,0.0,0.0,0.0,-4.026130166725131,0.0,0.0,0.0,0.0,0.0,0.0,-0.5553878158098247,0.0941276938771737,0.0,0.0,0.0,0.0,0.0,0.0,9.0,0.0,21.104131686776725,15.02713271882161,1.0,0.0,0.0,0.0,0.0,0.0,0.0,0.0,-1.4535887574284831,0.0,0.0,0.0,0.0,0.0,1.0,-4.3962129687020255,0.0,0.0,0.0,0.0,0.0,0.0,-7.144121961348603,0.0,0.0,0.0,0.0,0.0,0.0,-10.718031416155451,0.0,0.0,0.0,0.0,0.0,0.0,-0.7740362378773878,-0.3751998718009609,0.0,0.0,0.0,0.0,0.0,0.0,0.0,5.0,27.803177541261714,37.21260733199646,0.0,0.0,0.0,0.0,0.0,0.0,0.0,0.0,-5.305299985211719,0.0,0.0,0.0,0.0,0.0,0.0,-7.148787370613683,0.0,0.0,0.0,0.0,0.0,0.0,-9.723393996365337,0.0,0.0,0.0,0.0,0.0,0.0,,0.0,0.0,0.0,0.0,0.0,0.0,-0.5011678644182891,0.839216670807136,0.0,0.0,1.0,0.0,0.0,0.0,1.0,0.0,35.09557819953041,24.53275426503517,1.0,0.0,0.0,0.0,0.0,0.0,0.0,0.0,4.452439875132476,1.0,0.0,1.0,0.0,1.0,0.0,0.5853152571523204,1.0,0.0,1.0,0.0,1.0,0.0,,0.0,0.0,0.0,0.0,0.0,0.0,,0.0,0.0,0.0,0.0,0.0,0.0,-1.160693103491126,-0.6508807822790248,0.0,0.0,0.0,0.0,0.0,0.0,0.0,2.0,,,0.0,0.0,0.0,0.0,0.0,0.0,0.0,0.0,-7.570554118896297,0.0,0.0,0.0,0.0,0.0,1.0,-9.491047498320066,0.0,0.0,0.0,0.0,0.0,0.0,,0.0,0.0,0.0,0.0,0.0,0.0,,0.0,0.0,0.0,0.0,0.0,0.0
53,LONG,1.924,155,2.6,105.0689,107.09,2024-08-02 18:15:00+00:00,2024-08-02 20:50:00+00:00,-0.0136381084051344,0.0057522360641973,0,0,0,0,0,0,3,0,48.356550632580245,46.19678421488623,1,0,0,0,0,0,1,0,-0.007307523553259,0,1,0,0,0,1,-0.0908353088925289,0,1,0,0,0,0,-0.2508882505177544,0,1,0,0,0,0,0.8795663864838722,1,0,0,0,0,0,0.0143410540058192,-0.0312070399933389,1.0,1.0,0.0,0.0,0.0,0.0,0.0,5.0,85.5721393034827,90.07739082365958,0.0,1.0,0.0,9.0,0.0,0.0,0.0,0.0,-0.0671422560033422,0.0,1.0,0.0,0.0,0.0,1.0,0.3055770672353102,1.0,0.0,0.0,0.0,0.0,0.0,1.0108608876161531,1.0,0.0,0.0,0.0,0.0,0.0,0.9241301885864152,1.0,0.0,0.0,0.0,0.0,0.0,0.2007519907135614,0.0402958934309247,1.0,1.0,0.0,0.0,0.0,0.0,6.0,0.0,91.82518554767164,76.27109440494478,1.0,1.0,0.0,1.0,0.0,0.0,0.0,0.0,0.887228211005042,1.0,0.0,0.0,0.0,0.0,0.0,1.4220932586309898,1.0,0.0,0.0,0.0,0.0,0.0,2.13378313303116,1.0,0.0,0.0,0.0,0.0,0.0,-3.198879210784689,0.0,0.0,0.0,0.0,0.0,0.0,0.4714460881694222,0.0534131455398547,1.0,1.0,0.0,0.0,0.0,0.0,2.0,0.0,67.73650793650792,63.64973544973541,1.0,0.0,0.0,0.0,0.0,0.0,0.0,0.0,1.0812561679287858,1.0,0.0,0.0,0.0,1.0,0.0,1.1018964506267013,1.0,0.0,0.0,0.0,1.0,0.0,-1.2362249402454109,0.0,0.0,0.0,0.0,0.0,0.0,-3.959438560160207,0.0,0.0,0.0,0.0,0.0,0.0,0.1380873115275931,0.078300469437726,1.0,1.0,0.0,0.0,0.0,0.0,13.0,0.0,44.41675657127336,44.42646785702865,0.0,0.0,0.0,0.0,0.0,0.0,0.0,1.0,-0.0929663703768673,0.0,1.0,0.0,1.0,0.0,1.0,-1.9236550177320184,0.0,0.0,0.0,0.0,0.0,0.0,-5.502503417027324,0.0,0.0,0.0,0.0,0.0,0.0,-8.82179973438932,0.0,0.0,0.0,0.0,0.0,0.0,-0.7325042601572862,0.0415319777201016,0.0,0.0,1.0,0.0,0.0,0.0,1.0,0.0,26.939379916705203,30.433235641935276,0.0,0.0,0.0,0.0,0.0,0.0,0.0,0.0,-1.6008664008025877,0.0,0.0,0.0,0.0,0.0,0.0,-3.6091314067257354,0.0,0.0,0.0,0.0,0.0,0.0,-6.421050902214527,0.0,0.0,0.0,0.0,0.0,0.0,,0.0,0.0,0.0,0.0,0.0,0.0,-0.5011678644182891,0.839216670807136,0.0,0.0,1.0,0.0,0.0,0.0,1.0,0.0,35.09557819953041,24.53275426503517,1.0,0.0,0.0,0.0,0.0,0.0,0.0,0.0,4.452439875132476,1.0,0.0,1.0,0.0,1.0,0.0,0.5853152571523204,1.0,0.0,1.0,0.0,1.0,0.0,,0.0,0.0,0.0,0.0,0.0,0.0,,0.0,0.0,0.0,0.0,0.0,0.0,-1.160693103491126,-0.6508807822790248,0.0,0.0,0.0,0.0,0.0,0.0,0.0,2.0,,,0.0,0.0,0.0,0.0,0.0,0.0,0.0,0.0,-7.570554118896297,0.0,0.0,0.0,0.0,0.0,1.0,-9.491047498320066,0.0,0.0,0.0,0.0,0.0,0.0,,0.0,0.0,0.0,0.0,0.0,0.0,,0.0,0.0,0.0,0.0,0.0,0.0
54,SHORT,-8.725,75,1.2,106.71,97.4,2024-08-02 23:40:00+00:00,2024-08-05 08:55:00+00:00,-0.090611788335242,0.0012429855209151,0,0,1,0,0,0,1,0,1.31902096198119,1.321584885250024,0,0,1,16,0,0,0,0,-0.5114712136190275,0,0,0,0,0,0,-1.247820481983792,0,0,0,0,0,0,-2.2361228492448912,0,0,0,0,0,0,-7.031201144997606,0,0,0,0,0,0,-0.3840582773781553,0.0230584126677719,0.0,0.0,0.0,0.0,0.0,0.0,7.0,0.0,17.835885286418385,24.64927190411206,0.0,0.0,1.0,1.0,0.0,0.0,0.0,0.0,-1.5167260567272178,0.0,0.0,0.0,0.0,0.0,0.0,-3.748561314576896,0.0,0.0,0.0,0.0,0.0,0.0,-6.690841475692011,0.0,0.0,0.0,0.0,0.0,0.0,-6.812362184168127,0.0,0.0,0.0,0.0,0.0,0.0,-0.8367838749758534,-0.022415792984922,0.0,0.0,0.0,0.0,0.0,0.0,0.0,17.0,24.443622859771903,16.757167417661638,1.0,0.0,0.0,0.0,1.0,0.0,0.0,0.0,-2.202128921628082,0.0,0.0,0.0,0.0,0.0,0.0,-3.891574981243015,0.0,0.0,0.0,0.0,0.0,0.0,-4.425025597698037,0.0,0.0,0.0,0.0,0.0,0.0,-9.25908386414482,0.0,0.0,0.0,0.0,0.0,0.0,-0.3894334575974087,-0.5915896167931748,0.0,0.0,0.0,0.0,0.0,1.0,0.0,8.0,52.37940969600759,65.5088793455759,0.0,0.0,0.0,0.0,0.0,0.0,0.0,1.0,-6.498699329767704,0.0,0.0,0.0,0.0,0.0,0.0,-7.337916642564679,0.0,0.0,0.0,1.0,0.0,0.0,-8.098655905331848,0.0,0.0,0.0,0.0,0.0,0.0,-12.030747264556808,0.0,0.0,0.0,0.0,0.0,0.0,0.4937152469015362,-6.258257379831988e-05,1.0,1.0,0.0,1.0,0.0,0.0,0.0,1.0,73.74149659863947,75.63099017384737,0.0,0.0,0.0,0.0,0.0,0.0,0.0,0.0,0.2323011512729798,1.0,1.0,0.0,0.0,0.0,0.0,-0.4878038672789128,0.0,0.0,0.0,0.0,0.0,0.0,-4.200502343735195,0.0,0.0,0.0,0.0,0.0,0.0,-7.386709532050887,0.0,0.0,0.0,0.0,0.0,0.0,-0.6279239064833346,0.0477546383107962,0.0,0.0,0.0,0.0,0.0,0.0,3.0,0.0,30.14980787358391,28.17207087355405,1.0,0.0,0.0,0.0,0.0,0.0,0.0,0.0,-1.5148825672711903,0.0,0.0,0.0,0.0,0.0,0.0,-3.648760180056497,0.0,0.0,0.0,0.0,0.0,0.0,-6.764859788343553,0.0,0.0,0.0,0.0,0.0,0.0,,0.0,0.0,0.0,0.0,0.0,0.0,-0.7582182383394156,-0.2570503739211265,0.0,0.0,0.0,1.0,0.0,0.0,0.0,1.0,38.85579067679591,31.342374869600786,1.0,0.0,0.0,0.0,0.0,0.0,0.0,0.0,-5.473870088175173,0.0,0.0,0.0,1.0,0.0,1.0,-9.521803555677376,0.0,0.0,0.0,1.0,0.0,1.0,,0.0,0.0,0.0,0.0,0.0,0.0,,0.0,0.0,0.0,0.0,0.0,0.0,-1.9057469201223616,-0.7450538166312357,0.0,0.0,0.0,0.0,0.0,0.0,0.0,3.0,,,0.0,0.0,0.0,0.0,0.0,0.0,0.0,0.0,-10.18819241606795,0.0,0.0,0.0,0.0,0.0,1.0,-13.397022650309824,0.0,0.0,0.0,0.0,0.0,0.0,,0.0,0.0,0.0,0.0,0.0,0.0,,0.0,0.0,0.0,0.0,0.0,0.0
55,LONG,-2.381,130,2.2,97.0,94.69,2024-08-05 09:35:00+00:00,2024-08-05 11:45:00+00:00,0.0063107925381699,0.0647039665672623,1,1,0,0,1,0,6,0,33.08800925623376,20.15531216274892,1,0,0,0,0,0,0,0,0.3558893715772161,1,0,0,0,1,0,-0.2460405239686033,0,1,0,0,0,0,-1.472142910655867,0,0,0,0,0,0,-2.57493750813462,0,0,0,0,0,0,-0.0982534278226269,-0.1001315654034833,0.0,0.0,0.0,0.0,0.0,1.0,0.0,4.0,8.544430877764349,12.016720933387695,0.0,0.0,1.0,3.0,0.0,0.0,0.0,0.0,-1.6343442009978468,0.0,0.0,0.0,0.0,0.0,0.0,-2.4962549186521272,0.0,0.0,0.0,0.0,0.0,0.0,-4.27405284527248,0.0,0.0,0.0,0.0,0.0,0.0,-9.302084010739197,0.0,0.0,0.0,0.0,0.0,0.0,-0.1626325904523868,0.0024914857533064,0.0,0.0,0.0,0.0,0.0,0.0,10.0,0.0,10.016720355990383,11.4502638519077,0.0,0.0,1.0,10.0,0.0,0.0,0.0,0.0,-1.531209621268228,0.0,0.0,0.0,0.0,0.0,0.0,-3.935657607692328,0.0,0.0,0.0,0.0,0.0,0.0,-7.928838876122445,0.0,0.0,0.0,0.0,0.0,0.0,-13.359340775702872,0.0,0.0,0.0,0.0,0.0,0.0,-0.8492296962741535,0.1280569781286658,0.0,0.0,0.0,0.0,0.0,0.0,2.0,0.0,11.966258151656048,10.071320325669914,1.0,0.0,1.0,5.0,1.0,0.0,0.0,0.0,-1.4938710893891618,0.0,0.0,0.0,0.0,0.0,0.0,-4.405507175420086,0.0,0.0,0.0,0.0,0.0,0.0,-7.054419466406861,0.0,0.0,0.0,0.0,0.0,0.0,-11.792211552496696,0.0,0.0,0.0,0.0,0.0,0.0,-0.6216817629375608,-0.2005363541830278,0.0,0.0,0.0,0.0,0.0,0.0,0.0,4.0,7.890268942370916,28.838551839615715,0.0,0.0,1.0,1.0,0.0,0.0,0.0,0.0,-4.291541594457897,0.0,0.0,0.0,0.0,0.0,0.0,-7.072456921416369,0.0,0.0,0.0,0.0,0.0,0.0,-11.955967686295526,0.0,0.0,0.0,0.0,0.0,0.0,-15.167321014242177,0.0,0.0,0.0,0.0,0.0,0.0,-0.6279239064833346,0.0477546383107962,0.0,0.0,0.0,0.0,0.0,0.0,3.0,0.0,30.14980787358391,28.17207087355405,1.0,0.0,0.0,0.0,0.0,0.0,0.0,0.0,-1.5148825672711903,0.0,0.0,0.0,0.0,0.0,0.0,-3.648760180056497,0.0,0.0,0.0,0.0,0.0,0.0,-6.764859788343553,0.0,0.0,0.0,0.0,0.0,0.0,,0.0,0.0,0.0,0.0,0.0,0.0,-0.7582182383394156,-0.2570503739211265,0.0,0.0,0.0,1.0,0.0,0.0,0.0,1.0,38.85579067679591,31.342374869600786,1.0,0.0,0.0,0.0,0.0,0.0,0.0,0.0,-5.473870088175173,0.0,0.0,0.0,1.0,0.0,1.0,-9.521803555677376,0.0,0.0,0.0,1.0,0.0,1.0,,0.0,0.0,0.0,0.0,0.0,0.0,,0.0,0.0,0.0,0.0,0.0,0.0,-1.9057469201223616,-0.7450538166312357,0.0,0.0,0.0,0.0,0.0,0.0,0.0,3.0,,,0.0,0.0,0.0,0.0,0.0,0.0,0.0,0.0,-10.18819241606795,0.0,0.0,0.0,0.0,0.0,1.0,-13.397022650309824,0.0,0.0,0.0,0.0,0.0,0.0,,0.0,0.0,0.0,0.0,0.0,0.0,,0.0,0.0,0.0,0.0,0.0,0.0
56,LONG,8.23,125,2.1,92.47,100.08,2024-08-05 12:50:00+00:00,2024-08-05 14:55:00+00:00,0.1010292313091001,-0.0118354523810499,1,1,0,1,0,0,0,1,78.66123868286583,79.6255528907954,0,0,0,0,0,1,0,0,0.1352489329474018,1,1,0,0,1,0,0.3582157122896451,1,0,0,0,0,0,0.5120672028019992,1,0,0,0,0,0,4.578414348601516,1,0,0,0,0,0,-0.0056335556225666,-0.0894504378175078,0.0,0.0,0.0,0.0,0.0,1.0,0.0,9.0,73.23575348437262,75.17757909257033,0.0,0.0,0.0,0.0,0.0,0.0,0.0,0.0,-0.2296952529187275,0.0,1.0,0.0,0.0,0.0,1.0,1.0256269165953842,1.0,0.0,0.0,0.0,0.0,0.0,3.36260243219502,1.0,0.0,0.0,0.0,0.0,0.0,-3.1390470374427624,0.0,0.0,0.0,0.0,0.0,0.0,1.010339485026723,0.0276117122085033,1.0,1.0,0.0,0.0,0.0,0.0,4.0,0.0,81.01290868471953,72.24319880045441,1.0,1.0,0.0,1.0,0.0,0.0,0.0,0.0,1.6795635006378289,1.0,0.0,0.0,0.0,1.0,0.0,1.780135903549347,1.0,0.0,0.0,0.0,1.0,0.0,-2.343394332880796,0.0,0.0,0.0,0.0,0.0,1.0,-9.686179859487124,0.0,0.0,0.0,0.0,0.0,0.0,-0.1706383129424225,0.6732460429553608,0.0,0.0,0.0,0.0,0.0,0.0,3.0,0.0,26.6656086879742,14.623331628428614,1.0,0.0,0.0,0.0,0.0,0.0,0.0,0.0,4.990796950278957,1.0,0.0,1.0,0.0,1.0,0.0,1.9107068810387977,1.0,0.0,1.0,0.0,1.0,0.0,-2.434976796084819,0.0,0.0,0.0,0.0,0.0,0.0,-8.452763999217161,0.0,0.0,0.0,0.0,0.0,0.0,-1.0196902850745349,-0.1015130465071676,0.0,0.0,0.0,0.0,0.0,0.0,0.0,7.0,10.898624713840473,10.896197905660443,1.0,0.0,1.0,4.0,0.0,0.0,0.0,0.0,-4.741832990640392,0.0,0.0,0.0,0.0,0.0,1.0,-8.819440144637403,0.0,0.0,0.0,0.0,0.0,0.0,-14.88129382621761,0.0,0.0,0.0,0.0,0.0,0.0,-18.49501014403159,0.0,0.0,0.0,0.0,0.0,0.0,-1.1096001034182583,-0.4816761969349237,0.0,0.0,0.0,1.0,0.0,0.0,0.0,1.0,19.26635380722338,25.61439550372678,0.0,0.0,1.0,1.0,0.0,0.0,0.0,0.0,-7.605466342600166,0.0,0.0,0.0,0.0,0.0,0.0,-10.592690431442852,0.0,0.0,0.0,0.0,0.0,0.0,-14.071122069634548,0.0,0.0,0.0,0.0,0.0,0.0,,0.0,0.0,0.0,0.0,0.0,0.0,-0.7582182383394156,-0.2570503739211265,0.0,0.0,0.0,1.0,0.0,0.0,0.0,1.0,38.85579067679591,31.342374869600786,1.0,0.0,0.0,0.0,0.0,0.0,0.0,0.0,-5.473870088175173,0.0,0.0,0.0,1.0,0.0,1.0,-9.521803555677376,0.0,0.0,0.0,1.0,0.0,1.0,,0.0,0.0,0.0,0.0,0.0,0.0,,0.0,0.0,0.0,0.0,0.0,0.0,-1.9057469201223616,-0.7450538166312357,0.0,0.0,0.0,0.0,0.0,0.0,0.0,3.0,,,0.0,0.0,0.0,0.0,0.0,0.0,0.0,0.0,-10.18819241606795,0.0,0.0,0.0,0.0,0.0,1.0,-13.397022650309824,0.0,0.0,0.0,0.0,0.0,0.0,,0.0,0.0,0.0,0.0,0.0,0.0,,0.0,0.0,0.0,0.0,0.0,0.0
57,LONG,-1.323,30,0.5,101.9999,100.6501,2024-08-05 15:20:00+00:00,2024-08-05 15:50:00+00:00,-0.0640422761447411,-0.0357921401410386,0,0,0,0,0,0,0,2,32.88170672342883,48.29174687795774,0,0,0,0,0,0,0,0,-0.4584534541133568,0,0,0,0,0,1,-0.5173303353528409,0,0,0,0,0,0,-0.3907469677103177,0,0,0,1,0,1,2.8941977585055545,1,0,0,0,0,0,-0.0694860063809301,-0.0339994115556721,0.0,0.0,0.0,1.0,0.0,0.0,0.0,1.0,79.98648228479833,84.85615576297515,0.0,0.0,0.0,0.0,0.0,0.0,0.0,0.0,0.1278049551452419,1.0,1.0,0.0,0.0,1.0,0.0,1.1774267530595286,1.0,0.0,0.0,0.0,0.0,0.0,4.514547606854711,1.0,0.0,0.0,0.0,0.0,0.0,-0.9581984629043452,0.0,0.0,0.0,0.0,0.0,0.0,1.0192615949415107,-0.0436588070118408,1.0,1.0,0.0,1.0,0.0,0.0,0.0,1.0,84.33247716894977,78.82353500761036,1.0,1.0,0.0,1.0,0.0,0.0,0.0,0.0,1.5060398206257688,1.0,0.0,0.0,0.0,0.0,0.0,2.643349345799016,1.0,0.0,0.0,0.0,0.0,0.0,-0.0715924729562235,0.0,1.0,0.0,1.0,0.0,1.0,-7.769536350210712,0.0,0.0,0.0,0.0,0.0,0.0,0.4032841499989859,0.2514273773274693,1.0,1.0,0.0,0.0,0.0,0.0,5.0,0.0,69.49523940794775,47.32023279759712,1.0,0.0,0.0,0.0,0.0,0.0,0.0,0.0,2.091408462526726,1.0,0.0,0.0,0.0,0.0,0.0,0.3038430800038883,1.0,0.0,1.0,0.0,1.0,0.0,-3.6444406186569775,0.0,0.0,0.0,0.0,0.0,0.0,-9.753055806699251,0.0,0.0,0.0,0.0,0.0,0.0,-0.5185496807822143,0.5011406042923205,0.0,0.0,1.0,0.0,0.0,0.0,1.0,0.0,26.22723179153137,15.939674683124345,1.0,0.0,0.0,0.0,0.0,0.0,0.0,0.0,2.3517491105575057,1.0,0.0,1.0,0.0,1.0,0.0,-1.2440550337141432,0.0,0.0,0.0,0.0,0.0,0.0,-7.6905947429711325,0.0,0.0,0.0,0.0,0.0,0.0,-11.760476794023417,0.0,0.0,0.0,0.0,0.0,0.0,-1.1096001034182583,-0.4816761969349237,0.0,0.0,0.0,1.0,0.0,0.0,0.0,1.0,19.26635380722338,25.61439550372678,0.0,0.0,1.0,1.0,0.0,0.0,0.0,0.0,-7.605466342600166,0.0,0.0,0.0,0.0,0.0,0.0,-10.592690431442852,0.0,0.0,0.0,0.0,0.0,0.0,-14.071122069634548,0.0,0.0,0.0,0.0,0.0,0.0,,0.0,0.0,0.0,0.0,0.0,0.0,-0.7582182383394156,-0.2570503739211265,0.0,0.0,0.0,1.0,0.0,0.0,0.0,1.0,38.85579067679591,31.342374869600786,1.0,0.0,0.0,0.0,0.0,0.0,0.0,0.0,-5.473870088175173,0.0,0.0,0.0,1.0,0.0,1.0,-9.521803555677376,0.0,0.0,0.0,1.0,0.0,1.0,,0.0,0.0,0.0,0.0,0.0,0.0,,0.0,0.0,0.0,0.0,0.0,0.0,-1.9057469201223616,-0.7450538166312357,0.0,0.0,0.0,0.0,0.0,0.0,0.0,3.0,,,0.0,0.0,0.0,0.0,0.0,0.0,0.0,0.0,-10.18819241606795,0.0,0.0,0.0,0.0,0.0,1.0,-13.397022650309824,0.0,0.0,0.0,0.0,0.0,0.0,,0.0,0.0,0.0,0.0,0.0,0.0,,0.0,0.0,0.0,0.0,0.0,0.0
58,LONG,-1.618,30,0.5,102.02,100.3692,2024-08-05 16:35:00+00:00,2024-08-05 17:05:00+00:00,0.0323769215790918,0.0169506583517197,1,1,0,0,0,0,9,0,23.17866666666644,19.281777777777496,1,0,0,0,0,0,0,0,0.0425928985311381,1,1,0,0,1,0,-0.2678715750420658,0,1,0,0,0,1,-1.1150200398112464,0,0,0,0,0,0,-0.2548966334308468,0,1,0,0,0,1,-0.3077705115409169,-0.0347994772205042,0.0,0.0,0.0,0.0,0.0,0.0,0.0,6.0,9.395149440211169,20.990396026705906,0.0,0.0,1.0,2.0,0.0,0.0,0.0,0.0,-0.6786254934309537,0.0,0.0,0.0,0.0,0.0,0.0,-0.5856430215434623,0.0,0.0,0.0,0.0,0.0,0.0,1.1237879705414904,1.0,0.0,0.0,0.0,0.0,0.0,-1.3118638715753017,0.0,0.0,0.0,0.0,0.0,0.0,0.699207059844152,-0.1210384552881072,1.0,1.0,0.0,1.0,0.0,0.0,0.0,1.0,90.59296114413716,90.20511688348984,1.0,1.0,0.0,6.0,0.0,0.0,0.0,0.0,0.5385604151059334,1.0,0.0,0.0,0.0,0.0,0.0,2.081656840565249,1.0,0.0,0.0,0.0,0.0,0.0,1.2452366270320936,1.0,0.0,0.0,0.0,0.0,0.0,-6.766752386550041,0.0,0.0,0.0,0.0,0.0,0.0,1.0024050931130593,0.2054275500969555,1.0,1.0,0.0,0.0,0.0,0.0,8.0,0.0,89.69590548806752,83.0374289222021,1.0,1.0,0.0,2.0,0.0,0.0,0.0,0.0,3.287694658863252,1.0,0.0,0.0,0.0,0.0,0.0,3.225681576847533,1.0,0.0,0.0,0.0,0.0,0.0,0.1196475018032231,1.0,1.0,1.0,0.0,1.0,0.0,-6.399620196884986,0.0,0.0,0.0,0.0,0.0,0.0,0.0448564268498765,0.2973832930789828,1.0,1.0,0.0,0.0,1.0,0.0,3.0,0.0,56.936498632278266,41.43294612870921,1.0,0.0,0.0,0.0,0.0,0.0,0.0,0.0,1.571565943504862,1.0,0.0,0.0,0.0,1.0,0.0,-1.037416412311708,0.0,0.0,0.0,0.0,0.0,1.0,-7.308042528348015,0.0,0.0,0.0,0.0,0.0,0.0,-11.731572362294177,0.0,0.0,0.0,0.0,0.0,0.0,-1.6170890116002732,-0.5074889081820149,0.0,0.0,0.0,0.0,0.0,0.0,0.0,2.0,10.726593911742455,20.04758519751657,0.0,0.0,1.0,2.0,0.0,0.0,0.0,0.0,-9.363830165032637,0.0,0.0,0.0,0.0,0.0,0.0,-13.432146287704835,0.0,0.0,0.0,0.0,0.0,0.0,-17.515914459906842,0.0,0.0,0.0,0.0,0.0,0.0,,0.0,0.0,0.0,0.0,0.0,0.0,-0.7582182383394156,-0.2570503739211265,0.0,0.0,0.0,1.0,0.0,0.0,0.0,1.0,38.85579067679591,31.342374869600786,1.0,0.0,0.0,0.0,0.0,0.0,0.0,0.0,-5.473870088175173,0.0,0.0,0.0,1.0,0.0,1.0,-9.521803555677376,0.0,0.0,0.0,1.0,0.0,1.0,,0.0,0.0,0.0,0.0,0.0,0.0,,0.0,0.0,0.0,0.0,0.0,0.0,-1.9057469201223616,-0.7450538166312357,0.0,0.0,0.0,0.0,0.0,0.0,0.0,3.0,,,0.0,0.0,0.0,0.0,0.0,0.0,0.0,0.0,-10.18819241606795,0.0,0.0,0.0,0.0,0.0,1.0,-13.397022650309824,0.0,0.0,0.0,0.0,0.0,0.0,,0.0,0.0,0.0,0.0,0.0,0.0,,0.0,0.0,0.0,0.0,0.0,0.0
59,LONG,2.255,80,1.3,99.79,102.0401,2024-08-05 19:40:00+00:00,2024-08-05 21:00:00+00:00,0.019067307764744,-0.0050852321221912,1,1,0,1,0,0,0,1,84.24848484848418,88.36575559516685,0,1,0,8,0,0,0,0,0.0610922472351997,1,1,0,0,0,0,0.2193684767048149,1,1,0,0,0,0,0.47526209700686,1,0,0,0,0,0,1.5066924816780205,1,0,0,0,0,0,0.148675822136455,-0.0145619000789455,1.0,1.0,0.0,0.0,0.0,0.0,0.0,5.0,96.69516420554812,94.85129461744918,1.0,1.0,0.0,10.0,0.0,0.0,0.0,0.0,0.3420714753489512,1.0,0.0,0.0,0.0,0.0,0.0,0.8874521474717744,1.0,0.0,0.0,0.0,0.0,0.0,1.2858251606287157,1.0,0.0,0.0,0.0,0.0,0.0,1.4375836693475206,1.0,0.0,0.0,0.0,0.0,0.0,0.0592953844806947,0.0555089996060252,1.0,1.0,0.0,0.0,0.0,0.0,4.0,0.0,80.88512241054634,63.9391023256214,1.0,1.0,0.0,1.0,0.0,0.0,0.0,0.0,0.854847882301963,1.0,0.0,0.0,0.0,0.0,0.0,1.3431902545965042,1.0,0.0,0.0,0.0,0.0,0.0,3.1806592384709176,1.0,0.0,0.0,0.0,0.0,0.0,-5.543020971701849,0.0,0.0,0.0,0.0,0.0,0.0,0.5031243855828889,0.0191192078816347,1.0,1.0,1.0,0.0,0.0,0.0,1.0,0.0,79.78354297693924,76.49877707896582,1.0,0.0,0.0,0.0,0.0,0.0,0.0,0.0,1.045135539994945,1.0,0.0,0.0,0.0,1.0,0.0,1.4261780530778825,1.0,0.0,0.0,0.0,0.0,0.0,-0.3998761254691553,0.0,0.0,0.0,0.0,0.0,0.0,-7.129803499637696,0.0,0.0,0.0,0.0,0.0,0.0,0.4917785180047147,0.0810960819047164,1.0,1.0,0.0,0.0,0.0,0.0,7.0,0.0,58.68955425178395,58.284970156628674,1.0,0.0,0.0,0.0,0.0,0.0,1.0,0.0,0.6601549255784546,1.0,0.0,1.0,0.0,1.0,0.0,-0.771582469086071,0.0,0.0,0.0,0.0,0.0,0.0,-6.340980807274973,0.0,0.0,0.0,0.0,0.0,0.0,-11.581697150151124,0.0,0.0,0.0,0.0,0.0,0.0,-1.3720909948663933,0.2449980167338799,0.0,0.0,1.0,0.0,0.0,0.0,1.0,0.0,12.831558128033327,14.274835282333049,0.0,0.0,1.0,3.0,0.0,0.0,0.0,0.0,-1.8719228181304093,0.0,0.0,0.0,0.0,0.0,0.0,-6.197372496049758,0.0,0.0,0.0,0.0,0.0,0.0,-10.851640690683642,0.0,0.0,0.0,0.0,0.0,0.0,,0.0,0.0,0.0,0.0,0.0,0.0,-0.7582182383394156,-0.2570503739211265,0.0,0.0,0.0,1.0,0.0,0.0,0.0,1.0,38.85579067679591,31.342374869600786,1.0,0.0,0.0,0.0,0.0,0.0,0.0,0.0,-5.473870088175173,0.0,0.0,0.0,1.0,0.0,1.0,-9.521803555677376,0.0,0.0,0.0,1.0,0.0,1.0,,0.0,0.0,0.0,0.0,0.0,0.0,,0.0,0.0,0.0,0.0,0.0,0.0,-1.9057469201223616,-0.7450538166312357,0.0,0.0,0.0,0.0,0.0,0.0,0.0,3.0,,,0.0,0.0,0.0,0.0,0.0,0.0,0.0,0.0,-10.18819241606795,0.0,0.0,0.0,0.0,0.0,1.0,-13.397022650309824,0.0,0.0,0.0,0.0,0.0,0.0,,0.0,0.0,0.0,0.0,0.0,0.0,,0.0,0.0,0.0,0.0,0.0,0.0
60,SHORT,1.179,35,0.6,101.75,102.95,2024-08-05 21:40:00+00:00,2024-08-05 22:15:00+00:00,0.0409378173842294,-0.0072547838878263,1,1,0,0,0,0,0,4,91.3978494623653,93.53133360847217,0,1,0,11,0,0,0,0,0.1252293235073499,1,1,0,0,1,0,0.3921386777995269,1,0,0,0,0,0,0.8199526632939522,1,0,0,0,0,0,1.8453975488597656,1,0,0,0,0,0,0.0248386547442024,0.0316897802697151,1.0,1.0,0.0,0.0,1.0,0.0,3.0,0.0,99.13743530764845,96.43927540829408,1.0,1.0,0.0,5.0,0.0,0.0,0.0,0.0,0.5403333643044096,1.0,0.0,0.0,0.0,0.0,0.0,0.9338101612589776,1.0,0.0,0.0,0.0,0.0,0.0,1.885648717988322,1.0,0.0,0.0,0.0,0.0,0.0,2.7430335907698176,1.0,0.0,0.0,0.0,0.0,0.0,0.1170108775773318,0.0029283080266138,1.0,1.0,1.0,0.0,0.0,0.0,1.0,0.0,95.23608635373364,94.59533976501046,1.0,1.0,0.0,6.0,0.0,0.0,0.0,0.0,0.5482658522151415,1.0,0.0,0.0,0.0,0.0,0.0,1.2647431030514933,1.0,0.0,0.0,0.0,0.0,0.0,3.381712254301629,1.0,0.0,0.0,0.0,0.0,0.0,-4.646866111928884,0.0,0.0,0.0,0.0,0.0,0.0,0.4955867779013597,-0.0236114944185798,1.0,1.0,0.0,1.0,0.0,0.0,0.0,1.0,81.15350168156992,81.788155414418,0.0,1.0,0.0,2.0,0.0,1.0,0.0,0.0,0.7314461258781453,1.0,0.0,0.0,0.0,1.0,0.0,1.3420291905441688,1.0,0.0,0.0,0.0,1.0,0.0,-0.1130437558797623,0.0,1.0,0.0,1.0,0.0,1.0,-6.834366818412691,0.0,0.0,0.0,0.0,0.0,0.0,0.6300443018189128,0.138265783814198,1.0,1.0,0.0,0.0,0.0,0.0,8.0,0.0,68.23798881591996,61.39705461236272,1.0,0.0,0.0,0.0,0.0,0.0,0.0,0.0,1.6106549204161769,1.0,0.0,0.0,0.0,0.0,0.0,0.5710168472432897,1.0,0.0,1.0,0.0,1.0,0.0,-4.7008723578707015,0.0,0.0,0.0,0.0,0.0,0.0,-10.264101048538416,0.0,0.0,0.0,0.0,0.0,0.0,-1.3720909948663933,0.2449980167338799,0.0,0.0,1.0,0.0,0.0,0.0,1.0,0.0,12.831558128033327,14.274835282333049,0.0,0.0,1.0,3.0,0.0,0.0,0.0,0.0,-1.8719228181304093,0.0,0.0,0.0,0.0,0.0,0.0,-6.197372496049758,0.0,0.0,0.0,0.0,0.0,0.0,-10.851640690683642,0.0,0.0,0.0,0.0,0.0,0.0,,0.0,0.0,0.0,0.0,0.0,0.0,-0.7582182383394156,-0.2570503739211265,0.0,0.0,0.0,1.0,0.0,0.0,0.0,1.0,38.85579067679591,31.342374869600786,1.0,0.0,0.0,0.0,0.0,0.0,0.0,0.0,-5.473870088175173,0.0,0.0,0.0,1.0,0.0,1.0,-9.521803555677376,0.0,0.0,0.0,1.0,0.0,1.0,,0.0,0.0,0.0,0.0,0.0,0.0,,0.0,0.0,0.0,0.0,0.0,0.0,-1.9057469201223616,-0.7450538166312357,0.0,0.0,0.0,0.0,0.0,0.0,0.0,3.0,,,0.0,0.0,0.0,0.0,0.0,0.0,0.0,0.0,-10.18819241606795,0.0,0.0,0.0,0.0,0.0,1.0,-13.397022650309824,0.0,0.0,0.0,0.0,0.0,0.0,,0.0,0.0,0.0,0.0,0.0,0.0,,0.0,0.0,0.0,0.0,0.0,0.0
61,SHORT,2.424,65,1.1,102.33,104.81,2024-08-05 22:55:00+00:00,2024-08-06 08:00:00+00:00,0.1236833437912524,0.0773745026308009,1,1,0,0,0,0,12,0,85.9116682269976,92.5728901123017,0,1,0,10,0,1,0,0,1.0748069834079927,1,0,0,0,0,0,1.4342639991769293,1,0,0,0,0,0,1.7770243198632043,1,0,0,0,0,0,2.262759922218464,1,0,0,0,0,0,0.0232059779814593,0.0261675689793398,1.0,1.0,0.0,0.0,1.0,0.0,8.0,0.0,98.6266331283391,90.40564588231446,1.0,1.0,0.0,3.0,0.0,0.0,0.0,0.0,0.4274978819355678,1.0,0.0,0.0,0.0,0.0,0.0,0.7096980222461736,1.0,0.0,0.0,0.0,0.0,0.0,1.31645156906328,1.0,0.0,0.0,0.0,0.0,0.0,3.966280211225464,1.0,0.0,0.0,0.0,0.0,0.0,0.0639925901006589,0.0190554510789432,1.0,1.0,1.0,0.0,0.0,0.0,1.0,0.0,90.89056972651866,88.6562249380217,1.0,1.0,0.0,14.0,0.0,0.0,0.0,0.0,0.6834008124574866,1.0,0.0,0.0,0.0,1.0,0.0,1.4862209610174113,1.0,0.0,0.0,0.0,0.0,0.0,3.6978784614605154,1.0,0.0,0.0,0.0,0.0,0.0,-2.8094647899801357,0.0,0.0,0.0,0.0,0.0,0.0,0.4270048238824162,0.0007163216296027,1.0,1.0,1.0,0.0,0.0,0.0,1.0,0.0,91.5698319984442,88.10704806263578,1.0,1.0,0.0,3.0,0.0,0.0,0.0,0.0,1.080716373157566,1.0,0.0,0.0,0.0,0.0,0.0,2.1089907734301025,1.0,0.0,0.0,0.0,0.0,0.0,1.6913730602590202,1.0,0.0,0.0,0.0,0.0,0.0,-5.064006352924386,0.0,0.0,0.0,0.0,0.0,0.0,0.8552795731228104,0.0745971375069676,1.0,1.0,0.0,0.0,0.0,0.0,11.0,0.0,94.90395397591536,88.88860353840293,1.0,1.0,0.0,3.0,0.0,0.0,0.0,0.0,1.78259714869237,1.0,0.0,0.0,0.0,0.0,0.0,1.7242518429910587,1.0,0.0,0.0,0.0,0.0,0.0,-2.2883112327447868,0.0,0.0,0.0,0.0,0.0,0.0,-8.713447934411155,0.0,0.0,0.0,0.0,0.0,0.0,-0.7192279164454831,0.4188128885546072,0.0,0.0,0.0,0.0,0.0,0.0,3.0,0.0,35.7623773374232,23.835949947429288,1.0,0.0,0.0,0.0,0.0,0.0,0.0,0.0,0.9748042162143318,1.0,0.0,1.0,0.0,1.0,0.0,-2.8169205327131697,0.0,0.0,0.0,0.0,0.0,0.0,-7.736549358171012,0.0,0.0,0.0,0.0,0.0,0.0,,0.0,0.0,0.0,0.0,0.0,0.0,-0.9309514851078512,-0.1727332467684355,0.0,0.0,0.0,0.0,0.0,0.0,0.0,2.0,38.54014078501368,37.49716988711333,1.0,0.0,0.0,0.0,0.0,0.0,0.0,0.0,-5.267305427420705,0.0,0.0,0.0,0.0,0.0,0.0,-9.793597495993156,0.0,0.0,0.0,0.0,0.0,0.0,,0.0,0.0,0.0,0.0,0.0,0.0,,0.0,0.0,0.0,0.0,0.0,0.0,-1.9057469201223616,-0.7450538166312357,0.0,0.0,0.0,0.0,0.0,0.0,0.0,3.0,,,0.0,0.0,0.0,0.0,0.0,0.0,0.0,0.0,-10.18819241606795,0.0,0.0,0.0,0.0,0.0,1.0,-13.397022650309824,0.0,0.0,0.0,0.0,0.0,0.0,,0.0,0.0,0.0,0.0,0.0,0.0,,0.0,0.0,0.0,0.0,0.0,0.0
62,SHORT,2.411,30,0.5,101.2,103.6399,2024-08-06 13:45:00+00:00,2024-08-06 14:15:00+00:00,-0.0416666261859817,-0.0583812250304031,0,0,0,0,0,1,0,5,59.75421636116918,70.77447385849455,0,0,0,0,0,0,0,0,-0.4461212041993442,0,0,0,0,0,1,-0.1562639312523816,0,1,0,1,0,1,0.4757732163051248,1,0,0,0,0,0,0.4519085078986052,1,0,0,0,0,0,0.1652479740638085,0.1128863558870939,1.0,1.0,0.0,0.0,0.0,0.0,4.0,0.0,74.65193798449637,62.68785529715793,1.0,0.0,0.0,0.0,0.0,0.0,0.0,0.0,1.4166943211521434,1.0,0.0,0.0,0.0,1.0,0.0,1.6816865056431385,1.0,0.0,0.0,0.0,0.0,0.0,1.7371600650791317,1.0,0.0,0.0,0.0,0.0,0.0,2.916437798310372,1.0,0.0,0.0,0.0,0.0,0.0,-0.1040170241443048,0.0491899123895382,0.0,0.0,1.0,0.0,0.0,0.0,1.0,0.0,34.55577251647551,36.42347334250375,0.0,0.0,0.0,0.0,0.0,0.0,0.0,0.0,0.3432911660861901,1.0,0.0,1.0,0.0,1.0,0.0,0.3472948830456982,1.0,0.0,1.0,0.0,1.0,0.0,0.8924889481179655,1.0,0.0,1.0,0.0,1.0,0.0,-1.3615818938481512,0.0,0.0,0.0,0.0,0.0,0.0,-0.0140384536455352,0.0513666941939329,0.0,0.0,1.0,0.0,0.0,0.0,1.0,0.0,41.860465116279016,46.220483177311,0.0,0.0,0.0,0.0,0.0,0.0,0.0,0.0,0.736413841717408,1.0,0.0,1.0,0.0,1.0,0.0,1.262158711464256,1.0,0.0,1.0,0.0,1.0,0.0,2.786563127549634,1.0,0.0,0.0,0.0,0.0,0.0,-4.252485163906891,0.0,0.0,0.0,0.0,0.0,0.0,0.4974855557114007,-0.1206872826014324,1.0,1.0,0.0,0.0,0.0,0.0,0.0,5.0,64.53357209373063,72.27479113844767,0.0,0.0,0.0,0.0,0.0,0.0,0.0,0.0,-0.3479701748692535,0.0,0.0,0.0,1.0,0.0,1.0,-0.0315401740480222,0.0,1.0,0.0,1.0,0.0,1.0,-1.747218740368616,0.0,0.0,0.0,0.0,0.0,1.0,-9.420456675317444,0.0,0.0,0.0,0.0,0.0,0.0,-0.3133894469929315,0.4058384694525516,0.0,0.0,0.0,0.0,0.0,0.0,4.0,0.0,40.210606555591866,32.96229942328213,1.0,0.0,0.0,0.0,0.0,0.0,0.0,0.0,1.6940566568004491,1.0,0.0,0.0,0.0,0.0,0.0,-1.501013647703785,0.0,0.0,0.0,0.0,0.0,0.0,-6.3336839408050905,0.0,0.0,0.0,0.0,0.0,0.0,,0.0,0.0,0.0,0.0,0.0,0.0,-0.9309514851078512,-0.1727332467684355,0.0,0.0,0.0,0.0,0.0,0.0,0.0,2.0,38.54014078501368,37.49716988711333,1.0,0.0,0.0,0.0,0.0,0.0,0.0,0.0,-5.267305427420705,0.0,0.0,0.0,0.0,0.0,0.0,-9.793597495993156,0.0,0.0,0.0,0.0,0.0,0.0,,0.0,0.0,0.0,0.0,0.0,0.0,,0.0,0.0,0.0,0.0,0.0,0.0,-1.9057469201223616,-0.7450538166312357,0.0,0.0,0.0,0.0,0.0,0.0,0.0,3.0,,,0.0,0.0,0.0,0.0,0.0,0.0,0.0,0.0,-10.18819241606795,0.0,0.0,0.0,0.0,0.0,1.0,-13.397022650309824,0.0,0.0,0.0,0.0,0.0,0.0,,0.0,0.0,0.0,0.0,0.0,0.0,,0.0,0.0,0.0,0.0,0.0,0.0
63,SHORT,1.354,105,1.8,105.59,107.02,2024-08-07 09:25:00+00:00,2024-08-07 11:10:00+00:00,0.0504099327035587,-0.0033986828269618,1,1,0,0,0,0,0,7,93.48321275405202,91.05636300698517,1,1,0,16,0,0,0,0,0.2159996507099947,1,1,0,0,0,0,0.5651921403967856,1,0,0,0,0,0,1.1223427274496758,1,0,0,0,0,0,1.558814399060322,1,0,0,0,0,0,0.0454748422657784,0.054079149025582,1.0,1.0,0.0,0.0,1.0,0.0,8.0,0.0,96.40718562874248,89.13161331657666,1.0,1.0,0.0,2.0,0.0,0.0,0.0,0.0,0.7306048126556645,1.0,0.0,0.0,0.0,0.0,0.0,1.0638639832534489,1.0,0.0,0.0,0.0,0.0,0.0,1.9868529344994827,1.0,0.0,0.0,0.0,0.0,0.0,2.088160973683322,1.0,0.0,0.0,0.0,0.0,0.0,0.2023096940095392,-0.0456399745048328,1.0,1.0,0.0,0.0,0.0,0.0,0.0,7.0,85.81713462922977,87.52099832013448,0.0,1.0,0.0,10.0,0.0,0.0,0.0,0.0,0.1249106850953632,1.0,1.0,0.0,0.0,0.0,0.0,0.6713728545821265,1.0,0.0,0.0,0.0,0.0,0.0,0.5430334480595106,1.0,0.0,0.0,0.0,0.0,0.0,2.2992168565671216,1.0,0.0,0.0,0.0,0.0,0.0,0.1503840693389702,0.0165344889852076,1.0,1.0,0.0,0.0,0.0,0.0,6.0,0.0,52.21505376344084,52.415770609318976,0.0,0.0,0.0,0.0,0.0,0.0,0.0,1.0,0.5515481612844831,1.0,0.0,0.0,0.0,0.0,0.0,0.9571620461884072,1.0,0.0,0.0,0.0,0.0,0.0,1.6833125158166096,1.0,0.0,0.0,0.0,0.0,0.0,-1.850079006730624,0.0,0.0,0.0,0.0,0.0,0.0,0.0728949758143188,0.1078137902212901,1.0,1.0,0.0,0.0,1.0,0.0,3.0,0.0,52.12321071857051,38.06734117520104,1.0,0.0,0.0,0.0,0.0,0.0,0.0,0.0,1.3247547760954608,1.0,0.0,0.0,0.0,0.0,0.0,1.7848225113523293,1.0,0.0,0.0,0.0,0.0,0.0,2.7147304132187817,1.0,0.0,0.0,0.0,0.0,0.0,-5.509414539325787,0.0,0.0,0.0,0.0,0.0,0.0,0.2259041752035355,-0.083290473923113,1.0,1.0,0.0,1.0,0.0,0.0,0.0,1.0,68.07675886159116,64.0861866479104,1.0,0.0,0.0,0.0,0.0,0.0,0.0,0.0,-1.6739663266845162,0.0,0.0,0.0,1.0,0.0,1.0,-3.7487925902579287,0.0,0.0,0.0,0.0,0.0,1.0,-8.006200028818395,0.0,0.0,0.0,0.0,0.0,0.0,,0.0,0.0,0.0,0.0,0.0,0.0,-1.154212307653424,-0.2232608225455727,0.0,0.0,0.0,0.0,0.0,0.0,0.0,3.0,28.510175874381243,35.30203577873028,0.0,0.0,0.0,0.0,0.0,0.0,0.0,0.0,-6.396553159376215,0.0,0.0,0.0,0.0,0.0,0.0,-11.465050423077942,0.0,0.0,0.0,0.0,0.0,0.0,,0.0,0.0,0.0,0.0,0.0,0.0,,0.0,0.0,0.0,0.0,0.0,0.0,-1.9057469201223616,-0.7450538166312357,0.0,0.0,0.0,0.0,0.0,0.0,0.0,3.0,,,0.0,0.0,0.0,0.0,0.0,0.0,0.0,0.0,-10.18819241606795,0.0,0.0,0.0,0.0,0.0,1.0,-13.397022650309824,0.0,0.0,0.0,0.0,0.0,0.0,,0.0,0.0,0.0,0.0,0.0,0.0,,0.0,0.0,0.0,0.0,0.0,0.0
64,SHORT,1.221,105,1.8,106.54,107.8413,2024-08-07 11:45:00+00:00,2024-08-07 13:30:00+00:00,0.1114215382345737,-0.0062607782536138,1,1,0,1,0,0,0,1,82.07856116195653,86.75572488096982,0,1,0,10,0,0,0,0,0.2480001093753925,1,1,0,0,1,0,0.5679910713570626,1,0,0,0,0,0,0.8392993840255625,1,0,0,0,0,0,1.3265395258800048,1,0,0,0,0,0,0.0071179772452901,0.0316734074180819,1.0,1.0,0.0,0.0,1.0,0.0,2.0,0.0,71.31761623406777,71.62331485117592,0.0,0.0,0.0,0.0,0.0,0.0,0.0,0.0,0.4086640320375418,1.0,0.0,0.0,0.0,1.0,0.0,0.6127010293266135,1.0,0.0,0.0,0.0,0.0,0.0,1.0677426691008067,1.0,0.0,0.0,0.0,0.0,0.0,2.1903647059989777,1.0,0.0,0.0,0.0,0.0,0.0,0.0449762898197688,-0.0348293235322919,1.0,1.0,0.0,0.0,0.0,0.0,0.0,7.0,87.74565164157598,87.27734345970568,1.0,1.0,0.0,3.0,0.0,0.0,0.0,0.0,0.06054765501592,1.0,1.0,0.0,0.0,1.0,0.0,0.6754092398983782,1.0,0.0,0.0,0.0,0.0,0.0,1.420337511511331,1.0,0.0,0.0,0.0,0.0,0.0,3.366844860559179,1.0,0.0,0.0,0.0,0.0,0.0,0.2381913544304027,-0.002183589334977,1.0,1.0,0.0,1.0,0.0,0.0,0.0,1.0,90.5693950177935,89.74517815561695,1.0,1.0,0.0,3.0,0.0,0.0,0.0,0.0,0.7126732203698275,1.0,0.0,0.0,0.0,0.0,0.0,1.53970556734314,1.0,0.0,0.0,0.0,0.0,0.0,2.4983768373155404,1.0,0.0,0.0,0.0,0.0,0.0,-0.4097865200657917,0.0,0.0,0.0,0.0,0.0,0.0,0.2084513391999058,0.0433658080270701,1.0,1.0,0.0,0.0,0.0,0.0,5.0,0.0,60.525522185143984,57.38486787475608,1.0,0.0,0.0,0.0,0.0,0.0,0.0,0.0,1.0482601212541276,1.0,0.0,0.0,0.0,1.0,0.0,1.8227598059258183,1.0,0.0,0.0,0.0,0.0,0.0,3.0580366578406823,1.0,0.0,0.0,0.0,0.0,0.0,-4.975551269642728,0.0,0.0,0.0,0.0,0.0,0.0,0.3360423931992704,0.1101382179957348,1.0,1.0,1.0,0.0,0.0,0.0,1.0,0.0,68.26257602272075,67.75892684084977,1.0,0.0,0.0,0.0,0.0,0.0,0.0,0.0,0.4521299333094389,1.0,0.0,1.0,0.0,1.0,0.0,-1.4023000623629729,0.0,0.0,0.0,0.0,0.0,0.0,-5.611237474657573,0.0,0.0,0.0,0.0,0.0,0.0,,0.0,0.0,0.0,0.0,0.0,0.0,-1.154212307653424,-0.2232608225455727,0.0,0.0,0.0,0.0,0.0,0.0,0.0,3.0,28.510175874381243,35.30203577873028,0.0,0.0,0.0,0.0,0.0,0.0,0.0,0.0,-6.396553159376215,0.0,0.0,0.0,0.0,0.0,0.0,-11.465050423077942,0.0,0.0,0.0,0.0,0.0,0.0,,0.0,0.0,0.0,0.0,0.0,0.0,,0.0,0.0,0.0,0.0,0.0,0.0,-1.9057469201223616,-0.7450538166312357,0.0,0.0,0.0,0.0,0.0,0.0,0.0,3.0,,,0.0,0.0,0.0,0.0,0.0,0.0,0.0,0.0,-10.18819241606795,0.0,0.0,0.0,0.0,0.0,1.0,-13.397022650309824,0.0,0.0,0.0,0.0,0.0,0.0,,0.0,0.0,0.0,0.0,0.0,0.0,,0.0,0.0,0.0,0.0,0.0,0.0
65,SHORT,-1.503,65,1.1,101.3684,99.8448,2024-08-07 17:55:00+00:00,2024-08-07 19:00:00+00:00,0.026963111576898,-0.0059144507230561,1,1,0,0,0,0,0,4,64.93548387096779,70.75985663082449,0,0,0,0,0,0,0,0,-0.032413824509259,0,1,0,0,0,1,-0.0489886264272868,0,1,0,0,0,1,-0.1486936888807562,0,1,0,0,0,1,-2.241299787477553,0,0,0,0,0,0,0.0081417579949755,0.033699329919369,1.0,1.0,0.0,0.0,1.0,0.0,4.0,0.0,20.299745785068463,18.299142224460724,1.0,0.0,0.0,0.0,0.0,0.0,0.0,0.0,-0.1084771033367362,0.0,1.0,0.0,0.0,0.0,1.0,-0.9353228496776844,0.0,0.0,0.0,0.0,0.0,0.0,-2.7446252117462047,0.0,0.0,0.0,0.0,0.0,0.0,-4.37025863243228,0.0,0.0,0.0,0.0,0.0,0.0,-0.4295158252548723,0.0106309793680678,0.0,0.0,0.0,0.0,0.0,0.0,2.0,0.0,8.415458344724088,8.20799438699639,1.0,0.0,1.0,13.0,1.0,0.0,0.0,0.0,-1.3358785534437616,0.0,0.0,0.0,0.0,0.0,0.0,-2.9497191909604874,0.0,0.0,0.0,0.0,0.0,0.0,-4.379866951632677,0.0,0.0,0.0,0.0,0.0,0.0,-2.950380991670729,0.0,0.0,0.0,0.0,0.0,0.0,-0.6659299291671522,-0.088523442917956,0.0,0.0,0.0,0.0,0.0,0.0,0.0,10.0,8.611947712007163,9.956205881273911,0.0,0.0,1.0,5.0,0.0,0.0,0.0,0.0,-2.363409808344488,0.0,0.0,0.0,0.0,0.0,0.0,-3.591043292856152,0.0,0.0,0.0,0.0,0.0,0.0,-4.022970674508016,0.0,0.0,0.0,0.0,0.0,0.0,-6.347303349460471,0.0,0.0,0.0,0.0,0.0,0.0,-0.38235980140793,-0.2257977789710529,0.0,0.0,0.0,0.0,0.0,0.0,0.0,4.0,19.428515327589675,35.06083127407112,0.0,0.0,1.0,1.0,0.0,0.0,0.0,0.0,-2.731530010580128,0.0,0.0,0.0,0.0,0.0,0.0,-2.9579762841733688,0.0,0.0,0.0,0.0,0.0,0.0,-1.7250039149767364,0.0,0.0,0.0,1.0,0.0,1.0,-8.994922114491109,0.0,0.0,0.0,0.0,0.0,0.0,0.5602402553444725,0.2241978621452021,1.0,1.0,0.0,0.0,0.0,0.0,2.0,0.0,71.04885057471263,69.12939515300819,1.0,0.0,0.0,0.0,0.0,0.0,0.0,0.0,2.0840734032530785,1.0,0.0,0.0,0.0,1.0,0.0,0.7264971741127647,1.0,0.0,1.0,0.0,1.0,0.0,-3.251073667110443,0.0,0.0,0.0,0.0,0.0,0.0,,0.0,0.0,0.0,0.0,0.0,0.0,-1.154212307653424,-0.2232608225455727,0.0,0.0,0.0,0.0,0.0,0.0,0.0,3.0,28.510175874381243,35.30203577873028,0.0,0.0,0.0,0.0,0.0,0.0,0.0,0.0,-6.396553159376215,0.0,0.0,0.0,0.0,0.0,0.0,-11.465050423077942,0.0,0.0,0.0,0.0,0.0,0.0,,0.0,0.0,0.0,0.0,0.0,0.0,,0.0,0.0,0.0,0.0,0.0,0.0,-1.9057469201223616,-0.7450538166312357,0.0,0.0,0.0,0.0,0.0,0.0,0.0,3.0,,,0.0,0.0,0.0,0.0,0.0,0.0,0.0,0.0,-10.18819241606795,0.0,0.0,0.0,0.0,0.0,1.0,-13.397022650309824,0.0,0.0,0.0,0.0,0.0,0.0,,0.0,0.0,0.0,0.0,0.0,0.0,,0.0,0.0,0.0,0.0,0.0,0.0
66,LONG,-1.751,65,1.1,101.1,99.33,2024-08-08 12:40:00+00:00,2024-08-08 13:45:00+00:00,-0.2051882216905166,0.0095247523727329,0,0,1,0,0,0,1,0,5.999673164686901,10.898739663925207,0,0,1,8,0,0,0,0,-0.5165724890154221,0,0,0,0,0,1,-1.1501786267679608,0,0,0,0,0,0,-1.5897988181621427,0,0,0,0,0,0,-0.3170210763867905,0,0,0,0,0,1,-0.0345018296263659,-0.1492279874260905,0.0,0.0,0.0,0.0,0.0,1.0,0.0,3.0,62.17792151915052,79.8611796239279,0.0,0.0,0.0,0.0,0.0,0.0,0.0,0.0,-1.2602986426470235,0.0,0.0,0.0,1.0,0.0,1.0,-0.8303997160624546,0.0,0.0,0.0,1.0,0.0,1.0,0.109308330093533,1.0,1.0,0.0,0.0,0.0,0.0,-1.1493324359284016,0.0,0.0,0.0,1.0,0.0,1.0,0.3391400150931757,0.0396240038158141,1.0,1.0,0.0,0.0,0.0,0.0,5.0,0.0,80.81904865229752,78.6288070505994,1.0,1.0,0.0,2.0,0.0,0.0,0.0,0.0,1.1942458678222336,1.0,0.0,0.0,0.0,0.0,0.0,1.9133637816584252,1.0,0.0,0.0,0.0,0.0,0.0,2.351133023514971,1.0,0.0,0.0,0.0,0.0,0.0,-0.6361813741842043,0.0,0.0,0.0,0.0,0.0,1.0,0.3661732528828769,0.0844975417088624,1.0,1.0,0.0,0.0,0.0,0.0,4.0,0.0,70.06876184599084,66.49856137668506,1.0,0.0,0.0,0.0,0.0,0.0,0.0,0.0,1.1460799032620377,1.0,0.0,0.0,0.0,1.0,0.0,0.8155054828979685,1.0,0.0,1.0,0.0,1.0,0.0,-1.5253460088058943,0.0,0.0,0.0,0.0,0.0,0.0,-5.412019768765418,0.0,0.0,0.0,0.0,0.0,0.0,-0.2101324692690966,0.1009896608378748,0.0,0.0,0.0,0.0,0.0,0.0,7.0,0.0,15.726654330264015,15.872463518573612,0.0,0.0,1.0,12.0,0.0,0.0,0.0,0.0,-0.1470632276821251,0.0,1.0,0.0,0.0,0.0,1.0,-1.725730397478034,0.0,0.0,0.0,0.0,0.0,0.0,-3.4361745721664074,0.0,0.0,0.0,0.0,0.0,0.0,-9.963985184446775,0.0,0.0,0.0,0.0,0.0,0.0,-0.1414710557750567,-0.0801423359930488,0.0,0.0,0.0,0.0,0.0,0.0,0.0,4.0,41.81034482758623,53.11170977011496,0.0,0.0,0.0,0.0,0.0,0.0,0.0,0.0,-2.285382445555265,0.0,0.0,0.0,0.0,0.0,0.0,-4.674195727687415,0.0,0.0,0.0,0.0,0.0,0.0,-9.013544847219142,0.0,0.0,0.0,0.0,0.0,0.0,,0.0,0.0,0.0,0.0,0.0,0.0,-1.3214181378628602,-0.1672058302094363,0.0,0.0,0.0,0.0,0.0,0.0,0.0,4.0,30.593669544952053,32.54799540144899,0.0,0.0,0.0,0.0,0.0,0.0,0.0,0.0,-6.510465294292662,0.0,0.0,0.0,0.0,0.0,1.0,-12.134219570137022,0.0,0.0,0.0,0.0,0.0,0.0,,0.0,0.0,0.0,0.0,0.0,0.0,,0.0,0.0,0.0,0.0,0.0,0.0,-1.9057469201223616,-0.7450538166312357,0.0,0.0,0.0,0.0,0.0,0.0,0.0,3.0,,,0.0,0.0,0.0,0.0,0.0,0.0,0.0,0.0,-10.18819241606795,0.0,0.0,0.0,0.0,0.0,1.0,-13.397022650309824,0.0,0.0,0.0,0.0,0.0,0.0,,0.0,0.0,0.0,0.0,0.0,0.0,,0.0,0.0,0.0,0.0,0.0,0.0
67,SHORT,2.165,30,0.5,108.99,111.35,2024-08-12 23:40:00+00:00,2024-08-13 08:10:00+00:00,0.1210772421629768,-0.0133673187531244,1,1,0,0,0,0,0,7,100.0,99.51599632157212,1,1,0,9,0,0,0,0,0.3466925452017795,1,0,0,0,0,0,0.9539466913545954,1,0,0,0,0,0,1.7700456874844912,1,0,0,0,0,0,2.0990037672515203,1,0,0,0,0,0,0.1834337422174858,0.0836425163459117,1.0,1.0,0.0,0.0,0.0,0.0,2.0,0.0,61.63710605015015,49.08553586857224,1.0,0.0,0.0,0.0,0.0,0.0,0.0,0.0,1.1576984982443446,1.0,0.0,0.0,0.0,0.0,0.0,1.53140129514275,1.0,0.0,0.0,0.0,0.0,0.0,1.8088192563942067,1.0,0.0,0.0,0.0,0.0,0.0,2.767516343732149,1.0,0.0,0.0,0.0,0.0,0.0,-0.0509933355092266,0.0007984350359413,0.0,0.0,0.0,0.0,0.0,0.0,13.0,0.0,94.06749770972398,92.49514880796448,1.0,1.0,0.0,4.0,0.0,0.0,0.0,0.0,-0.061643966285173,0.0,1.0,0.0,0.0,0.0,1.0,-0.0839924265705521,0.0,1.0,0.0,0.0,0.0,1.0,0.1792935453183296,1.0,1.0,0.0,0.0,0.0,0.0,3.623787805869017,1.0,0.0,0.0,0.0,0.0,0.0,-0.1920588192287737,-0.004232986464026,0.0,0.0,0.0,1.0,0.0,0.0,0.0,1.0,66.93882451970693,57.106900945172846,1.0,0.0,0.0,0.0,0.0,0.0,0.0,0.0,-0.0922128825414005,0.0,1.0,0.0,0.0,0.0,1.0,0.2432087726098409,1.0,1.0,0.0,0.0,0.0,0.0,1.9266707468314896,1.0,0.0,0.0,0.0,0.0,0.0,5.0226316535497935,1.0,0.0,0.0,0.0,0.0,0.0,0.0551804614865298,-0.0618528084185183,1.0,1.0,0.0,0.0,0.0,0.0,0.0,5.0,66.03991370010793,65.98910296614075,1.0,0.0,0.0,0.0,0.0,0.0,1.0,0.0,0.0917344276728957,1.0,1.0,0.0,0.0,0.0,0.0,1.1824980398747127,1.0,0.0,0.0,0.0,0.0,0.0,3.41644089358177,1.0,0.0,0.0,0.0,0.0,0.0,1.41011195505463,1.0,0.0,0.0,0.0,0.0,0.0,0.8601153375637688,-0.0090420755900523,1.0,1.0,0.0,1.0,0.0,0.0,0.0,1.0,85.41373145245564,80.76922768055944,1.0,1.0,0.0,2.0,0.0,0.0,0.0,0.0,1.7016327557820163,1.0,0.0,0.0,0.0,1.0,0.0,3.144725273887007,1.0,0.0,0.0,0.0,0.0,0.0,2.349156022732439,1.0,0.0,0.0,0.0,1.0,0.0,,0.0,0.0,0.0,0.0,0.0,0.0,-0.6964989508675279,0.3413952549236416,0.0,0.0,0.0,0.0,0.0,0.0,2.0,0.0,35.83313725490198,32.73688369961837,1.0,0.0,0.0,0.0,0.0,0.0,0.0,0.0,-1.0413137987935757,0.0,0.0,0.0,1.0,0.0,1.0,-6.846808320363645,0.0,0.0,0.0,0.0,0.0,0.0,,0.0,0.0,0.0,0.0,0.0,0.0,,0.0,0.0,0.0,0.0,0.0,0.0,-2.388953214803104,-0.4832062946807425,0.0,0.0,0.0,0.0,0.0,0.0,0.0,4.0,,,0.0,0.0,0.0,0.0,0.0,0.0,0.0,0.0,-9.45582364762648,0.0,0.0,0.0,0.0,0.0,0.0,-13.813270652445183,0.0,0.0,0.0,0.0,0.0,0.0,,0.0,0.0,0.0,0.0,0.0,0.0,,0.0,0.0,0.0,0.0,0.0,0.0
68,LONG,1.283,55,0.9,110.69,112.11,2024-08-13 11:35:00+00:00,2024-08-13 12:30:00+00:00,0.0766363530623627,0.0570769435184013,1,1,0,0,0,0,9,0,95.77061766735676,89.89377731768974,1,1,0,3,0,0,0,0,0.6815408193573069,1,0,0,0,1,0,0.8517598170752212,1,0,0,0,0,0,1.0027170640824683,1,0,0,0,0,0,1.3702264414737095,1,0,0,0,0,0,0.0597028566816957,-0.0082505712120805,1.0,1.0,0.0,0.0,0.0,0.0,0.0,3.0,88.93360160965808,90.87925735956875,0.0,1.0,0.0,12.0,0.0,0.0,0.0,0.0,0.1150452204639392,1.0,1.0,1.0,0.0,1.0,0.0,0.3316007323925417,1.0,0.0,0.0,0.0,0.0,0.0,0.4326468477166263,1.0,0.0,0.0,0.0,0.0,0.0,1.6244127268340944,1.0,0.0,0.0,0.0,0.0,0.0,0.0130296465528852,0.0285234118535506,1.0,1.0,0.0,0.0,1.0,0.0,4.0,0.0,82.50042056021404,67.78203079222573,1.0,1.0,0.0,1.0,0.0,0.0,0.0,0.0,0.4326611897211559,1.0,0.0,0.0,0.0,1.0,0.0,0.7443594774338859,1.0,0.0,0.0,0.0,1.0,0.0,1.260439664356499,1.0,0.0,0.0,0.0,1.0,0.0,4.673767534780729,1.0,0.0,0.0,0.0,0.0,0.0,-0.0281033625711613,0.0242083337318851,0.0,0.0,0.0,0.0,0.0,0.0,2.0,0.0,81.43044619422581,78.63079615048126,1.0,1.0,0.0,1.0,0.0,0.0,0.0,0.0,0.4932569882308346,1.0,0.0,0.0,0.0,1.0,0.0,1.0788926884577772,1.0,0.0,0.0,0.0,1.0,0.0,2.8182276969564115,1.0,0.0,0.0,0.0,0.0,0.0,6.485852697030634,1.0,0.0,0.0,0.0,0.0,0.0,0.0542739960597016,-0.073555155198238,1.0,1.0,0.0,0.0,0.0,0.0,0.0,2.0,81.64185451167454,84.47810310235401,0.0,1.0,0.0,3.0,0.0,1.0,0.0,0.0,0.0283868215329359,1.0,1.0,0.0,0.0,1.0,0.0,1.2011501418073232,1.0,0.0,0.0,0.0,0.0,0.0,3.3726068295607146,1.0,0.0,0.0,0.0,0.0,0.0,2.338981986074902,1.0,0.0,0.0,0.0,0.0,0.0,0.9194733617711104,0.0593580242073416,1.0,1.0,1.0,0.0,0.0,0.0,1.0,0.0,89.12436363636367,85.19683294460687,1.0,1.0,0.0,3.0,0.0,0.0,0.0,0.0,2.543849040023401,1.0,0.0,0.0,0.0,0.0,0.0,4.308902768993529,1.0,0.0,0.0,0.0,0.0,0.0,3.964583139235725,1.0,0.0,0.0,0.0,0.0,0.0,,0.0,0.0,0.0,0.0,0.0,0.0,-0.6964989508675279,0.3413952549236416,0.0,0.0,0.0,0.0,0.0,0.0,2.0,0.0,35.83313725490198,32.73688369961837,1.0,0.0,0.0,0.0,0.0,0.0,0.0,0.0,-1.0413137987935757,0.0,0.0,0.0,1.0,0.0,1.0,-6.846808320363645,0.0,0.0,0.0,0.0,0.0,0.0,,0.0,0.0,0.0,0.0,0.0,0.0,,0.0,0.0,0.0,0.0,0.0,0.0,-2.388953214803104,-0.4832062946807425,0.0,0.0,0.0,0.0,0.0,0.0,0.0,4.0,,,0.0,0.0,0.0,0.0,0.0,0.0,0.0,0.0,-9.45582364762648,0.0,0.0,0.0,0.0,0.0,0.0,-13.813270652445183,0.0,0.0,0.0,0.0,0.0,0.0,,0.0,0.0,0.0,0.0,0.0,0.0,,0.0,0.0,0.0,0.0,0.0,0.0
69,SHORT,1.906,30,0.5,111.74,113.87,2024-08-13 13:35:00+00:00,2024-08-13 14:05:00+00:00,0.0352745032859681,-0.0254013045828161,1,1,0,0,0,0,0,4,77.77291727423027,83.08957206355142,0,0,0,0,0,0,0,0,-0.0098754068795384,0,1,0,1,0,1,0.3066684025964686,1,0,0,0,0,0,0.8090539650599218,1,0,0,0,0,0,1.9370875484622103,1,0,0,0,0,0,0.0097419979246185,0.0655678645555155,1.0,1.0,0.0,0.0,1.0,0.0,4.0,0.0,83.85878628117024,73.83291598622061,1.0,1.0,0.0,1.0,0.0,0.0,0.0,0.0,0.8070098919264853,1.0,0.0,0.0,0.0,1.0,0.0,1.244781102218915,1.0,0.0,0.0,0.0,0.0,0.0,2.304837556164663,1.0,0.0,0.0,0.0,0.0,0.0,3.638901172312608,1.0,0.0,0.0,0.0,0.0,0.0,0.1982037421192148,-0.0179762229187571,1.0,1.0,0.0,0.0,0.0,0.0,0.0,2.0,87.65949794420322,89.20849783793939,0.0,1.0,0.0,7.0,0.0,0.0,0.0,0.0,0.527229647363259,1.0,0.0,0.0,0.0,1.0,0.0,1.386164735085743,1.0,0.0,0.0,0.0,0.0,0.0,2.553799341792568,1.0,0.0,0.0,0.0,0.0,0.0,5.957836042110951,1.0,0.0,0.0,0.0,0.0,0.0,0.1909452559890945,0.0209264223565412,1.0,1.0,0.0,0.0,0.0,0.0,5.0,0.0,93.51788039878603,93.39292310165848,1.0,1.0,0.0,4.0,0.0,0.0,0.0,0.0,0.949158369552234,1.0,0.0,0.0,0.0,0.0,0.0,1.9874233926719609,1.0,0.0,0.0,0.0,0.0,0.0,3.9705301995132536,1.0,0.0,0.0,0.0,0.0,0.0,7.865247351193386,1.0,0.0,0.0,0.0,0.0,0.0,0.2031071999883935,0.1376261374331131,1.0,1.0,0.0,0.0,0.0,0.0,2.0,0.0,86.34827015525032,83.5028179290747,1.0,1.0,0.0,5.0,0.0,0.0,0.0,0.0,2.229787732316537,1.0,0.0,0.0,0.0,1.0,0.0,3.7338638319684434,1.0,0.0,0.0,0.0,0.0,0.0,6.108908091636864,1.0,0.0,0.0,0.0,0.0,0.0,5.523208493776761,1.0,0.0,0.0,0.0,0.0,0.0,0.9194733617711104,0.0593580242073416,1.0,1.0,1.0,0.0,0.0,0.0,1.0,0.0,89.12436363636367,85.19683294460687,1.0,1.0,0.0,3.0,0.0,0.0,0.0,0.0,2.543849040023401,1.0,0.0,0.0,0.0,0.0,0.0,4.308902768993529,1.0,0.0,0.0,0.0,0.0,0.0,3.964583139235725,1.0,0.0,0.0,0.0,0.0,0.0,,0.0,0.0,0.0,0.0,0.0,0.0,-0.6964989508675279,0.3413952549236416,0.0,0.0,0.0,0.0,0.0,0.0,2.0,0.0,35.83313725490198,32.73688369961837,1.0,0.0,0.0,0.0,0.0,0.0,0.0,0.0,-1.0413137987935757,0.0,0.0,0.0,1.0,0.0,1.0,-6.846808320363645,0.0,0.0,0.0,0.0,0.0,0.0,,0.0,0.0,0.0,0.0,0.0,0.0,,0.0,0.0,0.0,0.0,0.0,0.0,-2.388953214803104,-0.4832062946807425,0.0,0.0,0.0,0.0,0.0,0.0,0.0,4.0,,,0.0,0.0,0.0,0.0,0.0,0.0,0.0,0.0,-9.45582364762648,0.0,0.0,0.0,0.0,0.0,0.0,-13.813270652445183,0.0,0.0,0.0,0.0,0.0,0.0,,0.0,0.0,0.0,0.0,0.0,0.0,,0.0,0.0,0.0,0.0,0.0,0.0
70,SHORT,1.068,70,1.2,114.735,115.96,2024-08-13 17:50:00+00:00,2024-08-13 19:00:00+00:00,0.0334634298790385,-0.0107089744662021,1,1,0,0,0,0,0,3,78.70045768818677,81.23170241113223,0,0,0,0,0,0,0,0,0.0306845080742962,1,1,0,0,1,0,0.1862860738943338,1,1,0,0,0,0,0.392025839570732,1,0,0,0,0,0,0.823937021626722,1,0,0,0,0,0,0.0156519879329999,0.0216426521412772,1.0,1.0,0.0,0.0,1.0,0.0,2.0,0.0,91.71196660872305,87.67750021741783,1.0,1.0,0.0,5.0,0.0,0.0,0.0,0.0,0.3051458957826833,1.0,0.0,0.0,0.0,0.0,0.0,0.4991413723229778,1.0,0.0,0.0,0.0,0.0,0.0,0.8383542693378407,1.0,0.0,0.0,0.0,0.0,0.0,3.8948163698001257,1.0,0.0,0.0,0.0,0.0,0.0,-0.0722673655865633,-0.0123440857876652,0.0,0.0,0.0,0.0,0.0,0.0,0.0,6.0,82.97872340425526,81.08649356231547,1.0,1.0,0.0,2.0,0.0,0.0,0.0,0.0,0.1692051552423684,1.0,1.0,0.0,0.0,0.0,0.0,0.8409479534671634,1.0,0.0,0.0,0.0,0.0,0.0,2.7408296142841424,1.0,0.0,0.0,0.0,0.0,0.0,7.012922648367835,1.0,0.0,0.0,0.0,0.0,0.0,0.1314733427278354,-0.0301176693187323,1.0,1.0,0.0,0.0,0.0,0.0,0.0,3.0,93.52801076939,94.08525231981054,0.0,1.0,0.0,14.0,0.0,1.0,0.0,0.0,0.631834341737932,1.0,0.0,0.0,0.0,0.0,0.0,2.0365972813844366,1.0,0.0,0.0,0.0,0.0,0.0,4.646111441716213,1.0,0.0,0.0,0.0,0.0,0.0,9.651257931800858,1.0,0.0,0.0,0.0,0.0,0.0,0.3745709530110541,-0.0166415831541071,1.0,1.0,0.0,1.0,0.0,0.0,0.0,1.0,93.39719077254784,94.24641587756798,0.0,1.0,0.0,10.0,0.0,0.0,0.0,0.0,1.3913463071294467,1.0,0.0,0.0,0.0,0.0,0.0,3.534124438165863,1.0,0.0,0.0,0.0,0.0,0.0,6.825238881904294,1.0,0.0,0.0,0.0,0.0,0.0,7.269609598709553,1.0,0.0,0.0,0.0,0.0,0.0,0.9280382680884142,0.0085649063173037,1.0,1.0,0.0,0.0,0.0,0.0,2.0,0.0,92.06400000000006,88.86736502960646,1.0,1.0,0.0,4.0,0.0,0.0,0.0,0.0,2.19538880865215,1.0,0.0,0.0,0.0,0.0,0.0,4.173976567776834,1.0,0.0,0.0,0.0,0.0,0.0,4.279022731774284,1.0,0.0,0.0,0.0,0.0,0.0,,0.0,0.0,0.0,0.0,0.0,0.0,-0.6964989508675279,0.3413952549236416,0.0,0.0,0.0,0.0,0.0,0.0,2.0,0.0,35.83313725490198,32.73688369961837,1.0,0.0,0.0,0.0,0.0,0.0,0.0,0.0,-1.0413137987935757,0.0,0.0,0.0,1.0,0.0,1.0,-6.846808320363645,0.0,0.0,0.0,0.0,0.0,0.0,,0.0,0.0,0.0,0.0,0.0,0.0,,0.0,0.0,0.0,0.0,0.0,0.0,-2.388953214803104,-0.4832062946807425,0.0,0.0,0.0,0.0,0.0,0.0,0.0,4.0,,,0.0,0.0,0.0,0.0,0.0,0.0,0.0,0.0,-9.45582364762648,0.0,0.0,0.0,0.0,0.0,0.0,-13.813270652445183,0.0,0.0,0.0,0.0,0.0,0.0,,0.0,0.0,0.0,0.0,0.0,0.0,,0.0,0.0,0.0,0.0,0.0,0.0
71,SHORT,1.424,35,0.6,117.2901,118.96,2024-08-15 12:00:00+00:00,2024-08-15 12:35:00+00:00,0.1851809444427359,-0.0032706641591641,1,1,0,1,0,0,0,1,94.0223427450441,95.79137744167934,0,1,0,4,0,1,0,0,0.4067205588502524,1,0,0,0,0,0,0.8432811019901852,1,0,0,0,0,0,1.20866766820367,1,0,0,0,0,0,1.2168139710514487,1,0,0,0,0,0,0.0627188972972211,0.0660700050348405,1.0,1.0,1.0,0.0,1.0,0.0,1.0,0.0,51.8447488584474,39.13013698630123,1.0,0.0,0.0,0.0,0.0,0.0,1.0,0.0,0.6669310198993551,1.0,0.0,1.0,0.0,1.0,0.0,0.7572865260687531,1.0,0.0,1.0,0.0,1.0,0.0,0.7881047635239777,1.0,0.0,1.0,0.0,1.0,0.0,0.8480553297975735,1.0,0.0,1.0,0.0,1.0,0.0,-0.0113897226446521,0.0166113814670583,0.0,0.0,1.0,0.0,0.0,0.0,1.0,0.0,40.78516564786162,40.35700828790482,1.0,0.0,0.0,0.0,0.0,0.0,0.0,0.0,0.1027671492316635,1.0,1.0,1.0,0.0,1.0,0.0,0.0585813388217733,1.0,1.0,1.0,0.0,1.0,0.0,0.0655381020698093,1.0,1.0,1.0,0.0,1.0,0.0,3.1253037907666466,1.0,0.0,0.0,0.0,0.0,0.0,-0.0903863880344831,-0.0045088843436303,0.0,0.0,0.0,1.0,0.0,0.0,0.0,1.0,24.34736592572537,27.836239537574272,0.0,0.0,0.0,0.0,0.0,0.0,0.0,0.0,-0.1406800148335841,0.0,1.0,0.0,1.0,0.0,1.0,-0.1544329804527987,0.0,1.0,0.0,1.0,0.0,1.0,-0.0307518748159908,0.0,1.0,0.0,1.0,0.0,1.0,7.7457572503203345,1.0,0.0,0.0,0.0,0.0,0.0,-0.3012987447345878,-0.0313606968812385,0.0,0.0,0.0,1.0,0.0,0.0,0.0,1.0,64.46555797384518,65.66695190083769,0.0,0.0,0.0,0.0,0.0,0.0,0.0,1.0,-0.343632138067923,0.0,0.0,0.0,1.0,0.0,1.0,0.1197434688960813,1.0,1.0,0.0,0.0,0.0,0.0,2.561565754786026,1.0,0.0,0.0,0.0,0.0,0.0,8.396862519000335,1.0,0.0,0.0,0.0,0.0,0.0,0.665814874183464,-0.1533499701762499,1.0,1.0,0.0,0.0,0.0,0.0,0.0,6.0,88.86607346566278,90.7551600882196,0.0,1.0,0.0,13.0,0.0,0.0,0.0,0.0,1.2526932483286255,1.0,0.0,0.0,0.0,0.0,0.0,4.78500927411085,1.0,0.0,0.0,0.0,0.0,0.0,10.170685756328329,1.0,0.0,0.0,0.0,0.0,0.0,-1.115159495563928,0.0,0.0,0.0,0.0,0.0,0.0,0.7849333258190923,0.9144942106260228,1.0,1.0,0.0,0.0,1.0,0.0,4.0,0.0,61.56091915330634,48.68479364113359,1.0,0.0,0.0,0.0,0.0,0.0,0.0,0.0,7.304236750547282,1.0,0.0,0.0,0.0,0.0,0.0,3.73266813778466,1.0,0.0,1.0,0.0,1.0,0.0,,0.0,0.0,0.0,0.0,0.0,0.0,,0.0,0.0,0.0,0.0,0.0,0.0,-2.388953214803104,-0.4832062946807425,0.0,0.0,0.0,0.0,0.0,0.0,0.0,4.0,,,0.0,0.0,0.0,0.0,0.0,0.0,0.0,0.0,-9.45582364762648,0.0,0.0,0.0,0.0,0.0,0.0,-13.813270652445183,0.0,0.0,0.0,0.0,0.0,0.0,,0.0,0.0,0.0,0.0,0.0,0.0,,0.0,0.0,0.0,0.0,0.0,0.0
72,SHORT,1.106,30,0.5,118.915,120.23,2024-08-15 13:35:00+00:00,2024-08-15 14:05:00+00:00,-0.0255757161397276,-0.0087341249114379,0,0,0,0,0,0,0,6,48.6096311839776,63.51065867227957,0,0,0,0,0,0,0,0,0.0233441506653948,1,1,1,0,1,0,0.2520638743621796,1,1,0,0,1,0,0.8273731717774159,1,0,0,0,0,0,1.68264393514218,1,0,0,0,0,0,0.106153252476666,0.0346475444625529,1.0,1.0,0.0,0.0,0.0,0.0,6.0,0.0,94.26867109531064,88.08004611021728,1.0,1.0,0.0,3.0,0.0,0.0,0.0,0.0,0.6415422458860404,1.0,0.0,0.0,0.0,0.0,0.0,1.1050876792351874,1.0,0.0,0.0,0.0,0.0,0.0,1.829466639374381,1.0,0.0,0.0,0.0,0.0,0.0,2.335307635667184,1.0,0.0,0.0,0.0,0.0,0.0,0.1332432875755913,0.0205708140780071,1.0,1.0,1.0,0.0,0.0,0.0,1.0,0.0,63.78205128205133,69.65130023640673,0.0,0.0,0.0,0.0,0.0,0.0,0.0,0.0,0.499387006510179,1.0,0.0,1.0,0.0,1.0,0.0,0.8406347216995667,1.0,0.0,1.0,0.0,1.0,0.0,1.1334853067572437,1.0,0.0,0.0,0.0,1.0,0.0,4.043348402477178,1.0,0.0,0.0,0.0,0.0,0.0,0.0395830156809561,-0.024888862215312,1.0,1.0,0.0,1.0,0.0,0.0,0.0,1.0,71.12820512820518,64.40914007688743,1.0,0.0,0.0,0.0,0.0,0.0,0.0,0.0,-0.0511367240940668,0.0,1.0,0.0,1.0,0.0,1.0,0.1546475481842686,1.0,1.0,0.0,0.0,0.0,0.0,0.3751573656668052,1.0,0.0,0.0,0.0,0.0,0.0,8.119899364760059,1.0,0.0,0.0,0.0,0.0,0.0,-0.1901131091426444,0.1138238214768385,0.0,0.0,1.0,0.0,0.0,0.0,1.0,0.0,65.58260806260805,63.34928103392186,1.0,0.0,0.0,0.0,0.0,0.0,1.0,0.0,1.02582367866981,1.0,0.0,1.0,0.0,1.0,0.0,1.567245724707907,1.0,0.0,0.0,0.0,1.0,0.0,3.815343410531105,1.0,0.0,0.0,0.0,0.0,0.0,10.018409386636456,1.0,0.0,0.0,0.0,0.0,0.0,0.665814874183464,-0.1533499701762499,1.0,1.0,0.0,0.0,0.0,0.0,0.0,6.0,88.86607346566278,90.7551600882196,0.0,1.0,0.0,13.0,0.0,0.0,0.0,0.0,1.2526932483286255,1.0,0.0,0.0,0.0,0.0,0.0,4.78500927411085,1.0,0.0,0.0,0.0,0.0,0.0,10.170685756328329,1.0,0.0,0.0,0.0,0.0,0.0,-1.115159495563928,0.0,0.0,0.0,0.0,0.0,0.0,0.7849333258190923,0.9144942106260228,1.0,1.0,0.0,0.0,1.0,0.0,4.0,0.0,61.56091915330634,48.68479364113359,1.0,0.0,0.0,0.0,0.0,0.0,0.0,0.0,7.304236750547282,1.0,0.0,0.0,0.0,0.0,0.0,3.73266813778466,1.0,0.0,1.0,0.0,1.0,0.0,,0.0,0.0,0.0,0.0,0.0,0.0,,0.0,0.0,0.0,0.0,0.0,0.0,-2.388953214803104,-0.4832062946807425,0.0,0.0,0.0,0.0,0.0,0.0,0.0,4.0,,,0.0,0.0,0.0,0.0,0.0,0.0,0.0,0.0,-9.45582364762648,0.0,0.0,0.0,0.0,0.0,0.0,-13.813270652445183,0.0,0.0,0.0,0.0,0.0,0.0,,0.0,0.0,0.0,0.0,0.0,0.0,,0.0,0.0,0.0,0.0,0.0,0.0
73,SHORT,-1.533,115,1.9,123.32,121.43,2024-08-16 11:20:00+00:00,2024-08-16 13:15:00+00:00,-0.0381337120567335,-0.0020492447871412,0,0,0,0,0,0,0,13,24.006089349493447,20.95949823399537,1,0,0,0,1,0,0,0,-0.0517490721434575,0,1,0,0,0,1,-0.0379356119878934,0,1,0,0,0,1,0.1607091487087224,1,1,0,0,0,0,-1.044230291272191,0,0,0,0,0,0,0.009027251962464,0.0369134509857433,1.0,1.0,0.0,0.0,1.0,0.0,7.0,0.0,31.79702048417123,26.84667908131588,1.0,0.0,0.0,0.0,0.0,0.0,0.0,0.0,0.0906234178802016,1.0,1.0,0.0,0.0,0.0,0.0,-0.3104006226676338,0.0,0.0,0.0,0.0,0.0,0.0,-1.1020735791134404,0.0,0.0,0.0,0.0,0.0,0.0,-0.5877549631696186,0.0,0.0,0.0,0.0,0.0,0.0,-0.3088542740089332,0.0119977352926126,0.0,0.0,1.0,0.0,0.0,0.0,1.0,0.0,15.083798882681464,9.275558023965266,1.0,0.0,1.0,4.0,1.0,0.0,0.0,0.0,-0.4722586474560727,0.0,0.0,0.0,0.0,0.0,0.0,-0.9227130863250728,0.0,0.0,0.0,0.0,0.0,0.0,-1.026252676506718,0.0,0.0,0.0,0.0,0.0,0.0,2.563611228453126,1.0,0.0,0.0,0.0,0.0,0.0,-0.2802966509821022,-0.1304355141864607,0.0,0.0,0.0,0.0,0.0,0.0,0.0,6.0,44.5769369200195,65.89909706899519,0.0,0.0,0.0,0.0,0.0,0.0,0.0,0.0,-1.2338908893297007,0.0,0.0,0.0,0.0,0.0,1.0,-1.0472132640521186,0.0,0.0,0.0,1.0,0.0,1.0,0.4884890237032939,1.0,0.0,0.0,0.0,0.0,0.0,7.938599271935804,1.0,0.0,0.0,0.0,0.0,0.0,-0.0791651098239989,-0.0634020738887612,0.0,0.0,0.0,0.0,0.0,0.0,0.0,11.0,85.05978252299984,91.15737091125231,0.0,1.0,0.0,15.0,0.0,0.0,0.0,0.0,0.0335128515207974,1.0,1.0,0.0,0.0,1.0,0.0,1.1974436667223285,1.0,0.0,0.0,0.0,0.0,0.0,3.688855059558716,1.0,0.0,0.0,0.0,0.0,0.0,12.686739373950132,1.0,0.0,0.0,0.0,0.0,0.0,0.5832690121536155,-0.0459836373450626,1.0,1.0,0.0,0.0,0.0,0.0,0.0,2.0,97.12979197665544,95.52026879377524,1.0,1.0,0.0,18.0,0.0,0.0,0.0,0.0,2.210949482466336,1.0,0.0,0.0,0.0,0.0,0.0,6.12523650240388,1.0,0.0,0.0,0.0,0.0,0.0,13.918175990899698,1.0,0.0,0.0,0.0,0.0,0.0,3.5457136127648963,1.0,0.0,0.0,0.0,0.0,0.0,1.3993679115682278,0.6144345857491356,1.0,1.0,0.0,0.0,0.0,0.0,5.0,0.0,76.4132988468585,62.21151417178576,1.0,0.0,0.0,0.0,0.0,0.0,0.0,0.0,5.942931733078267,1.0,0.0,0.0,0.0,0.0,0.0,3.7907814826073194,1.0,0.0,0.0,0.0,0.0,0.0,,0.0,0.0,0.0,0.0,0.0,0.0,,0.0,0.0,0.0,0.0,0.0,0.0,-2.388953214803104,-0.4832062946807425,0.0,0.0,0.0,0.0,0.0,0.0,0.0,4.0,,,0.0,0.0,0.0,0.0,0.0,0.0,0.0,0.0,-9.45582364762648,0.0,0.0,0.0,0.0,0.0,0.0,-13.813270652445183,0.0,0.0,0.0,0.0,0.0,0.0,,0.0,0.0,0.0,0.0,0.0,0.0,,0.0,0.0,0.0,0.0,0.0,0.0
74,SHORT,-1.166,190,3.2,124.35,122.9,2024-08-16 21:45:00+00:00,2024-08-19 08:55:00+00:00,0.0123115796052071,-0.0044887163214389,1,1,0,1,0,0,0,1,61.481481481481005,61.4255765199155,1,0,0,0,0,0,0,0,-0.0448088983259491,0,1,0,1,0,0,-0.0852168013426897,0,1,0,0,0,0,-0.1759307843134067,0,1,0,0,0,0,-0.903843625039636,0,0,0,0,0,0,-0.0749642942955962,0.015497118897265,0.0,0.0,0.0,0.0,0.0,0.0,5.0,0.0,11.227980705892262,10.950681031002157,1.0,0.0,1.0,4.0,1.0,0.0,0.0,0.0,-0.1348868855475332,0.0,1.0,0.0,0.0,0.0,0.0,-0.4673840020405039,0.0,0.0,0.0,0.0,0.0,0.0,-0.917364372887798,0.0,0.0,0.0,0.0,0.0,0.0,-0.5771119489430959,0.0,0.0,0.0,0.0,0.0,0.0,-0.1588529219117706,-0.0252165566316057,0.0,0.0,0.0,0.0,0.0,0.0,0.0,4.0,22.655669314469097,46.01258905693115,0.0,0.0,0.0,0.0,0.0,0.0,0.0,0.0,-0.4705416032428438,0.0,0.0,0.0,0.0,0.0,0.0,-0.6679208483945045,0.0,0.0,0.0,0.0,0.0,0.0,-0.468159017076037,0.0,0.0,0.0,0.0,0.0,0.0,2.211837204698234,1.0,0.0,0.0,0.0,0.0,0.0,-0.1223907385168314,-0.0307334150501707,0.0,0.0,0.0,0.0,0.0,0.0,0.0,12.0,83.0328247803976,86.392356295269,0.0,1.0,0.0,15.0,0.0,0.0,0.0,0.0,-0.2799069539042488,0.0,1.0,0.0,0.0,0.0,1.0,-0.1170674480816428,0.0,1.0,0.0,1.0,0.0,1.0,0.4311925858755515,1.0,0.0,0.0,0.0,0.0,0.0,7.871873327699691,1.0,0.0,0.0,0.0,0.0,0.0,-0.138402957521694,-0.025249972325525,0.0,0.0,0.0,0.0,0.0,0.0,0.0,4.0,85.05032822757113,86.38755166545104,0.0,1.0,0.0,6.0,0.0,0.0,0.0,0.0,0.0465863413252043,1.0,1.0,0.0,0.0,1.0,0.0,0.7747100666744395,1.0,0.0,0.0,0.0,0.0,0.0,2.9460281063953606,1.0,0.0,0.0,0.0,0.0,0.0,13.390776140923144,1.0,0.0,0.0,0.0,0.0,0.0,0.2212948696851313,-0.0995476782986575,1.0,1.0,0.0,0.0,0.0,0.0,0.0,6.0,91.2775236352547,91.3615501394883,0.0,1.0,0.0,22.0,0.0,0.0,0.0,0.0,1.214217111472855,1.0,0.0,0.0,0.0,1.0,0.0,4.715360223466607,1.0,0.0,0.0,0.0,0.0,0.0,13.29022049051026,1.0,0.0,0.0,0.0,0.0,0.0,4.488457152232169,1.0,0.0,0.0,0.0,0.0,0.0,2.119630964041148,0.7202630524729203,1.0,1.0,0.0,0.0,0.0,0.0,6.0,0.0,89.79893650148023,75.92438483388169,1.0,1.0,0.0,1.0,0.0,0.0,0.0,0.0,8.399450171882183,1.0,0.0,0.0,0.0,0.0,0.0,7.9442327795934835,1.0,0.0,0.0,0.0,0.0,0.0,,0.0,0.0,0.0,0.0,0.0,0.0,,0.0,0.0,0.0,0.0,0.0,0.0,-1.3102632894750696,1.0786899253280344,0.0,0.0,1.0,0.0,0.0,0.0,1.0,0.0,,,0.0,0.0,0.0,0.0,0.0,0.0,0.0,0.0,5.633886305309747,1.0,0.0,1.0,0.0,1.0,0.0,1.99171982498476,1.0,0.0,1.0,0.0,1.0,0.0,,0.0,0.0,0.0,0.0,0.0,0.0,,0.0,0.0,0.0,0.0,0.0,0.0
75,LONG,1.233,145,2.4,123.23,124.75,2024-08-19 09:30:00+00:00,2024-08-19 11:55:00+00:00,0.0224250839117871,0.0190480156578331,1,1,0,0,0,0,8,0,80.66666666666724,65.68253968254105,1,1,0,1,0,0,0,0,0.1912554397830126,1,1,0,0,0,0,0.2244221184156036,1,1,0,0,0,0,0.2143583115981212,1,1,0,0,0,0,0.8562962301816415,1,0,0,0,0,0,0.0174985298688777,-0.0214422989432289,1.0,1.0,0.0,0.0,0.0,0.0,0.0,5.0,86.48648648648692,91.9919919919924,0.0,1.0,0.0,9.0,0.0,0.0,0.0,0.0,-0.0439116935534809,0.0,1.0,0.0,1.0,0.0,1.0,0.1570810946015981,1.0,1.0,0.0,0.0,0.0,0.0,0.5569044195058722,1.0,0.0,0.0,0.0,0.0,0.0,0.4851337239010783,1.0,0.0,0.0,0.0,0.0,0.0,0.130488454971093,0.0286919944884847,1.0,1.0,0.0,0.0,0.0,0.0,9.0,0.0,86.42159985964503,74.60440578532462,1.0,1.0,0.0,1.0,0.0,0.0,0.0,0.0,0.4272003926965023,1.0,0.0,0.0,0.0,0.0,0.0,0.5455383594334754,1.0,0.0,0.0,0.0,0.0,0.0,0.40740194533741,1.0,0.0,0.0,0.0,0.0,0.0,2.9735258726666403,1.0,0.0,0.0,0.0,0.0,0.0,-0.1260733208232692,0.0252568461314736,0.0,0.0,0.0,0.0,0.0,0.0,3.0,0.0,77.06511175898925,70.5469812353244,1.0,0.0,0.0,0.0,0.0,0.0,0.0,0.0,0.0396766578257866,1.0,1.0,0.0,0.0,1.0,0.0,-0.0133079260729786,0.0,1.0,0.0,1.0,0.0,1.0,0.2692269239364571,1.0,1.0,0.0,0.0,0.0,0.0,7.339447433345176,1.0,0.0,0.0,0.0,0.0,0.0,-0.2689579089731162,-0.0137267387899107,0.0,0.0,0.0,0.0,0.0,0.0,0.0,7.0,66.60228642879474,73.5744553109355,0.0,0.0,0.0,0.0,0.0,0.0,0.0,0.0,-0.1724165378484919,0.0,1.0,0.0,0.0,0.0,0.0,0.2258203723078037,1.0,1.0,1.0,0.0,1.0,0.0,2.1336497708428888,1.0,0.0,0.0,0.0,0.0,0.0,12.767867700102723,1.0,0.0,0.0,0.0,0.0,0.0,0.2212948696851313,-0.0995476782986575,1.0,1.0,0.0,0.0,0.0,0.0,0.0,6.0,91.2775236352547,91.3615501394883,0.0,1.0,0.0,22.0,0.0,0.0,0.0,0.0,1.214217111472855,1.0,0.0,0.0,0.0,1.0,0.0,4.715360223466607,1.0,0.0,0.0,0.0,0.0,0.0,13.29022049051026,1.0,0.0,0.0,0.0,0.0,0.0,4.488457152232169,1.0,0.0,0.0,0.0,0.0,0.0,2.119630964041148,0.7202630524729203,1.0,1.0,0.0,0.0,0.0,0.0,6.0,0.0,89.79893650148023,75.92438483388169,1.0,1.0,0.0,1.0,0.0,0.0,0.0,0.0,8.399450171882183,1.0,0.0,0.0,0.0,0.0,0.0,7.9442327795934835,1.0,0.0,0.0,0.0,0.0,0.0,,0.0,0.0,0.0,0.0,0.0,0.0,,0.0,0.0,0.0,0.0,0.0,0.0,-1.3102632894750696,1.0786899253280344,0.0,0.0,1.0,0.0,0.0,0.0,1.0,0.0,,,0.0,0.0,0.0,0.0,0.0,0.0,0.0,0.0,5.633886305309747,1.0,0.0,1.0,0.0,1.0,0.0,1.99171982498476,1.0,0.0,1.0,0.0,1.0,0.0,,0.0,0.0,0.0,0.0,0.0,0.0,,0.0,0.0,0.0,0.0,0.0,0.0
76,SHORT,-1.315,65,1.1,130.06,128.35,2024-08-22 13:45:00+00:00,2024-08-22 14:50:00+00:00,-0.0257078305404011,0.0054835411807098,0,0,1,0,0,0,1,0,30.47235110340965,26.8695588813882,1,0,0,0,0,0,0,0,-0.0537812355131774,0,1,0,0,0,0,-0.1824142589402891,0,1,0,0,0,0,-0.3433731775046904,0,0,0,0,0,0,-1.0395713994924112,0,0,0,0,0,0,-0.1103649959855479,0.0083223472845331,0.0,0.0,0.0,0.0,0.0,0.0,5.0,0.0,17.08333333333363,21.5568783068787,0.0,0.0,1.0,2.0,0.0,0.0,0.0,0.0,-0.2200021183454994,0.0,1.0,0.0,0.0,0.0,0.0,-0.5397990970343027,0.0,0.0,0.0,0.0,0.0,0.0,-0.8880177676016333,0.0,0.0,0.0,0.0,0.0,0.0,-0.0662064297171259,0.0,1.0,0.0,0.0,0.0,1.0,-0.1703852973849593,-0.0489752094221764,0.0,0.0,0.0,0.0,0.0,0.0,0.0,4.0,32.34712643678184,49.93869731800785,0.0,0.0,0.0,0.0,0.0,0.0,0.0,0.0,-0.5325825150916145,0.0,0.0,0.0,0.0,0.0,0.0,-0.5197845255355991,0.0,0.0,0.0,0.0,0.0,0.0,-0.0707829012790487,0.0,1.0,0.0,0.0,0.0,1.0,0.5618228020708733,1.0,0.0,0.0,0.0,0.0,0.0,0.0937420444492864,-0.0614607102529272,1.0,1.0,0.0,1.0,0.0,0.0,0.0,1.0,70.96236559139803,73.46957486168807,0.0,0.0,0.0,0.0,0.0,0.0,0.0,0.0,-0.1134333269794008,0.0,1.0,0.0,1.0,0.0,1.0,0.3678173379381266,1.0,0.0,0.0,0.0,0.0,0.0,1.2781297332606312,1.0,0.0,0.0,0.0,0.0,0.0,3.976210757023206,1.0,0.0,0.0,0.0,0.0,0.0,0.1650395407624908,0.0127070627908562,1.0,1.0,0.0,0.0,0.0,0.0,3.0,0.0,84.65162898070511,84.2249999249115,1.0,1.0,0.0,3.0,0.0,0.0,0.0,0.0,0.553171739969827,1.0,0.0,0.0,0.0,1.0,0.0,1.0966441720299576,1.0,0.0,0.0,0.0,1.0,0.0,1.3868303229393188,1.0,0.0,0.0,0.0,1.0,0.0,11.977822547687085,1.0,0.0,0.0,0.0,0.0,0.0,-0.5028593924388813,0.0148233371669843,0.0,0.0,0.0,0.0,0.0,0.0,3.0,0.0,77.81286326611576,75.26974055064181,1.0,0.0,0.0,0.0,0.0,0.0,0.0,0.0,0.4650051576437357,1.0,0.0,0.0,0.0,0.0,0.0,2.125173598196519,1.0,0.0,0.0,0.0,0.0,0.0,8.870123596708792,1.0,0.0,0.0,0.0,0.0,0.0,7.803030642602258,1.0,0.0,0.0,0.0,0.0,0.0,3.0628407341353143,-0.0233054943552573,1.0,1.0,0.0,1.0,0.0,0.0,0.0,1.0,95.01211550662512,95.83002730687228,0.0,1.0,0.0,4.0,0.0,1.0,0.0,0.0,4.596626306759063,1.0,0.0,0.0,0.0,0.0,0.0,7.576048887575289,1.0,0.0,0.0,0.0,0.0,0.0,,0.0,0.0,0.0,0.0,0.0,0.0,,0.0,0.0,0.0,0.0,0.0,0.0,-1.3102632894750696,1.0786899253280344,0.0,0.0,1.0,0.0,0.0,0.0,1.0,0.0,,,0.0,0.0,0.0,0.0,0.0,0.0,0.0,0.0,5.633886305309747,1.0,0.0,1.0,0.0,1.0,0.0,1.99171982498476,1.0,0.0,1.0,0.0,1.0,0.0,,0.0,0.0,0.0,0.0,0.0,0.0,,0.0,0.0,0.0,0.0,0.0,0.0
77,LONG,-1.593,80,1.3,126.82,124.8,2024-08-22 16:30:00+00:00,2024-08-22 17:50:00+00:00,-0.0533343045192816,0.0263725071645203,0,0,1,0,0,0,1,0,12.347680817610076,8.314998973394607,1,0,1,9,1,0,0,0,0.0022646327396657,1,1,1,0,1,0,-0.2763100407694163,0,1,0,0,0,0,-0.663757133583944,0,0,0,0,0,0,-1.4833026808654897,0,0,0,0,0,0,-0.0047336496289431,-0.0474552544517273,0.0,0.0,0.0,0.0,0.0,1.0,0.0,3.0,11.258957714453382,27.627678801563235,0.0,0.0,1.0,1.0,0.0,0.0,0.0,0.0,-0.5629229137493508,0.0,0.0,0.0,0.0,0.0,0.0,-0.9129288936370028,0.0,0.0,0.0,0.0,0.0,0.0,-1.875869674999955,0.0,0.0,0.0,0.0,0.0,0.0,-2.7479649653437668,0.0,0.0,0.0,0.0,0.0,0.0,-0.2144750667942243,0.0649408204485062,0.0,0.0,0.0,0.0,0.0,0.0,6.0,0.0,24.41105213012104,27.080577106301806,0.0,0.0,0.0,0.0,0.0,0.0,0.0,0.0,-0.1582718790457246,0.0,1.0,0.0,0.0,0.0,0.0,-0.9699342156257644,0.0,0.0,0.0,0.0,0.0,0.0,-1.799726471942341,0.0,0.0,0.0,0.0,0.0,0.0,-1.5216784809334714,0.0,0.0,0.0,0.0,0.0,0.0,-0.4929408765122459,-0.0657864886981809,0.0,0.0,0.0,0.0,0.0,0.0,0.0,7.0,23.84830035514956,18.146104727050844,1.0,0.0,0.0,0.0,0.0,0.0,0.0,0.0,-1.3573954720812953,0.0,0.0,0.0,0.0,0.0,0.0,-1.999908222113038,0.0,0.0,0.0,0.0,0.0,0.0,-1.928142507313211,0.0,0.0,0.0,0.0,0.0,0.0,0.5159052622835837,1.0,0.0,0.0,0.0,0.0,0.0,-0.2108756812585644,-0.2625650272509626,0.0,0.0,0.0,0.0,0.0,1.0,0.0,3.0,36.42594066799882,54.88919544531999,0.0,0.0,0.0,0.0,0.0,0.0,0.0,0.0,-2.2070390881631603,0.0,0.0,0.0,0.0,0.0,1.0,-2.199439152655501,0.0,0.0,0.0,0.0,0.0,1.0,-2.1143420667843427,0.0,0.0,0.0,1.0,0.0,1.0,7.870252303690058,1.0,0.0,0.0,0.0,0.0,0.0,-0.3956218926495718,0.1072374997893095,0.0,0.0,0.0,0.0,0.0,0.0,4.0,0.0,79.62585048452426,77.75382277183462,1.0,0.0,0.0,0.0,0.0,0.0,0.0,0.0,1.317993192409478,1.0,0.0,0.0,0.0,1.0,0.0,3.064724530373907,1.0,0.0,0.0,0.0,0.0,0.0,9.63143666647304,1.0,0.0,0.0,0.0,0.0,0.0,9.125101230927118,1.0,0.0,0.0,0.0,0.0,0.0,3.0628407341353143,-0.0233054943552573,1.0,1.0,0.0,1.0,0.0,0.0,0.0,1.0,95.01211550662512,95.83002730687228,0.0,1.0,0.0,4.0,0.0,1.0,0.0,0.0,4.596626306759063,1.0,0.0,0.0,0.0,0.0,0.0,7.576048887575289,1.0,0.0,0.0,0.0,0.0,0.0,,0.0,0.0,0.0,0.0,0.0,0.0,,0.0,0.0,0.0,0.0,0.0,0.0,-1.3102632894750696,1.0786899253280344,0.0,0.0,1.0,0.0,0.0,0.0,1.0,0.0,,,0.0,0.0,0.0,0.0,0.0,0.0,0.0,0.0,5.633886305309747,1.0,0.0,1.0,0.0,1.0,0.0,1.99171982498476,1.0,0.0,1.0,0.0,1.0,0.0,,0.0,0.0,0.0,0.0,0.0,0.0,,0.0,0.0,0.0,0.0,0.0,0.0
78,SHORT,-1.438,70,1.2,128.615,126.7658,2024-08-26 14:05:00+00:00,2024-08-26 15:15:00+00:00,-0.0103902671389389,-0.0115218544719312,0,0,0,0,0,1,0,3,58.836363636364695,64.41438109912758,0,0,0,0,0,0,0,1,-0.0507768980537656,0,1,0,1,0,1,0.0456659292218255,1,1,0,0,1,0,0.361422346685659,1,0,0,0,0,0,-1.4573994451946202,0,0,0,0,0,0,0.0235996837262404,0.0585641346543981,1.0,1.0,0.0,0.0,1.0,0.0,6.0,0.0,48.93759565486919,41.39166469018005,1.0,0.0,0.0,0.0,0.0,0.0,0.0,0.0,0.143681029929684,1.0,1.0,0.0,0.0,1.0,0.0,-0.471177348910155,0.0,0.0,0.0,0.0,0.0,0.0,-1.6831485257681893,0.0,0.0,0.0,0.0,0.0,0.0,-1.7514534889351188,0.0,0.0,0.0,0.0,0.0,0.0,-0.4347155688360338,0.0182965055706125,0.0,0.0,1.0,0.0,0.0,0.0,1.0,0.0,21.698701266202875,13.883562366799175,1.0,0.0,0.0,0.0,1.0,0.0,0.0,0.0,-0.7519021522855518,0.0,0.0,0.0,0.0,0.0,0.0,-1.58667091810284,0.0,0.0,0.0,0.0,0.0,0.0,-2.0582689255770408,0.0,0.0,0.0,0.0,0.0,0.0,-0.7600131478592156,0.0,0.0,0.0,0.0,0.0,0.0,-0.4072844271232521,-0.1463690746647665,0.0,0.0,0.0,0.0,0.0,0.0,0.0,8.0,14.333317891615886,21.641358415106374,0.0,0.0,1.0,2.0,0.0,0.0,0.0,0.0,-1.6165467576155126,0.0,0.0,0.0,0.0,0.0,0.0,-1.7918144596848973,0.0,0.0,0.0,0.0,0.0,0.0,-0.7824966787732005,0.0,0.0,0.0,1.0,0.0,1.0,-0.1813248104408469,0.0,1.0,0.0,1.0,0.0,1.0,-0.0112621731961992,-0.1297114606740312,0.0,0.0,0.0,0.0,0.0,1.0,0.0,11.0,67.23720533084939,78.80916148855522,0.0,0.0,0.0,0.0,0.0,0.0,0.0,0.0,-0.681243367918412,0.0,0.0,0.0,0.0,0.0,1.0,-0.1038100508077591,0.0,1.0,0.0,1.0,0.0,1.0,0.7175825261568838,1.0,0.0,0.0,0.0,0.0,0.0,6.844508390621233,1.0,0.0,0.0,0.0,0.0,0.0,-0.1129917851758954,0.1430153606686848,0.0,0.0,0.0,0.0,0.0,0.0,6.0,0.0,82.48945147679323,70.26722925457103,1.0,1.0,0.0,1.0,0.0,0.0,0.0,0.0,1.5194062879583867,1.0,0.0,0.0,0.0,0.0,0.0,2.5577909280804887,1.0,0.0,0.0,0.0,0.0,0.0,6.186945428369083,1.0,0.0,0.0,0.0,0.0,0.0,9.05859380712894,1.0,0.0,0.0,0.0,0.0,0.0,2.6848117340659634,-0.3913507599328989,1.0,1.0,0.0,1.0,0.0,0.0,0.0,1.0,89.8927381310068,93.13103646085511,0.0,1.0,0.0,6.0,0.0,0.0,0.0,0.0,1.4979487541016128,1.0,0.0,0.0,0.0,0.0,0.0,4.9513732390364735,1.0,0.0,0.0,0.0,0.0,0.0,,0.0,0.0,0.0,0.0,0.0,0.0,,0.0,0.0,0.0,0.0,0.0,0.0,-0.2149437219605223,1.0953195675145473,0.0,0.0,0.0,0.0,0.0,0.0,2.0,0.0,,,0.0,0.0,0.0,0.0,0.0,0.0,0.0,0.0,7.66265043951779,1.0,0.0,0.0,0.0,0.0,0.0,5.674249318357876,1.0,0.0,0.0,0.0,0.0,0.0,,0.0,0.0,0.0,0.0,0.0,0.0,,0.0,0.0,0.0,0.0,0.0,0.0
79,SHORT,-6.104,130,2.2,124.7685,117.1521,2024-08-28 20:10:00+00:00,2024-08-28 22:20:00+00:00,0.0523816955874047,-0.0201710486408982,1,1,0,0,0,0,0,4,37.78670438092189,51.10458090281609,0,0,0,0,0,0,0,0,-0.0563590618674447,0,1,0,0,0,0,0.045019652299597,1,1,1,0,1,0,-0.1214021138484993,0,1,0,0,0,0,-3.831064080596941,0,0,0,0,0,0,0.0521019642720586,0.1285142516382145,1.0,1.0,0.0,0.0,1.0,0.0,3.0,0.0,38.60134968479425,22.930584701295498,1.0,0.0,0.0,0.0,0.0,0.0,0.0,0.0,0.4063589317204333,1.0,0.0,1.0,0.0,1.0,0.0,-0.9397662250401698,0.0,0.0,0.0,0.0,0.0,0.0,-3.889203015955165,0.0,0.0,0.0,0.0,0.0,0.0,-6.711831297358685,0.0,0.0,0.0,0.0,0.0,0.0,-0.8848672303634286,-0.1444330252396135,0.0,0.0,0.0,0.0,0.0,0.0,0.0,9.0,14.30750307503066,22.386059860598525,0.0,0.0,1.0,1.0,0.0,0.0,0.0,0.0,-3.476931635181,0.0,0.0,0.0,0.0,0.0,0.0,-5.811887448592279,0.0,0.0,0.0,0.0,0.0,0.0,-8.342824567799815,0.0,0.0,0.0,0.0,0.0,0.0,-9.623826633916414,0.0,0.0,0.0,0.0,0.0,0.0,-0.7321167853366,-0.2350152856236427,0.0,0.0,0.0,0.0,0.0,0.0,0.0,3.0,32.142681426814235,42.14111034926942,0.0,0.0,0.0,0.0,0.0,0.0,0.0,0.0,-3.6717916361488863,0.0,0.0,0.0,0.0,0.0,0.0,-5.474381198928953,0.0,0.0,0.0,0.0,0.0,0.0,-7.24356968090028,0.0,0.0,0.0,0.0,0.0,0.0,-7.45694572186,0.0,0.0,0.0,0.0,0.0,0.0,-0.5660160818203277,-0.2642441087603431,0.0,0.0,0.0,1.0,0.0,0.0,0.0,1.0,47.56005117317227,42.85317945088653,1.0,0.0,0.0,0.0,0.0,0.0,0.0,0.0,-3.277974514783976,0.0,0.0,0.0,0.0,0.0,1.0,-4.375551544356902,0.0,0.0,0.0,0.0,0.0,1.0,-5.240869023041162,0.0,0.0,0.0,0.0,0.0,1.0,-3.0216996671827365,0.0,0.0,0.0,1.0,0.0,1.0,-0.2987790785026297,-0.1535943625225622,0.0,0.0,0.0,1.0,0.0,0.0,0.0,1.0,51.23229731910633,55.28881455352331,0.0,0.0,0.0,0.0,0.0,0.0,0.0,1.0,-1.4082280169221164,0.0,0.0,0.0,1.0,0.0,1.0,-1.2881559638346465,0.0,0.0,0.0,1.0,0.0,1.0,-0.3267953618121425,0.0,0.0,0.0,1.0,0.0,1.0,5.081862759580049,1.0,0.0,0.0,0.0,0.0,0.0,2.264142957955108,-0.3574121764067199,1.0,1.0,0.0,0.0,0.0,0.0,0.0,3.0,88.55001682563181,90.0980898915208,0.0,1.0,0.0,8.0,0.0,0.0,0.0,0.0,1.487979207448778,1.0,0.0,0.0,0.0,1.0,0.0,5.248661774802335,1.0,0.0,0.0,0.0,0.0,0.0,,0.0,0.0,0.0,0.0,0.0,0.0,,0.0,0.0,0.0,0.0,0.0,0.0,-0.2149437219605223,1.0953195675145473,0.0,0.0,0.0,0.0,0.0,0.0,2.0,0.0,,,0.0,0.0,0.0,0.0,0.0,0.0,0.0,0.0,7.66265043951779,1.0,0.0,0.0,0.0,0.0,0.0,5.674249318357876,1.0,0.0,0.0,0.0,0.0,0.0,,0.0,0.0,0.0,0.0,0.0,0.0,,0.0,0.0,0.0,0.0,0.0,0.0
80,SHORT,-1.257,135,2.2,122.55,121.01,2024-08-29 10:20:00+00:00,2024-08-29 12:35:00+00:00,0.0122103153197643,-0.0254704431667004,1,1,0,0,0,0,0,3,32.32128332654181,48.304009464924896,0,0,0,0,0,0,0,0,-0.1635593465164027,0,1,0,0,0,0,-0.1117780076417208,0,1,0,0,0,1,-0.161550014170926,0,1,0,0,0,0,-0.6643055073101143,0,0,0,0,0,0,0.0163981117020696,0.05490956985041,1.0,1.0,0.0,0.0,1.0,0.0,2.0,0.0,55.752867831878426,52.05933753618223,1.0,0.0,0.0,0.0,0.0,0.0,1.0,0.0,0.4390526795119808,1.0,0.0,0.0,0.0,1.0,0.0,0.3887242738969181,1.0,0.0,1.0,0.0,1.0,0.0,0.2242992150177991,1.0,1.0,1.0,0.0,1.0,0.0,-1.0256570005438246,0.0,0.0,0.0,0.0,0.0,0.0,0.0569053402225595,-0.0616830553977231,1.0,1.0,0.0,0.0,0.0,0.0,0.0,9.0,48.31181252988989,41.72309140458338,1.0,0.0,0.0,0.0,0.0,0.0,0.0,0.0,-0.3520656417254102,0.0,0.0,0.0,1.0,0.0,1.0,-0.1870453027281685,0.0,1.0,0.0,1.0,0.0,1.0,-0.7094502540618197,0.0,0.0,0.0,0.0,0.0,1.0,-4.160304462852897,0.0,0.0,0.0,0.0,0.0,0.0,0.495456999310002,0.0050585123447939,1.0,1.0,1.0,0.0,0.0,0.0,1.0,0.0,59.56422113042394,56.800380800554585,1.0,0.0,0.0,0.0,0.0,0.0,1.0,0.0,0.3805561037699271,1.0,0.0,1.0,0.0,1.0,0.0,-0.0020027698134394,0.0,1.0,0.0,0.0,0.0,1.0,-2.6317697859746083,0.0,0.0,0.0,0.0,0.0,0.0,-4.309599536778048,0.0,0.0,0.0,0.0,0.0,0.0,-0.1771811100944951,0.1264782962071893,0.0,0.0,0.0,0.0,0.0,0.0,4.0,0.0,47.31898523900822,39.95505695730634,1.0,0.0,0.0,0.0,0.0,0.0,0.0,0.0,-0.0946572741450058,0.0,1.0,0.0,1.0,0.0,1.0,-1.774807749159456,0.0,0.0,0.0,1.0,0.0,1.0,-4.083150126591985,0.0,0.0,0.0,0.0,0.0,0.0,-3.2147287921868424,0.0,0.0,0.0,0.0,0.0,0.0,-1.1186586345328835,-0.1591478892761719,0.0,0.0,0.0,0.0,0.0,0.0,0.0,4.0,26.490088642988884,32.99423663915587,0.0,0.0,0.0,0.0,0.0,0.0,0.0,0.0,-3.2364482880254166,0.0,0.0,0.0,0.0,0.0,0.0,-4.706932568907308,0.0,0.0,0.0,0.0,0.0,0.0,-5.138460505593223,0.0,0.0,0.0,0.0,0.0,0.0,0.1677602784323973,1.0,1.0,1.0,0.0,1.0,0.0,1.9912061171750384,-0.2729368407800689,1.0,1.0,0.0,0.0,0.0,0.0,0.0,4.0,90.4136745390482,90.27173536086794,1.0,1.0,0.0,9.0,0.0,0.0,0.0,0.0,1.8521301928810008,1.0,0.0,0.0,0.0,1.0,0.0,5.594195728541522,1.0,0.0,0.0,0.0,0.0,0.0,,0.0,0.0,0.0,0.0,0.0,0.0,,0.0,0.0,0.0,0.0,0.0,0.0,-0.2149437219605223,1.0953195675145473,0.0,0.0,0.0,0.0,0.0,0.0,2.0,0.0,,,0.0,0.0,0.0,0.0,0.0,0.0,0.0,0.0,7.66265043951779,1.0,0.0,0.0,0.0,0.0,0.0,5.674249318357876,1.0,0.0,0.0,0.0,0.0,0.0,,0.0,0.0,0.0,0.0,0.0,0.0,,0.0,0.0,0.0,0.0,0.0,0.0
81,SHORT,-1.942,30,0.5,123.57,121.17,2024-08-29 13:35:00+00:00,2024-08-29 14:05:00+00:00,-0.2197642609108989,-0.0595465066763677,0,0,0,0,0,0,0,6,8.708840323483189,17.39154646139231,0,0,1,2,0,0,0,0,-0.8561048023657312,0,0,0,0,0,1,-1.1270978268033356,0,0,0,0,0,0,-1.0147131495103754,0,0,0,0,0,0,-0.2828175814502315,0,1,0,1,0,1,0.1869963655374103,-0.0124665006862833,1.0,1.0,0.0,1.0,0.0,0.0,0.0,1.0,73.03921568627449,67.85714285714293,1.0,0.0,0.0,0.0,0.0,0.0,0.0,0.0,0.3563692975201886,1.0,0.0,0.0,0.0,0.0,0.0,0.8404216841529687,1.0,0.0,0.0,0.0,0.0,0.0,1.0949241655794917,1.0,0.0,0.0,0.0,0.0,0.0,0.5369223154469352,1.0,0.0,0.0,0.0,0.0,0.0,0.0357897320594931,0.078537273214772,1.0,1.0,1.0,0.0,1.0,0.0,1.0,0.0,55.43766546307981,54.21673633902885,1.0,0.0,0.0,0.0,0.0,0.0,1.0,0.0,0.7510931275012824,1.0,0.0,1.0,0.0,1.0,0.0,0.9175702233007208,1.0,0.0,1.0,0.0,1.0,0.0,0.9383099184184414,1.0,0.0,1.0,0.0,1.0,0.0,-2.759781630136904,0.0,0.0,0.0,0.0,0.0,0.0,0.366013412538857,-0.1105948994888044,1.0,1.0,0.0,0.0,0.0,0.0,0.0,2.0,63.265687295079,66.16358503348361,0.0,0.0,0.0,0.0,0.0,0.0,0.0,1.0,-0.6526790022487295,0.0,0.0,0.0,1.0,0.0,1.0,-0.9506340590185658,0.0,0.0,0.0,0.0,0.0,1.0,-3.2910309359680965,0.0,0.0,0.0,0.0,0.0,0.0,-5.215983897938873,0.0,0.0,0.0,0.0,0.0,0.0,0.0664475189369293,0.1033571081325093,1.0,1.0,0.0,0.0,1.0,0.0,6.0,0.0,45.31365313653132,47.60030894428488,0.0,0.0,0.0,0.0,0.0,0.0,0.0,1.0,0.1854954336678755,1.0,1.0,0.0,0.0,1.0,0.0,-1.1368035661143774,0.0,0.0,0.0,0.0,0.0,1.0,-3.449793789295371,0.0,0.0,0.0,0.0,0.0,0.0,-2.86714837594413,0.0,0.0,0.0,0.0,0.0,0.0,-1.1186586345328835,-0.1591478892761719,0.0,0.0,0.0,0.0,0.0,0.0,0.0,4.0,26.490088642988884,32.99423663915587,0.0,0.0,0.0,0.0,0.0,0.0,0.0,0.0,-3.2364482880254166,0.0,0.0,0.0,0.0,0.0,0.0,-4.706932568907308,0.0,0.0,0.0,0.0,0.0,0.0,-5.138460505593223,0.0,0.0,0.0,0.0,0.0,0.0,0.1677602784323973,1.0,1.0,1.0,0.0,1.0,0.0,1.9912061171750384,-0.2729368407800689,1.0,1.0,0.0,0.0,0.0,0.0,0.0,4.0,90.4136745390482,90.27173536086794,1.0,1.0,0.0,9.0,0.0,0.0,0.0,0.0,1.8521301928810008,1.0,0.0,0.0,0.0,1.0,0.0,5.594195728541522,1.0,0.0,0.0,0.0,0.0,0.0,,0.0,0.0,0.0,0.0,0.0,0.0,,0.0,0.0,0.0,0.0,0.0,0.0,-0.2149437219605223,1.0953195675145473,0.0,0.0,0.0,0.0,0.0,0.0,2.0,0.0,,,0.0,0.0,0.0,0.0,0.0,0.0,0.0,0.0,7.66265043951779,1.0,0.0,0.0,0.0,0.0,0.0,5.674249318357876,1.0,0.0,0.0,0.0,0.0,0.0,,0.0,0.0,0.0,0.0,0.0,0.0,,0.0,0.0,0.0,0.0,0.0,0.0
82,SHORT,1.044,45,0.8,120.868,122.13,2024-08-29 14:15:00+00:00,2024-08-29 15:00:00+00:00,-0.0102512639636456,-0.022735786047706,0,0,0,0,0,1,0,6,74.1444510640079,80.01806385904308,0,0,0,0,0,0,0,0,-0.0723127448344312,0,1,0,0,0,1,0.1564821419267929,1,1,0,0,0,0,0.7885322406941943,1,0,0,0,0,0,0.4801355202482897,1,0,0,0,0,0,0.0382431969311572,0.067080716694361,1.0,1.0,0.0,0.0,1.0,0.0,6.0,0.0,55.55248016697623,47.67595996666745,1.0,0.0,0.0,0.0,0.0,0.0,0.0,0.0,0.5878528121077422,1.0,0.0,0.0,0.0,0.0,0.0,0.6066853709067936,1.0,0.0,0.0,0.0,0.0,0.0,0.7088950610512428,1.0,0.0,0.0,0.0,0.0,0.0,0.154559581384246,1.0,1.0,1.0,0.0,1.0,0.0,-0.029350610150379,-0.0194187816863604,0.0,0.0,0.0,0.0,0.0,0.0,0.0,3.0,46.9637117677552,55.625194401244045,0.0,0.0,0.0,0.0,0.0,0.0,0.0,0.0,-0.1501050723830489,0.0,1.0,0.0,0.0,0.0,1.0,-0.0643758706941975,0.0,1.0,0.0,0.0,0.0,1.0,0.2383795273476921,1.0,1.0,0.0,0.0,1.0,0.0,-3.515357553343202,0.0,0.0,0.0,0.0,0.0,0.0,0.3962060629886389,-0.078978321139015,1.0,1.0,0.0,1.0,0.0,0.0,0.0,1.0,60.4248227642642,63.47309358056321,0.0,0.0,0.0,0.0,0.0,0.0,0.0,1.0,-0.2482047653300996,0.0,1.0,0.0,1.0,0.0,1.0,-0.3259640637347676,0.0,0.0,0.0,1.0,0.0,1.0,-2.3919766220918346,0.0,0.0,0.0,0.0,0.0,0.0,-4.481662902959448,0.0,0.0,0.0,0.0,0.0,0.0,0.2559695854358357,0.1895220664989063,1.0,1.0,0.0,0.0,0.0,0.0,7.0,0.0,50.84870848708482,48.77688336031042,1.0,0.0,0.0,0.0,0.0,0.0,1.0,0.0,1.263878310768789,1.0,0.0,0.0,0.0,1.0,0.0,0.263112355929144,1.0,1.0,1.0,0.0,1.0,0.0,-1.9988226160052776,0.0,0.0,0.0,0.0,0.0,0.0,-1.496985257396805,0.0,0.0,0.0,0.0,0.0,0.0,-1.1186586345328835,-0.1591478892761719,0.0,0.0,0.0,0.0,0.0,0.0,0.0,4.0,26.490088642988884,32.99423663915587,0.0,0.0,0.0,0.0,0.0,0.0,0.0,0.0,-3.2364482880254166,0.0,0.0,0.0,0.0,0.0,0.0,-4.706932568907308,0.0,0.0,0.0,0.0,0.0,0.0,-5.138460505593223,0.0,0.0,0.0,0.0,0.0,0.0,0.1677602784323973,1.0,1.0,1.0,0.0,1.0,0.0,1.9912061171750384,-0.2729368407800689,1.0,1.0,0.0,0.0,0.0,0.0,0.0,4.0,90.4136745390482,90.27173536086794,1.0,1.0,0.0,9.0,0.0,0.0,0.0,0.0,1.8521301928810008,1.0,0.0,0.0,0.0,1.0,0.0,5.594195728541522,1.0,0.0,0.0,0.0,0.0,0.0,,0.0,0.0,0.0,0.0,0.0,0.0,,0.0,0.0,0.0,0.0,0.0,0.0,-0.2149437219605223,1.0953195675145473,0.0,0.0,0.0,0.0,0.0,0.0,2.0,0.0,,,0.0,0.0,0.0,0.0,0.0,0.0,0.0,0.0,7.66265043951779,1.0,0.0,0.0,0.0,0.0,0.0,5.674249318357876,1.0,0.0,0.0,0.0,0.0,0.0,,0.0,0.0,0.0,0.0,0.0,0.0,,0.0,0.0,0.0,0.0,0.0,0.0
83,SHORT,-1.745,90,1.5,120.3703,118.27,2024-08-29 18:05:00+00:00,2024-08-29 19:35:00+00:00,0.0565188377389199,-0.0042899723523708,1,1,0,0,0,0,0,2,75.14619883040878,80.02056838839769,0,0,0,0,0,1,0,0,0.0930383663147767,1,1,0,0,1,0,0.2192985350781207,1,1,0,0,0,0,0.3629154249934539,1,0,0,0,0,0,-1.2803616569368867,0,0,0,0,0,0,0.0024154250382848,0.0276122063245503,1.0,1.0,0.0,0.0,1.0,0.0,8.0,0.0,33.93495435927037,30.98288851920823,1.0,0.0,0.0,0.0,0.0,0.0,0.0,0.0,-0.0903625722033633,0.0,1.0,0.0,0.0,0.0,1.0,-0.6869689053079375,0.0,0.0,0.0,0.0,0.0,0.0,-1.8976669018571004,0.0,0.0,0.0,0.0,0.0,0.0,-2.336802809439654,0.0,0.0,0.0,0.0,0.0,0.0,-0.410390654316782,-0.0110329991907399,0.0,0.0,0.0,0.0,0.0,0.0,0.0,6.0,15.383545648322022,11.958124261635918,1.0,0.0,1.0,5.0,0.0,0.0,0.0,0.0,-1.0559667353680249,0.0,0.0,0.0,0.0,0.0,0.0,-2.0012656999664844,0.0,0.0,0.0,0.0,0.0,0.0,-2.504241102809571,0.0,0.0,0.0,0.0,0.0,0.0,-5.916971107140231,0.0,0.0,0.0,0.0,0.0,0.0,-0.1904849656074415,-0.1512031590281808,0.0,0.0,0.0,0.0,0.0,0.0,0.0,8.0,22.63891462998626,31.612487700232123,0.0,0.0,0.0,0.0,0.0,0.0,0.0,0.0,-1.799856378514457,0.0,0.0,0.0,0.0,0.0,0.0,-2.4517026671937043,0.0,0.0,0.0,0.0,0.0,0.0,-3.890900502108019,0.0,0.0,0.0,0.0,0.0,0.0,-6.784412297230519,0.0,0.0,0.0,0.0,0.0,0.0,0.2019825528151166,-0.043171573786205,1.0,1.0,0.0,0.0,0.0,0.0,0.0,3.0,48.41492937222362,49.36094201706345,0.0,0.0,0.0,0.0,0.0,0.0,0.0,0.0,-0.5847901365789052,0.0,0.0,0.0,0.0,0.0,1.0,-1.4354132500772232,0.0,0.0,0.0,0.0,0.0,0.0,-3.748500425771431,0.0,0.0,0.0,0.0,0.0,0.0,-3.6609360241544224,0.0,0.0,0.0,0.0,0.0,0.0,-1.0530940599745853,0.0655645745582984,0.0,0.0,1.0,0.0,0.0,0.0,1.0,0.0,28.39055311613451,27.689004051978227,1.0,0.0,0.0,0.0,0.0,0.0,0.0,0.0,-1.4539426188149174,0.0,0.0,0.0,0.0,0.0,1.0,-3.0575002419636945,0.0,0.0,0.0,0.0,0.0,0.0,-3.852553314888242,0.0,0.0,0.0,0.0,0.0,0.0,1.5922728121974274,1.0,0.0,0.0,0.0,1.0,0.0,1.9912061171750384,-0.2729368407800689,1.0,1.0,0.0,0.0,0.0,0.0,0.0,4.0,90.4136745390482,90.27173536086794,1.0,1.0,0.0,9.0,0.0,0.0,0.0,0.0,1.8521301928810008,1.0,0.0,0.0,0.0,1.0,0.0,5.594195728541522,1.0,0.0,0.0,0.0,0.0,0.0,,0.0,0.0,0.0,0.0,0.0,0.0,,0.0,0.0,0.0,0.0,0.0,0.0,-0.2149437219605223,1.0953195675145473,0.0,0.0,0.0,0.0,0.0,0.0,2.0,0.0,,,0.0,0.0,0.0,0.0,0.0,0.0,0.0,0.0,7.66265043951779,1.0,0.0,0.0,0.0,0.0,0.0,5.674249318357876,1.0,0.0,0.0,0.0,0.0,0.0,,0.0,0.0,0.0,0.0,0.0,0.0,,0.0,0.0,0.0,0.0,0.0,0.0
84,SHORT,-2.047,120,2.0,119.22,116.78,2024-08-30 23:50:00+00:00,2024-09-03 09:50:00+00:00,-0.011131049634309,0.0018554041384304,0,0,1,0,0,0,1,0,30.08130081300768,31.9783197831976,0,0,0,0,0,0,0,1,-0.0100885724979819,0,1,0,0,0,1,-0.0332668563217145,0,1,0,0,0,0,-0.0508390149213456,0,1,0,0,0,0,-1.1867435712692334,0,0,0,0,0,0,0.0126578157820125,0.015112913624746,1.0,1.0,0.0,0.0,1.0,0.0,5.0,0.0,27.13409410232697,21.995370248614297,1.0,0.0,0.0,0.0,0.0,0.0,0.0,0.0,-0.0775027608732328,0.0,1.0,0.0,1.0,0.0,1.0,-0.4842903681251659,0.0,0.0,0.0,0.0,0.0,0.0,-1.371861075226277,0.0,0.0,0.0,0.0,0.0,0.0,-1.728263381921468,0.0,0.0,0.0,0.0,0.0,0.0,-0.284185309456693,-0.0140147589018357,0.0,0.0,0.0,0.0,0.0,0.0,0.0,10.0,7.5803319260729936,11.561948904036615,0.0,0.0,1.0,5.0,0.0,0.0,0.0,0.0,-0.7549628214799392,0.0,0.0,0.0,0.0,0.0,0.0,-1.352201694871184,0.0,0.0,0.0,0.0,0.0,0.0,-1.755026714835778,0.0,0.0,0.0,0.0,0.0,0.0,-3.686905776304776,0.0,0.0,0.0,0.0,0.0,0.0,-0.150984458990357,-0.0975947542434758,0.0,0.0,0.0,0.0,0.0,0.0,0.0,9.0,24.527038285631047,46.90920348540541,0.0,0.0,0.0,0.0,0.0,0.0,0.0,0.0,-1.1291804205036249,0.0,0.0,0.0,0.0,0.0,0.0,-1.4172809685924492,0.0,0.0,0.0,0.0,0.0,0.0,-1.4892519092948338,0.0,0.0,0.0,0.0,0.0,0.0,-5.889276228956207,0.0,0.0,0.0,0.0,0.0,0.0,0.195859591733172,-0.0279174818932875,1.0,1.0,0.0,0.0,0.0,0.0,0.0,3.0,41.20824135393672,42.63085602158455,0.0,0.0,0.0,0.0,0.0,0.0,0.0,0.0,-0.1327426280222876,0.0,1.0,0.0,1.0,0.0,1.0,-0.3438897137827212,0.0,0.0,0.0,0.0,0.0,1.0,-1.7485388070460988,0.0,0.0,0.0,0.0,0.0,0.0,-5.041032350634366,0.0,0.0,0.0,0.0,0.0,0.0,-0.3941872645638209,0.1534346402555424,0.0,0.0,0.0,0.0,0.0,0.0,6.0,0.0,26.728001887237557,26.082913102120127,1.0,0.0,0.0,0.0,0.0,0.0,0.0,0.0,-0.2233587277105902,0.0,1.0,0.0,0.0,0.0,0.0,-2.157169210299421,0.0,0.0,0.0,0.0,0.0,0.0,-5.016388596428359,0.0,0.0,0.0,0.0,0.0,0.0,0.0900667891118258,1.0,1.0,0.0,0.0,1.0,0.0,0.4503205836314614,-0.5718736124628616,1.0,1.0,0.0,0.0,0.0,0.0,0.0,6.0,63.23159725084421,76.14850360456876,0.0,0.0,0.0,0.0,0.0,0.0,0.0,0.0,-3.191663632915827,0.0,0.0,0.0,0.0,0.0,1.0,-1.5789795674551983,0.0,0.0,0.0,0.0,0.0,1.0,-1.4207672640739657,0.0,0.0,0.0,0.0,0.0,1.0,,0.0,0.0,0.0,0.0,0.0,0.0,-0.1514743076757772,0.0634694142847451,0.0,0.0,0.0,0.0,0.0,0.0,3.0,0.0,,,0.0,0.0,0.0,0.0,0.0,0.0,0.0,0.0,-0.6524093452826686,0.0,0.0,0.0,1.0,0.0,1.0,-2.4319631866276383,0.0,0.0,0.0,1.0,0.0,1.0,,0.0,0.0,0.0,0.0,0.0,0.0,,0.0,0.0,0.0,0.0,0.0,0.0
85,SHORT,-3.223,60,1.0,116.598,112.84,2024-09-03 13:05:00+00:00,2024-09-03 14:05:00+00:00,0.0839941609283147,-0.0198750741602329,1,1,0,0,0,0,0,3,47.15427729420943,60.13221473367273,0,0,0,0,0,0,0,0,-0.1487563020686602,0,1,0,0,0,1,-0.2842745069140657,0,1,0,0,0,0,-1.1275264769075757,0,0,0,0,0,0,-2.892335103715192,0,0,0,0,0,0,-0.35642959540011,0.0484130440577623,0.0,0.0,0.0,0.0,0.0,0.0,3.0,0.0,20.15778549540259,17.93606317229202,1.0,0.0,0.0,0.0,0.0,0.0,0.0,0.0,-0.6166501568731136,0.0,0.0,0.0,0.0,0.0,0.0,-1.7612707301553712,0.0,0.0,0.0,0.0,0.0,0.0,-2.892934557297751,0.0,0.0,0.0,0.0,0.0,0.0,-4.3435442811313045,0.0,0.0,0.0,0.0,0.0,0.0,-0.2434950063940509,-0.1926419639534428,0.0,0.0,0.0,0.0,0.0,0.0,0.0,4.0,7.270480903566681,7.642946484409727,0.0,0.0,1.0,11.0,0.0,0.0,0.0,0.0,-2.3397906294176143,0.0,0.0,0.0,0.0,0.0,0.0,-3.136815844179349,0.0,0.0,0.0,0.0,0.0,0.0,-4.220893732585621,0.0,0.0,0.0,0.0,0.0,0.0,-5.943340174872284,0.0,0.0,0.0,0.0,0.0,0.0,-0.1969158254731373,-0.0657951850161824,0.0,0.0,0.0,1.0,0.0,0.0,0.0,1.0,7.549475015812685,11.405380560826378,0.0,0.0,1.0,4.0,0.0,0.0,0.0,0.0,-1.1688798430866685,0.0,0.0,0.0,0.0,0.0,1.0,-1.891449319335476,0.0,0.0,0.0,0.0,0.0,0.0,-2.690177405947019,0.0,0.0,0.0,0.0,0.0,0.0,-7.020975244757988,0.0,0.0,0.0,0.0,0.0,0.0,-0.1269478924866977,-0.0179177901493757,0.0,0.0,0.0,0.0,0.0,0.0,0.0,8.0,11.092084131498892,9.462289593647768,1.0,0.0,1.0,4.0,1.0,0.0,0.0,0.0,-0.710560183536313,0.0,0.0,0.0,0.0,0.0,1.0,-1.477894665678064,0.0,0.0,0.0,0.0,0.0,1.0,-2.7061847928690588,0.0,0.0,0.0,0.0,0.0,0.0,-6.777761577206125,0.0,0.0,0.0,0.0,0.0,0.0,-0.2844514590885258,0.109735805475295,0.0,0.0,0.0,0.0,0.0,0.0,7.0,0.0,29.408086605538827,27.207989941412148,1.0,0.0,0.0,0.0,0.0,0.0,0.0,0.0,-0.401991551017446,0.0,0.0,0.0,0.0,0.0,1.0,-2.227119142114271,0.0,0.0,0.0,0.0,0.0,0.0,-5.219707303977608,0.0,0.0,0.0,0.0,0.0,0.0,-0.1764294281028159,0.0,1.0,0.0,1.0,0.0,1.0,0.4503205836314614,-0.5718736124628616,1.0,1.0,0.0,0.0,0.0,0.0,0.0,6.0,63.23159725084421,76.14850360456876,0.0,0.0,0.0,0.0,0.0,0.0,0.0,0.0,-3.191663632915827,0.0,0.0,0.0,0.0,0.0,1.0,-1.5789795674551983,0.0,0.0,0.0,0.0,0.0,1.0,-1.4207672640739657,0.0,0.0,0.0,0.0,0.0,1.0,,0.0,0.0,0.0,0.0,0.0,0.0,-0.1514743076757772,0.0634694142847451,0.0,0.0,0.0,0.0,0.0,0.0,3.0,0.0,,,0.0,0.0,0.0,0.0,0.0,0.0,0.0,0.0,-0.6524093452826686,0.0,0.0,0.0,1.0,0.0,1.0,-2.4319631866276383,0.0,0.0,0.0,1.0,0.0,1.0,,0.0,0.0,0.0,0.0,0.0,0.0,,0.0,0.0,0.0,0.0,0.0,0.0
86,LONG,-2.056,165,2.8,111.38,109.09,2024-09-03 15:20:00+00:00,2024-09-03 18:05:00+00:00,-0.0655837934597794,0.008208290194858,0,0,1,0,0,0,1,0,13.813586780429972,9.804401417051864,1,0,1,8,0,0,0,0,-0.1593918955763049,0,1,0,0,0,0,-0.4486653026559358,0,0,0,0,0,0,-0.8543088559232463,0,0,0,0,0,0,-1.1885802766337503,0,0,0,0,0,0,-0.0035381846994659,-0.0315548153025913,0.0,0.0,0.0,0.0,0.0,1.0,0.0,6.0,11.61860206520835,20.641468481024457,0.0,0.0,1.0,1.0,0.0,0.0,0.0,0.0,-0.4266881894625285,0.0,0.0,0.0,0.0,0.0,0.0,-0.6825885162345722,0.0,0.0,0.0,0.0,0.0,0.0,-1.1588327066158084,0.0,0.0,0.0,0.0,0.0,0.0,-5.708987424592097,0.0,0.0,0.0,0.0,0.0,0.0,0.0908064133192136,0.0215534174144558,1.0,1.0,0.0,0.0,0.0,0.0,11.0,0.0,23.850893651811933,21.142055399022716,1.0,0.0,0.0,0.0,0.0,0.0,0.0,0.0,-0.3868229988146225,0.0,0.0,0.0,0.0,0.0,1.0,-1.6475080356111098,0.0,0.0,0.0,0.0,0.0,0.0,-4.592432182969526,0.0,0.0,0.0,0.0,0.0,0.0,-7.39802502986463,0.0,0.0,0.0,0.0,0.0,0.0,-0.4687125920181356,0.1096888747887376,0.0,0.0,0.0,0.0,0.0,0.0,4.0,0.0,9.788227447056912,10.49413595686736,0.0,0.0,1.0,12.0,0.0,0.0,0.0,0.0,-0.780133024544802,0.0,0.0,0.0,0.0,0.0,0.0,-2.944015720145313,0.0,0.0,0.0,0.0,0.0,0.0,-5.679120992365023,0.0,0.0,0.0,0.0,0.0,0.0,-10.343953362962308,0.0,0.0,0.0,0.0,0.0,0.0,-0.8142071314980628,-0.026476656101988,0.0,0.0,0.0,0.0,0.0,0.0,0.0,12.0,7.910025417710687,8.09753508759859,0.0,0.0,1.0,8.0,0.0,0.0,0.0,0.0,-2.488312907267063,0.0,0.0,0.0,0.0,0.0,0.0,-4.840720359849553,0.0,0.0,0.0,0.0,0.0,0.0,-7.042354318509547,0.0,0.0,0.0,0.0,0.0,0.0,-11.61120872394927,0.0,0.0,0.0,0.0,0.0,0.0,-0.3188903581862488,-0.0344388990977229,0.0,0.0,0.0,1.0,0.0,0.0,0.0,1.0,23.75997110102921,26.63201986460187,0.0,0.0,0.0,0.0,0.0,0.0,0.0,0.0,-1.6891847525093788,0.0,0.0,0.0,0.0,0.0,1.0,-3.607755090361082,0.0,0.0,0.0,0.0,0.0,0.0,-6.777738939160358,0.0,0.0,0.0,0.0,0.0,0.0,-1.8991890260155373,0.0,0.0,0.0,0.0,0.0,1.0,0.4503205836314614,-0.5718736124628616,1.0,1.0,0.0,0.0,0.0,0.0,0.0,6.0,63.23159725084421,76.14850360456876,0.0,0.0,0.0,0.0,0.0,0.0,0.0,0.0,-3.191663632915827,0.0,0.0,0.0,0.0,0.0,1.0,-1.5789795674551983,0.0,0.0,0.0,0.0,0.0,1.0,-1.4207672640739657,0.0,0.0,0.0,0.0,0.0,1.0,,0.0,0.0,0.0,0.0,0.0,0.0,-0.1514743076757772,0.0634694142847451,0.0,0.0,0.0,0.0,0.0,0.0,3.0,0.0,,,0.0,0.0,0.0,0.0,0.0,0.0,0.0,0.0,-0.6524093452826686,0.0,0.0,0.0,1.0,0.0,1.0,-2.4319631866276383,0.0,0.0,0.0,1.0,0.0,1.0,,0.0,0.0,0.0,0.0,0.0,0.0,,0.0,0.0,0.0,0.0,0.0,0.0
87,LONG,-1.1,40,0.7,109.075,107.875,2024-09-03 19:05:00+00:00,2024-09-03 19:45:00+00:00,0.0126129370142951,-0.0064067755088498,1,1,0,1,0,0,0,1,52.694173372139744,47.44894012313978,1,0,0,0,0,0,0,0,-0.10915050688081,0,1,0,1,0,1,-0.2337765426981845,0,1,0,0,0,0,-0.5969472375691218,0,0,0,0,0,0,-1.3633568249166652,0,0,0,0,0,0,-0.0041603313923826,-0.0204995236911255,0.0,0.0,0.0,0.0,0.0,1.0,0.0,5.0,18.01670551670563,28.71438746438783,0.0,0.0,1.0,1.0,0.0,0.0,0.0,0.0,-0.3904910041586598,0.0,0.0,0.0,0.0,0.0,0.0,-0.7620157276494689,0.0,0.0,0.0,0.0,0.0,0.0,-1.555305802448452,0.0,0.0,0.0,0.0,0.0,0.0,-6.256197089694296,0.0,0.0,0.0,0.0,0.0,0.0,0.0596805783862854,-0.0007572599239706,1.0,1.0,0.0,1.0,0.0,0.0,0.0,1.0,21.83745806827168,18.839744889123825,1.0,0.0,0.0,0.0,0.0,0.0,0.0,0.0,-0.6215989463683753,0.0,0.0,0.0,0.0,0.0,0.0,-1.884490231235995,0.0,0.0,0.0,0.0,0.0,0.0,-4.963049710979167,0.0,0.0,0.0,0.0,0.0,0.0,-8.485664246759434,0.0,0.0,0.0,0.0,0.0,0.0,-0.3555315067053506,0.0764573556601824,0.0,0.0,1.0,0.0,0.0,0.0,1.0,0.0,4.584095295149562,5.871232949707824,0.0,0.0,1.0,15.0,0.0,0.0,0.0,0.0,-0.9894869108014336,0.0,0.0,0.0,0.0,0.0,0.0,-3.246445749623443,0.0,0.0,0.0,0.0,0.0,0.0,-6.485849301369191,0.0,0.0,0.0,0.0,0.0,0.0,-11.38556781905544,0.0,0.0,0.0,0.0,0.0,0.0,-0.8281987085272453,-0.0139915770291825,0.0,0.0,0.0,0.0,0.0,0.0,0.0,13.0,7.458660430596978,8.13485319713647,0.0,0.0,1.0,9.0,0.0,0.0,0.0,0.0,-2.52384828612648,0.0,0.0,0.0,0.0,0.0,0.0,-5.076945712089737,0.0,0.0,0.0,0.0,0.0,0.0,-7.486444409561034,0.0,0.0,0.0,0.0,0.0,0.0,-12.230706889960016,0.0,0.0,0.0,0.0,0.0,0.0,-0.3188903581862488,-0.0344388990977229,0.0,0.0,0.0,1.0,0.0,0.0,0.0,1.0,23.75997110102921,26.63201986460187,0.0,0.0,0.0,0.0,0.0,0.0,0.0,0.0,-1.6891847525093788,0.0,0.0,0.0,0.0,0.0,1.0,-3.607755090361082,0.0,0.0,0.0,0.0,0.0,0.0,-6.777738939160358,0.0,0.0,0.0,0.0,0.0,0.0,-1.8991890260155373,0.0,0.0,0.0,0.0,0.0,1.0,0.4503205836314614,-0.5718736124628616,1.0,1.0,0.0,0.0,0.0,0.0,0.0,6.0,63.23159725084421,76.14850360456876,0.0,0.0,0.0,0.0,0.0,0.0,0.0,0.0,-3.191663632915827,0.0,0.0,0.0,0.0,0.0,1.0,-1.5789795674551983,0.0,0.0,0.0,0.0,0.0,1.0,-1.4207672640739657,0.0,0.0,0.0,0.0,0.0,1.0,,0.0,0.0,0.0,0.0,0.0,0.0,-0.1514743076757772,0.0634694142847451,0.0,0.0,0.0,0.0,0.0,0.0,3.0,0.0,,,0.0,0.0,0.0,0.0,0.0,0.0,0.0,0.0,-0.6524093452826686,0.0,0.0,0.0,1.0,0.0,1.0,-2.4319631866276383,0.0,0.0,0.0,1.0,0.0,1.0,,0.0,0.0,0.0,0.0,0.0,0.0,,0.0,0.0,0.0,0.0,0.0,0.0
88,LONG,1.038,70,1.2,105.94,107.04,2024-09-04 08:40:00+00:00,2024-09-04 09:50:00+00:00,-0.0194943320005578,-0.0083933980773391,0,0,0,0,0,0,0,3,33.33333333333484,46.68911335578073,0,0,0,0,0,0,0,0,-0.0936539777065065,0,1,0,0,0,0,-0.0829329800930263,0,1,0,0,0,0,-0.019054664469758,0,1,0,1,0,1,0.850350577686477,1,0,0,0,0,0,0.0903085632874327,-0.0126241974026503,1.0,1.0,0.0,0.0,0.0,0.0,0.0,5.0,81.2964419092153,79.14549550789972,1.0,1.0,0.0,1.0,0.0,0.0,0.0,0.0,0.2176250292460146,1.0,1.0,0.0,0.0,1.0,0.0,0.6385221940948765,1.0,0.0,0.0,0.0,0.0,0.0,1.076026716937026,1.0,0.0,0.0,0.0,0.0,0.0,-2.917774300694956,0.0,0.0,0.0,0.0,0.0,0.0,0.3527882185897293,0.0256913088220243,1.0,1.0,0.0,0.0,0.0,0.0,5.0,0.0,76.51537849280776,72.49081669779258,1.0,0.0,0.0,0.0,0.0,0.0,0.0,0.0,0.5475817251736766,1.0,0.0,0.0,0.0,0.0,0.0,0.3330917937159627,1.0,0.0,0.0,0.0,0.0,0.0,-1.390200619338238,0.0,0.0,0.0,0.0,0.0,0.0,-8.313279652827147,0.0,0.0,0.0,0.0,0.0,0.0,0.2360443185789345,0.1307103891202246,1.0,1.0,0.0,0.0,0.0,0.0,9.0,0.0,28.815209471602305,17.299266501828825,1.0,0.0,0.0,0.0,0.0,0.0,0.0,0.0,0.5475242758912996,1.0,0.0,1.0,0.0,1.0,0.0,-1.2096898298464165,0.0,0.0,0.0,0.0,0.0,0.0,-5.846304556161477,0.0,0.0,0.0,0.0,0.0,0.0,-12.240202161979532,0.0,0.0,0.0,0.0,0.0,0.0,-0.5922848413989517,0.0862705454585435,0.0,0.0,0.0,0.0,0.0,0.0,4.0,0.0,4.31797357002558,5.222213507929939,0.0,0.0,1.0,16.0,0.0,0.0,0.0,0.0,-1.8819764616705492,0.0,0.0,0.0,0.0,0.0,0.0,-5.3202676217173925,0.0,0.0,0.0,0.0,0.0,0.0,-9.897899325793697,0.0,0.0,0.0,0.0,0.0,0.0,-15.427607785466789,0.0,0.0,0.0,0.0,0.0,0.0,-1.366125405487597,-0.3079761138175589,0.0,0.0,0.0,0.0,0.0,0.0,0.0,4.0,3.7039569986161336,9.070098436146196,0.0,0.0,1.0,3.0,0.0,0.0,0.0,0.0,-6.591331522728207,0.0,0.0,0.0,0.0,0.0,0.0,-10.556612118446036,0.0,0.0,0.0,0.0,0.0,0.0,-15.034757907153809,0.0,0.0,0.0,0.0,0.0,0.0,-11.23491486537194,0.0,0.0,0.0,0.0,0.0,0.0,0.1052636261496293,-0.345056957481832,1.0,1.0,0.0,0.0,0.0,0.0,0.0,7.0,48.46431839034423,62.16538488833411,0.0,0.0,0.0,0.0,0.0,0.0,0.0,0.0,-2.023801341990098,0.0,0.0,0.0,0.0,0.0,1.0,-0.8774195698066076,0.0,0.0,0.0,0.0,0.0,1.0,-0.6237209669445988,0.0,0.0,0.0,0.0,0.0,1.0,,0.0,0.0,0.0,0.0,0.0,0.0,-0.1514743076757772,0.0634694142847451,0.0,0.0,0.0,0.0,0.0,0.0,3.0,0.0,,,0.0,0.0,0.0,0.0,0.0,0.0,0.0,0.0,-0.6524093452826686,0.0,0.0,0.0,1.0,0.0,1.0,-2.4319631866276383,0.0,0.0,0.0,1.0,0.0,1.0,,0.0,0.0,0.0,0.0,0.0,0.0,,0.0,0.0,0.0,0.0,0.0,0.0
89,LONG,2.555,110,1.8,105.48,108.175,2024-09-05 13:05:00+00:00,2024-09-05 14:55:00+00:00,-0.022837638310363,0.0201453047031633,0,0,0,0,0,0,5,0,30.319013255584093,24.15792402482081,1,0,0,0,0,0,0,0,0.0518817795804024,1,1,0,0,1,0,-0.1415630335245143,0,1,0,0,0,0,-0.4011501924690831,0,0,0,0,0,0,1.3286967145180548,1,0,0,0,0,0,-0.0575862251308767,-0.0720288872942659,0.0,0.0,0.0,0.0,0.0,1.0,0.0,5.0,45.15694218408544,65.41821794619301,0.0,0.0,0.0,0.0,0.0,0.0,0.0,0.0,-0.4475917452507922,0.0,0.0,0.0,0.0,0.0,1.0,0.0613599213407792,1.0,1.0,0.0,0.0,1.0,0.0,1.1240883771410175,1.0,0.0,0.0,0.0,0.0,0.0,0.6892782094665545,1.0,0.0,0.0,0.0,0.0,0.0,0.3673560709508477,0.0761468246304275,1.0,1.0,0.0,0.0,0.0,0.0,7.0,0.0,86.67809816855844,81.10047741215817,1.0,1.0,0.0,2.0,0.0,0.0,0.0,0.0,1.4459470745983858,1.0,0.0,0.0,0.0,0.0,0.0,2.043306197540271,1.0,0.0,0.0,0.0,0.0,0.0,2.287470911971188,1.0,0.0,0.0,0.0,0.0,0.0,-1.6640670142133729,0.0,0.0,0.0,0.0,0.0,0.0,0.1086621143550641,0.2574894936610278,1.0,1.0,1.0,0.0,1.0,0.0,1.0,0.0,54.67097121334422,39.91746147459664,1.0,0.0,0.0,0.0,0.0,0.0,0.0,0.0,2.4684606797312445,1.0,0.0,1.0,0.0,1.0,0.0,2.431322397177599,1.0,0.0,1.0,0.0,1.0,0.0,2.434234758968349,1.0,0.0,1.0,0.0,1.0,0.0,-6.578792953945606,0.0,0.0,0.0,0.0,0.0,0.0,0.1799231718707994,-0.0926743962410019,1.0,1.0,0.0,0.0,0.0,0.0,0.0,5.0,22.965677790673123,31.47066719804168,0.0,0.0,0.0,0.0,0.0,0.0,0.0,0.0,-1.052096197515433,0.0,0.0,0.0,0.0,0.0,1.0,-1.8157224778238767,0.0,0.0,0.0,0.0,0.0,0.0,-4.965626317841845,0.0,0.0,0.0,0.0,0.0,0.0,-13.860506813573393,0.0,0.0,0.0,0.0,0.0,0.0,-0.4757425892844678,0.2638650744376685,0.0,0.0,0.0,0.0,0.0,0.0,5.0,0.0,17.119113573407194,17.130311998297824,0.0,0.0,1.0,9.0,0.0,0.0,0.0,0.0,-0.5709702393683685,0.0,0.0,0.0,0.0,0.0,0.0,-4.825786965357944,0.0,0.0,0.0,0.0,0.0,0.0,-11.503069858164553,0.0,0.0,0.0,0.0,0.0,0.0,-8.886807944149968,0.0,0.0,0.0,0.0,0.0,0.0,-1.0101399375641844,-1.1154035637138138,0.0,0.0,0.0,0.0,0.0,1.0,0.0,8.0,32.579200932803595,48.09170552466401,0.0,0.0,0.0,0.0,0.0,0.0,0.0,0.0,-10.738284274756094,0.0,0.0,0.0,0.0,0.0,1.0,-11.384564816767687,0.0,0.0,0.0,0.0,0.0,1.0,-11.840247953756965,0.0,0.0,0.0,0.0,0.0,0.0,,0.0,0.0,0.0,0.0,0.0,0.0,-0.1514743076757772,0.0634694142847451,0.0,0.0,0.0,0.0,0.0,0.0,3.0,0.0,,,0.0,0.0,0.0,0.0,0.0,0.0,0.0,0.0,-0.6524093452826686,0.0,0.0,0.0,1.0,0.0,1.0,-2.4319631866276383,0.0,0.0,0.0,1.0,0.0,1.0,,0.0,0.0,0.0,0.0,0.0,0.0,,0.0,0.0,0.0,0.0,0.0,0.0
90,LONG,-1.655,30,0.5,106.35,104.59,2024-09-05 23:50:00+00:00,2024-09-06 08:20:00+00:00,-0.0279862701536165,0.0063108968777599,0,0,0,0,0,0,3,0,6.27612323264512,4.944724392277732,1,0,1,16,0,0,0,0,-0.16584016255891,0,1,0,0,0,0,-0.5202132343725718,0,0,0,0,0,0,-1.1747421425179712,0,0,0,0,0,0,-1.6215341855080538,0,0,0,0,0,0,-0.136987614878945,-0.0406493525598504,0.0,0.0,0.0,0.0,0.0,0.0,0.0,4.0,2.359882005900177,12.240977457300312,0.0,0.0,1.0,2.0,0.0,0.0,0.0,0.0,-0.7497083072813983,0.0,0.0,0.0,0.0,0.0,0.0,-1.1291241383580757,0.0,0.0,0.0,0.0,0.0,0.0,-1.471777774172456,0.0,0.0,0.0,0.0,0.0,0.0,-1.835375058262436,0.0,0.0,0.0,0.0,0.0,0.0,-0.0637976896274017,-0.0411914349493946,0.0,0.0,0.0,1.0,0.0,0.0,0.0,1.0,18.88560652176517,18.792765418020664,1.0,0.0,1.0,5.0,0.0,0.0,0.0,0.0,-0.5925928720968967,0.0,0.0,0.0,0.0,0.0,0.0,-0.8431725620142123,0.0,0.0,0.0,0.0,0.0,0.0,-1.1087768611247688,0.0,0.0,0.0,0.0,0.0,0.0,-2.8238896302859917,0.0,0.0,0.0,0.0,0.0,0.0,-0.0653852027356852,0.006137202497158,0.0,0.0,1.0,0.0,0.0,0.0,1.0,0.0,15.494117647058768,19.80729154860402,0.0,0.0,1.0,2.0,0.0,0.0,0.0,0.0,-0.1355660133517649,0.0,1.0,0.0,0.0,0.0,0.0,-0.3400625411640264,0.0,0.0,0.0,0.0,0.0,0.0,-0.5912627917592821,0.0,0.0,0.0,0.0,0.0,0.0,-7.522718183396614,0.0,0.0,0.0,0.0,0.0,0.0,0.0907671702489896,-0.0273112650899265,1.0,1.0,0.0,0.0,0.0,0.0,0.0,6.0,41.59077109896781,44.12062335559603,0.0,0.0,0.0,0.0,0.0,0.0,0.0,0.0,-0.3267464893062942,0.0,0.0,0.0,0.0,0.0,0.0,-0.6553161008938766,0.0,0.0,0.0,0.0,0.0,0.0,-1.7676121527069388,0.0,0.0,0.0,0.0,0.0,0.0,-12.158360758550357,0.0,0.0,0.0,0.0,0.0,0.0,0.1364157350418962,0.1056897702682588,1.0,1.0,0.0,0.0,0.0,0.0,9.0,0.0,18.87885804336656,18.54807068027205,1.0,0.0,1.0,13.0,0.0,0.0,0.0,0.0,-0.7500472004242348,0.0,0.0,0.0,0.0,0.0,1.0,-4.135784661223255,0.0,0.0,0.0,0.0,0.0,0.0,-11.212843576866618,0.0,0.0,0.0,0.0,0.0,0.0,-9.44067970905092,0.0,0.0,0.0,0.0,0.0,0.0,-1.5809748284821306,-0.5708348909179461,0.0,0.0,0.0,0.0,0.0,0.0,0.0,9.0,19.016395271343807,33.35330486483054,0.0,0.0,1.0,1.0,0.0,0.0,0.0,0.0,-7.653897661338026,0.0,0.0,0.0,0.0,0.0,0.0,-9.437724292222272,0.0,0.0,0.0,0.0,0.0,0.0,-10.59845062003872,0.0,0.0,0.0,0.0,0.0,0.0,,0.0,0.0,0.0,0.0,0.0,0.0,-0.1514743076757772,0.0634694142847451,0.0,0.0,0.0,0.0,0.0,0.0,3.0,0.0,,,0.0,0.0,0.0,0.0,0.0,0.0,0.0,0.0,-0.6524093452826686,0.0,0.0,0.0,1.0,0.0,1.0,-2.4319631866276383,0.0,0.0,0.0,1.0,0.0,1.0,,0.0,0.0,0.0,0.0,0.0,0.0,,0.0,0.0,0.0,0.0,0.0,0.0
91,SHORT,2.011,30,0.5,105.91,108.04,2024-09-06 12:25:00+00:00,2024-09-06 12:55:00+00:00,0.0183820259422297,-0.0084310249620641,1,1,0,0,0,0,0,3,78.92069171138951,81.81321359971557,0,0,0,0,0,1,0,0,0.1454215905448955,1,1,0,0,1,0,0.5214234835854957,1,0,0,0,0,0,1.3371780180939328,1,0,0,0,0,0,2.2002776671057465,1,0,0,0,0,0,0.1827654214533938,0.0505636352950033,1.0,1.0,0.0,0.0,0.0,0.0,6.0,0.0,80.96041606704323,82.23051255843207,0.0,1.0,0.0,4.0,0.0,1.0,0.0,0.0,0.9922736717832756,1.0,0.0,0.0,0.0,0.0,0.0,1.5792759120341178,1.0,0.0,0.0,0.0,0.0,0.0,2.332882363245812,1.0,0.0,0.0,0.0,0.0,0.0,1.4389083994435623,1.0,0.0,0.0,0.0,0.0,0.0,0.1777774458530208,0.0367899777927869,1.0,1.0,1.0,0.0,0.0,0.0,1.0,0.0,71.89766317485903,77.9520089224031,0.0,0.0,0.0,0.0,0.0,0.0,0.0,0.0,0.6194753019088896,1.0,0.0,0.0,0.0,1.0,0.0,0.7302745811332447,1.0,0.0,0.0,0.0,1.0,0.0,0.237480073246525,1.0,1.0,1.0,0.0,1.0,0.0,-0.992264968393119,0.0,0.0,0.0,0.0,0.0,0.0,0.0162337981695478,0.0567163242570503,1.0,1.0,0.0,0.0,1.0,0.0,6.0,0.0,51.149907168952645,38.861704103073286,1.0,0.0,0.0,0.0,0.0,0.0,0.0,0.0,0.3697571823579804,1.0,0.0,0.0,0.0,1.0,0.0,0.0473746436611389,1.0,1.0,1.0,0.0,1.0,0.0,-0.5218062957609073,0.0,0.0,0.0,0.0,0.0,0.0,-6.981982826899591,0.0,0.0,0.0,0.0,0.0,0.0,-0.0802709654251369,0.0083462914451203,0.0,0.0,1.0,0.0,0.0,0.0,1.0,0.0,13.62917339213736,18.07453184771966,0.0,0.0,1.0,2.0,0.0,0.0,0.0,0.0,-0.3979834863993016,0.0,0.0,0.0,0.0,0.0,1.0,-1.0749126274368035,0.0,0.0,0.0,0.0,0.0,0.0,-1.8770013723429728,0.0,0.0,0.0,0.0,0.0,0.0,-12.675824637881323,0.0,0.0,0.0,0.0,0.0,0.0,0.1849057815039732,0.048490046462077,1.0,1.0,0.0,0.0,0.0,0.0,10.0,0.0,17.034125304035573,18.16006215051011,0.0,0.0,1.0,14.0,0.0,0.0,0.0,0.0,-1.146016622568158,0.0,0.0,0.0,0.0,0.0,0.0,-4.410150407205383,0.0,0.0,0.0,0.0,0.0,0.0,-11.518099174785174,0.0,0.0,0.0,0.0,0.0,0.0,-9.980412725142603,0.0,0.0,0.0,0.0,0.0,0.0,-1.5809748284821306,-0.5708348909179461,0.0,0.0,0.0,0.0,0.0,0.0,0.0,9.0,19.016395271343807,33.35330486483054,0.0,0.0,1.0,1.0,0.0,0.0,0.0,0.0,-7.653897661338026,0.0,0.0,0.0,0.0,0.0,0.0,-9.437724292222272,0.0,0.0,0.0,0.0,0.0,0.0,-10.59845062003872,0.0,0.0,0.0,0.0,0.0,0.0,,0.0,0.0,0.0,0.0,0.0,0.0,-0.1514743076757772,0.0634694142847451,0.0,0.0,0.0,0.0,0.0,0.0,3.0,0.0,,,0.0,0.0,0.0,0.0,0.0,0.0,0.0,0.0,-0.6524093452826686,0.0,0.0,0.0,1.0,0.0,1.0,-2.4319631866276383,0.0,0.0,0.0,1.0,0.0,1.0,,0.0,0.0,0.0,0.0,0.0,0.0,,0.0,0.0,0.0,0.0,0.0,0.0
92,SHORT,-2.586,110,1.8,105.2,102.48,2024-09-06 13:40:00+00:00,2024-09-06 15:30:00+00:00,0.001455190537848,0.011117937376541,1,1,1,0,1,0,1,0,30.74838957259852,27.46395221492388,1,0,0,0,0,0,1,0,0.0417001589158526,1,1,1,0,1,0,-0.0801670131956027,0,1,0,0,0,0,-0.2464850172809804,0,1,0,0,0,0,-2.72086595895494,0,0,0,0,0,0,-0.0423056758570329,0.0144137610796191,0.0,0.0,0.0,0.0,0.0,0.0,9.0,0.0,18.37682837823993,21.72899913164973,0.0,0.0,1.0,1.0,0.0,0.0,0.0,0.0,-0.4029995892747639,0.0,0.0,0.0,0.0,0.0,0.0,-1.3083444559079898,0.0,0.0,0.0,0.0,0.0,0.0,-2.929857336753653,0.0,0.0,0.0,0.0,0.0,0.0,-3.519312806482127,0.0,0.0,0.0,0.0,0.0,0.0,-0.4084631102591812,-0.0267919573373046,0.0,0.0,0.0,1.0,0.0,0.0,0.0,1.0,13.068073233191862,10.932123767187257,1.0,0.0,1.0,4.0,1.0,0.0,0.0,0.0,-1.250425991745919,0.0,0.0,0.0,0.0,0.0,0.0,-2.145023918673216,0.0,0.0,0.0,0.0,0.0,0.0,-2.8074429601003645,0.0,0.0,0.0,0.0,0.0,0.0,-3.818340811121515,0.0,0.0,0.0,0.0,0.0,0.0,-0.1855084652994385,-0.0935439771863455,0.0,0.0,0.0,0.0,0.0,0.0,0.0,3.0,11.050905046511312,33.62318977145467,0.0,0.0,1.0,1.0,0.0,0.0,0.0,0.0,-1.3989042069545246,0.0,0.0,0.0,0.0,0.0,0.0,-1.9577388542166747,0.0,0.0,0.0,0.0,0.0,0.0,-2.6224105271159903,0.0,0.0,0.0,0.0,0.0,0.0,-8.521337190655668,0.0,0.0,0.0,0.0,0.0,0.0,0.0130299679114396,-0.1617435686202641,1.0,1.0,0.0,1.0,0.0,0.0,0.0,1.0,51.42906305911577,44.54935667224592,1.0,0.0,0.0,0.0,0.0,0.0,0.0,0.0,-1.7592564333185834,0.0,0.0,0.0,1.0,0.0,1.0,-2.240318274435626,0.0,0.0,0.0,1.0,0.0,1.0,-2.746321529509929,0.0,0.0,0.0,1.0,0.0,1.0,-13.557917656379807,0.0,0.0,0.0,0.0,0.0,0.0,0.1849057815039732,0.048490046462077,1.0,1.0,0.0,0.0,0.0,0.0,10.0,0.0,17.034125304035573,18.16006215051011,0.0,0.0,1.0,14.0,0.0,0.0,0.0,0.0,-1.146016622568158,0.0,0.0,0.0,0.0,0.0,0.0,-4.410150407205383,0.0,0.0,0.0,0.0,0.0,0.0,-11.518099174785174,0.0,0.0,0.0,0.0,0.0,0.0,-9.980412725142603,0.0,0.0,0.0,0.0,0.0,0.0,-1.5809748284821306,-0.5708348909179461,0.0,0.0,0.0,0.0,0.0,0.0,0.0,9.0,19.016395271343807,33.35330486483054,0.0,0.0,1.0,1.0,0.0,0.0,0.0,0.0,-7.653897661338026,0.0,0.0,0.0,0.0,0.0,0.0,-9.437724292222272,0.0,0.0,0.0,0.0,0.0,0.0,-10.59845062003872,0.0,0.0,0.0,0.0,0.0,0.0,,0.0,0.0,0.0,0.0,0.0,0.0,-0.1514743076757772,0.0634694142847451,0.0,0.0,0.0,0.0,0.0,0.0,3.0,0.0,,,0.0,0.0,0.0,0.0,0.0,0.0,0.0,0.0,-0.6524093452826686,0.0,0.0,0.0,1.0,0.0,1.0,-2.4319631866276383,0.0,0.0,0.0,1.0,0.0,1.0,,0.0,0.0,0.0,0.0,0.0,0.0,,0.0,0.0,0.0,0.0,0.0,0.0
