timestamp,open,high,low,close,volume
2024-06-17 08:00:00+00:00,212.62,214.61,212.62,213.92,485318.0
2024-06-17 12:00:00+00:00,213.78,218.0,212.43,216.345,39571357.0
2024-06-17 16:00:00+00:00,216.34,218.95,215.48,216.71,40051396.0
2024-06-17 20:00:00+00:00,216.67,217.2,216.46,216.76,2367716.0
2024-06-18 08:00:00+00:00,216.81,218.36,215.0,217.83,365393.0
2024-06-18 12:00:00+00:00,217.8,218.63,213.41,213.59,36083748.0
2024-06-18 16:00:00+00:00,213.58,215.1,213.0,214.38,31530033.0
2024-06-18 20:00:00+00:00,214.29,214.58,213.9,214.02,1901983.0
2024-06-20 08:00:00+00:00,215.31,215.31,213.5,213.65,273194.0
2024-06-20 12:00:00+00:00,214.3,214.7755,209.42,210.8738,36744073.0
2024-06-20 16:00:00+00:00,210.88,211.04,208.85,209.56,35032790.0
2024-06-20 20:00:00+00:00,209.68,210.18,209.5,210.0,2391554.0
2024-06-21 08:00:00+00:00,209.47,210.77,208.67,210.35,277385.0
2024-06-21 12:00:00+00:00,210.3,211.95,209.0502,211.2693,39620227.0
2024-06-21 16:00:00+00:00,211.28,211.5,207.11,207.11,44411167.0
2024-06-21 20:00:00+00:00,207.49,208.49,207.1,207.22,16325274.0
2024-06-24 08:00:00+00:00,207.4,208.2,206.91,207.75,414905.0
2024-06-24 12:00:00+00:00,207.7504,212.7,206.59,211.8499,33995334.0
2024-06-24 16:00:00+00:00,211.83,211.85,207.8446,208.15,30136282.0
2024-06-24 20:00:00+00:00,208.14,209.1599,208.14,209.12,2938207.0
2024-06-25 08:00:00+00:00,208.92,209.85,208.51,209.7,210911.0
2024-06-25 12:00:00+00:00,209.7,211.38,208.61,210.33,22105588.0
2024-06-25 16:00:00+00:00,210.32,210.6701,208.82,209.07,17928992.0
2024-06-25 20:00:00+00:00,209.07,209.69,208.9,209.14,2241893.0
2024-06-26 08:00:00+00:00,209.35,211.64,209.35,211.15,339173.0
2024-06-26 12:00:00+00:00,210.9,214.44,209.11,214.27,27517925.0
2024-06-26 16:00:00+00:00,214.26,214.86,212.72,213.1,24934593.0
2024-06-26 20:00:00+00:00,213.25,213.3,212.5,212.8,3146967.0
2024-06-27 08:00:00+00:00,213.08,214.34,212.8,214.16,118258.0
2024-06-27 12:00:00+00:00,213.92,215.7395,212.35,213.205,23113144.0
2024-06-27 16:00:00+00:00,213.2,214.19,213.05,214.11,17692937.0
2024-06-27 20:00:00+00:00,214.07,214.51,213.58,214.45,815216.0
2024-06-28 08:00:00+00:00,214.12,216.37,214.12,215.92,262650.0
2024-06-28 12:00:00+00:00,215.8,216.26,213.5703,214.19,22425549.0
2024-06-28 16:00:00+00:00,214.185,214.53,210.3,210.61,30098246.0
2024-06-28 20:00:00+00:00,210.63,211.7,210.55,211.66,8268218.0
2024-07-01 08:00:00+00:00,211.89,211.89,210.5,211.65,157237.0
2024-07-01 12:00:00+00:00,211.32,215.73,210.62,215.69,25116533.0
2024-07-01 16:00:00+00:00,215.685,217.51,215.14,216.73,27345758.0
2024-07-01 20:00:00+00:00,216.75,217.36,216.54,216.66,1648575.0
2024-07-02 08:00:00+00:00,216.5,216.5,215.5,215.7,120380.0
2024-07-02 12:00:00+00:00,215.92,220.34,215.1,219.27,28698888.0
2024-07-02 16:00:00+00:00,219.26,220.38,218.76,220.37,18996583.0
2024-07-02 20:00:00+00:00,220.27,220.39,219.35,219.41,1948437.0
2024-07-03 08:00:00+00:00,220.0,220.0,219.21,219.45,157953.0
2024-07-03 12:00:00+00:00,219.635,221.4,219.03,220.3099,23183724.0
2024-07-03 16:00:00+00:00,220.32,221.55,220.32,221.55,12766309.0
2024-07-03 20:00:00+00:00,220.88,221.08,220.84,221.08,14189.0
2024-07-05 08:00:00+00:00,221.86,221.86,221.1,221.73,105956.0
2024-07-05 12:00:00+00:00,221.15,225.44,220.8,225.3,26513404.0
2024-07-05 16:00:00+00:00,225.3,226.45,224.73,226.32,22166809.0
2024-07-05 20:00:00+00:00,226.34,226.85,226.2,226.5092,2674989.0
2024-07-08 08:00:00+00:00,227.6,227.88,226.61,227.84,206719.0
2024-07-08 12:00:00+00:00,227.0,228.21,223.25,226.5,27188298.0
2024-07-08 16:00:00+00:00,226.49,227.85,225.79,227.8,22716850.0
2024-07-08 20:00:00+00:00,227.82,228.49,227.54,228.39,1597430.0
2024-07-09 08:00:00+00:00,228.27,228.27,227.38,227.53,143874.0
2024-07-09 12:00:00+00:00,227.75,229.4,226.3721,228.2001,23511343.0
2024-07-09 16:00:00+00:00,228.21,228.78,227.71,228.7,17526527.0
2024-07-09 20:00:00+00:00,228.68,229.0,228.42,229.0,1215719.0
2024-07-10 08:00:00+00:00,229.11,230.0,228.65,229.7,124414.0
2024-07-10 12:00:00+00:00,229.57,231.722,228.83,231.28,23108703.0
2024-07-10 16:00:00+00:00,231.29,233.08,230.71,232.91,30171148.0
2024-07-10 20:00:00+00:00,232.98,233.0,232.31,232.37,1171905.0
2024-07-11 08:00:00+00:00,232.81,232.84,232.14,232.14,123696.0
2024-07-11 12:00:00+00:00,232.58,233.48,225.77,226.86,31244910.0
2024-07-11 16:00:00+00:00,226.864,228.72,226.58,227.55,22368195.0
2024-07-11 20:00:00+00:00,227.69,229.0,227.25,228.05,981559.0
2024-07-12 08:00:00+00:00,228.0,228.76,227.29,228.58,152790.0
2024-07-12 12:00:00+00:00,228.31,232.398,227.44,230.9001,24164487.0
2024-07-12 16:00:00+00:00,230.9,232.64,229.91,230.56,20320677.0
2024-07-12 20:00:00+00:00,230.54,230.54,229.51,230.427,1456965.0
2024-07-15 08:00:00+00:00,232.22,235.59,232.0,234.7,694179.0
2024-07-15 12:00:00+00:00,234.9101,237.23,231.0,235.09,31194820.0
2024-07-15 16:00:00+00:00,235.09,235.88,233.09,234.42,19589889.0
2024-07-15 20:00:00+00:00,234.4,235.57,234.4,235.57,4523558.0
2024-07-16 08:00:00+00:00,236.0,236.0,234.43,235.18,140861.0
2024-07-16 12:00:00+00:00,235.08,236.65,233.01,233.91,17911455.0
2024-07-16 16:00:00+00:00,233.92,234.98,232.33,234.81,15835694.0
2024-07-16 20:00:00+00:00,234.82,234.9,234.2413,234.3195,666204.0
2024-07-17 08:00:00+00:00,233.41,233.41,229.5,229.8,577292.0
2024-07-17 12:00:00+00:00,230.5469,234.27,226.64,228.71,25406222.0
2024-07-17 16:00:00+00:00,228.72,229.82,228.15,228.88,21161366.0
2024-07-17 20:00:00+00:00,228.88,229.35,228.59,229.13,2186287.0
2024-07-18 08:00:00+00:00,229.34,231.17,229.34,230.0,195516.0
2024-07-18 12:00:00+00:00,229.85,231.8,222.27,223.49,29190435.0
2024-07-18 16:00:00+00:00,223.49,225.2,222.4,224.19,24595623.0
2024-07-18 20:00:00+00:00,224.18,225.39,223.98,224.9887,5142362.0
2024-07-19 08:00:00+00:00,224.13,226.24,222.0,225.9,299146.0
2024-07-19 12:00:00+00:00,225.15,226.8,223.26,224.99,23045862.0
2024-07-19 16:00:00+00:00,224.97,225.12,223.275,224.33,17643064.0
2024-07-19 20:00:00+00:00,224.31,224.6,224.18,224.3271,962416.0
2024-07-22 08:00:00+00:00,224.35,226.83,224.35,226.78,126696.0
2024-07-22 12:00:00+00:00,226.4091,227.78,223.22,224.0007,19172317.0
2024-07-22 16:00:00+00:00,224.0,225.63,223.09,223.93,17433127.0
2024-07-22 20:00:00+00:00,223.96,224.24,223.51,223.89,1261194.0
2024-07-23 08:00:00+00:00,224.24,224.67,223.1,224.28,89370.0
2024-07-23 12:00:00+00:00,224.07,226.94,222.68,226.61,15383088.0
2024-07-23 16:00:00+00:00,226.63,226.6499,224.32,224.98,14962991.0
2024-07-23 20:00:00+00:00,225.01,225.2392,224.1927,224.2781,3709067.0
2024-07-24 08:00:00+00:00,223.44,225.77,223.4,224.8,177318.0
2024-07-24 12:00:00+00:00,225.0,225.4495,218.02,218.04,23116373.0
2024-07-24 16:00:00+00:00,218.04,218.86,217.13,218.57,23856237.0
2024-07-24 20:00:00+00:00,218.54,218.79,217.6,218.1448,3055804.0
2024-07-25 08:00:00+00:00,217.4,217.76,215.94,217.0,399104.0
2024-07-25 12:00:00+00:00,217.24,219.85,214.62,219.3549,23665446.0
2024-07-25 16:00:00+00:00,219.36,220.85,217.33,217.49,19827307.0
2024-07-25 20:00:00+00:00,217.49,218.5,217.14,217.91,1037306.0
2024-07-26 08:00:00+00:00,218.9,220.25,218.81,219.87,133462.0
2024-07-26 12:00:00+00:00,219.4,220.0,216.01,218.5,17677826.0
2024-07-26 16:00:00+00:00,218.5,219.49,217.13,218.1,16104326.0
2024-07-26 20:00:00+00:00,217.99,218.13,217.75,217.9,1217392.0
2024-07-29 08:00:00+00:00,218.69,218.8,216.87,218.0,172316.0
2024-07-29 12:00:00+00:00,217.5,219.32,215.75,218.03,16156094.0
2024-07-29 16:00:00+00:00,218.04,219.28,217.97,218.22,14340690.0
2024-07-29 20:00:00+00:00,218.24,218.44,217.0364,217.19,422814.0
2024-07-30 08:00:00+00:00,218.42,219.3,218.18,219.15,79576.0
2024-07-30 12:00:00+00:00,218.9,220.325,216.33,216.545,15852713.0
2024-07-30 16:00:00+00:00,216.5533,219.92,216.12,218.79,16454157.0
2024-07-30 20:00:00+00:00,218.77,218.8,216.52,218.1,2403086.0
2024-07-31 08:00:00+00:00,219.67,220.68,219.29,220.25,213327.0
2024-07-31 12:00:00+00:00,220.0,223.82,218.7,222.55,17424641.0
2024-07-31 16:00:00+00:00,222.57,223.37,221.285,221.99,18859341.0
2024-07-31 20:00:00+00:00,222.08,223.9245,221.77,223.8,3704436.0
2024-08-01 08:00:00+00:00,223.8,224.84,222.7,224.25,224863.0
2024-08-01 12:00:00+00:00,223.98,224.88,219.21,219.8,18969650.0
2024-08-01 16:00:00+00:00,219.7901,220.17,217.02,218.28,26359842.0
2024-08-01 20:00:00+00:00,218.36,223.9,212.35,219.6,8035687.0
2024-08-02 08:00:00+00:00,217.9,220.57,216.55,217.5,550243.0
2024-08-02 12:00:00+00:00,220.02,224.43,213.7,223.205,48007033.0
2024-08-02 16:00:00+00:00,223.205,225.6,219.05,219.8,36970903.0
2024-08-02 20:00:00+00:00,219.86,220.25,219.15,219.25,9113449.0
2024-08-05 08:00:00+00:00,206.94,207.9,200.05,203.07,2754486.0
2024-08-05 12:00:00+00:00,203.0,213.5,196.0,210.335,59106938.0
2024-08-05 16:00:00+00:00,210.335,213.0,203.91,209.2,42830238.0
2024-08-05 20:00:00+00:00,209.27,212.0,208.7,211.85,3919485.0
2024-08-06 08:00:00+00:00,211.84,212.84,207.2,207.74,561771.0
2024-08-06 12:00:00+00:00,208.9,214.8,201.07,208.45,34285255.0
2024-08-06 16:00:00+00:00,208.46,209.99,206.4,207.125,23147093.0
2024-08-06 20:00:00+00:00,207.23,207.24,204.7195,205.01,5535078.0
2024-08-07 08:00:00+00:00,208.3,209.39,207.12,207.95,308536.0
2024-08-07 12:00:00+00:00,208.8,213.64,206.32,212.5799,24582758.0
2024-08-07 16:00:00+00:00,212.5799,212.97,208.48,209.86,23907936.0
2024-08-07 20:00:00+00:00,209.82,209.93,207.63,208.25,5429167.0
2024-08-08 08:00:00+00:00,209.75,210.18,208.95,209.76,125837.0
2024-08-08 12:00:00+00:00,209.5,213.21,208.69,212.39,16775717.0
2024-08-08 16:00:00+00:00,212.37,214.2,211.87,213.34,18736660.0
2024-08-08 20:00:00+00:00,213.31,214.0,213.23,213.9482,3406704.0
2024-08-09 08:00:00+00:00,213.41,214.25,211.0,211.62,374091.0
2024-08-09 12:00:00+00:00,212.7,215.735,210.64,214.7,14127049.0
2024-08-09 16:00:00+00:00,214.7,216.78,214.41,216.3,18897470.0
2024-08-09 20:00:00+00:00,216.24,216.468,215.96,216.468,2198483.0
2024-08-12 08:00:00+00:00,216.77,217.01,216.3,216.8,121328.0
2024-08-12 12:00:00+00:00,216.7,219.5099,215.6,218.7301,16658293.0
2024-08-12 16:00:00+00:00,218.73,218.7574,216.47,217.55,13686450.0
2024-08-12 20:00:00+00:00,217.53,217.79,217.45,217.59,957944.0
2024-08-13 08:00:00+00:00,218.31,218.83,217.56,218.24,83284.0
2024-08-13 12:00:00+00:00,217.97,221.71,217.79,221.1203,18438500.0
2024-08-13 16:00:00+00:00,221.1,221.89,220.42,221.27,13589722.0
2024-08-13 20:00:00+00:00,221.27,221.35,220.01,220.7,3467592.0
2024-08-14 08:00:00+00:00,221.28,221.77,220.77,221.04,107885.0
2024-08-14 12:00:00+00:00,221.2,223.03,219.7,222.9701,16501109.0
2024-08-14 16:00:00+00:00,222.97,222.97,220.38,221.61,16061864.0
2024-08-14 20:00:00+00:00,221.72,222.1594,221.49,222.0,2133738.0
2024-08-15 08:00:00+00:00,222.34,222.71,221.76,222.28,68669.0
2024-08-15 12:00:00+00:00,221.94,225.35,221.78,224.65,16918215.0
2024-08-15 16:00:00+00:00,224.65,225.33,223.845,224.71,16335719.0
2024-08-15 20:00:00+00:00,224.72,225.55,224.25,225.3901,1872370.0
2024-08-16 08:00:00+00:00,225.61,225.63,224.9,224.9,100660.0
2024-08-16 12:00:00+00:00,224.9,226.04,223.04,225.915,18825079.0
2024-08-16 16:00:00+00:00,225.91,226.8271,225.54,226.1,15435908.0
2024-08-16 20:00:00+00:00,226.09,226.25,225.6,225.95,1003761.0
2024-08-19 08:00:00+00:00,226.44,226.44,225.0,225.98,123630.0
2024-08-19 12:00:00+00:00,225.35,226.44,223.04,223.8647,15230015.0
2024-08-19 16:00:00+00:00,223.88,225.99,223.75,225.9,15753605.0
2024-08-19 20:00:00+00:00,225.89,226.06,225.65,225.7,2436217.0
2024-08-20 08:00:00+00:00,226.11,226.27,225.69,226.0,61647.0
2024-08-20 12:00:00+00:00,225.99,227.17,225.11,226.9268,12550654.0
2024-08-20 16:00:00+00:00,226.92,227.11,226.11,226.51,10203238.0
2024-08-20 20:00:00+00:00,226.51,227.0,226.32,226.55,3065169.0
2024-08-21 08:00:00+00:00,225.89,227.01,225.89,226.92,46875.0
2024-08-21 12:00:00+00:00,227.0,227.98,225.758,226.21,14388106.0
2024-08-21 16:00:00+00:00,226.205,226.58,225.05,226.36,12555349.0
2024-08-21 20:00:00+00:00,226.4,226.8492,226.0933,226.59,2681567.0
2024-08-22 08:00:00+00:00,226.2,227.75,224.8,227.74,133648.0
2024-08-22 12:00:00+00:00,226.44,228.34,224.92,225.51,14307207.0
2024-08-22 16:00:00+00:00,225.51,226.61,223.9,224.53,15626261.0
2024-08-22 20:00:00+00:00,224.57,225.19,224.53,225.0011,1920705.0
2024-08-23 08:00:00+00:00,225.5,226.14,225.11,226.14,45512.0
2024-08-23 12:00:00+00:00,225.99,228.22,224.53,225.84,15534763.0
2024-08-23 16:00:00+00:00,225.85,227.1669,224.33,226.7736,12900334.0
2024-08-23 20:00:00+00:00,226.84,227.17,226.8,227.1631,3450879.0
2024-08-26 08:00:00+00:00,226.75,227.53,226.0,226.64,73184.0
2024-08-26 12:00:00+00:00,227.3,227.36,223.8905,224.87,11392951.0
2024-08-26 16:00:00+00:00,224.84,227.28,224.64,227.22,12356183.0
2024-08-26 20:00:00+00:00,227.18,227.21,223.3,226.5,995882.0
2024-08-27 08:00:00+00:00,226.09,227.34,225.5,226.0,101356.0
2024-08-27 12:00:00+00:00,226.54,228.85,224.89,228.165,14617987.0
2024-08-27 16:00:00+00:00,228.145,228.664,227.55,228.14,10683951.0
2024-08-27 20:00:00+00:00,228.03,228.2,227.3,227.3,5410661.0
2024-08-28 08:00:00+00:00,228.0,229.0,228.0,228.25,65776.0
2024-08-28 12:00:00+00:00,228.6,229.86,226.26,226.83,16094349.0
2024-08-28 16:00:00+00:00,226.82,227.76,225.68,226.51,14279048.0
2024-08-28 20:00:00+00:00,226.45,226.99,225.53,225.7,1411741.0
2024-08-29 08:00:00+00:00,226.89,230.39,226.89,229.98,458016.0
2024-08-29 12:00:00+00:00,229.4,232.92,226.49,231.6799,24270412.0
2024-08-29 16:00:00+00:00,231.67,232.71,229.33,229.83,20464042.0
2024-08-29 20:00:00+00:00,229.79,230.3399,229.3,230.29,1043831.0
2024-08-30 08:00:00+00:00,230.55,231.29,230.55,230.99,103361.0
2024-08-30 12:00:00+00:00,231.3,231.75,227.545,228.62,15675061.0
2024-08-30 16:00:00+00:00,228.61,229.85,227.48,228.86,16713366.0
2024-08-30 20:00:00+00:00,229.0,229.23,228.65,229.1114,1681954.0
2024-09-03 08:00:00+00:00,229.27,229.84,227.57,227.84,149553.0
2024-09-03 12:00:00+00:00,227.85,229.7,223.27,223.54,18692656.0
2024-09-03 16:00:00+00:00,223.55,224.32,221.17,222.76,19538899.0
2024-09-03 20:00:00+00:00,222.77,222.77,220.23,220.8519,3481902.0
2024-09-04 08:00:00+00:00,220.1,221.48,220.1,220.7,169283.0
2024-09-04 12:00:00+00:00,220.65,222.77,217.48,219.32,21414265.0
2024-09-04 16:00:00+00:00,219.315,221.4301,219.08,220.79,15537943.0
2024-09-04 20:00:00+00:00,220.85,221.0,219.43,220.0,1161666.0
2024-09-05 08:00:00+00:00,220.2,221.39,219.89,220.44,126032.0
2024-09-05 12:00:00+00:00,221.2,225.48,219.15,221.97,17024720.0
2024-09-05 16:00:00+00:00,221.98,223.9,221.8101,222.38,12504977.0
2024-09-05 20:00:00+00:00,222.38,222.79,221.62,222.21,1618056.0
2024-09-06 08:00:00+00:00,219.0,222.1,219.0,221.35,106683.0
2024-09-06 12:00:00+00:00,221.8256,225.24,220.82,220.96,19168029.0
2024-09-06 16:00:00+00:00,220.955,221.64,219.77,220.95,16525023.0
2024-09-06 20:00:00+00:00,220.88,221.82,219.77,220.1434,1737315.0
2024-09-09 08:00:00+00:00,221.95,223.0,220.68,221.2,258290.0
2024-09-09 12:00:00+00:00,222.0019,222.82,217.05,219.91,22194153.0
2024-09-09 16:00:00+00:00,219.89,221.06,216.71,220.99,35877895.0
2024-09-09 20:00:00+00:00,220.91,221.7901,220.3928,220.8797,1846851.0
2024-09-10 08:00:00+00:00,219.69,219.8,217.63,218.74,357417.0
2024-09-10 12:00:00+00:00,218.525,220.41,216.73,218.34,22306906.0
2024-09-10 16:00:00+00:00,218.32,221.48,218.0404,220.17,19717743.0
2024-09-10 20:00:00+00:00,220.11,220.2,219.56,219.74,1232527.0
2024-09-11 08:00:00+00:00,217.8,220.0,217.12,219.88,64569.0
2024-09-11 12:00:00+00:00,219.62,223.09,217.89,219.68,16394305.0
2024-09-11 16:00:00+00:00,219.6999,223.0,219.65,222.86,18089694.0
2024-09-11 20:00:00+00:00,222.49,222.6697,221.87,222.1445,2095237.0
2024-09-12 08:00:00+00:00,222.5,223.45,221.92,222.6,85797.0
2024-09-12 12:00:00+00:00,222.69,223.16,219.82,221.975,13726507.0
2024-09-12 16:00:00+00:00,221.98,223.55,221.62,222.87,15466357.0
2024-09-12 20:00:00+00:00,222.77,222.95,222.0,222.757,952849.0
2024-09-13 08:00:00+00:00,222.7,224.05,222.68,224.05,98667.0
2024-09-13 12:00:00+00:00,223.49,224.59,221.91,223.81,15485780.0
2024-09-13 16:00:00+00:00,223.8,224.04,222.31,222.46,14148691.0
2024-09-13 20:00:00+00:00,222.5,222.5,222.16,222.23,2007347.0
2024-09-16 08:00:00+00:00,222.2,222.2,216.93,217.0,718523.0
2024-09-16 12:00:00+00:00,217.0,221.96,213.92,215.955,31202993.0
2024-09-16 16:00:00+00:00,215.97,216.7,214.91,216.3,19071030.0
2024-09-16 20:00:00+00:00,216.32,216.32,216.0,216.249,2393386.0
2024-09-17 08:00:00+00:00,216.37,216.99,215.02,216.26,228757.0
2024-09-17 12:00:00+00:00,216.53,216.9,214.5,216.6,18529711.0
2024-09-17 16:00:00+00:00,216.6,216.85,215.05,216.85,19207553.0
2024-09-17 20:00:00+00:00,216.79,216.9,216.1,216.9,568842.0
2024-09-18 08:00:00+00:00,216.2,217.1,215.5,216.49,183386.0
2024-09-18 12:00:00+00:00,217.0,221.61,216.0,219.6115,22394277.0
2024-09-18 16:00:00+00:00,219.61,222.71,218.93,220.69,27651542.0
2024-09-18 20:00:00+00:00,220.69,222.25,220.2,222.25,2233987.0
2024-09-19 08:00:00+00:00,222.79,224.89,222.79,224.7,293492.0
2024-09-19 12:00:00+00:00,224.14,229.82,223.0,228.37,30084086.0
2024-09-19 16:00:00+00:00,228.37,229.59,228.28,228.81,23117890.0
2024-09-19 20:00:00+00:00,228.87,228.87,228.258,228.546,1137042.0
2024-09-20 08:00:00+00:00,228.15,228.42,227.11,227.9,177533.0
2024-09-20 12:00:00+00:00,227.4573,231.16,227.4201,230.8,44225155.0
2024-09-20 16:00:00+00:00,230.8,233.09,227.62,228.53,53848871.0
2024-09-20 20:00:00+00:00,228.535,228.7,227.72,227.76,64408769.0
2024-09-23 08:00:00+00:00,228.4,228.48,227.35,228.27,242592.0
2024-09-23 12:00:00+00:00,228.125,229.45,225.85,228.34,20596941.0
2024-09-23 16:00:00+00:00,228.3389,228.3389,225.81,226.45,15966340.0
2024-09-23 20:00:00+00:00,226.47,226.6,226.0,226.23,3395601.0
2024-09-24 08:00:00+00:00,226.97,228.57,226.97,227.76,217280.0
2024-09-24 12:00:00+00:00,227.5,229.35,225.73,227.45,12846907.0
2024-09-24 16:00:00+00:00,227.465,227.76,226.2,227.36,12192355.0
2024-09-24 20:00:00+00:00,227.37,227.77,227.13,227.5128,6996418.0
2024-09-25 08:00:00+00:00,226.98,226.98,224.78,225.22,259595.0
2024-09-25 12:00:00+00:00,225.05,227.31,224.61,225.51,13940349.0
2024-09-25 16:00:00+00:00,225.53,226.45,224.02,226.31,15259470.0
2024-09-25 20:00:00+00:00,226.37,226.4,224.8013,226.15,1906170.0
2024-09-26 08:00:00+00:00,227.12,228.42,226.6,227.81,204367.0
2024-09-26 12:00:00+00:00,227.95,228.5,225.41,227.7,15540628.0
2024-09-26 16:00:00+00:00,227.69,227.87,226.66,227.52,11348091.0
2024-09-26 20:00:00+00:00,227.52,228.25,227.52,228.066,1083087.0
2024-09-27 08:00:00+00:00,226.4,228.11,226.11,228.01,87264.0
2024-09-27 12:00:00+00:00,227.69,229.52,226.89,227.51,13161723.0
2024-09-27 16:00:00+00:00,227.51,228.62,227.44,227.82,10892699.0
2024-09-27 20:00:00+00:00,227.79,227.79,227.14,227.4982,837419.0
2024-09-30 08:00:00+00:00,227.33,230.55,227.33,229.42,362785.0
2024-09-30 12:00:00+00:00,229.4,232.43,226.84,232.25,18081372.0
2024-09-30 16:00:00+00:00,232.25,233.0,230.55,233.0,19614428.0
2024-09-30 20:00:00+00:00,233.0,233.25,232.7,233.15,2695217.0
2024-10-01 08:00:00+00:00,233.33,233.56,229.44,230.32,715346.0
2024-10-01 12:00:00+00:00,230.3,233.47,224.52,225.22,27666194.0
2024-10-01 16:00:00+00:00,225.21,226.34,223.74,226.26,20807999.0
2024-10-01 20:00:00+00:00,226.21,226.289,225.3,225.72,1503826.0
2024-10-02 08:00:00+00:00,225.6,226.0,224.5,224.75,132997.0
2024-10-02 12:00:00+00:00,224.66,227.05,223.02,226.84,16089475.0
2024-10-02 16:00:00+00:00,226.85,227.37,226.34,226.81,11170011.0
2024-10-02 20:00:00+00:00,226.78,227.38,226.66,226.9715,555541.0
2024-10-03 08:00:00+00:00,226.2,226.2,225.15,225.53,94728.0
2024-10-03 12:00:00+00:00,225.5,226.805,224.25,225.13,11662016.0
2024-10-03 16:00:00+00:00,225.1472,225.84,223.32,225.67,15376346.0
2024-10-03 20:00:00+00:00,225.67,226.2005,225.48,226.07,912516.0
2024-10-04 08:00:00+00:00,226.08,226.6,225.65,226.5,72543.0
2024-10-04 12:00:00+00:00,226.0,228.0,224.13,225.53,13859954.0
2024-10-04 16:00:00+00:00,225.54,226.98,224.54,226.8,14025294.0
2024-10-04 20:00:00+00:00,226.8,226.8,226.37,226.3745,2710626.0
2024-10-07 08:00:00+00:00,224.88,224.92,223.0,224.17,295519.0
2024-10-07 12:00:00+00:00,223.85,226.233,223.58,224.89,11939905.0
2024-10-07 16:00:00+00:00,224.89,224.93,221.33,221.72,15493832.0
2024-10-07 20:00:00+00:00,221.69,222.06,221.22,221.8,2990367.0
2024-10-08 08:00:00+00:00,222.1,223.35,221.7,223.18,115269.0
2024-10-08 12:00:00+00:00,223.2,225.97,221.136,225.3452,13849726.0
2024-10-08 16:00:00+00:00,225.34,225.98,224.22,225.78,10550894.0
2024-10-08 20:00:00+00:00,225.65,225.9,225.2,225.2212,1400320.0
2024-10-09 08:00:00+00:00,225.12,225.69,224.45,225.5,58160.0
2024-10-09 12:00:00+00:00,225.3,228.63,224.7726,228.4245,13110727.0
2024-10-09 16:00:00+00:00,228.425,229.75,228.02,229.49,12893535.0
2024-10-09 20:00:00+00:00,229.54,229.55,229.05,229.3961,593459.0
2024-10-10 08:00:00+00:00,229.4,229.4,228.36,229.0,77943.0
2024-10-10 12:00:00+00:00,228.6,229.1,227.17,228.655,10451338.0
2024-10-10 16:00:00+00:00,228.66,229.5,228.03,229.03,9890908.0
2024-10-10 20:00:00+00:00,229.04,229.44,229.02,229.36,908990.0
2024-10-11 08:00:00+00:00,228.5,229.15,228.32,229.12,34894.0
2024-10-11 12:00:00+00:00,228.85,229.55,227.34,228.0699,11029169.0
2024-10-11 16:00:00+00:00,228.065,228.97,227.41,227.51,12875600.0
2024-10-11 20:00:00+00:00,227.55,228.65,227.2,227.4,1083824.0
2024-10-14 08:00:00+00:00,228.0,229.49,227.71,228.8,152773.0
2024-10-14 12:00:00+00:00,229.0,231.31,227.12,230.346,13110518.0
2024-10-14 16:00:00+00:00,230.34,231.73,229.97,231.4,13196621.0
2024-10-14 20:00:00+00:00,231.3,231.46,230.84,231.3,1951079.0
2024-10-15 08:00:00+00:00,231.34,233.99,230.3,233.99,323699.0
2024-10-15 12:00:00+00:00,232.68,237.49,230.722,235.37,31576120.0
2024-10-15 16:00:00+00:00,235.38,235.82,232.81,233.8,18482251.0
2024-10-15 20:00:00+00:00,233.85,234.14,233.5,234.1,3901293.0
2024-10-16 08:00:00+00:00,234.34,234.44,233.0,233.95,64510.0
2024-10-16 12:00:00+00:00,233.8,234.15,229.84,230.1988,15985109.0
2024-10-16 16:00:00+00:00,230.1901,231.935,230.061,231.75,11710567.0
2024-10-16 20:00:00+00:00,231.78,231.79,230.8862,231.3605,717393.0
2024-10-17 08:00:00+00:00,232.0,233.9,232.0,233.47,317283.0
2024-10-17 12:00:00+00:00,233.53,234.19,230.52,232.5462,11550278.0
2024-10-17 16:00:00+00:00,232.54,232.81,231.27,232.26,11923930.0
2024-10-17 20:00:00+00:00,232.15,232.37,231.95,232.16,790702.0
2024-10-18 08:00:00+00:00,233.3,236.99,233.3,236.35,547910.0
2024-10-18 12:00:00+00:00,235.69,237.23,231.57,235.0275,23544462.0
2024-10-18 16:00:00+00:00,235.02,235.86,234.8,234.98,12628693.0
2024-10-18 20:00:00+00:00,235.0,235.08,234.7,234.89,2107527.0
2024-10-21 08:00:00+00:00,234.8,234.8,233.3,233.75,127230.0
2024-10-21 12:00:00+00:00,233.79,236.4591,233.4999,236.24,15256740.0
2024-10-21 16:00:00+00:00,236.23,236.85,235.8275,236.58,11587212.0
2024-10-21 20:00:00+00:00,236.48,236.81,236.24,236.57,1788429.0
2024-10-22 08:00:00+00:00,235.61,235.97,234.83,234.9,138761.0
2024-10-22 12:00:00+00:00,235.1,236.01,232.6,234.4903,15021890.0
2024-10-22 16:00:00+00:00,234.495,236.22,234.13,235.86,12187853.0
2024-10-22 20:00:00+00:00,235.86,236.08,235.25,235.6,1275474.0
2024-10-23 08:00:00+00:00,235.39,235.7,234.31,234.45,73411.0
2024-10-23 12:00:00+00:00,234.74,235.48,230.58,231.56,15697401.0
2024-10-23 16:00:00+00:00,231.58,231.9199,227.76,230.75,26227588.0
2024-10-23 20:00:00+00:00,230.76,230.77,230.02,230.4178,3155445.0
2024-10-24 08:00:00+00:00,230.66,231.48,230.66,231.33,77455.0
2024-10-24 12:00:00+00:00,231.27,231.61,228.41,229.58,12441349.0
2024-10-24 16:00:00+00:00,229.59,230.82,228.67,230.57,10202959.0
2024-10-24 20:00:00+00:00,230.57,230.77,229.47,229.51,1210613.0
2024-10-25 08:00:00+00:00,229.13,229.13,227.3,228.68,277139.0
2024-10-25 12:00:00+00:00,228.25,233.22,228.1,232.05,14010654.0
2024-10-25 16:00:00+00:00,232.03,232.95,231.07,231.41,12484192.0
2024-10-25 20:00:00+00:00,231.41,232.0,230.8,230.86,603822.0
2024-10-28 08:00:00+00:00,232.91,233.11,231.72,232.37,171928.0
2024-10-28 12:00:00+00:00,232.14,234.55,230.832,233.57,12389566.0
2024-10-28 16:00:00+00:00,233.545,234.73,232.92,233.49,12196676.0
2024-10-28 20:00:00+00:00,233.4,233.57,232.43,232.5,1736838.0
2024-10-29 08:00:00+00:00,232.7,233.2,231.76,232.27,117357.0
2024-10-29 12:00:00+00:00,232.35,234.07,231.6,233.34,10722642.0
2024-10-29 16:00:00+00:00,233.35,234.325,233.01,233.75,12488715.0
2024-10-29 20:00:00+00:00,233.67,233.73,231.76,232.93,3564745.0
2024-10-30 08:00:00+00:00,233.03,233.4,232.5,233.07,127151.0
2024-10-30 12:00:00+00:00,233.25,233.4,230.505,231.3899,15717503.0
2024-10-30 16:00:00+00:00,231.385,231.55,229.55,230.22,17335483.0
2024-10-30 20:00:00+00:00,230.1,230.86,229.52,230.7,1939167.0
2024-10-31 08:00:00+00:00,230.13,230.78,229.18,229.73,113016.0
2024-10-31 12:00:00+00:00,229.57,230.92,226.4,227.055,16574329.0
2024-10-31 16:00:00+00:00,227.03,228.18,225.37,225.39,21156149.0
2024-10-31 20:00:00+00:00,225.91,229.88,220.0,221.71,8711091.0
2024-11-01 08:00:00+00:00,222.27,223.86,221.59,222.02,425986.0
2024-11-01 12:00:00+00:00,222.74,225.91,220.27,222.08,34073258.0
2024-11-01 16:00:00+00:00,222.07,223.3999,221.77,222.85,19454853.0
2024-11-01 20:00:00+00:00,222.91,223.29,222.55,222.68,1059332.0
2024-11-04 08:00:00+00:00,221.51,222.05,221.03,221.42,105302.0
2024-11-04 12:00:00+00:00,221.45,222.54,219.71,221.61,11357907.0
2024-11-04 16:00:00+00:00,221.62,222.76,220.41,222.625,13444957.0
2024-11-04 20:00:00+00:00,222.625,222.79,221.52,221.7,8368344.0
2024-11-05 00:00:00+00:00,221.63,221.7696,221.5,221.53,14916.0
2024-11-05 08:00:00+00:00,221.9,222.3,221.13,221.97,38822.0
2024-11-05 12:00:00+00:00,221.98,223.95,220.4,222.195,8602941.0
2024-11-05 16:00:00+00:00,222.19,223.78,221.93,222.9399,9157184.0
2024-11-05 20:00:00+00:00,222.93,223.59,222.71,222.96,4983208.0
2024-11-06 00:00:00+00:00,222.98,223.1642,222.24,223.15,50993.0
2024-11-06 08:00:00+00:00,226.9,226.9,222.41,223.0,346025.0
2024-11-06 12:00:00+00:00,223.0,228.78,221.19,224.21,18308187.0
2024-11-06 16:00:00+00:00,224.205,225.185,223.26,223.4101,15666982.0
2024-11-06 20:00:00+00:00,223.42,224.225,222.36,222.65,8828618.0
2024-11-07 00:00:00+00:00,222.65,222.8125,222.4,222.4699,33017.0
2024-11-07 08:00:00+00:00,223.14,223.51,222.82,223.0,48138.0
2024-11-07 12:00:00+00:00,222.94,226.55,222.7814,226.23,11836850.0
2024-11-07 16:00:00+00:00,226.23,227.51,225.78,227.505,11865407.0
2024-11-07 20:00:00+00:00,227.5,227.95,226.75,227.4801,8479178.0
2024-11-08 00:00:00+00:00,227.52,227.7198,227.5,227.6,18945.0
2024-11-08 08:00:00+00:00,227.75,228.0,227.0,227.56,70867.0
2024-11-08 12:00:00+00:00,227.57,228.66,226.505,226.51,8883433.0
2024-11-08 16:00:00+00:00,226.515,227.68,226.405,227.44,12099448.0
2024-11-08 20:00:00+00:00,227.435,227.72,226.72,226.96,9305262.0
2024-11-09 00:00:00+00:00,226.96,226.98,226.8808,226.96,6757.0
2024-11-11 08:00:00+00:00,227.21,227.26,226.0,226.22,69640.0
2024-11-11 12:00:00+00:00,226.3,227.69,222.74,222.75,14109189.0
2024-11-11 16:00:00+00:00,222.755,223.35,221.5,223.045,14117288.0
2024-11-11 20:00:00+00:00,223.05,224.5,223.015,224.11,6592919.0
2024-11-12 00:00:00+00:00,224.0001,224.04,223.45,223.77,34422.0
2024-11-12 08:00:00+00:00,223.2,224.19,223.01,224.19,99756.0
2024-11-12 12:00:00+00:00,224.19,225.04,223.45,224.6,8737541.0
2024-11-12 16:00:00+00:00,224.59,225.59,223.355,224.53,12785637.0
2024-11-12 20:00:00+00:00,224.53,224.82,223.81,224.2,9972885.0
2024-11-13 00:00:00+00:00,224.19,224.2,224.01,224.09,11101.0
2024-11-13 08:00:00+00:00,223.88,224.05,223.12,223.15,26355.0
2024-11-13 12:00:00+00:00,223.3,225.2099,222.76,224.05,11993488.0
2024-11-13 16:00:00+00:00,224.05,226.65,223.77,225.43,13209983.0
2024-11-13 20:00:00+00:00,225.42,225.93,224.42,224.9699,8753779.0
2024-11-14 00:00:00+00:00,224.9,224.9898,224.73,224.73,19007.0
2024-11-14 08:00:00+00:00,224.85,224.88,224.18,224.6,48735.0
2024-11-14 12:00:00+00:00,224.8,227.03,224.22,226.53,10931161.0
2024-11-14 16:00:00+00:00,226.52,228.87,226.35,228.27,13115631.0
2024-11-14 20:00:00+00:00,228.275,228.38,226.98,227.5,9924433.0
2024-11-15 00:00:00+00:00,227.47,227.58,227.36,227.42,22976.0
2024-11-15 08:00:00+00:00,226.9,226.9,225.6,226.26,80581.0
2024-11-15 12:00:00+00:00,226.41,228.22,224.44,224.62,14036533.0
2024-11-15 16:00:00+00:00,224.63,225.48,224.27,224.825,13367216.0
2024-11-15 20:00:00+00:00,224.825,225.31,224.5699,225.03,8039600.0
2024-11-16 00:00:00+00:00,225.04,225.26,225.03,225.26,9151.0
2024-11-18 08:00:00+00:00,226.0,226.0,224.84,225.55,29961.0
2024-11-18 12:00:00+00:00,225.62,228.921,224.438,228.43,10623716.0
2024-11-18 16:00:00+00:00,228.41,229.74,228.36,228.855,12133188.0
2024-11-18 20:00:00+00:00,228.85,228.92,227.3,227.85,6946629.0
2024-11-19 00:00:00+00:00,227.85,228.31,227.6862,228.06,12992.0
2024-11-19 08:00:00+00:00,228.08,228.19,226.73,227.73,58994.0
2024-11-19 12:00:00+00:00,227.79,229.45,225.38,229.05,7705668.0
2024-11-19 16:00:00+00:00,229.06,230.16,228.6527,228.79,12357955.0
2024-11-19 20:00:00+00:00,228.78,228.88,227.72,228.0,6940786.0
2024-11-20 00:00:00+00:00,228.1,228.74,228.08,228.5,21533.0
2024-11-20 08:00:00+00:00,227.83,228.25,227.5,227.71,34239.0
2024-11-20 12:00:00+00:00,227.76,229.93,226.36,226.94,9140150.0
2024-11-20 16:00:00+00:00,226.95,227.7,225.89,227.4,9000270.0
2024-11-20 20:00:00+00:00,227.4,229.15,227.22,228.71,8838519.0
2024-11-21 00:00:00+00:00,228.67,228.79,228.24,228.24,36584.0
2024-11-21 08:00:00+00:00,228.2,229.96,228.11,229.66,86945.0
2024-11-21 12:00:00+00:00,229.43,229.97,225.7103,228.34,12110012.0
2024-11-21 16:00:00+00:00,228.34,230.155,228.07,229.38,12956037.0
2024-11-21 20:00:00+00:00,229.38,229.58,228.11,228.2301,7123925.0
2024-11-22 00:00:00+00:00,228.25,228.56,228.1,228.56,10310.0
2024-11-22 08:00:00+00:00,228.5,228.96,228.14,228.85,40443.0
2024-11-22 12:00:00+00:00,228.94,230.13,228.02,229.5,8280164.0
2024-11-22 16:00:00+00:00,229.5,230.7199,228.83,229.49,13317010.0
2024-11-22 20:00:00+00:00,229.48,230.2,228.93,229.9899,8016634.0
2024-11-23 00:00:00+00:00,229.91,229.98,229.89,229.95,3520.0
2024-11-25 08:00:00+00:00,229.88,230.75,229.88,230.5,52705.0
2024-11-25 12:00:00+00:00,230.5,233.245,229.296,231.895,11920725.0
2024-11-25 16:00:00+00:00,231.89,232.32,229.74,230.68,11448688.0
2024-11-25 20:00:00+00:00,230.68,233.17,229.845,231.3,16941606.0
2024-11-26 00:00:00+00:00,231.3,231.7417,231.01,231.06,88114.0
2024-11-26 08:00:00+00:00,231.93,233.08,231.93,232.95,119880.0
2024-11-26 12:00:00+00:00,232.93,235.57,231.93,235.1699,15998446.0
2024-11-26 16:00:00+00:00,235.17,235.46,234.27,234.92,12251217.0
2024-11-26 20:00:00+00:00,234.91,235.64,234.58,235.4617,9168818.0
2024-11-27 00:00:00+00:00,235.5935,235.65,235.3109,235.53,23610.0
2024-11-27 08:00:00+00:00,235.5,235.5,234.0,234.19,94508.0
2024-11-27 12:00:00+00:00,234.29,235.72,233.26,234.62,9208592.0
2024-11-27 16:00:00+00:00,234.62,235.25,233.98,235.06,9434334.0
2024-11-27 20:00:00+00:00,235.065,235.34,234.585,235.15,4677364.0
2024-11-28 00:00:00+00:00,235.13,235.25,235.0608,235.2,8430.0
2024-11-29 08:00:00+00:00,235.37,235.37,234.4,234.42,19368.0
2024-11-29 12:00:00+00:00,234.41,235.89,233.97,235.81,7000072.0
2024-11-29 16:00:00+00:00,235.82,237.81,235.75,237.33,17063288.0
2024-11-29 20:00:00+00:00,237.4,237.5,237.32,237.4897,32972.0
2024-12-02 08:00:00+00:00,237.1,237.29,236.86,237.18,37894.0
2024-12-02 12:00:00+00:00,237.25,240.79,236.0,240.09,14282389.0
2024-12-02 16:00:00+00:00,240.09,240.24,239.03,239.64,12763618.0
2024-12-02 20:00:00+00:00,239.64,239.98,239.04,239.75,6825558.0
2024-12-03 00:00:00+00:00,239.72,239.8,239.65,239.68,5622.0
2024-12-03 08:00:00+00:00,240.0,240.13,239.72,240.13,59391.0
2024-12-03 12:00:00+00:00,240.15,241.3699,238.9,241.1905,10879147.0
2024-12-03 16:00:00+00:00,241.19,242.46,240.81,242.38,11822593.0
2024-12-03 20:00:00+00:00,242.38,243.0,241.84,242.8007,7106535.0
2024-12-04 00:00:00+00:00,242.8166,243.0,242.73,243.0,23303.0
2024-12-04 08:00:00+00:00,242.76,243.69,242.76,243.0,66342.0
2024-12-04 12:00:00+00:00,243.01,244.11,242.044,243.465,10149976.0
2024-12-04 16:00:00+00:00,243.47,243.83,241.25,242.9101,15598707.0
2024-12-04 20:00:00+00:00,242.91,243.54,242.71,242.92,5834789.0
2024-12-05 00:00:00+00:00,242.91,242.93,242.75,242.75,19097.0
2024-12-05 08:00:00+00:00,242.53,243.17,242.1,243.0,47804.0
2024-12-05 12:00:00+00:00,243.03,244.54,242.15,242.35,10230632.0
2024-12-05 16:00:00+00:00,242.37,243.69,242.21,243.115,12780140.0
2024-12-05 20:00:00+00:00,243.12,243.27,242.13,242.95,6622878.0
2024-12-06 00:00:00+00:00,242.92,242.96,242.8395,242.93,1915.0
2024-12-06 08:00:00+00:00,242.97,243.1,242.52,242.53,13090.0
2024-12-06 12:00:00+00:00,242.62,244.63,242.08,243.5986,9382628.0
2024-12-06 16:00:00+00:00,243.6,244.1,242.912,242.9601,11161744.0
2024-12-06 20:00:00+00:00,242.95,243.4,242.2,242.41,6726751.0
2024-12-07 00:00:00+00:00,242.4,242.4055,242.3025,242.3025,8662.0
2024-12-09 08:00:00+00:00,242.69,243.0,242.1,242.75,73154.0
2024-12-09 12:00:00+00:00,242.67,246.28,241.57,246.04,10739660.0
2024-12-09 16:00:00+00:00,246.03,247.24,245.71,246.4266,14077388.0
2024-12-09 20:00:00+00:00,246.425,247.2887,246.1,247.0345,8292659.0
2024-12-10 00:00:00+00:00,247.02,247.24,247.02,247.24,36209.0
2024-12-10 08:00:00+00:00,246.6,247.3,246.53,247.15,56426.0
2024-12-10 12:00:00+00:00,247.22,248.0,245.81,245.8885,10002154.0
2024-12-10 16:00:00+00:00,245.885,248.095,245.34,248.03,10764478.0
2024-12-10 20:00:00+00:00,248.03,248.21,247.2994,247.77,8083989.0
2024-12-11 00:00:00+00:00,247.77,247.77,247.556,247.7,15153.0
2024-12-11 08:00:00+00:00,247.72,247.8,247.13,247.45,34233.0
2024-12-11 12:00:00+00:00,247.49,250.2,247.12,250.1405,11610715.0
2024-12-11 16:00:00+00:00,250.15,250.8,247.58,247.815,12600051.0
2024-12-11 20:00:00+00:00,247.815,247.9199,246.02,246.42,9176485.0
2024-12-12 00:00:00+00:00,246.5648,246.5648,246.36,246.41,29505.0
2024-12-12 08:00:00+00:00,247.5,248.16,246.52,247.19,96415.0
2024-12-12 12:00:00+00:00,247.2,248.57,245.68,248.04,10577880.0
2024-12-12 16:00:00+00:00,248.05,248.74,247.63,247.93,8721314.0
2024-12-12 20:00:00+00:00,247.92,248.47,246.51,246.8552,6298679.0
2024-12-13 00:00:00+00:00,246.7801,247.3528,246.7,247.15,18482.0
2024-12-13 08:00:00+00:00,247.12,248.5,246.5,248.25,132592.0
2024-12-13 12:00:00+00:00,248.25,249.5681,246.7,247.22,8231595.0
2024-12-13 16:00:00+00:00,247.24,248.03,246.24,247.87,10383039.0
2024-12-13 20:00:00+00:00,247.87,248.2987,247.5,247.8,6552328.0
2024-12-14 00:00:00+00:00,247.77,248.13,247.76,248.0,15510.0
2024-12-16 08:00:00+00:00,248.23,248.97,248.23,248.74,31496.0
2024-12-16 12:00:00+00:00,248.7,250.0,247.23,249.31,9319492.0
2024-12-16 16:00:00+00:00,249.3,251.38,249.13,250.81,14160960.0
2024-12-16 20:00:00+00:00,250.81,251.2,249.95,250.87,6476065.0
2024-12-17 00:00:00+00:00,250.81,251.04,250.8,251.0,12540.0
2024-12-17 08:00:00+00:00,250.29,250.58,250.06,250.14,35412.0
2024-12-17 12:00:00+00:00,250.16,252.98,249.65,252.36,9961080.0
2024-12-17 16:00:00+00:00,252.365,253.635,252.24,253.24,13766221.0
2024-12-17 20:00:00+00:00,253.24,253.83,252.15,253.1,9096638.0
2024-12-18 00:00:00+00:00,253.22,253.39,253.06,253.39,15725.0
2024-12-18 08:00:00+00:00,253.6,253.61,253.03,253.16,28937.0
2024-12-18 12:00:00+00:00,253.21,253.97,251.33,253.4701,9170397.0
2024-12-18 16:00:00+00:00,253.52,254.28,250.92,251.05,15752414.0
2024-12-18 20:00:00+00:00,251.02,251.38,246.0,246.77,16164440.0
2024-12-19 00:00:00+00:00,246.89,247.19,246.6,247.19,59766.0
2024-12-19 08:00:00+00:00,247.89,247.99,247.09,247.59,134191.0
2024-12-19 12:00:00+00:00,247.59,251.02,246.47,250.46,16261620.0
2024-12-19 16:00:00+00:00,250.46,251.85,249.495,250.06,13419824.0
2024-12-19 20:00:00+00:00,250.06,252.0,249.29,249.3501,8663251.0
2024-12-20 00:00:00+00:00,249.45,249.6,248.66,248.79,44553.0
2024-12-20 08:00:00+00:00,248.01,248.29,247.17,247.45,151190.0
2024-12-20 12:00:00+00:00,247.48,250.39,245.69,249.95,23744797.0
2024-12-20 16:00:00+00:00,249.985,253.93,249.86,253.6028,18619714.0
2024-12-20 20:00:00+00:00,253.61,255.57,252.51,255.31,36274814.0
2024-12-21 00:00:00+00:00,255.31,255.53,254.49,255.35,63230.0
2024-12-23 08:00:00+00:00,255.55,255.97,254.6,254.78,106005.0
2024-12-23 12:00:00+00:00,254.79,256.76,253.45,253.62,10073298.0
2024-12-23 16:00:00+00:00,253.6,255.23,253.56,253.93,11264434.0
2024-12-23 20:00:00+00:00,253.915,255.8,253.68,254.7685,9732644.0
2024-12-24 00:00:00+00:00,254.77,254.95,254.58,254.95,17299.0
2024-12-24 08:00:00+00:00,255.05,255.7,255.0,255.47,22736.0
2024-12-24 12:00:00+00:00,255.41,258.01,254.95,257.55,8559382.0
2024-12-24 16:00:00+00:00,257.54,258.21,256.8701,258.2,11429439.0
2024-12-24 20:00:00+00:00,257.82,258.18,257.82,258.1,12600.0
2024-12-26 08:00:00+00:00,258.06,258.38,257.13,257.73,30397.0
2024-12-26 12:00:00+00:00,257.8,260.1,257.5534,258.355,9433212.0
2024-12-26 16:00:00+00:00,258.37,259.34,258.31,259.09,7737870.0
2024-12-26 20:00:00+00:00,259.1,259.51,258.9,259.12,5023078.0
2024-12-27 00:00:00+00:00,259.12,259.12,258.81,259.06,14398.0
2024-12-27 08:00:00+00:00,258.37,258.95,258.37,258.95,18925.0
2024-12-27 12:00:00+00:00,258.95,259.59,254.5,254.95,9883966.0
2024-12-27 16:00:00+00:00,254.95,255.5599,253.06,255.465,14202327.0
2024-12-27 20:00:00+00:00,255.4501,256.38,254.5401,254.77,7716381.0
2024-12-28 00:00:00+00:00,254.83,254.9783,254.77,254.77,14673.0
2024-12-30 08:00:00+00:00,255.02,255.02,254.31,254.53,41222.0
2024-12-30 12:00:00+00:00,254.61,255.24,250.75,251.69,9729156.0
2024-12-30 16:00:00+00:00,251.685,253.5,251.06,253.34,10026707.0
2024-12-30 20:00:00+00:00,253.348,253.48,251.615,251.8679,7342631.0
2024-12-31 00:00:00+00:00,251.865,251.87,251.8,251.87,21619.0
2024-12-31 08:00:00+00:00,252.14,253.4,251.85,253.2,30643.0
2024-12-31 12:00:00+00:00,253.09,253.48,251.31,251.8185,6268296.0
2024-12-31 16:00:00+00:00,251.83,251.846,249.43,250.42,10601455.0
2024-12-31 20:00:00+00:00,250.41,251.08,249.5,250.4219,9989175.0
2025-01-01 00:00:00+00:00,250.4216,250.45,250.41,250.41,7042.0
2025-01-02 08:00:00+00:00,251.36,251.9,249.87,250.345,131822.0
2025-01-02 12:00:00+00:00,250.35,251.65,244.8,245.415,17151618.0
2025-01-02 16:00:00+00:00,245.4175,245.485,241.8201,241.96,21190314.0
2025-01-02 20:00:00+00:00,241.97,243.95,241.97,243.24,9483917.0
2025-01-03 00:00:00+00:00,243.24,244.15,243.21,243.99,135465.0
2025-01-03 08:00:00+00:00,243.8,244.66,243.16,244.35,54998.0
2025-01-03 12:00:00+00:00,244.26,244.65,241.89,243.0075,12094281.0
2025-01-03 16:00:00+00:00,243.03,244.0486,242.28,243.26,13837531.0
2025-01-03 20:00:00+00:00,243.25,243.8,242.61,243.22,7744606.0
2025-01-04 00:00:00+00:00,243.21,243.3908,243.1,243.3908,23210.0
2025-01-06 08:00:00+00:00,243.89,245.33,243.89,245.06,148602.0
2025-01-06 12:00:00+00:00,245.05,246.46,243.2,246.34,12662846.0
2025-01-06 16:00:00+00:00,246.35,247.33,244.47,244.59,12350811.0
2025-01-06 20:00:00+00:00,244.585,245.34,244.41,244.7006,8183153.0
2025-01-07 00:00:00+00:00,244.72,245.0,244.6,244.99,24375.0
2025-01-07 08:00:00+00:00,244.58,244.84,241.57,242.53,200898.0
2025-01-07 12:00:00+00:00,242.7,245.55,241.73,244.67,10481658.0
2025-01-07 16:00:00+00:00,244.67,244.78,241.35,242.2102,13169165.0
2025-01-07 20:00:00+00:00,242.23,242.405,241.539,242.15,8093229.0
2025-01-08 00:00:00+00:00,242.19,242.85,242.15,242.84,39148.0
2025-01-08 08:00:00+00:00,242.0,242.92,241.09,241.88,49262.0
2025-01-08 12:00:00+00:00,241.68,243.7123,240.05,243.47,9594032.0
2025-01-08 16:00:00+00:00,243.48,243.67,241.04,241.87,11081460.0
2025-01-08 20:00:00+00:00,241.89,242.987,241.69,242.16,5824372.0
2025-01-09 00:00:00+00:00,242.31,242.51,242.19,242.4,36991.0
2025-01-10 08:00:00+00:00,243.44,244.0,241.7,242.47,41241.0
2025-01-10 12:00:00+00:00,242.44,242.7,235.47,235.91,16490341.0
2025-01-10 16:00:00+00:00,235.92,237.59,233.0,236.3599,20787460.0
2025-01-10 20:00:00+00:00,236.35,237.45,235.75,237.01,8149928.0
2025-01-11 00:00:00+00:00,236.96,237.0399,236.95,237.02,18283.0
2025-01-13 08:00:00+00:00,235.0,235.0,233.76,234.35,173317.0
2025-01-13 12:00:00+00:00,234.25,235.98,229.72,231.115,16435066.0
2025-01-13 16:00:00+00:00,231.14,234.2,230.37,233.93,13186612.0
2025-01-13 20:00:00+00:00,233.93,235.47,233.43,235.43,8169756.0
2025-01-14 00:00:00+00:00,235.33,235.56,235.22,235.45,22889.0
2025-01-14 08:00:00+00:00,235.69,236.42,234.98,234.98,69438.0
2025-01-14 12:00:00+00:00,235.07,236.12,234.001,234.77,8866897.0
2025-01-14 16:00:00+00:00,234.78,234.92,232.65,233.15,11314470.0
2025-01-14 20:00:00+00:00,233.135,234.1777,232.472,233.35,7382912.0
2025-01-15 00:00:00+00:00,233.4,233.82,233.4,233.78,29864.0
2025-01-15 08:00:00+00:00,233.79,234.6,233.63,234.51,19893.0
2025-01-15 12:00:00+00:00,234.42,238.39,233.4,237.975,10408163.0
2025-01-15 16:00:00+00:00,237.965,238.54,236.5024,237.81,10101123.0
2025-01-15 20:00:00+00:00,237.83,238.96,237.35,238.2735,6939548.0
2025-01-16 00:00:00+00:00,238.41,238.71,238.3,238.5993,29796.0
2025-01-16 08:00:00+00:00,240.4,241.41,238.88,239.6,79906.0
2025-01-16 12:00:00+00:00,239.58,241.41,231.16,231.9601,16554082.0
2025-01-16 16:00:00+00:00,231.965,232.3125,228.56,229.86,28064859.0
2025-01-16 20:00:00+00:00,229.855,230.0686,227.7,228.47,14983868.0
2025-01-17 00:00:00+00:00,228.45,228.58,228.3512,228.4,71637.0
2025-01-17 08:00:00+00:00,229.02,230.45,229.01,229.87,259035.0
2025-01-17 12:00:00+00:00,229.87,232.3,228.76,231.33,28697141.0
2025-01-17 16:00:00+00:00,231.3376,231.51,228.48,229.2057,18945359.0
2025-01-17 20:00:00+00:00,229.2,230.12,229.08,229.8226,9983668.0
2025-01-18 00:00:00+00:00,229.8,230.0,229.2742,229.499,219275.0
2025-01-21 08:00:00+00:00,227.33,228.27,225.34,225.45,407709.0
2025-01-21 12:00:00+00:00,225.49,227.75,220.6,221.31,31063326.0
2025-01-21 16:00:00+00:00,221.3,221.69,219.38,221.1203,33123457.0
2025-01-21 20:00:00+00:00,221.125,222.79,220.31,221.921,12589221.0
2025-01-22 00:00:00+00:00,221.92,222.17,221.8,222.0501,103483.0
2025-01-22 08:00:00+00:00,222.7,223.0,221.91,222.46,246059.0
2025-01-22 12:00:00+00:00,222.47,223.3528,219.05,222.935,19764010.0
2025-01-22 16:00:00+00:00,222.94,223.4,221.7,223.3889,18163302.0
2025-01-22 20:00:00+00:00,223.38,224.12,222.82,223.3607,10544594.0
2025-01-23 00:00:00+00:00,223.4,223.45,223.1245,223.18,51214.0
2025-01-23 08:00:00+00:00,223.52,223.52,222.22,223.2,128615.0
2025-01-23 12:00:00+00:00,223.23,227.03,222.44,225.3242,17647053.0
2025-01-23 16:00:00+00:00,225.3337,225.41,222.43,222.75,19619070.0
2025-01-23 20:00:00+00:00,222.74,223.9,222.3,223.255,12849264.0
2025-01-24 00:00:00+00:00,223.2601,223.35,223.15,223.24,29574.0
2025-01-24 08:00:00+00:00,223.2,225.5,223.12,225.25,230707.0
2025-01-24 12:00:00+00:00,225.15,226.29,222.5301,223.065,18036437.0
2025-01-24 16:00:00+00:00,223.065,223.49,221.92,222.56,16447838.0
2025-01-24 20:00:00+00:00,222.5517,223.045,221.41,222.15,9750303.0
2025-01-25 00:00:00+00:00,222.2,222.34,222.03,222.17,38030.0
2025-01-27 08:00:00+00:00,219.9,223.0,218.2,221.8,890843.0
2025-01-27 12:00:00+00:00,221.81,228.5876,218.06,227.79,27316624.0
2025-01-27 16:00:00+00:00,227.76,232.15,227.51,231.58,30074122.0
2025-01-27 20:00:00+00:00,231.57,231.91,228.48,229.7745,17959123.0
2025-01-28 00:00:00+00:00,229.77,229.79,229.02,229.79,28636.0
2025-01-28 08:00:00+00:00,230.23,231.84,228.52,230.93,355546.0
2025-01-28 12:00:00+00:00,231.05,239.25,229.0768,238.84,28060205.0
2025-01-28 16:00:00+00:00,238.84,240.19,238.16,239.165,22498141.0
2025-01-28 20:00:00+00:00,239.155,239.25,237.25,237.6,11046404.0
2025-01-29 00:00:00+00:00,237.69,238.35,237.63,238.35,54060.0
2025-01-29 08:00:00+00:00,238.56,238.56,237.02,237.47,141589.0
2025-01-29 12:00:00+00:00,237.43,239.56,232.98,237.7894,14231494.0
2025-01-29 16:00:00+00:00,237.78,238.29,235.45,238.08,14536778.0
2025-01-29 20:00:00+00:00,238.07,239.98,237.69,238.8001,8453791.0
2025-01-30 00:00:00+00:00,238.85,239.5,238.85,239.2015,45403.0
2025-01-30 08:00:00+00:00,239.63,239.92,238.8,239.35,74305.0
2025-01-30 12:00:00+00:00,239.15,240.79,237.16,238.06,10552922.0
2025-01-30 16:00:00+00:00,238.09,239.87,237.21,239.861,15593135.0
2025-01-30 20:00:00+00:00,239.865,248.35,232.97,245.0,22628176.0
2025-01-31 00:00:00+00:00,244.95,245.0,244.1,244.75,282636.0
2025-01-31 08:00:00+00:00,244.75,246.44,244.28,245.91,364565.0
2025-01-31 12:00:00+00:00,245.92,248.2299,240.01,240.925,32184299.0
2025-01-31 16:00:00+00:00,240.93,241.11,233.44,234.11,30436923.0
2025-01-31 20:00:00+00:00,234.115,236.5,233.55,234.9202,15738009.0
2025-02-01 00:00:00+00:00,234.92,235.0695,233.92,233.92,73244.0
2025-02-03 08:00:00+00:00,232.79,233.57,230.0,231.51,287543.0
2025-02-03 12:00:00+00:00,231.66,235.41,226.635,227.89,25664701.0
2025-02-03 16:00:00+00:00,227.9232,229.11,225.7,228.84,24793538.0
2025-02-03 20:00:00+00:00,228.86,229.4,227.63,229.1,12216412.0
2025-02-04 00:00:00+00:00,229.0792,229.15,228.3997,228.8025,96943.0
2025-02-04 08:00:00+00:00,226.65,227.65,226.47,226.98,105683.0
2025-02-04 12:00:00+00:00,226.94,231.5488,226.18,230.52,14623734.0
2025-02-04 16:00:00+00:00,230.52,232.79,230.12,232.547,14314528.0
2025-02-04 20:00:00+00:00,232.5564,233.13,231.61,232.25,7406474.0
2025-02-05 00:00:00+00:00,232.13,233.0,232.055,232.75,52204.0
2025-02-05 08:00:00+00:00,228.95,230.28,225.24,226.48,528731.0
2025-02-05 12:00:00+00:00,226.5,232.38,225.02,229.53,11277673.0
2025-02-05 16:00:00+00:00,229.52,231.53,229.26,231.29,11186634.0
2025-02-05 20:00:00+00:00,231.3,233.0,230.5,232.1718,5636974.0
2025-02-06 00:00:00+00:00,232.0317,232.6188,232.0,232.2,31392.0
2025-02-06 08:00:00+00:00,232.0,232.56,230.85,230.85,72703.0
2025-02-06 12:00:00+00:00,231.01,233.8,230.425,230.9499,9077136.0
2025-02-06 16:00:00+00:00,230.94,233.11,230.87,232.17,8915746.0
2025-02-06 20:00:00+00:00,232.16,233.48,231.895,232.7785,5741026.0
2025-02-07 00:00:00+00:00,233.1,233.25,232.7652,233.1,22087.0
2025-02-07 08:00:00+00:00,232.92,233.2,232.7,232.97,41070.0
2025-02-07 12:00:00+00:00,232.85,234.0,229.12,230.53,10125432.0
2025-02-07 16:00:00+00:00,230.57,230.59,227.78,228.295,14741569.0
2025-02-07 20:00:00+00:00,228.28,228.58,227.25,227.27,7617273.0
2025-02-08 00:00:00+00:00,227.27,227.3,227.25,227.25,16372.0
2025-02-10 08:00:00+00:00,228.5,229.25,228.35,228.98,52122.0
2025-02-10 12:00:00+00:00,229.0,230.585,228.0,229.04,8286109.0
2025-02-10 16:00:00+00:00,229.03,229.51,227.91,228.04,9751410.0
2025-02-10 20:00:00+00:00,228.035,228.13,226.75,226.9,6937539.0
2025-02-11 00:00:00+00:00,226.8996,227.05,226.75,226.9999,31162.0
2025-02-11 08:00:00+00:00,227.14,227.42,226.6,227.0,30154.0
2025-02-11 12:00:00+00:00,227.03,234.68,226.0,234.29,20701903.0
2025-02-11 16:00:00+00:00,234.3,235.23,233.13,233.3685,16068305.0
2025-02-11 20:00:00+00:00,233.37,233.925,232.15,232.9133,7785021.0
2025-02-12 00:00:00+00:00,232.8,232.9117,232.62,232.84,22986.0
2025-02-12 08:00:00+00:00,232.89,232.91,232.34,232.75,43741.0
2025-02-12 12:00:00+00:00,232.83,234.84,230.41,234.6347,14488394.0
2025-02-12 16:00:00+00:00,234.65,236.51,233.99,236.47,13268773.0
2025-02-12 20:00:00+00:00,236.48,236.99,235.91,236.97,7496234.0
2025-02-13 00:00:00+00:00,236.95,237.1,236.8407,237.0878,22382.0
2025-02-13 08:00:00+00:00,236.61,237.0,235.32,235.77,75615.0
2025-02-13 12:00:00+00:00,235.92,239.51,235.3,239.2801,12858855.0
2025-02-13 16:00:00+00:00,239.28,242.3399,237.0,242.23,18220356.0
2025-02-13 20:00:00+00:00,242.22,242.2306,241.01,241.4,7415461.0
2025-02-14 00:00:00+00:00,241.35,241.54,241.22,241.4782,20411.0
2025-02-14 08:00:00+00:00,241.98,241.98,240.47,240.68,147589.0
2025-02-14 12:00:00+00:00,240.75,245.05,240.65,244.28,14161703.0
2025-02-14 16:00:00+00:00,244.28,244.54,243.16,244.2683,10927093.0
2025-02-14 20:00:00+00:00,244.265,245.55,243.91,244.7925,8954281.0
2025-02-15 00:00:00+00:00,244.75,244.78,244.5025,244.65,6682.0
2025-02-18 08:00:00+00:00,245.05,245.4,244.68,244.68,66725.0
2025-02-18 12:00:00+00:00,244.66,245.51,242.8601,244.33,12480068.0
2025-02-18 16:00:00+00:00,244.33,245.05,241.84,243.695,12110550.0
2025-02-18 20:00:00+00:00,243.6989,244.99,243.15,244.9486,9374253.0
2025-02-19 00:00:00+00:00,244.9,245.4091,244.82,245.37,37678.0
2025-02-19 08:00:00+00:00,245.0,245.0,243.84,243.88,47585.0
2025-02-19 12:00:00+00:00,243.88,246.01,243.26,243.42,8925574.0
2025-02-19 16:00:00+00:00,243.41,245.66,243.1604,244.835,10298668.0
2025-02-19 20:00:00+00:00,244.84,245.18,244.2501,244.58,5216256.0
2025-02-20 00:00:00+00:00,244.65,244.87,244.49,244.8,8779.0
2025-02-20 08:00:00+00:00,243.98,244.28,243.79,243.91,45422.0
2025-02-20 12:00:00+00:00,243.87,246.78,243.5,245.07,8601119.0
2025-02-20 16:00:00+00:00,245.11,246.7,244.85,245.335,11928007.0
2025-02-20 20:00:00+00:00,245.33,246.0,245.2724,245.69,4859518.0
2025-02-21 00:00:00+00:00,245.69,245.7,245.5717,245.6,5604.0
2025-02-21 08:00:00+00:00,245.55,245.55,245.15,245.38,20468.0
2025-02-21 12:00:00+00:00,245.42,246.94,245.22,245.83,10078758.0
2025-02-21 16:00:00+00:00,245.815,248.69,245.632,245.92,23832857.0
2025-02-21 20:00:00+00:00,245.91,246.1,245.0,245.21,11241126.0
2025-02-22 00:00:00+00:00,245.18,245.2353,245.0,245.0,22739.0
2025-02-24 08:00:00+00:00,245.39,245.43,241.55,243.8,381678.0
2025-02-24 12:00:00+00:00,243.86,248.86,243.11,247.225,16915881.0
2025-02-24 16:00:00+00:00,247.22,248.8,246.27,247.98,15065576.0
2025-02-24 20:00:00+00:00,247.965,248.23,246.82,247.55,8889295.0
2025-02-25 00:00:00+00:00,247.6,248.43,247.55,248.09,42731.0
2025-02-25 08:00:00+00:00,247.76,247.77,246.37,247.09,98260.0
2025-02-25 12:00:00+00:00,247.0,249.52,244.91,246.06,15289018.0
2025-02-25 16:00:00+00:00,246.09,250.0,245.65,248.43,16883183.0
2025-02-25 20:00:00+00:00,248.42,248.54,246.045,246.35,6828713.0
2025-02-26 00:00:00+00:00,246.43,246.65,246.2537,246.5,31020.0
2025-02-26 08:00:00+00:00,246.62,246.72,245.58,245.6,59768.0
2025-02-26 12:00:00+00:00,245.61,247.23,241.42,242.19,14607928.0
2025-02-26 16:00:00+00:00,242.195,243.89,239.13,239.72,14931745.0
2025-02-26 20:00:00+00:00,239.72,240.81,239.0,239.78,6941244.0
2025-02-27 00:00:00+00:00,239.79,239.88,239.22,239.6311,27806.0
2025-02-27 08:00:00+00:00,240.12,241.65,240.12,240.34,60454.0
2025-02-27 12:00:00+00:00,240.32,242.284,238.47,241.24,13338775.0
2025-02-27 16:00:00+00:00,241.23,242.46,239.54,239.71,10630103.0
2025-02-27 20:00:00+00:00,239.71,239.93,236.75,237.7,9353823.0
2025-02-28 00:00:00+00:00,238.0,238.2375,237.3,237.3,17159.0
2025-02-28 08:00:00+00:00,237.19,238.19,237.19,238.19,49911.0
2025-02-28 12:00:00+00:00,238.2,238.29,230.2,237.47,11630742.0
2025-02-28 16:00:00+00:00,237.485,238.89,236.23,238.87,12887002.0
2025-02-28 20:00:00+00:00,238.85,242.26,238.79,242.0001,14385586.0
2025-03-01 00:00:00+00:00,242.0,242.08,241.61,241.8981,21225.0
2025-03-03 08:00:00+00:00,241.62,241.88,241.13,241.5,94167.0
2025-03-03 12:00:00+00:00,241.46,244.0272,239.825,241.2,12285078.0
2025-03-03 16:00:00+00:00,241.23,242.99,239.88,240.29,13024580.0
2025-03-03 20:00:00+00:00,240.295,240.295,236.112,238.14,11198332.0
2025-03-04 00:00:00+00:00,238.23,240.49,238.19,240.33,51223.0
2025-03-04 08:00:00+00:00,238.85,239.2,237.8,238.55,87350.0
2025-03-04 12:00:00+00:00,238.39,239.85,236.0,239.09,15805027.0
2025-03-04 16:00:00+00:00,239.09,240.07,236.16,238.31,17113160.0
2025-03-04 20:00:00+00:00,238.31,239.25,234.68,238.0,9953251.0
2025-03-05 00:00:00+00:00,237.964,238.2,237.2,237.6301,33667.0
2025-03-05 08:00:00+00:00,237.76,237.76,236.19,236.62,64117.0
2025-03-05 12:00:00+00:00,236.72,237.72,230.52,232.57,13563043.0
2025-03-05 16:00:00+00:00,232.565,236.55,229.23,235.49,16313461.0
2025-03-05 20:00:00+00:00,235.47,236.48,235.06,235.74,7966061.0
2025-03-06 00:00:00+00:00,235.74,236.29,235.5,235.7823,9756.0
2025-03-06 08:00:00+00:00,234.88,235.4,234.08,234.37,64297.0
2025-03-06 12:00:00+00:00,234.34,237.86,233.28,236.95,11121639.0
2025-03-06 16:00:00+00:00,236.98,237.72,233.1581,234.41,17050352.0
2025-03-06 20:00:00+00:00,234.43,235.78,234.19,234.77,8001983.0
2025-03-07 00:00:00+00:00,234.78,235.33,234.62,234.98,21963.0
2025-03-07 08:00:00+00:00,234.37,234.79,234.19,234.7,39005.0
2025-03-07 12:00:00+00:00,234.69,240.16,233.9455,238.915,12149927.0
2025-03-07 16:00:00+00:00,238.91,241.37,237.86,239.22,20943180.0
2025-03-07 20:00:00+00:00,239.21,239.77,237.94,238.53,7027893.0
2025-03-08 00:00:00+00:00,238.56,238.78,238.51,238.65,5164.0
2025-03-10 08:00:00+00:00,237.49,238.08,235.25,235.42,211387.0
2025-03-10 12:00:00+00:00,236.0,238.473,225.29,226.59,30092464.0
2025-03-10 16:00:00+00:00,226.58,228.66,224.22,227.541,29076155.0
2025-03-10 20:00:00+00:00,227.48,227.5485,224.49,225.26,1437010.0
2025-03-11 08:00:00+00:00,225.84,228.21,225.84,226.63,217031.0
2025-03-11 12:00:00+00:00,226.33,227.7843,220.01,221.1398,28271830.0
2025-03-11 16:00:00+00:00,221.1,223.31,217.45,220.73,32689879.0
2025-03-11 20:00:00+00:00,220.84,221.244,220.2119,221.0623,1944115.0
2025-03-12 08:00:00+00:00,219.8,220.98,219.55,220.45,155141.0
2025-03-12 12:00:00+00:00,220.24,222.3899,214.91,217.78,27603690.0
2025-03-12 16:00:00+00:00,217.78,218.61,215.05,216.94,25695737.0
2025-03-12 20:00:00+00:00,216.98,217.49,216.5,217.41,1786392.0
2025-03-13 08:00:00+00:00,216.0,216.98,215.25,216.07,177284.0
2025-03-13 12:00:00+00:00,215.84,216.8394,212.0,212.0757,21315827.0
2025-03-13 16:00:00+00:00,212.08,212.93,208.42,209.71,30437421.0
2025-03-13 20:00:00+00:00,209.7197,211.5036,209.61,210.2,1485517.0
2025-03-14 08:00:00+00:00,210.72,211.08,210.25,210.94,157060.0
2025-03-14 12:00:00+00:00,210.83,213.95,209.58,213.28,25165975.0
2025-03-14 16:00:00+00:00,213.28,213.9,210.76,213.38,22697377.0
2025-03-14 20:00:00+00:00,213.49,213.49,213.1205,213.29,1731346.0
2025-03-17 08:00:00+00:00,212.86,213.35,212.0,212.79,130843.0
2025-03-17 12:00:00+00:00,212.94,214.97,209.97,210.915,17697597.0
2025-03-17 16:00:00+00:00,210.9157,215.22,210.57,214.15,19819760.0
2025-03-17 20:00:00+00:00,214.0,214.26,213.6,213.93,748532.0
2025-03-18 08:00:00+00:00,213.73,214.0,213.25,213.95,104364.0
2025-03-18 12:00:00+00:00,213.88,215.15,212.65,213.345,16105893.0
2025-03-18 16:00:00+00:00,213.315,214.0,211.49,212.79,16776881.0
2025-03-18 20:00:00+00:00,212.69,214.0,212.34,213.0,1974221.0
2025-03-19 08:00:00+00:00,213.58,213.58,212.92,213.24,40312.0
2025-03-19 12:00:00+00:00,213.26,218.76,212.62,216.269,18352907.0
2025-03-19 16:00:00+00:00,216.24,217.059,213.75,215.3,19894589.0
2025-03-19 20:00:00+00:00,215.24,216.3,215.24,216.15,2256793.0
2025-03-20 08:00:00+00:00,216.24,216.36,213.86,214.86,142511.0
2025-03-20 12:00:00+00:00,214.34,217.4899,212.9,215.5963,13311449.0
2025-03-20 16:00:00+00:00,215.589,216.44,212.22,214.15,21172311.0
2025-03-20 20:00:00+00:00,214.1,214.35,213.65,213.7,1009541.0
2025-03-21 08:00:00+00:00,213.9,213.9,211.52,212.1,188623.0
2025-03-21 12:00:00+00:00,212.03,214.84,209.2,213.2602,29500848.0
2025-03-21 16:00:00+00:00,213.25,218.84,212.64,218.36,22963309.0
2025-03-21 20:00:00+00:00,218.2,218.44,216.0665,217.8799,11191404.0
2025-03-24 08:00:00+00:00,219.8,220.84,219.3,220.19,319115.0
2025-03-24 12:00:00+00:00,219.9,221.22,218.58,219.79,15321626.0
2025-03-24 16:00:00+00:00,219.79,221.48,218.82,220.43,17345434.0
2025-03-24 20:00:00+00:00,220.73,220.876,220.54,220.74,1276899.0
2025-03-25 08:00:00+00:00,220.5,220.99,220.05,220.84,100658.0
2025-03-25 12:00:00+00:00,220.75,223.9,220.08,223.5369,13348143.0
2025-03-25 16:00:00+00:00,223.54,224.1,222.6,223.73,13600618.0
2025-03-25 20:00:00+00:00,223.75,224.33,223.4706,224.18,756896.0
2025-03-26 08:00:00+00:00,223.94,224.42,223.53,224.27,52652.0
2025-03-26 12:00:00+00:00,224.2,225.02,222.12,222.695,13135855.0
2025-03-26 16:00:00+00:00,222.69,223.79,220.47,221.39,13705632.0
2025-03-26 20:00:00+00:00,221.53,221.53,220.6,221.53,777118.0
2025-03-27 08:00:00+00:00,221.0,221.47,220.5,221.47,69849.0
2025-03-27 12:00:00+00:00,220.66,223.5771,220.5601,223.0,10777427.0
2025-03-27 16:00:00+00:00,223.005,224.99,222.72,223.93,17194725.0
2025-03-27 20:00:00+00:00,223.85,223.95,223.25,223.46,639261.0
2025-03-28 08:00:00+00:00,222.0,222.7,221.99,222.2,87569.0
2025-03-28 12:00:00+00:00,222.05,223.81,219.17,219.53,15108230.0
2025-03-28 16:00:00+00:00,219.51,219.83,217.68,217.85,15437084.0
2025-03-28 20:00:00+00:00,217.9,223.85,217.22,217.22,755513.0
2025-03-31 08:00:00+00:00,215.74,216.85,215.0,216.71,276058.0
2025-03-31 12:00:00+00:00,216.25,220.58,215.33,220.35,20377889.0
2025-03-31 16:00:00+00:00,220.36,225.62,219.24,221.995,23026128.0
2025-03-31 20:00:00+00:00,222.13,222.99,220.81,221.1999,2149522.0
2025-04-01 08:00:00+00:00,221.42,221.76,219.25,220.0,185818.0
2025-04-01 12:00:00+00:00,220.0,223.43,218.9,222.5802,15165897.0
2025-04-01 16:00:00+00:00,222.6,223.68,221.14,223.14,12331409.0
2025-04-01 20:00:00+00:00,223.19,224.0,222.74,223.45,1395967.0
2025-04-02 08:00:00+00:00,222.82,222.82,221.49,221.87,87872.0
2025-04-02 12:00:00+00:00,222.3,224.7154,220.6,223.685,11130158.0
2025-04-02 16:00:00+00:00,223.69,225.19,222.86,223.8,13919634.0
2025-04-02 20:00:00+00:00,223.89,225.5,206.15,207.91,4320679.0
2025-04-03 08:00:00+00:00,210.78,210.78,206.3,206.99,1420896.0
2025-04-03 12:00:00+00:00,207.18,211.03,202.52,205.595,47479491.0
2025-04-03 16:00:00+00:00,205.62,207.04,201.25,203.06,39611710.0
2025-04-03 20:00:00+00:00,203.19,204.25,202.73,203.38,1918835.0
2025-04-04 08:00:00+00:00,203.11,203.46,190.33,194.15,2720278.0
2025-04-04 12:00:00+00:00,193.57,203.15,190.3502,194.165,53982035.0
2025-04-04 16:00:00+00:00,194.163,195.07,187.34,188.38,53033196.0
2025-04-04 20:00:00+00:00,188.38,188.639,186.44,186.6,2777001.0
2025-04-07 08:00:00+00:00,177.87,186.43,177.09,182.06,2125166.0
2025-04-07 12:00:00+00:00,183.7,194.15,174.43,178.78,87185529.0
2025-04-07 16:00:00+00:00,178.78,183.9,175.75,181.59,52921793.0
2025-04-07 20:00:00+00:00,181.3,183.77,181.25,182.68,1657992.0
2025-04-08 08:00:00+00:00,183.88,185.75,182.67,185.52,701767.0
2025-04-08 12:00:00+00:00,183.5,190.335,181.6,184.47,40411769.0
2025-04-08 16:00:00+00:00,184.48,184.8682,169.2101,172.77,62169751.0
2025-04-08 20:00:00+00:00,172.8142,175.49,169.1,169.45,3132155.0
2025-04-09 08:00:00+00:00,172.1,177.14,168.38,168.8,2393166.0
2025-04-09 12:00:00+00:00,173.8,180.53,168.0,178.73,52398317.0
2025-04-09 16:00:00+00:00,178.71,200.61,177.875,198.85,102677752.0
2025-04-09 20:00:00+00:00,198.85,199.4,196.33,197.7118,2929587.0
2025-04-10 08:00:00+00:00,193.87,195.49,191.26,193.11,1107195.0
2025-04-10 12:00:00+00:00,192.48,197.05,186.45,186.6499,44301411.0
2025-04-10 16:00:00+00:00,186.5975,192.8,183.0,190.44,56007982.0
2025-04-10 20:00:00+00:00,190.5509,191.8,189.0,189.44,1694292.0
2025-04-11 08:00:00+00:00,191.1,193.03,188.32,191.06,497536.0
2025-04-11 12:00:00+00:00,190.8,195.66,185.21,195.64,31280620.0
2025-04-11 16:00:00+00:00,195.63,199.54,195.21,198.02,40931834.0
2025-04-11 20:00:00+00:00,198.15,198.6,195.95,196.95,1843734.0
2025-04-14 08:00:00+00:00,209.68,210.8,206.75,208.7,2420707.0
2025-04-14 12:00:00+00:00,207.85,212.94,198.843,202.51,53633827.0
2025-04-14 16:00:00+00:00,202.51,206.66,201.1621,202.59,35921585.0
2025-04-14 20:00:00+00:00,202.52,202.68,200.6381,200.93,1628857.0
2025-04-15 08:00:00+00:00,202.22,203.74,199.51,199.82,424440.0
2025-04-15 12:00:00+00:00,201.61,204.0,199.5,202.8871,21129556.0
2025-04-15 16:00:00+00:00,202.875,203.35,201.115,202.13,18096095.0
2025-04-15 20:00:00+00:00,202.14,202.66,199.0,199.81,1065125.0
2025-04-16 08:00:00+00:00,198.8,202.46,197.03,200.14,349541.0
2025-04-16 12:00:00+00:00,200.34,200.7,196.0,196.75,22134833.0
2025-04-16 16:00:00+00:00,196.755,197.92,192.37,194.3,26323252.0
2025-04-16 20:00:00+00:00,194.27,195.19,194.02,194.94,1016573.0
2025-04-17 08:00:00+00:00,196.5,197.15,195.2,195.98,227995.0
2025-04-17 12:00:00+00:00,195.76,198.0,194.42,196.11,20415827.0
2025-04-17 16:00:00+00:00,196.12,198.8335,195.81,196.87,21050488.0
2025-04-17 20:00:00+00:00,196.98,198.0,196.98,197.25,1383614.0
2025-04-21 08:00:00+00:00,195.93,195.93,191.75,191.94,268580.0
2025-04-21 12:00:00+00:00,193.42,195.78,189.8112,190.25,15956349.0
2025-04-21 16:00:00+00:00,190.24,193.43,190.13,193.09,16539637.0
2025-04-21 20:00:00+00:00,193.16,194.0,191.5,194.0,1330236.0
2025-04-22 08:00:00+00:00,193.79,195.61,193.79,194.5,145923.0
2025-04-22 12:00:00+00:00,194.61,199.55,193.58,199.33,15656442.0
2025-04-22 16:00:00+00:00,199.34,201.59,198.0,199.56,27296039.0
2025-04-22 20:00:00+00:00,199.74,205.75,199.5,205.0,1569967.0
2025-04-23 08:00:00+00:00,205.0,206.65,204.0,205.77,481960.0
2025-04-23 12:00:00+00:00,206.36,208.0,203.6501,204.27,25875415.0
2025-04-23 16:00:00+00:00,204.27,206.5,202.799,204.36,17237048.0
2025-04-23 20:00:00+00:00,204.44,205.7299,203.33,204.4594,820037.0
2025-04-24 08:00:00+00:00,203.87,204.43,201.68,203.67,271017.0
2025-04-24 12:00:00+00:00,203.99,206.715,202.54,206.095,14333691.0
2025-04-24 16:00:00+00:00,206.11,208.8299,205.65,208.2,17380331.0
2025-04-24 20:00:00+00:00,208.2139,208.91,207.42,207.9991,1106212.0
2025-04-25 08:00:00+00:00,208.6,208.6,205.03,206.17,307309.0
2025-04-25 12:00:00+00:00,206.2,209.2499,205.2,207.5,13662677.0
2025-04-25 16:00:00+00:00,207.49,209.75,207.33,209.23,15677586.0
2025-04-25 20:00:00+00:00,209.28,209.3,208.24,208.59,693470.0
2025-04-28 08:00:00+00:00,208.76,210.0,207.74,209.92,180027.0
2025-04-28 12:00:00+00:00,209.3,211.5,207.57,207.96,14443106.0
2025-04-28 16:00:00+00:00,207.95,211.5,207.46,210.09,12688754.0
2025-04-28 20:00:00+00:00,210.14,210.95,209.6,210.3,610561.0
2025-04-29 08:00:00+00:00,210.65,211.1,209.78,210.31,99265.0
2025-04-29 12:00:00+00:00,210.4,212.24,208.37,210.615,13834477.0
2025-04-29 16:00:00+00:00,210.615,211.9606,209.35,211.24,11900562.0
2025-04-29 20:00:00+00:00,211.21,211.21,210.33,210.556,2198537.0
2025-04-30 08:00:00+00:00,210.58,211.34,209.77,209.99,71954.0
2025-04-30 12:00:00+00:00,210.4,211.13,206.6705,211.05,12882636.0
2025-04-30 16:00:00+00:00,211.04,213.58,209.8,212.48,17169728.0
2025-04-30 20:00:00+00:00,212.5,212.93,208.65,209.0,4314600.0
2025-05-01 08:00:00+00:00,209.58,210.35,209.01,209.31,423271.0
2025-05-01 12:00:00+00:00,209.31,214.27,208.8,211.5844,18866393.0
2025-05-01 16:00:00+00:00,211.6,214.56,211.53,212.83,19989436.0
2025-05-01 20:00:00+00:00,213.32,214.0,203.84,205.25,8213785.0
2025-05-02 08:00:00+00:00,206.6,208.01,205.51,206.0,971881.0
2025-05-02 12:00:00+00:00,207.03,208.0324,202.16,205.48,42378288.0
2025-05-02 16:00:00+00:00,205.4874,206.58,203.66,205.3,38562185.0
2025-05-02 20:00:00+00:00,205.35,205.6,205.0038,205.04,1722938.0
2025-05-05 08:00:00+00:00,205.0,205.0,202.79,203.19,285707.0
2025-05-05 12:00:00+00:00,203.25,204.3419,198.21,199.275,28597360.0
2025-05-05 16:00:00+00:00,199.275,201.16,198.512,198.77,23808086.0
2025-05-05 20:00:00+00:00,198.89,199.05,198.56,198.6,1666877.0
2025-05-06 08:00:00+00:00,198.65,198.65,197.3,197.74,226662.0
2025-05-06 12:00:00+00:00,197.59,199.88,197.02,198.805,23468074.0
2025-05-06 16:00:00+00:00,198.83,200.65,198.37,198.41,16536244.0
2025-05-06 20:00:00+00:00,198.51,201.5,197.5,201.15,2839974.0
2025-05-07 08:00:00+00:00,201.45,201.45,200.12,200.6,189507.0
2025-05-07 12:00:00+00:00,200.41,201.0199,193.25,195.105,25640094.0
2025-05-07 16:00:00+00:00,195.1,197.4699,193.3,196.22,23431202.0
2025-05-07 20:00:00+00:00,196.25,196.62,195.75,196.45,1123741.0
2025-05-08 08:00:00+00:00,197.98,199.16,197.85,198.31,331174.0
2025-05-08 12:00:00+00:00,198.81,199.75,194.6796,199.34,19748117.0
2025-05-08 16:00:00+00:00,199.34,200.05,197.164,197.4,18010831.0
2025-05-08 20:00:00+00:00,197.49,197.73,197.2,197.51,1051068.0
2025-05-09 08:00:00+00:00,197.71,198.87,197.0,198.05,221594.0
2025-05-09 12:00:00+00:00,198.68,200.5399,197.13,198.7585,15585347.0
2025-05-09 16:00:00+00:00,198.72,199.43,197.6,198.54,13298169.0
2025-05-09 20:00:00+00:00,198.53,198.7,198.23,198.5244,1086004.0
2025-05-12 08:00:00+00:00,205.62,213.43,203.04,210.66,2677338.0
2025-05-12 12:00:00+00:00,210.6,212.945,202.95,208.425,29471355.0
2025-05-12 16:00:00+00:00,208.425,211.15,208.25,210.83,21520989.0
2025-05-12 20:00:00+00:00,210.8257,210.95,210.13,210.15,748949.0
2025-05-13 08:00:00+00:00,210.0,210.38,209.0,210.38,198242.0
2025-05-13 12:00:00+00:00,209.7,211.88,208.98,210.89,22478666.0
2025-05-13 16:00:00+00:00,210.9,213.4,210.65,212.845,18354079.0
2025-05-13 20:00:00+00:00,212.8479,212.93,211.67,212.15,966070.0
2025-05-14 08:00:00+00:00,212.8,212.8,211.55,212.29,295536.0
2025-05-14 12:00:00+00:00,212.39,213.94,211.7736,212.39,18300926.0
2025-05-14 16:00:00+00:00,212.3811,212.68,210.5801,212.41,18920655.0
2025-05-14 20:00:00+00:00,212.33,212.4,211.58,211.9661,2260895.0
2025-05-15 08:00:00+00:00,211.48,211.48,209.29,210.03,297486.0
2025-05-15 12:00:00+00:00,209.75,212.96,209.54,211.96,17166557.0
2025-05-15 16:00:00+00:00,211.9613,212.28,210.15,211.45,17900825.0
2025-05-15 20:00:00+00:00,211.45,211.45,210.8025,211.01,2213668.0
2025-05-16 08:00:00+00:00,211.75,212.05,211.0,211.79,133820.0
2025-05-16 12:00:00+00:00,211.75,212.8,209.77,210.67,24332647.0
2025-05-16 16:00:00+00:00,210.67,211.93,210.45,211.19,15538116.0
2025-05-16 20:00:00+00:00,211.26,211.41,207.8,207.93,2415488.0
2025-05-19 08:00:00+00:00,207.9,208.51,206.0,208.13,275852.0
2025-05-19 12:00:00+00:00,208.16,208.4876,204.26,207.63,21561246.0
2025-05-19 16:00:00+00:00,207.64,209.48,207.5801,208.76,14864627.0
2025-05-19 20:00:00+00:00,208.78,208.9706,208.1,208.9,1671602.0
2025-05-20 08:00:00+00:00,208.88,208.88,207.63,208.15,135790.0
2025-05-20 12:00:00+00:00,208.15,208.5,206.47,207.915,16130132.0
2025-05-20 16:00:00+00:00,207.91,208.185,205.03,206.87,17048831.0
2025-05-20 20:00:00+00:00,206.86,206.9,206.0,206.6237,2774499.0
2025-05-21 08:00:00+00:00,206.45,206.45,205.39,206.32,102522.0
2025-05-21 12:00:00+00:00,205.99,207.04,204.06,206.0,14990547.0
2025-05-21 16:00:00+00:00,205.995,206.27,200.71,202.06,34861532.0
2025-05-21 20:00:00+00:00,202.09,202.2,201.5469,201.85,717082.0
2025-05-22 08:00:00+00:00,202.02,202.72,201.01,201.01,193551.0
2025-05-22 12:00:00+00:00,202.28,202.52,199.7,201.75,21002663.0
2025-05-22 16:00:00+00:00,201.75,202.75,201.0,201.37,18762791.0
2025-05-22 20:00:00+00:00,201.36,201.9325,201.01,201.5,553885.0
2025-05-23 08:00:00+00:00,201.74,202.0,193.23,194.8,1969374.0
2025-05-23 12:00:00+00:00,193.68,201.7,193.13,196.2001,37096952.0
2025-05-23 16:00:00+00:00,196.2,196.6724,195.0,195.34,31153765.0
2025-05-23 20:00:00+00:00,195.27,195.98,195.1,195.85,702480.0
2025-05-27 08:00:00+00:00,198.02,199.67,197.92,198.54,374943.0
2025-05-27 12:00:00+00:00,198.14,200.093,197.3,200.07,23129381.0
2025-05-27 16:00:00+00:00,200.07,200.74,199.67,200.19,22449022.0
2025-05-27 20:00:00+00:00,200.21,200.47,200.1,200.4,968163.0
2025-05-28 08:00:00+00:00,200.4,200.97,199.9,200.76,122281.0
2025-05-28 12:00:00+00:00,200.95,202.73,199.9,200.9099,17595113.0
2025-05-28 16:00:00+00:00,200.91,201.5211,200.195,200.41,14879662.0
2025-05-28 20:00:00+00:00,200.42,207.66,199.9,207.41,2388605.0
2025-05-29 08:00:00+00:00,207.3,207.9,204.5,205.05,876613.0
2025-05-29 12:00:00+00:00,205.5,207.42,198.7,198.865,20812036.0
2025-05-29 16:00:00+00:00,198.86,200.45,198.51,199.94,21194834.0
2025-05-29 20:00:00+00:00,199.95,200.0,199.0,199.0,1577459.0
2025-05-30 08:00:00+00:00,199.93,200.4,199.89,200.2,161894.0
2025-05-30 12:00:00+00:00,200.2,200.35,197.1,198.88,13523908.0
2025-05-30 16:00:00+00:00,198.88,201.96,196.78,200.65,27436798.0
2025-05-30 20:00:00+00:00,200.85,201.1,200.14,200.29,3656964.0
2025-06-02 08:00:00+00:00,198.52,199.98,198.52,199.71,160491.0
2025-06-02 12:00:00+00:00,199.59,202.13,198.79,201.005,15355428.0
2025-06-02 16:00:00+00:00,201.01,201.82,200.57,201.79,13172329.0
2025-06-02 20:00:00+00:00,201.7,202.48,201.21,201.68,646745.0
2025-06-03 08:00:00+00:00,201.29,201.77,200.75,201.56,112501.0
2025-06-03 12:00:00+00:00,201.25,203.24,200.9,202.93,16722419.0
2025-06-03 16:00:00+00:00,202.935,203.77,202.4,203.34,16597036.0
2025-06-03 20:00:00+00:00,203.27,203.27,202.65,202.96,2353387.0
2025-06-04 08:00:00+00:00,203.07,203.8,201.0,202.5,418574.0
2025-06-04 12:00:00+00:00,202.25,206.24,201.61,203.36,21857370.0
2025-06-04 16:00:00+00:00,203.35,203.59,202.61,202.887,13792310.0
2025-06-04 20:00:00+00:00,202.82,203.11,200.55,201.8601,1997259.0
2025-06-05 08:00:00+00:00,202.99,203.38,202.0,202.49,216510.0
2025-06-05 12:00:00+00:00,202.25,204.75,201.27,204.165,18671227.0
2025-06-05 16:00:00+00:00,204.165,204.39,200.15,200.63,20370369.0
2025-06-05 20:00:00+00:00,200.63,201.0,200.2,200.8,1669025.0
2025-06-06 08:00:00+00:00,201.5,201.98,201.38,201.51,97877.0
2025-06-06 12:00:00+00:00,201.68,205.7,201.2,203.045,17560865.0
2025-06-06 16:00:00+00:00,203.05,205.47,202.05,203.93,20286084.0
2025-06-06 20:00:00+00:00,203.92,204.67,203.64,204.47,864662.0
2025-06-09 08:00:00+00:00,205.0,205.47,204.42,205.19,192182.0
2025-06-09 12:00:00+00:00,204.57,206.0,203.98,204.46,15404953.0
2025-06-09 16:00:00+00:00,204.47,205.2999,200.02,201.44,46922821.0
2025-06-09 20:00:00+00:00,201.45,201.79,201.1774,201.75,930586.0
2025-06-10 08:00:00+00:00,202.14,202.14,200.5,201.1,364950.0
2025-06-10 12:00:00+00:00,201.25,204.35,200.24,202.92,21665583.0
2025-06-10 16:00:00+00:00,202.93,203.23,201.31,202.75,20395835.0
2025-06-10 20:00:00+00:00,202.67,203.24,202.41,202.9,1532350.0
2025-06-11 08:00:00+00:00,202.62,203.0,202.2,202.66,128655.0
2025-06-11 12:00:00+00:00,202.34,204.5,200.62,200.75,20736519.0
2025-06-11 16:00:00+00:00,200.73,201.2365,198.41,198.85,31699537.0
2025-06-11 20:00:00+00:00,198.78,199.3,198.51,198.76,1172133.0
2025-06-12 08:00:00+00:00,199.2,199.6,198.45,198.74,216420.0
2025-06-12 12:00:00+00:00,199.1,199.6073,197.3601,198.3098,17645225.0
2025-06-12 16:00:00+00:00,198.295,199.68,198.08,199.2,16170041.0
2025-06-12 20:00:00+00:00,199.2,199.45,198.01,198.5795,957678.0
2025-06-13 08:00:00+00:00,196.11,199.75,196.0,199.54,516281.0
2025-06-13 12:00:00+00:00,199.0,200.37,195.87,197.6888,22129258.0
2025-06-13 16:00:00+00:00,197.68,198.0475,195.7,196.45,20550331.0
2025-06-13 20:00:00+00:00,196.45,196.6,196.11,196.3998,706436.0
2025-06-16 08:00:00+00:00,197.02,198.12,197.02,197.74,169266.0
2025-06-16 12:00:00+00:00,197.52,198.685,196.45,197.3699,18101139.0
2025-06-16 16:00:00+00:00,197.37,198.49,197.02,198.37,15715038.0
2025-06-16 20:00:00+00:00,198.42,198.42,197.08,197.08,985525.0
2025-06-17 08:00:00+00:00,197.51,197.79,197.16,197.7,113825.0
2025-06-17 12:00:00+00:00,197.52,198.39,196.255,197.785,13118493.0
2025-06-17 16:00:00+00:00,197.785,198.15,195.21,195.64,17603150.0
2025-06-17 20:00:00+00:00,195.64,195.9591,195.112,195.15,1316942.0
2025-06-18 08:00:00+00:00,196.15,196.79,195.72,196.16,168863.0
2025-06-18 12:00:00+00:00,195.98,197.57,195.07,196.82,14078825.0
2025-06-18 16:00:00+00:00,196.82,197.23,195.11,196.24,19915592.0
2025-06-18 20:00:00+00:00,196.58,196.72,195.81,196.06,1464065.0
2025-06-20 08:00:00+00:00,196.0,196.7,195.7,196.6,179349.0
2025-06-20 12:00:00+00:00,196.01,200.95,195.77,198.08,33134880.0
2025-06-20 16:00:00+00:00,198.07,201.7,197.9,200.92,29697960.0
2025-06-20 20:00:00+00:00,201.0,201.7885,200.47,201.2901,5153743.0
2025-06-23 08:00:00+00:00,200.3,202.0,200.06,201.08,346162.0
2025-06-23 12:00:00+00:00,200.95,202.3,199.51,199.88,20275223.0
2025-06-23 16:00:00+00:00,199.88,202.24,198.96,201.55,21679510.0
2025-06-23 20:00:00+00:00,201.5,202.5968,201.15,202.38,1470674.0
2025-06-24 08:00:00+00:00,202.62,204.97,202.62,203.62,417243.0
2025-06-24 12:00:00+00:00,203.61,204.95,200.2,201.905,19075711.0
2025-06-24 16:00:00+00:00,201.905,203.44,200.27,200.29,26132492.0
2025-06-24 20:00:00+00:00,200.37,200.8,200.25,200.7901,885062.0
2025-06-25 08:00:00+00:00,201.0,201.71,200.86,201.21,172379.0
2025-06-25 12:00:00+00:00,201.1,203.67,199.8,201.98,18708218.0
2025-06-25 16:00:00+00:00,201.99,202.1999,200.6201,201.6,14594184.0
2025-06-25 20:00:00+00:00,201.56,201.74,201.1501,201.74,783777.0
2025-06-26 08:00:00+00:00,202.0,202.72,200.39,201.52,327194.0
2025-06-26 12:00:00+00:00,201.58,202.7,199.46,200.0,19815210.0
2025-06-26 16:00:00+00:00,199.995,201.56,199.635,200.94,22006588.0
2025-06-26 20:00:00+00:00,201.0,201.35,200.5,201.28,1926445.0
2025-06-27 08:00:00+00:00,201.88,202.09,201.58,201.98,163881.0
2025-06-27 12:00:00+00:00,201.84,203.22,200.85,201.88,19580741.0
2025-06-27 16:00:00+00:00,201.88,202.7,200.0,201.1,23143462.0
2025-06-27 20:00:00+00:00,201.08,201.35,200.8998,201.1869,4298571.0
2025-06-30 08:00:00+00:00,202.0,202.74,201.69,202.4,195724.0
2025-06-30 12:00:00+00:00,202.4,202.74,199.5901,200.035,19694931.0
2025-06-30 16:00:00+00:00,200.04,207.39,199.2607,205.12,50849131.0
2025-06-30 20:00:00+00:00,205.17,206.3,204.66,205.44,3153395.0
2025-07-01 08:00:00+00:00,205.5,206.57,204.61,206.27,388702.0
2025-07-01 12:00:00+00:00,205.8,210.1865,204.44,207.3029,45803190.0
2025-07-01 16:00:00+00:00,207.3,208.53,207.09,207.86,24173865.0
2025-07-01 20:00:00+00:00,207.82,209.8,207.7696,208.92,1753713.0
2025-07-02 08:00:00+00:00,209.38,210.32,209.01,210.05,339312.0
2025-07-02 12:00:00+00:00,210.11,213.34,208.14,211.55,35673104.0
2025-07-02 16:00:00+00:00,211.56,212.96,210.22,212.41,25192247.0
2025-07-02 20:00:00+00:00,212.44,212.64,211.83,212.1111,390738.0
2025-07-03 08:00:00+00:00,212.8,213.09,209.85,211.149,345345.0
2025-07-03 12:00:00+00:00,210.92,214.65,209.81,214.33,23427885.0
2025-07-03 16:00:00+00:00,214.34,214.4999,213.33,213.55,10171657.0
2025-07-03 20:00:00+00:00,213.4,213.59,213.35,213.55,35344.0
2025-07-07 08:00:00+00:00,213.57,213.57,211.42,212.6,227295.0
2025-07-07 12:00:00+00:00,212.45,216.23,211.5172,211.75,19604765.0
2025-07-07 16:00:00+00:00,211.74,212.22,208.8,209.94,21374975.0
2025-07-07 20:00:00+00:00,209.93,210.26,208.8617,208.9822,1505274.0
2025-07-08 08:00:00+00:00,210.35,210.49,209.63,210.05,135065.0
2025-07-08 12:00:00+00:00,210.07,211.43,208.45,210.55,17192041.0
2025-07-08 16:00:00+00:00,210.56,211.185,209.3,210.035,16010549.0
2025-07-08 20:00:00+00:00,210.01,210.2917,208.8,210.1606,2678956.0
2025-07-09 08:00:00+00:00,210.05,210.68,209.82,209.9,91902.0
2025-07-09 12:00:00+00:00,209.94,210.9,207.22,207.73,19597076.0
2025-07-09 16:00:00+00:00,207.739,211.33,207.539,211.1,20147441.0
2025-07-09 20:00:00+00:00,211.1,211.21,209.6317,210.72,2415283.0
2025-07-10 08:00:00+00:00,210.65,210.65,209.62,210.12,134359.0
2025-07-10 12:00:00+00:00,209.95,213.48,209.64,212.39,20547635.0
2025-07-10 16:00:00+00:00,212.38,213.45,211.83,212.44,16450607.0
2025-07-10 20:00:00+00:00,212.41,212.5,212.05,212.5,913454.0
2025-07-11 08:00:00+00:00,211.52,211.52,210.3,211.1,183554.0
2025-07-11 12:00:00+00:00,210.91,212.13,209.86,210.67,14506883.0
2025-07-11 16:00:00+00:00,210.6799,211.66,210.45,211.075,13005334.0
2025-07-11 20:00:00+00:00,211.16,211.16,210.4,210.5201,1914361.0
2025-07-14 08:00:00+00:00,209.8,210.0,209.1,209.37,183133.0
2025-07-14 12:00:00+00:00,209.2,210.91,207.54,208.84,17453474.0
2025-07-14 16:00:00+00:00,208.83,209.45,208.52,208.54,13566466.0
2025-07-14 20:00:00+00:00,208.62,208.68,207.78,208.01,816362.0
2025-07-15 08:00:00+00:00,208.43,209.88,208.43,209.1,256990.0
2025-07-15 12:00:00+00:00,209.28,211.89,208.099,210.79,17858511.0
2025-07-15 16:00:00+00:00,210.79,211.67,208.98,209.01,14266726.0
2025-07-15 20:00:00+00:00,209.11,209.13,208.75,208.92,3088121.0
2025-07-16 08:00:00+00:00,209.15,209.87,209.15,209.58,125812.0
2025-07-16 12:00:00+00:00,209.55,212.4,208.64,209.8307,22206498.0
2025-07-16 16:00:00+00:00,209.85,210.948,209.37,210.15,13163486.0
2025-07-16 20:00:00+00:00,210.16,210.29,209.794,210.04,964526.0
2025-07-17 08:00:00+00:00,210.5,210.86,210.0,210.49,114909.0
2025-07-17 12:00:00+00:00,210.33,211.3,209.59,210.6501,16516560.0
2025-07-17 16:00:00+00:00,210.66,211.8,209.74,210.061,24106473.0
2025-07-17 20:00:00+00:00,210.02,210.46,210.02,210.2395,954783.0
2025-07-18 08:00:00+00:00,210.56,210.8,210.02,210.35,110134.0
2025-07-18 12:00:00+00:00,210.15,211.93,209.495,211.075,22696253.0
2025-07-18 16:00:00+00:00,211.0701,211.79,209.94,211.22,15652296.0
2025-07-18 20:00:00+00:00,211.18,211.3,210.76,211.2,1812521.0
2025-07-21 08:00:00+00:00,211.22,212.7,211.22,212.55,176534.0
2025-07-21 12:00:00+00:00,212.31,215.78,211.58,213.3996,29060567.0
2025-07-21 16:00:00+00:00,213.385,213.86,212.06,212.54,14948453.0
2025-07-21 20:00:00+00:00,212.48,212.75,211.9,212.67,847869.0
2025-07-22 08:00:00+00:00,212.88,213.15,212.41,213.05,99109.0
2025-07-22 12:00:00+00:00,212.92,214.03,212.2301,213.265,20300587.0
2025-07-22 16:00:00+00:00,213.265,214.95,212.84,214.39,18507220.0
2025-07-22 20:00:00+00:00,214.4,215.0,214.28,214.85,2295918.0
2025-07-23 08:00:00+00:00,215.29,215.51,214.69,215.0,120219.0
2025-07-23 12:00:00+00:00,214.88,215.78,212.41,213.355,20399249.0
2025-07-23 16:00:00+00:00,213.35,214.695,213.21,214.31,16612703.0
2025-07-23 20:00:00+00:00,214.15,214.6,213.5522,213.64,796416.0
2025-07-24 08:00:00+00:00,213.7,214.14,213.1,213.67,172602.0
2025-07-24 12:00:00+00:00,213.6,215.69,213.34,214.8953,20723553.0
2025-07-24 16:00:00+00:00,214.89,215.21,213.72,213.76,16371632.0
2025-07-24 20:00:00+00:00,213.76,214.22,213.71,214.05,650703.0
2025-07-25 08:00:00+00:00,213.72,214.57,213.72,214.15,70676.0
2025-07-25 12:00:00+00:00,214.34,215.24,213.73,214.2365,18792645.0
2025-07-25 16:00:00+00:00,214.23,214.615,213.4,213.96,14553888.0
2025-07-25 20:00:00+00:00,213.88,214.05,213.7,214.0,1141740.0
2025-07-28 08:00:00+00:00,214.72,214.75,214.27,214.32,122582.0
2025-07-28 12:00:00+00:00,214.44,214.93,213.346,214.43,12874058.0
2025-07-28 16:00:00+00:00,214.435,214.75,213.06,214.04,15991040.0
2025-07-28 20:00:00+00:00,214.05,214.28,213.85,214.1106,2569417.0
2025-07-29 08:00:00+00:00,214.06,214.19,213.75,214.0,97878.0
2025-07-29 12:00:00+00:00,213.84,214.81,211.5,212.51,19632218.0
2025-07-29 16:00:00+00:00,212.51,212.93,210.82,211.35,18056475.0
2025-07-29 20:00:00+00:00,211.27,211.7,211.08,211.29,4677544.0
2025-07-30 08:00:00+00:00,211.63,212.09,211.27,211.83,72183.0
2025-07-30 12:00:00+00:00,212.01,212.39,209.57,210.1604,12609747.0
2025-07-30 16:00:00+00:00,210.15,210.42,207.72,209.02,17361023.0
2025-07-30 20:00:00+00:00,209.05,210.0,207.39,208.6573,3271013.0
2025-07-31 08:00:00+00:00,209.49,209.8,208.85,209.1,326482.0
2025-07-31 12:00:00+00:00,209.07,209.89,207.82,208.615,20327812.0
2025-07-31 16:00:00+00:00,208.61,209.84,207.16,207.61,26279507.0
2025-07-31 20:00:00+00:00,207.78,217.0,207.57,212.59,17009331.0
2025-08-01 08:00:00+00:00,211.4,212.09,209.41,211.081,764642.0
2025-08-01 12:00:00+00:00,211.0,213.58,203.07,203.73,44940848.0
2025-08-01 16:00:00+00:00,203.71,204.3212,201.5,202.27,37254281.0
2025-08-01 20:00:00+00:00,202.2685,202.75,202.25,202.25,6732655.0
2025-08-04 08:00:00+00:00,203.02,204.36,203.02,203.89,278674.0
2025-08-04 12:00:00+00:00,203.7,207.88,202.92,205.29,24376489.0
2025-08-04 16:00:00+00:00,205.3,205.5099,201.675,203.34,32213277.0
2025-08-04 20:00:00+00:00,203.35,204.0842,202.88,203.25,872622.0
2025-08-05 08:00:00+00:00,203.5,204.32,203.5,204.03,138040.0
2025-08-05 12:00:00+00:00,204.1,205.34,202.16,203.92,18351214.0
2025-08-05 16:00:00+00:00,203.91,204.3,202.67,202.93,14991142.0
2025-08-05 20:00:00+00:00,202.92,203.1,202.5,202.8,1753035.0
2025-08-06 08:00:00+00:00,203.33,203.99,203.33,203.73,97898.0
2025-08-06 12:00:00+00:00,203.88,214.9,203.35,214.63,47868100.0
2025-08-06 16:00:00+00:00,214.635,215.38,212.81,213.25,39074255.0
2025-08-06 20:00:00+00:00,213.264,221.0,211.32,219.26,7593692.0
2025-08-07 08:00:00+00:00,218.97,220.32,218.36,219.5,910573.0
2025-08-07 12:00:00+00:00,219.63,220.33,216.58,219.605,47014965.0
2025-08-07 16:00:00+00:00,219.6,220.85,218.7026,220.13,32805501.0
2025-08-07 20:00:00+00:00,220.03,221.86,220.0,221.2895,881751.0
2025-08-08 08:00:00+00:00,221.38,221.5,220.8,221.36,211277.0
2025-08-08 12:00:00+00:00,221.16,226.3299,219.25,225.99,34235220.0
2025-08-08 16:00:00+00:00,226.0006,231.0,225.89,229.365,69248319.0
2025-08-08 20:00:00+00:00,229.35,230.07,229.2302,229.9578,2166878.0
2025-08-11 08:00:00+00:00,229.6,229.83,226.4,228.11,482830.0
2025-08-11 12:00:00+00:00,228.0,229.91,224.76,228.625,27674180.0
2025-08-11 16:00:00+00:00,228.63,229.56,226.62,227.27,25745069.0
2025-08-11 20:00:00+00:00,227.18,227.6,226.2515,226.3225,504070.0
2025-08-12 08:00:00+00:00,226.27,226.68,225.77,225.88,112975.0
2025-08-12 12:00:00+00:00,225.98,230.5865,225.8001,229.7,25682708.0
2025-08-12 16:00:00+00:00,229.71,230.8,228.92,229.64,18428267.0
2025-08-12 20:00:00+00:00,229.65,229.6791,229.19,229.65,342324.0
2025-08-13 08:00:00+00:00,229.6,230.1,229.5,230.0,91353.0
2025-08-13 12:00:00+00:00,229.94,234.55,228.0,232.665,28955329.0
2025-08-13 16:00:00+00:00,232.68,235.0,230.8,233.32,31707572.0
2025-08-13 20:00:00+00:00,233.33,233.85,233.1,233.1,691185.0
2025-08-14 08:00:00+00:00,233.0,234.99,232.56,234.27,142194.0
2025-08-14 12:00:00+00:00,234.2,235.12,230.85,231.32,24967927.0
2025-08-14 16:00:00+00:00,231.325,233.59,231.31,232.83,17768709.0
2025-08-14 20:00:00+00:00,232.72,233.0,232.23,232.3999,1926224.0
2025-08-15 08:00:00+00:00,232.45,233.3,232.45,233.12,79102.0
2025-08-15 12:00:00+00:00,232.74,234.28,230.47,231.025,18994828.0
2025-08-15 16:00:00+00:00,231.02,231.77,229.335,231.65,23190805.0
2025-08-15 20:00:00+00:00,231.59,231.77,230.88,231.19,1736060.0
2025-08-18 08:00:00+00:00,231.18,231.36,230.9,231.32,93488.0
2025-08-18 12:00:00+00:00,231.0,233.12,230.37,230.905,15577176.0
2025-08-18 16:00:00+00:00,230.9,231.675,230.11,230.88,12817250.0
2025-08-18 20:00:00+00:00,230.89,231.25,230.8,230.91,1779444.0
2025-08-19 08:00:00+00:00,230.5,230.57,229.95,230.5,54274.0
2025-08-19 12:00:00+00:00,230.38,232.87,230.0,231.395,14571504.0
2025-08-19 16:00:00+00:00,231.3912,231.54,229.35,230.56,15538661.0
2025-08-19 20:00:00+00:00,230.56,230.98,229.77,229.83,2393196.0
2025-08-20 08:00:00+00:00,229.0,229.81,228.98,229.55,103137.0
2025-08-20 12:00:00+00:00,229.74,230.47,226.11,226.5598,17100044.0
2025-08-20 16:00:00+00:00,226.55,227.16,225.77,225.96,15622443.0
2025-08-20 20:00:00+00:00,225.9915,226.01,225.45,225.5999,1461001.0
2025-08-21 08:00:00+00:00,225.99,226.11,224.62,225.34,95957.0
2025-08-21 12:00:00+00:00,225.2,226.52,224.51,225.26,11276497.0
2025-08-21 16:00:00+00:00,225.26,225.275,223.7804,224.91,13669373.0
2025-08-21 20:00:00+00:00,224.9,225.48,224.6741,225.38,905240.0
2025-08-22 08:00:00+00:00,225.16,226.25,225.16,226.02,48125.0
2025-08-22 12:00:00+00:00,226.2,228.72,223.93,227.355,14999196.0
2025-08-22 16:00:00+00:00,227.35,229.09,226.925,227.75,19369306.0
2025-08-22 20:00:00+00:00,227.7712,228.1799,227.6,228.08,1879073.0
2025-08-25 08:00:00+00:00,227.9,227.9,226.73,227.01,91001.0
2025-08-25 12:00:00+00:00,227.56,229.3,226.2,229.16,13508753.0
2025-08-25 16:00:00+00:00,229.15,229.18,227.12,227.15,12079370.0
2025-08-25 20:00:00+00:00,227.16,227.412,227.03,227.07,502369.0
2025-08-26 08:00:00+00:00,226.8,227.1,226.59,226.7,27749.0
2025-08-26 12:00:00+00:00,227.05,227.2999,224.69,226.695,13274383.0
2025-08-26 16:00:00+00:00,226.71,229.49,226.71,229.3,15619717.0
2025-08-26 20:00:00+00:00,229.31,229.99,229.0731,229.99,4935688.0
2025-08-27 08:00:00+00:00,229.67,229.73,229.14,229.35,49902.0
2025-08-27 12:00:00+00:00,229.41,230.71,228.26,229.915,13745040.0
2025-08-27 16:00:00+00:00,229.92,230.9,229.6,230.5,11198213.0
2025-08-27 20:00:00+00:00,230.49,231.36,230.0,230.5493,1900366.0
2025-08-28 08:00:00+00:00,231.3,231.6,230.88,231.1,58651.0
2025-08-28 12:00:00+00:00,230.95,231.91,229.335,231.555,12416586.0
2025-08-28 16:00:00+00:00,231.55,233.41,231.41,232.49,16144032.0
2025-08-28 20:00:00+00:00,232.56,232.75,232.1784,232.56,690722.0
2025-08-29 08:00:00+00:00,232.01,232.24,231.26,232.15,58822.0
2025-08-29 12:00:00+00:00,231.94,233.38,231.3,231.7732,14090590.0
2025-08-29 16:00:00+00:00,231.75,232.96,231.48,232.27,14694934.0
2025-08-29 20:00:00+00:00,232.2374,232.86,231.89,232.01,832893.0
2025-09-02 08:00:00+00:00,231.88,231.88,230.28,230.63,107155.0
2025-09-02 12:00:00+00:00,230.27,231.81,227.17,227.4154,16508735.0
2025-09-02 16:00:00+00:00,227.41,230.85,226.97,229.73,14360563.0
2025-09-02 20:00:00+00:00,229.72,239.5,228.81,236.532,5952248.0
2025-09-03 08:00:00+00:00,235.85,239.4,235.43,238.26,833551.0
2025-09-03 12:00:00+00:00,237.7,239.4601,234.36,235.615,31208228.0
2025-09-03 16:00:00+00:00,235.61,238.85,235.52,238.49,24951855.0
2025-09-03 20:00:00+00:00,238.47,238.47,237.68,238.1392,800527.0
2025-09-04 08:00:00+00:00,238.77,238.81,237.5,237.5,167210.0
2025-09-04 12:00:00+00:00,238.0,239.8932,236.74,237.41,19287986.0
2025-09-04 16:00:00+00:00,237.4184,239.8999,236.97,239.71,19368615.0
2025-09-04 20:00:00+00:00,239.78,239.92,238.0902,239.1999,2529928.0
2025-09-05 08:00:00+00:00,239.36,239.56,239.15,239.27,82555.0
2025-09-05 12:00:00+00:00,239.34,241.32,238.63,238.9946,26468433.0
2025-09-05 16:00:00+00:00,238.99,240.13,238.4901,239.67,18530663.0
2025-09-05 20:00:00+00:00,239.69,239.86,239.01,239.23,1022448.0
2025-09-08 08:00:00+00:00,239.98,240.49,239.5,239.75,70784.0
2025-09-08 12:00:00+00:00,239.7,240.75,237.98,238.28,18787844.0
2025-09-08 16:00:00+00:00,238.27,238.375,236.34,237.92,19858712.0
2025-09-08 20:00:00+00:00,237.88,238.3,237.6,237.86,571628.0
2025-09-09 08:00:00+00:00,237.87,238.08,236.65,237.3,130621.0
2025-09-09 12:00:00+00:00,237.02,238.35,235.55,235.68,14225183.0
2025-09-09 16:00:00+00:00,235.68,238.7805,233.36,234.35,43611317.0
2025-09-09 20:00:00+00:00,234.35,234.4,233.0,233.54,1467362.0
2025-09-10 08:00:00+00:00,234.3,234.3,233.14,233.3,222747.0
2025-09-10 12:00:00+00:00,233.67,234.8,226.2401,227.26,39351038.0
2025-09-10 16:00:00+00:00,227.255,228.055,225.95,226.78,30942124.0
2025-09-10 20:00:00+00:00,226.79,227.5,226.74,227.0212,3185991.0
2025-09-11 08:00:00+00:00,227.45,228.4,226.5,227.24,288388.0
2025-09-11 12:00:00+00:00,227.27,229.32,226.65,228.41,22228819.0
2025-09-11 16:00:00+00:00,228.41,230.45,228.03,230.02,19208484.0
2025-09-11 20:00:00+00:00,230.03,230.05,229.02,229.5,727077.0
2025-09-12 08:00:00+00:00,229.79,229.82,229.02,229.38,112783.0
2025-09-12 12:00:00+00:00,229.2,234.51,227.5003,233.97,25548540.0
2025-09-12 16:00:00+00:00,233.9855,234.45,233.0,234.06,23068361.0
2025-09-12 20:00:00+00:00,234.07,234.3,233.81,233.99,974874.0
2025-09-15 08:00:00+00:00,234.54,237.27,234.12,236.57,443141.0
2025-09-15 12:00:00+00:00,236.1,238.19,234.34,237.065,20839584.0
2025-09-15 16:00:00+00:00,237.065,237.065,235.27,236.76,15675863.0
2025-09-15 20:00:00+00:00,236.7,237.34,236.12,236.3,1124878.0
2025-09-16 08:00:00+00:00,236.72,236.91,236.1,236.81,101487.0
2025-09-16 12:00:00+00:00,236.5,241.22,236.3235,238.655,30312559.0
2025-09-16 16:00:00+00:00,238.66,239.63,238.08,238.14,20940257.0
2025-09-16 20:00:00+00:00,238.15,238.3,237.8,237.91,1205253.0
2025-09-17 08:00:00+00:00,237.78,238.12,237.38,238.1,89335.0
2025-09-17 12:00:00+00:00,237.93,240.1,237.36,239.5527,15599987.0
2025-09-17 16:00:00+00:00,239.56,239.83,237.7301,238.95,18933350.0
2025-09-17 20:00:00+00:00,238.99,240.0,238.26,239.7001,3258698.0
2025-09-18 08:00:00+00:00,240.7,240.98,239.07,239.4,211257.0
2025-09-18 12:00:00+00:00,240.05,241.2,236.65,237.61,17839003.0
2025-09-18 16:00:00+00:00,237.59,238.21,237.2102,237.85,15697897.0
2025-09-18 20:00:00+00:00,237.88,238.2,237.86,238.15,1730568.0
2025-09-19 08:00:00+00:00,238.25,240.8,238.0,240.65,408180.0
2025-09-19 12:00:00+00:00,239.43,243.39,237.92,243.29,38940475.0
2025-09-19 16:00:00+00:00,243.27,246.3,243.17,245.28,48296239.0
2025-09-19 20:00:00+00:00,245.5,245.8,245.0,245.69,10956128.0
2025-09-22 08:00:00+00:00,246.13,247.42,245.08,247.0,376875.0
2025-09-22 12:00:00+00:00,246.34,256.64,244.39,256.0531,52532252.0
2025-09-22 16:00:00+00:00,256.07,256.31,253.16,256.09,38858292.0
2025-09-22 20:00:00+00:00,256.08,256.6,256.01,256.45,1432802.0
2025-09-23 08:00:00+00:00,256.68,256.68,254.62,255.08,223624.0
2025-09-23 12:00:00+00:00,256.41,257.34,254.6,255.9656,25505988.0
2025-09-23 16:00:00+00:00,255.965,256.21,253.58,254.53,23106801.0
2025-09-23 20:00:00+00:00,254.43,254.65,253.95,254.18,1125984.0
2025-09-24 08:00:00+00:00,254.21,255.0,254.14,255.0,97762.0
2025-09-24 12:00:00+00:00,254.51,255.74,251.28,251.405,16615551.0
2025-09-24 16:00:00+00:00,251.41,252.5,251.04,252.24,13163216.0
2025-09-24 20:00:00+00:00,252.31,252.47,252.01,252.08,706167.0
2025-09-25 08:00:00+00:00,251.69,253.94,251.34,252.7,194701.0
2025-09-25 12:00:00+00:00,253.8,254.32,251.33,252.885,17756045.0
2025-09-25 16:00:00+00:00,252.8756,257.17,252.3,256.94,25719579.0
2025-09-25 20:00:00+00:00,256.87,257.0,255.71,256.18,576367.0
2025-09-26 08:00:00+00:00,256.0,256.48,253.59,254.5,335879.0
2025-09-26 12:00:00+00:00,256.19,256.7,253.59,255.06,21238656.0
2025-09-26 16:00:00+00:00,255.07,257.6,254.9,255.46,16314674.0
2025-09-26 20:00:00+00:00,255.46,255.8685,255.35,255.49,550481.0
2025-09-29 08:00:00+00:00,255.5,255.65,254.45,254.6,210212.0
2025-09-29 12:00:00+00:00,254.8,256.22,253.01,253.535,14652569.0
2025-09-29 16:00:00+00:00,253.535,255.0,253.13,254.35,15539478.0
2025-09-29 20:00:00+00:00,254.43,254.5,253.79,254.0,1270192.0
2025-09-30 08:00:00+00:00,253.55,253.85,253.23,253.75,44101.0
2025-09-30 12:00:00+00:00,254.43,255.919,253.21,254.69,12453591.0
2025-09-30 16:00:00+00:00,254.69,255.18,253.11,254.56,13001822.0
2025-09-30 20:00:00+00:00,254.63,254.76,253.51,253.51,985278.0
2025-10-01 08:00:00+00:00,253.38,254.12,251.51,253.97,112957.0
2025-10-01 12:00:00+00:00,253.53,258.79,251.11,256.11,20118269.0
2025-10-01 16:00:00+00:00,256.1,256.94,255.28,255.41,14311135.0
2025-10-01 20:00:00+00:00,255.45,256.1134,255.1312,255.28,785457.0
2025-10-02 08:00:00+00:00,256.9,257.4,256.0,256.38,261090.0
2025-10-02 12:00:00+00:00,257.02,257.99,254.15,257.7727,18636223.0
2025-10-02 16:00:00+00:00,257.77,258.18,256.8,257.14,16319001.0
2025-10-02 20:00:00+00:00,257.13,257.57,257.13,257.2,680111.0
2025-10-03 08:00:00+00:00,258.0,258.0,253.2,253.88,346490.0
2025-10-03 12:00:00+00:00,257.62,259.24,253.27,258.405,23742514.0
2025-10-03 16:00:00+00:00,258.4131,258.93,256.96,258.015,17876264.0
2025-10-03 20:00:00+00:00,258.02,258.1,257.71,257.9,662034.0
2025-10-06 08:00:00+00:00,257.85,259.49,257.56,259.15,197745.0
2025-10-06 12:00:00+00:00,259.16,259.45,255.05,257.17,16896746.0
2025-10-06 16:00:00+00:00,257.1501,257.57,255.5,256.65,15020171.0
2025-10-06 20:00:00+00:00,256.69,256.9,255.55,255.8,642820.0
2025-10-07 08:00:00+00:00,255.79,256.09,255.5,255.78,55019.0
2025-10-07 12:00:00+00:00,255.64,257.4,255.5,256.3,12624540.0
2025-10-07 16:00:00+00:00,256.294,256.66,255.43,256.48,12907333.0
2025-10-07 20:00:00+00:00,256.48,256.7,255.9,255.95,1494028.0
2025-10-08 08:00:00+00:00,256.0,256.26,255.5,256.0,45420.0
2025-10-08 12:00:00+00:00,255.98,258.455,255.59,257.95,13376630.0
2025-10-08 16:00:00+00:00,257.955,258.52,257.625,258.04,12573643.0
2025-10-08 20:00:00+00:00,258.06,258.31,257.8343,258.2,213135.0
2025-10-09 08:00:00+00:00,257.07,257.87,257.01,257.37,84696.0
2025-10-09 12:00:00+00:00,257.4787,258.0,253.81,254.1,15479482.0
2025-10-09 16:00:00+00:00,254.1,254.76,253.14,254.03,15210666.0
2025-10-09 20:00:00+00:00,254.02,254.29,253.74,254.29,950535.0
2025-10-10 08:00:00+00:00,253.68,254.13,253.12,254.1,69002.0
2025-10-10 12:00:00+00:00,253.79,256.38,248.33,248.79,22208477.0
2025-10-10 16:00:00+00:00,248.78,249.06,244.0,245.28,25843412.0
2025-10-10 20:00:00+00:00,245.31,246.0,239.49,245.4,2213182.0
2025-10-13 08:00:00+00:00,248.66,250.32,247.97,249.16,331190.0
2025-10-13 12:00:00+00:00,249.0,250.65,245.56,248.78,16431564.0
2025-10-13 16:00:00+00:00,248.79,249.69,247.33,247.59,12072705.0
2025-10-13 20:00:00+00:00,247.66,247.7017,247.2,247.2609,543760.0
2025-10-14 08:00:00+00:00,246.28,246.97,244.86,246.36,219607.0
2025-10-14 12:00:00+00:00,245.21,247.7499,244.7,247.38,11541521.0
2025-10-14 16:00:00+00:00,247.36,248.845,246.71,247.85,13615266.0
2025-10-14 20:00:00+00:00,247.823,248.15,247.08,247.36,542497.0
2025-10-15 08:00:00+00:00,248.23,249.15,247.65,249.07,99792.0
2025-10-15 12:00:00+00:00,248.1,251.82,247.6498,248.97,13078079.0
2025-10-15 16:00:00+00:00,248.955,250.11,247.47,249.43,11854262.0
2025-10-15 20:00:00+00:00,249.4282,249.85,247.59,249.09,409848.0
2025-10-16 08:00:00+00:00,249.88,250.64,249.71,250.02,106718.0
2025-10-16 12:00:00+00:00,250.0,250.5754,246.18,247.97,15752316.0
2025-10-16 16:00:00+00:00,247.96,248.2,245.13,247.43,17188519.0
2025-10-16 20:00:00+00:00,247.45,247.8,246.26,246.61,703468.0
2025-10-17 08:00:00+00:00,246.2,247.5,244.07,247.22,224576.0
2025-10-17 12:00:00+00:00,245.9,250.32,244.01,249.5775,16132458.0
2025-10-17 16:00:00+00:00,249.54,253.38,249.4502,252.3,23236582.0
2025-10-17 20:00:00+00:00,252.29,253.41,251.8331,252.4001,876492.0
2025-10-20 08:00:00+00:00,253.57,256.25,253.0,256.1,396883.0
2025-10-20 12:00:00+00:00,254.6,264.375,251.66,263.31,46709967.0
2025-10-20 16:00:00+00:00,263.32,264.23,261.93,262.23,33122005.0
2025-10-20 20:00:00+00:00,262.24,262.93,262.11,262.6,941302.0
2025-10-21 08:00:00+00:00,262.26,262.26,260.69,261.809,290170.0
2025-10-21 12:00:00+00:00,261.11,265.29,260.75,264.12,24843749.0
2025-10-21 16:00:00+00:00,264.11,264.387,262.15,262.84,15400843.0
2025-10-21 20:00:00+00:00,262.77,263.15,262.4,262.4,936776.0
2025-10-22 08:00:00+00:00,262.68,262.68,259.8,260.9,224071.0
2025-10-22 12:00:00+00:00,262.45,263.4,257.6401,259.305,17119425.0
2025-10-22 16:00:00+00:00,259.305,259.41,255.43,258.43,17841865.0
2025-10-22 20:00:00+00:00,258.45,259.5592,258.0,258.89,3057359.0
2025-10-23 08:00:00+00:00,259.61,259.67,257.64,257.86,76253.0
2025-10-23 12:00:00+00:00,258.88,260.55,257.5527,260.25,11083105.0
2025-10-23 16:00:00+00:00,260.22,260.62,259.08,259.58,12363695.0
2025-10-23 20:00:00+00:00,259.58,260.17,259.0431,259.53,1400919.0
2025-10-24 08:00:00+00:00,259.67,260.57,259.25,260.5,65018.0
2025-10-24 12:00:00+00:00,260.24,263.785,259.18,263.3372,15206831.0
2025-10-24 16:00:00+00:00,263.345,264.13,262.08,262.77,15646665.0
2025-10-24 20:00:00+00:00,262.82,263.2,262.24,263.01,327993.0
2025-10-27 08:00:00+00:00,264.27,265.66,264.26,264.9,214330.0
2025-10-27 12:00:00+00:00,265.0,267.05,264.07,265.4102,14859266.0
2025-10-27 16:00:00+00:00,265.42,269.12,265.24,268.74,18533701.0
2025-10-27 20:00:00+00:00,268.81,269.3027,266.7636,269.07,3496051.0
2025-10-28 08:00:00+00:00,268.51,268.76,268.13,268.57,106942.0
2025-10-28 12:00:00+00:00,268.69,269.87,267.82,268.91,16888266.0
2025-10-28 16:00:00+00:00,268.9119,269.89,268.6,269.03,17265541.0
2025-10-28 20:00:00+00:00,269.0,269.39,268.35,268.35,750054.0
2025-10-29 08:00:00+00:00,269.4,270.34,268.12,269.64,382710.0
2025-10-29 12:00:00+00:00,269.55,271.41,267.11,267.77,18102299.0
2025-10-29 16:00:00+00:00,267.78,270.93,267.7,269.71,19266220.0
2025-10-29 20:00:00+00:00,269.7534,270.91,269.0,270.91,2953741.0
2025-10-30 08:00:00+00:00,271.05,272.44,270.0,272.15,224108.0
2025-10-30 12:00:00+00:00,271.52,274.14,268.48,271.175,20549505.0
2025-10-30 16:00:00+00:00,271.17,272.39,270.995,271.38,25443531.0
2025-10-30 20:00:00+00:00,271.49,285.0,261.79,277.75,16192224.0
2025-10-31 08:00:00+00:00,278.12,278.75,275.0,277.11,622708.0
2025-10-31 12:00:00+00:00,278.2,279.5,269.16,271.45,36743839.0
2025-10-31 16:00:00+00:00,271.44,273.17,269.96,270.25,26703536.0
2025-10-31 20:00:00+00:00,270.2403,271.32,269.9,270.04,2613981.0
2025-11-03 08:00:00+00:00,270.0,271.43,270.0,270.75,94984.0
2025-11-03 12:00:00+00:00,270.74,271.29,266.25,267.5499,15142522.0
2025-11-03 16:00:00+00:00,267.55,268.62,266.5,267.195,13224318.0
2025-11-03 20:00:00+00:00,267.2,269.22,266.9522,268.15,8788284.0
2025-11-04 00:00:00+00:00,268.2,268.35,267.38,268.2,36034.0
2025-11-04 08:00:00+00:00,266.24,267.5,266.1,267.08,116464.0
2025-11-04 12:00:00+00:00,267.16,269.59,265.59,268.2735,13624699.0
2025-11-04 16:00:00+00:00,268.2742,271.486,268.2702,270.4,16945682.0
2025-11-04 20:00:00+00:00,270.42,270.85,269.05,270.77,10309360.0
2025-11-05 00:00:00+00:00,270.71,270.72,269.5,269.98,72148.0
2025-11-05 08:00:00+00:00,268.22,270.9,268.22,269.81,89411.0
2025-11-05 12:00:00+00:00,269.85,270.78,266.93,269.3709,11302177.0
2025-11-05 16:00:00+00:00,269.4,271.7,268.93,269.6664,12014269.0
2025-11-05 20:00:00+00:00,269.65,270.6729,268.995,270.1071,6941169.0
2025-11-06 00:00:00+00:00,270.1071,270.27,268.8728,269.85,36533.0
2025-11-06 08:00:00+00:00,269.05,269.79,269.04,269.33,38719.0
2025-11-06 12:00:00+00:00,269.25,273.4,267.89,272.28,14388488.0
2025-11-06 16:00:00+00:00,272.285,272.6593,270.39,271.2356,15225904.0
2025-11-06 20:00:00+00:00,271.25,271.67,269.56,270.15,8882345.0
2025-11-07 00:00:00+00:00,270.01,270.5,269.8,270.15,25569.0
2025-11-07 08:00:00+00:00,269.58,269.77,268.67,269.77,49241.0
2025-11-07 12:00:00+00:00,269.5,272.29,267.27,270.68,13718614.0
2025-11-07 16:00:00+00:00,270.655,271.21,267.095,267.6232,17235421.0
2025-11-07 20:00:00+00:00,267.6,268.7,266.77,268.68,7697782.0
2025-11-08 00:00:00+00:00,268.69,268.69,268.63,268.689,8573.0
2025-11-10 08:00:00+00:00,269.83,270.3,269.4,269.74,71220.0
2025-11-10 12:00:00+00:00,269.65,273.73,268.87,270.7599,11382767.0
2025-11-10 16:00:00+00:00,270.73,270.79,267.455,269.52,13297770.0
2025-11-10 20:00:00+00:00,269.53,269.63,268.76,269.313,7868486.0
2025-11-11 00:00:00+00:00,269.3003,269.46,269.21,269.24,16653.0
2025-11-11 08:00:00+00:00,269.07,269.87,268.57,269.57,45787.0
2025-11-11 12:00:00+00:00,269.61,274.74,268.36,272.9617,14881278.0
2025-11-11 16:00:00+00:00,272.98,275.66,271.78,275.55,15446538.0
2025-11-11 20:00:00+00:00,275.54,275.91,274.75,275.0,8666626.0
2025-11-12 00:00:00+00:00,275.03,275.3,274.76,275.25,15955.0
2025-11-12 08:00:00+00:00,276.12,276.93,275.46,275.46,58844.0
2025-11-12 12:00:00+00:00,275.5,277.12,271.7,274.1325,12382694.0
2025-11-12 16:00:00+00:00,274.11,275.73,273.725,274.34,11845628.0
2025-11-12 20:00:00+00:00,274.335,274.411,272.0175,272.69,10341037.0
2025-11-13 00:00:00+00:00,272.85,273.47,272.71,273.27,15974.0
2025-11-13 08:00:00+00:00,274.02,274.99,273.16,273.79,66690.0
2025-11-13 12:00:00+00:00,273.59,276.699,272.18,272.93,14707147.0
2025-11-13 16:00:00+00:00,272.945,274.4899,272.09,272.98,14050941.0
2025-11-13 20:00:00+00:00,272.98,273.7,272.44,273.11,9571189.0
2025-11-14 00:00:00+00:00,273.09,273.5,273.0,273.45,22412.0
2025-11-14 08:00:00+00:00,273.25,273.52,271.64,272.3,121188.0
2025-11-14 12:00:00+00:00,272.27,274.53,269.6,274.2455,16593779.0
2025-11-14 16:00:00+00:00,274.259,275.96,273.5273,274.02,14749735.0
2025-11-14 20:00:00+00:00,274.02,274.24,272.0,272.58,8752701.0
2025-11-15 00:00:00+00:00,272.57,272.83,272.5375,272.8275,20313.0
2025-11-17 08:00:00+00:00,272.89,272.89,270.2,270.5,111749.0
2025-11-17 12:00:00+00:00,270.5,273.0,267.0,268.0,13356765.0
2025-11-17 16:00:00+00:00,268.0,269.55,265.844,265.86,12016282.0
2025-11-17 20:00:00+00:00,265.84,268.33,265.73,267.67,8154998.0
2025-11-18 00:00:00+00:00,267.68,267.9,267.06,267.69,47119.0
2025-11-18 08:00:00+00:00,266.7,269.7,266.7,268.97,103013.0
2025-11-18 12:00:00+00:00,269.0,270.71,265.32,266.55,13015382.0
2025-11-18 16:00:00+00:00,266.55,269.22,266.028,268.795,13826626.0
2025-11-18 20:00:00+00:00,268.79,268.93,266.69,267.55,6256686.0
2025-11-19 00:00:00+00:00,267.78,267.78,266.55,267.29,26659.0
2025-11-19 08:00:00+00:00,267.19,267.89,266.43,267.51,29700.0
2025-11-19 12:00:00+00:00,267.56,272.21,264.65,270.272,10876750.0
2025-11-19 16:00:00+00:00,270.25,271.31,269.17,269.73,10737422.0
2025-11-19 20:00:00+00:00,269.72,270.735,266.27,269.0,7642284.0
2025-11-20 00:00:00+00:00,269.11,270.0,268.91,269.65,35054.0
2025-11-20 08:00:00+00:00,269.55,269.98,268.8,269.35,51244.0
2025-11-20 12:00:00+00:00,269.4,275.43,269.1006,273.54,13123553.0
2025-11-20 16:00:00+00:00,273.6,273.6,266.36,267.805,17301276.0
2025-11-20 20:00:00+00:00,267.81,267.88,265.0,266.25,8740488.0
2025-11-21 00:00:00+00:00,266.45,267.28,266.45,266.9,17794.0
2025-11-21 08:00:00+00:00,266.0,266.7,264.0,266.25,152449.0
2025-11-21 12:00:00+00:00,266.14,271.47,264.0,270.88,18990579.0
2025-11-21 16:00:00+00:00,270.86,273.33,269.67,272.17,18417886.0
2025-11-21 20:00:00+00:00,272.15,272.31,270.0,271.16,8928763.0
2025-11-22 00:00:00+00:00,271.2,271.47,271.11,271.35,12796.0
2025-11-24 08:00:00+00:00,272.5,272.5,270.45,271.45,39166.0
2025-11-24 12:00:00+00:00,271.31,275.92,270.5,273.79,13550984.0
2025-11-24 16:00:00+00:00,273.8,276.51,273.75,276.08,18025351.0
2025-11-24 20:00:00+00:00,276.1,277.0,275.11,275.44,14011784.0
2025-11-25 00:00:00+00:00,275.07,275.75,275.0,275.7,22288.0
2025-11-25 08:00:00+00:00,275.65,276.33,274.3,274.68,84091.0
2025-11-25 12:00:00+00:00,274.79,280.38,273.77,278.839,17104124.0
2025-11-25 16:00:00+00:00,278.835,279.37,277.5,277.51,12066346.0
2025-11-25 20:00:00+00:00,277.52,278.06,276.5,276.8,5772110.0
2025-11-26 00:00:00+00:00,276.93,277.4999,276.8544,277.4999,17743.0
2025-11-26 08:00:00+00:00,277.76,278.32,277.5,278.11,30412.0
2025-11-26 12:00:00+00:00,278.04,279.0475,276.63,278.08,7960642.0
2025-11-26 16:00:00+00:00,278.11,279.53,277.8661,278.43,11285874.0
2025-11-26 20:00:00+00:00,278.4366,278.94,277.15,277.9625,5937907.0
2025-11-27 00:00:00+00:00,278.0,278.0,277.85,277.9788,9960.0
2025-11-28 08:00:00+00:00,278.0,278.83,278.0,278.75,39506.0
2025-11-28 12:00:00+00:00,278.75,278.76,276.02,276.465,6377506.0
2025-11-28 16:00:00+00:00,276.465,279.0,275.9865,278.85,11313404.0
2025-11-28 20:00:00+00:00,278.83,279.0,277.8307,278.34,11681.0
2025-12-01 08:00:00+00:00,275.96,277.85,275.96,277.5,48287.0
2025-12-01 12:00:00+00:00,277.46,278.85,276.0,278.06,8131155.0
2025-12-01 16:00:00+00:00,278.06,281.72,277.67,281.49,14260165.0
2025-12-01 20:00:00+00:00,281.5,283.48,281.46,283.07,12169058.0
2025-12-02 00:00:00+00:00,283.01,283.25,283.0,283.09,35202.0
2025-12-02 08:00:00+00:00,283.3,283.3,282.16,282.92,86874.0
2025-12-02 12:00:00+00:00,282.86,286.98,282.06,286.9555,15661790.0
2025-12-02 16:00:00+00:00,286.94,287.4,284.83,286.4081,16635631.0
2025-12-02 20:00:00+00:00,286.4,286.82,285.58,286.19,9712848.0
2025-12-03 00:00:00+00:00,286.2189,286.5,285.7997,286.33,42431.0
2025-12-03 08:00:00+00:00,286.32,286.71,285.88,286.06,49366.0
2025-12-03 12:00:00+00:00,286.14,288.62,285.62,286.04,12615720.0
2025-12-03 16:00:00+00:00,286.03,286.82,284.37,284.7698,12871884.0
2025-12-03 20:00:00+00:00,284.76,284.83,283.3,284.3864,7502579.0
2025-12-04 00:00:00+00:00,284.42,284.44,284.22,284.22,23700.0
2025-12-04 08:00:00+00:00,283.78,284.46,283.46,283.74,32747.0
2025-12-04 12:00:00+00:00,283.8,284.73,280.27,280.77,10485974.0
2025-12-04 16:00:00+00:00,280.78,281.025,278.59,280.34,13054081.0
2025-12-04 20:00:00+00:00,280.33,280.73,279.58,280.3292,8316325.0
2025-12-05 00:00:00+00:00,280.3499,280.45,280.23,280.4,30748.0
2025-12-05 08:00:00+00:00,281.0,281.28,279.95,280.08,63964.0
2025-12-05 12:00:00+00:00,280.3,281.35,279.27,280.075,8828648.0
2025-12-05 16:00:00+00:00,280.08,280.32,278.05,278.8832,13560517.0
2025-12-05 20:00:00+00:00,278.89,279.76,278.19,279.14,7320508.0
2025-12-06 00:00:00+00:00,279.12,279.12,278.8168,279.0,8564.0
2025-12-08 08:00:00+00:00,278.71,278.72,277.9,278.1,61988.0
2025-12-08 12:00:00+00:00,278.1,279.6693,277.05,277.335,10698010.0
2025-12-08 16:00:00+00:00,277.335,277.88,276.15,276.31,11516518.0
2025-12-08 20:00:00+00:00,276.32,278.0,276.3,277.34,8575414.0
2025-12-09 00:00:00+00:00,277.37,277.39,277.1,277.32,14550.0
2025-12-09 08:00:00+00:00,277.16,278.4,276.67,278.31,44420.0
2025-12-09 12:00:00+00:00,278.16,280.03,276.5,277.825,8733560.0
2025-12-09 16:00:00+00:00,277.82,278.89,277.03,277.83,9536723.0
2025-12-09 20:00:00+00:00,277.83,278.36,276.5,276.9244,6792627.0
2025-12-10 00:00:00+00:00,276.92,277.09,276.6241,276.78,19817.0
2025-12-10 08:00:00+00:00,277.52,277.53,276.1,276.9,37886.0
2025-12-10 12:00:00+00:00,277.0,278.793,276.3329,276.75,6435226.0
2025-12-10 16:00:00+00:00,276.723,279.5925,276.44,279.38,10015420.0
2025-12-10 20:00:00+00:00,279.4,279.75,278.12,278.32,6953580.0
2025-12-11 00:00:00+00:00,278.2,278.45,277.77,277.9417,23686.0
2025-12-11 08:00:00+00:00,277.85,279.8,277.48,279.4,69783.0
2025-12-11 12:00:00+00:00,279.29,280.2,273.81,275.93,10831068.0
2025-12-11 16:00:00+00:00,275.94,278.35,275.6,277.63,10194140.0
2025-12-11 20:00:00+00:00,277.64,279.78,277.45,279.01,5243782.0
2025-12-12 00:00:00+00:00,279.01,279.08,278.58,278.58,17833.0
2025-12-12 08:00:00+00:00,278.5,278.65,277.62,277.68,44908.0
2025-12-12 12:00:00+00:00,277.69,279.22,276.82,277.85,7844846.0
2025-12-12 16:00:00+00:00,277.8,279.2,277.2808,278.38,14021821.0
2025-12-12 20:00:00+00:00,278.37,278.81,276.945,277.79,7378231.0
2025-12-13 00:00:00+00:00,277.66,277.92,277.564,277.8401,12301.0
2025-12-15 08:00:00+00:00,278.2,279.07,278.01,278.84,36304.0
2025-12-15 12:00:00+00:00,278.79,280.28,273.62,274.37,13794971.0
2025-12-15 16:00:00+00:00,274.39,275.695,272.84,273.5405,12772813.0
2025-12-15 20:00:00+00:00,273.54,274.92,273.23,274.49,8963478.0
2025-12-16 00:00:00+00:00,274.16,274.4,273.21,273.63,27464.0
2025-12-16 08:00:00+00:00,273.18,273.62,272.75,273.62,28830.0
2025-12-16 12:00:00+00:00,273.61,274.03,271.79,273.42,8514029.0
2025-12-16 16:00:00+00:00,273.42,274.42,271.8,274.12,11261006.0
2025-12-16 20:00:00+00:00,274.1,275.5,273.06,273.4,5983891.0
2025-12-17 00:00:00+00:00,273.08,273.47,272.74,273.2,28021.0
2025-12-17 08:00:00+00:00,274.24,275.13,274.06,274.89,33210.0
2025-12-17 12:00:00+00:00,274.88,276.16,273.11,274.615,8500160.0
2025-12-17 16:00:00+00:00,274.6,275.07,272.28,273.65,13347981.0
2025-12-17 20:00:00+00:00,273.66,273.95,271.01,272.13,9856456.0
2025-12-18 00:00:00+00:00,272.2,272.55,271.77,272.55,23020.0
2025-12-18 08:00:00+00:00,271.35,271.99,271.35,271.69,37514.0
2025-12-18 12:00:00+00:00,271.79,273.75,266.95,272.02,16424787.0
2025-12-18 16:00:00+00:00,272.0,273.164,269.94,270.865,14824807.0
2025-12-18 20:00:00+00:00,270.88,273.21,270.67,271.52,6770176.0
2025-12-19 00:00:00+00:00,271.52,271.82,271.04,271.39,15832.0
2025-12-19 08:00:00+00:00,272.0,272.51,271.6,271.6,20128.0
2025-12-19 12:00:00+00:00,271.6,272.92,270.5,271.21,25219331.0
2025-12-19 16:00:00+00:00,271.21,271.96,270.265,271.47,18285925.0
2025-12-19 20:00:00+00:00,271.46,274.6,269.9,272.9504,40608298.0
2025-12-20 00:00:00+00:00,272.98,273.02,272.96,273.01,16744.0
2025-12-22 08:00:00+00:00,273.68,273.89,273.57,273.67,41951.0
2025-12-22 12:00:00+00:00,273.51,274.09,271.51,272.33,10200490.0
2025-12-22 16:00:00+00:00,272.3399,272.8,270.51,270.9297,12150006.0
2025-12-22 20:00:00+00:00,270.925,271.1999,270.505,270.75,5968543.0
2025-12-23 00:00:00+00:00,270.77,270.84,270.6912,270.77,29853.0
2025-12-23 08:00:00+00:00,270.8,271.28,270.76,271.28,50177.0
2025-12-23 12:00:00+00:00,271.24,271.93,269.56,271.46,8103310.0
2025-12-23 16:00:00+00:00,271.44,272.44,271.11,272.085,9432418.0
2025-12-23 20:00:00+00:00,272.09,272.5,271.84,272.1,5132055.0
2025-12-24 00:00:00+00:00,272.1419,272.18,272.1419,272.18,10424.0
2025-12-24 08:00:00+00:00,272.17,272.17,271.5,272.07,11547.0
2025-12-24 12:00:00+00:00,272.04,274.74,271.4,274.5691,7276738.0
2025-12-24 16:00:00+00:00,274.5625,275.43,273.56,273.82,9215756.0
2025-12-24 20:00:00+00:00,273.58,273.6601,273.5,273.56,4758.0
2025-12-26 08:00:00+00:00,273.4,274.01,273.18,273.66,11282.0
2025-12-26 12:00:00+00:00,273.74,275.37,273.126,274.7241,4955815.0
2025-12-26 16:00:00+00:00,274.71,274.985,274.225,274.4992,6808036.0
2025-12-26 20:00:00+00:00,274.49,274.54,272.86,273.07,5426392.0
2025-12-27 00:00:00+00:00,273.07,273.18,273.0,273.05,12780.0
2025-12-29 08:00:00+00:00,273.26,273.26,272.0,272.69,68986.0
2025-12-29 12:00:00+00:00,272.95,274.36,271.63,273.25,5839838.0
2025-12-29 16:00:00+00:00,273.25,274.0,272.83,273.91,6539673.0
2025-12-29 20:00:00+00:00,273.92,274.0,273.4023,273.4398,3977717.0
2025-12-30 00:00:00+00:00,273.3,273.76,273.3,273.59,2510.0
2025-12-30 08:00:00+00:00,273.69,273.69,272.76,273.04,21313.0
2025-12-30 12:00:00+00:00,273.12,274.08,272.3948,272.86,5488311.0
2025-12-30 16:00:00+00:00,272.86,273.5218,272.28,273.29,6922319.0
2025-12-30 20:00:00+00:00,273.29,273.4745,272.74,272.89,5080835.0
2025-12-31 00:00:00+00:00,272.8731,272.88,272.54,272.8,14135.0
2025-12-31 08:00:00+00:00,272.41,272.41,272.12,272.12,4119.0
2025-12-31 12:00:00+00:00,272.24,273.68,271.76,271.89,4817688.0
2025-12-31 16:00:00+00:00,271.92,273.43,271.9049,272.71,7318492.0
2025-12-31 20:00:00+00:00,272.7,272.75,271.75,272.1,5227572.0
2026-01-01 00:00:00+00:00,272.14,272.2199,272.0,272.09,8666.0
2026-01-02 08:00:00+00:00,273.27,274.0,273.19,273.23,129601.0
2026-01-02 12:00:00+00:00,273.23,277.84,270.6,270.65,13125223.0
2026-01-02 16:00:00+00:00,270.65,270.97,269.0,270.36,12099385.0
2026-01-02 20:00:00+00:00,270.36,271.51,270.2166,270.97,5935364.0
2026-01-03 00:00:00+00:00,270.9605,271.0,270.9,270.9607,7562.0
2026-01-05 08:00:00+00:00,271.01,271.01,270.0,270.47,52079.0
2026-01-05 12:00:00+00:00,270.38,271.51,267.86,269.01,12146956.0
2026-01-05 16:00:00+00:00,269.02,269.35,266.14,266.25,14476309.0
2026-01-05 20:00:00+00:00,266.25,267.74,266.24,267.0519,6894454.0
2026-01-06 00:00:00+00:00,267.15,267.15,266.9144,266.9144,27938.0
2026-01-06 08:00:00+00:00,267.12,267.27,266.21,266.55,51430.0
2026-01-06 12:00:00+00:00,266.54,267.84,263.03,263.855,13361243.0
2026-01-06 16:00:00+00:00,263.85,263.85,262.18,262.65,16725451.0
2026-01-06 20:00:00+00:00,262.655,263.1492,262.12,262.38,9382368.0
2026-01-07 00:00:00+00:00,262.3,262.45,262.2401,262.3,34864.0
2026-01-07 08:00:00+00:00,262.01,262.01,261.4,261.8,43675.0
2026-01-07 12:00:00+00:00,261.89,263.74,261.21,261.9899,14311686.0
2026-01-07 16:00:00+00:00,261.99,262.7,260.9,261.84,16385098.0
2026-01-07 20:00:00+00:00,261.85,261.98,259.81,260.5376,9344293.0
2026-01-08 00:00:00+00:00,260.4726,260.53,260.3,260.33,32115.0
2026-01-08 08:00:00+00:00,260.0,260.33,257.31,257.97,231126.0
2026-01-08 12:00:00+00:00,257.92,259.86,255.7,256.68,17721634.0
2026-01-08 16:00:00+00:00,256.69,258.6,255.97,257.23,16739620.0
2026-01-08 20:00:00+00:00,257.22,259.8,257.2,259.1,7875385.0
2026-01-09 00:00:00+00:00,259.1,259.29,259.06,259.1201,26369.0
2026-01-09 08:00:00+00:00,259.36,260.99,258.96,259.33,87171.0
2026-01-09 12:00:00+00:00,259.35,260.36,256.22,257.78,12051377.0
2026-01-09 16:00:00+00:00,257.775,260.2,256.7664,259.9701,15182537.0
2026-01-09 20:00:00+00:00,259.96,260.21,258.95,259.1662,5875266.0
2026-01-10 00:00:00+00:00,259.19,259.35,259.15,259.35,22153.0
2026-01-12 08:00:00+00:00,258.33,259.69,257.07,258.91,160969.0
2026-01-12 12:00:00+00:00,258.85,261.3,256.8,259.39,13447249.0
2026-01-12 16:00:00+00:00,259.39,261.3,259.16,261.13,12425020.0
2026-01-12 20:00:00+00:00,261.12,261.19,259.6,259.65,6237314.0
2026-01-13 00:00:00+00:00,259.7,259.7999,259.5,259.59,25888.0
2026-01-13 08:00:00+00:00,259.59,259.78,258.65,259.41,83049.0
2026-01-13 12:00:00+00:00,259.38,261.81,258.12,259.93,12373680.0
2026-01-13 16:00:00+00:00,259.94,261.44,259.15,259.46,14300105.0
2026-01-13 20:00:00+00:00,259.465,261.38,258.7601,260.7982,6834019.0
2026-01-14 00:00:00+00:00,260.66,261.0,260.66,260.8515,21600.0
2026-01-14 08:00:00+00:00,260.56,260.83,259.59,259.6,78721.0
2026-01-14 12:00:00+00:00,259.71,261.82,257.86,258.071,9695950.0
2026-01-14 16:00:00+00:00,258.07,258.96,256.71,258.26,11257554.0
2026-01-14 20:00:00+00:00,258.265,260.6,258.1134,259.4,10990466.0
2026-01-15 00:00:00+00:00,259.431,259.71,259.431,259.7,9360.0
2026-01-15 08:00:00+00:00,259.91,260.51,259.55,260.2,114069.0
2026-01-15 12:00:00+00:00,260.22,261.04,259.19,259.93,8993966.0
2026-01-15 16:00:00+00:00,259.94,260.63,257.5,257.61,13060227.0
2026-01-15 20:00:00+00:00,257.6,258.5497,257.05,258.2501,7777701.0
2026-01-16 00:00:00+00:00,258.25,258.34,258.1082,258.29,15276.0
2026-01-16 08:00:00+00:00,258.38,258.55,257.15,257.24,55708.0
2026-01-16 12:00:00+00:00,257.32,258.9,256.06,256.58,15714328.0
2026-01-16 16:00:00+00:00,256.57,257.15,254.93,256.59,17804431.0
2026-01-16 20:00:00+00:00,256.58,256.85,255.12,255.27,13201960.0
2026-01-17 00:00:00+00:00,255.27,255.34,255.19,255.2201,27224.0
2026-01-20 08:00:00+00:00,253.83,253.83,251.04,252.42,297886.0
2026-01-20 12:00:00+00:00,252.35,255.53,250.85,251.55,14884597.0
2026-01-20 16:00:00+00:00,251.57,252.13,246.8091,246.955,18771642.0
2026-01-20 20:00:00+00:00,246.95,247.3,243.42,246.78,24858622.0
2026-01-21 00:00:00+00:00,246.78,247.6,246.78,247.46,54899.0
2026-01-21 08:00:00+00:00,247.22,247.22,244.86,245.17,126848.0
2026-01-21 12:00:00+00:00,245.12,248.75,244.8612,248.145,12799066.0
2026-01-21 16:00:00+00:00,248.1699,251.0,245.18,250.71,20045774.0
2026-01-21 20:00:00+00:00,250.74,251.56,246.84,248.4,12059600.0
2026-01-22 00:00:00+00:00,248.39,248.83,248.3,248.7,61739.0
2026-01-22 08:00:00+00:00,249.97,250.6,249.29,249.34,103605.0
2026-01-22 12:00:00+00:00,249.43,250.78,248.0,249.0892,12030212.0
2026-01-22 16:00:00+00:00,249.1,251.0,248.7698,248.88,12155572.0
2026-01-22 20:00:00+00:00,248.86,249.2199,248.01,248.7514,8738305.0
2026-01-23 00:00:00+00:00,248.65,248.95,248.54,248.94,22817.0
2026-01-23 08:00:00+00:00,248.7,248.7,247.59,247.85,69231.0
2026-01-23 12:00:00+00:00,247.99,249.75,244.68,248.98,13777708.0
2026-01-23 16:00:00+00:00,248.98,249.41,246.96,248.17,13508130.0
2026-01-23 20:00:00+00:00,248.17,248.85,247.6,247.93,6151299.0
2026-01-24 00:00:00+00:00,247.93,247.94,247.7475,247.75,39496.0
2026-01-26 08:00:00+00:00,248.5,250.2,248.04,249.88,152521.0
2026-01-26 12:00:00+00:00,249.83,255.5,248.08,254.8,17444527.0
2026-01-26 16:00:00+00:00,254.809,256.56,254.08,256.1,15567005.0
2026-01-26 20:00:00+00:00,256.105,256.45,254.75,256.4,10074460.0
2026-01-27 00:00:00+00:00,256.45,256.55,256.28,256.49,54580.0
2026-01-27 08:00:00+00:00,257.45,258.66,256.02,258.53,210973.0
2026-01-27 12:00:00+00:00,258.5,261.95,254.772,260.34,17452834.0
2026-01-27 16:00:00+00:00,260.36,261.39,259.175,259.74,13156252.0
2026-01-27 20:00:00+00:00,259.745,259.9667,257.2,258.12,11755419.0
2026-01-28 00:00:00+00:00,258.01,259.0845,257.8667,258.9972,50796.0
2026-01-28 08:00:00+00:00,258.7,258.95,257.87,258.38,106570.0
2026-01-28 12:00:00+00:00,258.54,259.33,255.215,255.84,10544786.0
2026-01-28 16:00:00+00:00,255.84,256.37,254.51,256.29,10880308.0
2026-01-28 20:00:00+00:00,256.29,257.6122,255.93,256.69,11999125.0
2026-01-29 00:00:00+00:00,256.58,256.88,256.21,256.79,72219.0
2026-01-29 08:00:00+00:00,257.4,258.62,257.3,257.99,136060.0
2026-01-29 12:00:00+00:00,257.8,259.65,254.41,255.455,13048846.0
2026-01-29 16:00:00+00:00,255.44,258.39,254.9,257.92,18245828.0
2026-01-29 20:00:00+00:00,257.925,268.34,255.5367,259.72,26329044.0
2026-01-30 00:00:00+00:00,259.74,260.1,259.51,259.6822,269364.0
2026-01-30 08:00:00+00:00,258.72,259.49,256.18,257.42,348443.0
2026-01-30 12:00:00+00:00,257.37,259.7344,252.18,254.93,28539678.0
2026-01-30 16:00:00+00:00,254.915,258.95,254.2835,258.27,21068813.0
2026-01-30 20:00:00+00:00,258.29,261.8999,257.56,259.06,21504730.0
2026-01-31 00:00:00+00:00,259.04,259.2,258.9,259.0656,67845.0
2026-02-02 08:00:00+00:00,258.0,259.1,255.82,258.81,164618.0
2026-02-02 12:00:00+00:00,258.9,265.37,255.0,262.74,20686713.0
2026-02-02 16:00:00+00:00,262.7,268.28,262.51,268.0,19673611.0
2026-02-02 20:00:00+00:00,268.03,270.49,267.8509,268.54,17170753.0
2026-02-03 00:00:00+00:00,268.54,268.97,268.3,268.77,48217.0
2026-02-03 08:00:00+00:00,268.77,268.77,267.26,267.62,98511.0
2026-02-03 12:00:00+00:00,267.84,271.58,267.33,271.07,16634524.0
2026-02-03 16:00:00+00:00,271.08,271.875,268.29,270.0,24297580.0
2026-02-03 20:00:00+00:00,269.97,270.33,268.65,269.97,8421575.0
2026-02-04 00:00:00+00:00,270.0,270.37,269.24,269.26,22484.0
2026-02-04 08:00:00+00:00,270.0,270.73,269.56,270.67,45545.0
2026-02-04 12:00:00+00:00,270.62,278.81,268.86,277.11,26397273.0
2026-02-04 16:00:00+00:00,277.095,277.3097,273.14,275.145,30821156.0
2026-02-04 20:00:00+00:00,275.14,278.95,274.44,274.63,17265760.0
2026-02-05 00:00:00+00:00,274.44,274.98,274.44,274.6959,42738.0
2026-02-05 08:00:00+00:00,274.2,275.92,273.77,275.53,88666.0
2026-02-05 12:00:00+00:00,275.55,279.5,273.23,274.45,16754219.0
2026-02-05 16:00:00+00:00,274.45,277.57,273.28,276.71,16679587.0
2026-02-05 20:00:00+00:00,276.72,277.72,274.0,275.44,9181185.0
2026-02-06 00:00:00+00:00,275.01,276.99,274.0,276.97,102093.0
2026-02-06 08:00:00+00:00,275.65,275.92,273.42,274.5,179530.0
2026-02-06 12:00:00+00:00,274.27,280.905,273.5,278.815,17460266.0
2026-02-06 16:00:00+00:00,278.83,279.775,276.925,278.58,18058875.0
2026-02-06 20:00:00+00:00,278.565,279.01,277.0,277.1768,8326527.0
2026-02-07 00:00:00+00:00,277.16,277.26,277.0,277.0801,12396.0
2026-02-09 08:00:00+00:00,277.1,277.65,276.28,276.95,51880.0
2026-02-09 12:00:00+00:00,276.96,278.47,272.77,273.25,11314473.0
2026-02-09 16:00:00+00:00,273.2681,273.8,271.7,272.96,13670178.0
2026-02-09 20:00:00+00:00,272.96,275.125,272.96,273.21,8546922.0
2026-02-10 00:00:00+00:00,273.4,273.75,273.0,273.7,28871.0
2026-02-10 08:00:00+00:00,273.8,274.09,273.21,273.36,37973.0
2026-02-10 12:00:00+00:00,273.47,275.37,273.01,274.14,7986311.0
2026-02-10 16:00:00+00:00,274.145,274.6,272.94,274.03,10121239.0
2026-02-10 20:00:00+00:00,274.01,274.85,273.0,274.3635,4937489.0
2026-02-11 00:00:00+00:00,274.35,274.67,274.25,274.5396,10228.0
2026-02-11 08:00:00+00:00,273.81,274.02,273.0,273.11,33261.0
2026-02-11 12:00:00+00:00,273.25,279.905,272.91,279.755,17195850.0
2026-02-11 16:00:00+00:00,279.755,280.18,274.8,276.57,18431434.0
2026-02-11 20:00:00+00:00,276.58,277.29,275.02,275.6,8732737.0
2026-02-12 00:00:00+00:00,275.6,276.12,275.6,275.9,17380.0
2026-02-12 08:00:00+00:00,276.0,276.0,273.88,274.5,92777.0
2026-02-12 12:00:00+00:00,274.91,276.68,268.13,268.19,14539522.0
2026-02-12 16:00:00+00:00,268.173,268.24,260.18,262.05,31289391.0
2026-02-12 20:00:00+00:00,262.06,264.1035,260.27,261.8999,15154539.0
2026-02-13 00:00:00+00:00,261.6,262.14,260.0,260.35,97717.0
2026-02-13 08:00:00+00:00,261.7,262.21,260.67,261.47,69097.0
2026-02-13 12:00:00+00:00,261.68,264.17,258.37,259.39,15240735.0
2026-02-13 16:00:00+00:00,259.43,260.27,257.93,258.11,14042733.0
2026-02-13 20:00:00+00:00,258.105,258.5399,254.96,255.3301,16483423.0
2026-02-14 00:00:00+00:00,255.3309,255.45,255.3,255.3005,28961.0
2026-02-17 08:00:00+00:00,255.38,255.38,254.66,255.25,35999.0
2026-02-17 12:00:00+00:00,255.38,261.39,253.81,259.1481,13589044.0
2026-02-17 16:00:00+00:00,259.12,266.29,258.74,265.19,18809513.0
2026-02-17 20:00:00+00:00,265.2,265.5399,262.5,264.26,9441268.0
2026-02-18 00:00:00+00:00,264.26,264.7094,264.0,264.37,33439.0
2026-02-18 08:00:00+00:00,265.1,265.7,264.78,264.8,42649.0
2026-02-18 12:00:00+00:00,264.93,265.95,262.45,265.16,11881591.0
2026-02-18 16:00:00+00:00,265.1551,266.82,263.57,263.7434,8602596.0
2026-02-18 20:00:00+00:00,263.8,265.53,263.2,263.5,6522694.0
2026-02-19 00:00:00+00:00,263.52,263.5768,263.0,263.29,47567.0
2026-02-19 08:00:00+00:00,263.61,264.3,262.46,262.68,42800.0
2026-02-19 12:00:00+00:00,262.78,264.35,262.02,263.83,7160286.0
2026-02-19 16:00:00+00:00,263.83,264.48,260.27,260.41,8407953.0
2026-02-19 20:00:00+00:00,260.4,261.3,259.33,261.1024,6522155.0
2026-02-20 00:00:00+00:00,260.99,261.6874,260.85,261.38,45079.0
2026-02-20 08:00:00+00:00,261.35,261.58,259.77,259.77,35639.0
2026-02-20 12:00:00+00:00,259.95,263.26,258.16,262.55,11227056.0
2026-02-20 16:00:00+00:00,262.57,264.75,261.23,264.176,15555639.0
2026-02-20 20:00:00+00:00,264.18,264.84,263.09,264.42,7272516.0
2026-02-21 00:00:00+00:00,264.3407,264.4999,264.31,264.4,13921.0
2026-02-23 08:00:00+00:00,264.17,264.17,262.98,263.1,27041.0
2026-02-23 12:00:00+00:00,263.4,267.74,262.18,266.795,9650345.642239997
2026-02-23 16:00:00+00:00,266.845,269.43,264.75,266.63,14367278.002168003
2026-02-23 20:00:00+00:00,266.63,267.56,265.99,267.01,5807130.535917998
2026-02-24 00:00:00+00:00,266.96,267.75,266.87,267.49,27042.475536
2026-02-24 08:00:00+00:00,267.0,267.11,266.34,266.7,20966.0
2026-02-24 12:00:00+00:00,266.99,274.89,266.31,273.9499,14678782.878149997
2026-02-24 16:00:00+00:00,273.95,274.82,271.37,272.633,13854563.19841599
2026-02-24 20:00:00+00:00,272.65,272.67,271.11,271.3425,5722285.145796998
2026-02-25 00:00:00+00:00,271.61,272.81,271.4,272.6,40121.252113
2026-02-25 08:00:00+00:00,272.0,272.0,271.09,271.5,23128.0
2026-02-25 12:00:00+00:00,271.52,274.08,270.5,273.5401,8691961.639274
2026-02-25 16:00:00+00:00,273.54,274.94,272.96,273.29,9658571.087030997
2026-02-25 20:00:00+00:00,273.27,275.25,273.21,274.16,6198460.951928997
2026-02-26 00:00:00+00:00,274.16,274.82,274.16,274.2,15228.474302999999
2026-02-26 08:00:00+00:00,273.46,274.7,273.34,273.97,50281.0
2026-02-26 12:00:00+00:00,273.86,276.11,270.81,270.97,9763320.076067
2026-02-26 16:00:00+00:00,270.98,273.5,270.795,273.02,10012614.11717501
2026-02-26 20:00:00+00:00,273.01,273.8,271.35,271.5,4855608.650330999
2026-02-27 00:00:00+00:00,271.6585,272.14,271.3,271.7,22501.185311999998
2026-02-27 08:00:00+00:00,272.03,272.36,271.41,271.94,15705.0
2026-02-27 12:00:00+00:00,272.0,273.18,268.192,268.91,10399991.085265001
2026-02-27 16:00:00+00:00,268.89,269.64,265.26,265.35,12467158.48040399
2026-02-27 20:00:00+00:00,265.37,266.9,262.89,263.65,21748312.50489
2026-02-28 00:00:00+00:00,263.6,263.65,263.3,263.55,24359.780424999997
2026-03-02 08:00:00+00:00,260.9,262.49,260.4,261.7,110417.0
2026-03-02 12:00:00+00:00,261.84,264.59,259.32,262.71,11267589.780925004
2026-03-02 16:00:00+00:00,262.71,266.53,262.6,265.77,10967929.512455
2026-03-02 20:00:00+00:00,265.79,265.96,263.61,264.5007,9373077.607554996
2026-03-03 00:00:00+00:00,264.5,264.6,263.75,264.25,29499.433138
2026-03-03 08:00:00+00:00,261.42,262.89,260.7,262.16,151389.0
2026-03-03 12:00:00+00:00,262.16,265.56,260.61,262.42,9973823.935073
2026-03-03 16:00:00+00:00,262.4,264.64,260.13,263.29,12115214.86629899
2026-03-03 20:00:00+00:00,263.31,264.33,262.34,263.5,6337881.993869001
2026-03-04 00:00:00+00:00,263.28,264.87,263.18,263.6001,77026.20157
2026-03-04 08:00:00+00:00,262.87,263.97,262.32,262.64,64899.0
2026-03-04 12:00:00+00:00,262.74,266.15,261.42,264.0562,8916102.749386998
2026-03-04 16:00:00+00:00,264.065,265.51,263.02,263.22,12075383.2436
2026-03-04 20:00:00+00:00,263.23,263.46,262.0599,262.8,7733479.747576
2026-03-05 00:00:00+00:00,262.72,263.26,262.65,262.71,35052.946524
2026-03-05 08:00:00+00:00,262.51,263.55,261.58,262.61,130807.0
2026-03-05 12:00:00+00:00,262.84,263.37,258.075,261.0,11994061.498601994
2026-03-05 16:00:00+00:00,261.015,261.555,257.25,257.775,14405155.423372008
2026-03-05 20:00:00+00:00,257.77,262.52,257.4,260.14,10006092.166614998
2026-03-06 00:00:00+00:00,260.19,260.6497,260.05,260.25,38013.208459
2026-03-06 08:00:00+00:00,260.0,260.0,258.67,258.86,33806.0
2026-03-06 12:00:00+00:00,259.0,260.97,254.37,257.51,10473200.681148998
2026-03-06 16:00:00+00:00,257.52,257.95,255.91,257.57,10111030.039868996
2026-03-06 20:00:00+00:00,257.595,258.01,256.44,256.8247,7604488.856242001
2026-03-07 00:00:00+00:00,256.99,257.0,256.65,257.0,15356.233803000001
2026-03-09 08:00:00+00:00,252.97,255.94,252.84,255.3,97196.0
2026-03-09 12:00:00+00:00,254.0,258.18,253.32,257.445,12494567.475478992
2026-03-09 16:00:00+00:00,257.46,261.15,255.95,259.89,15351895.948785994
2026-03-09 20:00:00+00:00,259.78,261.0,258.66,259.0,1468177.0381240011
2026-03-10 08:00:00+00:00,260.4,261.26,259.23,259.23,82591.0
2026-03-10 12:00:00+00:00,260.49,261.78,256.95,261.51,9178215.551035002
2026-03-10 16:00:00+00:00,261.5,262.48,260.3501,260.72,12617698.394567996
2026-03-10 20:00:00+00:00,260.83,261.49,260.52,261.28,2237828.0304759997
2026-03-11 08:00:00+00:00,261.04,261.39,260.49,260.76,22527.0
2026-03-11 12:00:00+00:00,261.02,262.13,259.55,260.63,7974324.4713200005
2026-03-11 16:00:00+00:00,260.65,261.2,259.63,260.81,9027175.378469
2026-03-11 20:00:00+00:00,260.81,261.23,258.51,259.25,616455.9476279997
2026-03-12 08:00:00+00:00,260.13,260.85,259.86,260.28,52211.0
2026-03-12 12:00:00+00:00,260.17,260.8,254.18,255.09,13020991.856869003
2026-03-12 16:00:00+00:00,255.145,256.25,254.77,255.75,15334426.202168008
2026-03-12 20:00:00+00:00,255.76,256.59,255.5,255.95,832288.2068139998
2026-03-13 08:00:00+00:00,255.41,256.7,254.81,256.63,32425.0
2026-03-13 12:00:00+00:00,256.6981,256.95,251.85,252.1,10787582.502884002
2026-03-13 16:00:00+00:00,252.11,252.97,249.52,250.115,17781004.409955997
2026-03-13 20:00:00+00:00,250.12,250.12,249.25,249.76,939034.9261990003
2026-03-16 08:00:00+00:00,250.8,251.79,250.38,251.0,76861.0
2026-03-16 12:00:00+00:00,250.5,253.885,249.495,252.955,12100985.617106995
2026-03-16 16:00:00+00:00,252.9525,253.44,252.11,252.78,12331370.728299998
2026-03-16 20:00:00+00:00,252.82,252.9794,252.25,252.53,560782.8598909999
2026-03-17 08:00:00+00:00,252.21,252.3,251.41,252.05,29072.0
2026-03-17 12:00:00+00:00,252.08,255.075,251.32,254.41,8093803.017841002
2026-03-17 16:00:00+00:00,254.43,255.13,253.1301,254.23,11705338.534046004
2026-03-17 20:00:00+00:00,254.23,254.47,253.75,254.09,536272.050875
2026-03-18 08:00:00+00:00,255.0,255.33,254.68,255.04,44688.0
2026-03-18 12:00:00+00:00,255.01,255.66,251.38,251.77,9084154.189290995
2026-03-18 16:00:00+00:00,251.76,252.0,249.0,249.91,14024454.321134
2026-03-18 20:00:00+00:00,249.94,250.5,249.0,249.99,1761206.8832960005
2026-03-19 08:00:00+00:00,249.9,251.67,249.4,251.2,107568.0
2026-03-19 12:00:00+00:00,249.87,251.83,247.3,249.62,11953296.906537004
2026-03-19 16:00:00+00:00,249.62,249.9526,247.67,248.907,13768601.106137997
2026-03-19 20:00:00+00:00,248.96,249.9,248.84,249.84,1458816.4259879994
2026-03-20 08:00:00+00:00,249.81,249.81,247.195,247.71,138560.0
2026-03-20 12:00:00+00:00,249.48,249.5,246.61,248.84,22360353.509017017
2026-03-20 16:00:00+00:00,248.85,249.1999,246.0,248.19,17693354.33111099
2026-03-20 20:00:00+00:00,247.97,250.98,247.61,249.8,5295005.562369992
2026-03-23 08:00:00+00:00,245.6,255.0,245.6,250.98,559179.0
2026-03-23 12:00:00+00:00,247.43,255.0,245.19,251.58,14814949.127733009
2026-03-23 16:00:00+00:00,251.55,252.525,250.28,251.44,14342699.288661992
2026-03-23 20:00:00+00:00,251.49,252.37,251.11,251.97,956863.3350679995
2026-03-24 08:00:00+00:00,251.8,251.98,250.77,251.39,38360.0
2026-03-24 12:00:00+00:00,252.33,254.69,249.55,253.88,10709450.602396993
2026-03-24 16:00:00+00:00,253.88,254.825,251.22,251.75,12089021.819872994
2026-03-24 20:00:00+00:00,251.64,255.29,251.24,253.34,4737170.724107999
2026-03-25 08:00:00+00:00,253.3,254.45,252.93,254.15,65155.0
2026-03-25 12:00:00+00:00,253.3,255.0,251.6,253.5,9858526.273285994
2026-03-25 16:00:00+00:00,253.51,254.65,252.01,252.61,10493264.829594005
2026-03-25 20:00:00+00:00,252.62,253.29,252.15,252.57,932664.8144780002
2026-03-26 08:00:00+00:00,252.4,253.04,251.6,251.6,55749.0
2026-03-26 12:00:00+00:00,251.82,257.0,250.77,256.515,14481961.858128
2026-03-26 16:00:00+00:00,256.52,256.705,252.02,252.88,17065461.484689005
2026-03-26 20:00:00+00:00,252.8889,256.6,252.8889,254.8933,1286437.1742679996
2026-03-27 08:00:00+00:00,254.06,254.11,252.2,252.78,61397.0
2026-03-27 12:00:00+00:00,253.2,255.493,251.8,252.725,16606851.812426006
2026-03-27 16:00:00+00:00,252.73,252.9,248.07,248.61,18763239.075779
2026-03-27 20:00:00+00:00,248.8,248.8,247.25,247.25,1866978.7354409995
2026-03-30 08:00:00+00:00,249.85,250.16,248.13,249.1,141074.986184
2026-03-30 12:00:00+00:00,249.126,250.87,246.04,246.88,11670061.344667
2026-03-30 16:00:00+00:00,246.84,247.45,245.51,246.54,14367922.025867
2026-03-30 20:00:00+00:00,246.63,246.63,245.09,245.25,1604020.095782
2026-03-31 08:00:00+00:00,248.05,249.0,247.41,248.89,287670.49312099995
2026-03-31 12:00:00+00:00,248.98,249.5058,247.101,248.61,10402593.839396
2026-03-31 16:00:00+00:00,248.61,255.48,248.49,253.79,21560802.824971996
2026-03-31 20:00:00+00:00,253.79,254.99,252.23,254.99,1572631.4145790008
2026-04-01 08:00:00+00:00,255.45,255.69,253.57,255.69,219361.45501200008
2026-04-01 12:00:00+00:00,255.5,256.18,253.33,254.62,12362890.094728006
2026-04-01 16:00:00+00:00,254.6239,256.13,253.97,255.69,16202252.912529007
2026-04-01 20:00:00+00:00,255.63,256.11,254.51,254.9831,641200.6795640002
2026-04-02 08:00:00+00:00,252.26,254.38,251.94,252.8,184111.30588300002
2026-04-02 12:00:00+00:00,252.65,255.73,250.65,254.57,10457411.533340996
2026-04-02 16:00:00+00:00,254.57,256.13,254.0,255.89,10665056.610337999
2026-04-02 20:00:00+00:00,255.92,255.94,255.16,255.4487,2503657.0860979995
2026-04-06 08:00:00+00:00,255.92,256.64,255.1,256.36,115388.98367999999
2026-04-06 12:00:00+00:00,256.35,262.16,255.75,259.5101,11646318.039818993
2026-04-06 16:00:00+00:00,259.5199,259.63,257.85,258.887,9924743.346230002
2026-04-06 20:00:00+00:00,258.86,259.0,257.4119,257.9,205569.32906900006
2026-04-07 08:00:00+00:00,257.08,257.84,256.0,256.63,219141.81879799996
2026-04-07 12:00:00+00:00,256.5,257.25,245.7,248.46,24910170.125755005
2026-04-07 16:00:00+00:00,248.47,253.6099,248.47,253.49,25913289.613504995
2026-04-07 20:00:00+00:00,253.5,259.2,252.77,259.12,1595831.1576049996
2026-04-08 08:00:00+00:00,259.11,260.1,258.6,259.3,505688.51891600003
2026-04-08 12:00:00+00:00,259.235,259.98,253.5,257.62,15819507.367903009
2026-04-08 16:00:00+00:00,257.62,259.04,256.9,258.91,14367879.848933013
2026-04-08 20:00:00+00:00,258.9,259.15,258.3651,258.66,2163478.2200769996
2026-04-09 08:00:00+00:00,258.6,258.69,257.36,257.64,127305.65666000002
2026-04-09 12:00:00+00:00,257.74,260.03,256.07,258.685,9681559.033968003
2026-04-09 16:00:00+00:00,258.68,261.12,258.64,260.39,10304442.375871
2026-04-09 20:00:00+00:00,260.4252,260.49,259.49,259.98,871534.0086309997
2026-04-10 08:00:00+00:00,260.34,260.62,258.8,258.8,133097.95725500002
2026-04-10 12:00:00+00:00,259.0,262.19,258.44,260.88,9603446.440224003
2026-04-10 16:00:00+00:00,260.89,261.05,259.0231,260.38,11435204.596109
2026-04-10 20:00:00+00:00,260.48,261.0,260.4,261.0,369332.8111329999
2026-04-13 08:00:00+00:00,259.0,259.48,258.61,259.05,102350.67007699996
2026-04-13 12:00:00+00:00,258.95,260.18,256.66,257.02,11263894.564254
2026-04-13 16:00:00+00:00,257.02,259.58,256.78,259.21,13512574.615925007
2026-04-13 20:00:00+00:00,259.2,259.43,256.83,259.27,1416410.6823609998
2026-04-14 08:00:00+00:00,259.11,259.4,258.7,259.19,228422.39230000004
2026-04-14 12:00:00+00:00,259.18,261.93,257.61,257.73,15122265.936519993
2026-04-14 16:00:00+00:00,257.72,259.7651,257.19,258.855,16936553.695604008
2026-04-14 20:00:00+00:00,258.83,258.83,258.5,258.6001,5532299.977752996
2026-04-15 08:00:00+00:00,259.09,259.1938,258.26,258.37,184772.31670099995
2026-04-15 12:00:00+00:00,258.3482,264.77,257.81,264.395,18162778.959347002
2026-04-15 16:00:00+00:00,264.38,266.56,264.24,266.37,19519102.88710299
2026-04-15 20:00:00+00:00,266.37,266.99,265.9,266.9,690775.3678609999
2026-04-16 08:00:00+00:00,266.6,268.85,265.8,268.55,332931.87015399983
2026-04-16 12:00:00+00:00,268.55,268.6,261.27,263.5101,18177866.91336599
2026-04-16 16:00:00+00:00,263.525,264.55,263.09,263.36,13988579.261881
2026-04-16 20:00:00+00:00,263.4,264.25,263.0,264.0715,799392.2466519997
2026-04-17 08:00:00+00:00,263.9162,267.63,263.88,266.8,472371.3102060001
2026-04-17 12:00:00+00:00,266.9863,272.3,266.41,270.97,25636159.447738975
2026-04-17 16:00:00+00:00,270.97,271.7399,269.53,270.185,19520723.401373997
2026-04-17 20:00:00+00:00,270.23,270.75,269.75,270.75,1114730.5069619992
2026-04-20 08:00:00+00:00,268.65,271.17,268.65,270.32,267457.1327309999
2026-04-20 12:00:00+00:00,270.22,274.275,269.08,272.7791,15032555.925830014
2026-04-20 16:00:00+00:00,272.77,273.65,271.84,272.93,12105967.914308
2026-04-20 20:00:00+00:00,273.05,273.45,267.67,271.55,3084506.9211760014
2026-04-21 08:00:00+00:00,271.0,272.7,270.76,272.2,306835.76751399995
2026-04-21 12:00:00+00:00,272.25,272.8,266.56,266.72,16288240.479547994
2026-04-21 16:00:00+00:00,266.7301,268.19,265.4,266.22,23962047.019715007
2026-04-21 20:00:00+00:00,266.17,267.8,266.0,267.65,1298425.0593529993
2026-04-22 08:00:00+00:00,267.88,268.19,267.15,267.34,212479.53287399997
2026-04-22 12:00:00+00:00,267.3793,273.2509,266.87,273.01,18099226.244932
2026-04-22 16:00:00+00:00,273.02,273.74,272.1005,273.19,14719777.304526998
2026-04-22 20:00:00+00:00,273.17,273.19,272.15,272.86,1656128.3440609996
2026-04-23 08:00:00+00:00,271.88,273.95,271.2283,273.95,199520.62772000002
2026-04-23 12:00:00+00:00,273.69,275.77,273.0305,273.41,9989728.23795
2026-04-23 16:00:00+00:00,273.42,274.55,271.65,273.44,14516918.302925004
2026-04-23 20:00:00+00:00,273.4337,273.51,271.8,272.6,1856640.9458879996
2026-04-24 08:00:00+00:00,272.4653,273.43,271.5,273.05,176284.63297
2026-04-24 12:00:00+00:00,273.0,273.06,269.8,271.0321,11621046.796446001
2026-04-24 16:00:00+00:00,271.03,271.69,269.65,271.06,15896227.390232
2026-04-24 20:00:00+00:00,270.9677,271.08,270.4,270.9,440562.33292299986
2026-04-27 08:00:00+00:00,270.3,270.3,265.95,266.8,866732.1416099997
2026-04-27 12:00:00+00:00,266.9,268.36,265.07,266.79,13922803.685462996
2026-04-27 16:00:00+00:00,266.795,267.97,266.09,267.64,13655839.427465003
2026-04-27 20:00:00+00:00,267.61,268.0,267.07,267.8699,4278979.661407002
2026-04-28 08:00:00+00:00,267.2833,269.5,266.86,269.17,320524.1377109998
2026-04-28 12:00:00+00:00,269.17,273.23,268.66,269.64,15849600.698202
2026-04-28 16:00:00+00:00,269.665,270.945,269.3313,270.76,10989269.914976005
2026-04-28 20:00:00+00:00,270.78,271.0,269.48,269.5,6421961.741065995
2026-04-29 08:00:00+00:00,269.81,270.1288,268.01,268.39,197990.465226
2026-04-29 12:00:00+00:00,268.4148,270.3118,267.04,268.63,9357802.683888
2026-04-29 16:00:00+00:00,268.65,271.04,268.62,270.19,10119430.193726996
2026-04-29 20:00:00+00:00,270.17,270.99,268.03,270.95,2789211.7175700013
2026-04-30 08:00:00+00:00,270.44,271.5,269.0455,271.45,382438.19201400003
2026-04-30 12:00:00+00:00,271.45,272.22,268.14,271.92,15021281.543297
2026-04-30 16:00:00+00:00,271.9499,276.0,270.34,271.205,29967150.982953995
2026-04-30 20:00:00+00:00,271.35,284.89,267.66,276.4,16081059.372861989
2026-05-01 08:00:00+00:00,278.0,282.42,277.56,281.2375,1272156.3480800008
2026-05-01 12:00:00+00:00,281.23,287.22,271.35,284.75,42104063.808710024
2026-05-01 16:00:00+00:00,284.71,285.0,279.61,280.15,26157466.658131007
2026-05-01 20:00:00+00:00,280.1409,280.26,279.73,280.07,902687.0939829996
2026-05-04 08:00:00+00:00,280.1,280.15,277.4023,278.885,343872.13279
2026-05-04 12:00:00+00:00,278.81,280.63,274.8601,276.86,18033928.735529006
2026-05-04 16:00:00+00:00,276.83,277.67,275.43,276.84,13898130.273916012
2026-05-04 20:00:00+00:00,276.83,276.93,276.3042,276.45,3082654.540830999
2026-05-05 08:00:00+00:00,276.55,277.2,275.65,275.71,246719.62825600005
2026-05-05 12:00:00+00:00,275.68,283.21,275.22,280.18,16150024.193401994
2026-05-05 16:00:00+00:00,280.17,284.57,280.02,284.21,19152486.964544997
2026-05-05 20:00:00+00:00,284.18,284.5,282.0601,282.4,1624753.456684001
2026-05-06 08:00:00+00:00,282.07,283.29,281.2,282.24,567670.1108089999
2026-05-06 12:00:00+00:00,282.2746,286.72,280.8,285.595,20118486.526732
2026-05-06 16:00:00+00:00,285.595,288.03,285.21,287.55,19254562.827208
2026-05-06 20:00:00+00:00,287.4538,288.0,287.1,287.49,705795.5310030007
2026-05-07 08:00:00+00:00,287.2,288.5,286.0,288.49,238946.77096600004
2026-05-07 12:00:00+00:00,288.49,292.13,288.18,289.3193,17783608.024291
2026-05-07 16:00:00+00:00,289.3,289.77,285.78,287.46,15937631.63013
2026-05-07 20:00:00+00:00,287.44,288.3,286.67,287.98,894810.4262279994
2026-05-08 08:00:00+00:00,287.86,291.192,287.5,290.8016,272007.0720549998
2026-05-08 12:00:00+00:00,290.8,294.76,290.0,292.315,20153265.06850699
2026-05-08 16:00:00+00:00,292.3,294.3,291.7501,293.22,17877484.032334004
2026-05-08 20:00:00+00:00,293.19,293.86,292.68,293.8595,862829.3491689997
2026-05-11 08:00:00+00:00,291.49,294.45,291.49,293.02,257851.38536799984
2026-05-11 12:00:00+00:00,293.05,293.88,290.23,292.52,15312246.00059
2026-05-11 16:00:00+00:00,292.52,292.98,290.63,292.68,14012937.966463994
2026-05-11 20:00:00+00:00,292.68,292.88,292.44,292.5006,285398.4420849999
2026-05-12 08:00:00+00:00,292.45,293.87,291.1,291.95,3417748.043345999
2026-05-12 12:00:00+00:00,291.9623,294.8999,291.6,294.45,13406573.560482005
2026-05-12 16:00:00+00:00,294.46,295.27,293.37,294.88,15369370.46182699
2026-05-12 20:00:00+00:00,294.8,294.8758,294.26,294.49,4044391.700372
2026-05-13 08:00:00+00:00,294.14,294.79,293.41,294.15,268983.0604690002
2026-05-13 12:00:00+00:00,294.15,298.01,293.07,296.935,17241722.806476995
2026-05-13 16:00:00+00:00,296.93,300.92,296.78,298.88,20763924.324791014
2026-05-13 20:00:00+00:00,298.87,299.22,298.0,298.4,2653802.9255649997
2026-05-14 08:00:00+00:00,298.27,301.35,297.5,300.33,334003.6849540001
2026-05-14 12:00:00+00:00,300.38,300.4773,297.08,299.155,11956484.557580994
2026-05-14 16:00:00+00:00,299.16,299.2,295.38,298.18,14432170.229955006
2026-05-14 20:00:00+00:00,298.21,298.51,297.0,297.91,1599391.5549179995
2026-05-15 08:00:00+00:00,298.0,300.0,294.26,294.75,492374.4925550002
2026-05-15 12:00:00+00:00,294.61,302.79,293.8956,301.06,21753239.568226997
2026-05-15 16:00:00+00:00,301.1,303.2,299.63,300.255,18775353.573954
2026-05-15 20:00:00+00:00,300.23,300.2644,299.52,299.846,701921.3977229997
2026-05-18 08:00:00+00:00,299.1,299.58,297.04,298.77,276029.92898499995
2026-05-18 12:00:00+00:00,298.5118,300.66,295.27,295.84,12592510.804175
2026-05-18 16:00:00+00:00,295.84,297.92,294.91,297.83,14571837.633939005
2026-05-18 20:00:00+00:00,297.88,297.93,297.0,297.44,936124.6832569997
2026-05-19 08:00:00+00:00,296.87,297.8,295.44,295.4851,1937911.4073770007
2026-05-19 12:00:00+00:00,295.57,300.51,294.89,297.28,13215108.235694014
2026-05-19 16:00:00+00:00,297.29,299.23,296.365,298.98,12066695.883533001
2026-05-19 20:00:00+00:00,298.9713,299.5,298.11,298.9656,2016062.3691849993
2026-05-20 08:00:00+00:00,299.0,299.07,298.08,298.34,95129.671293
2026-05-20 12:00:00+00:00,298.25,302.37,297.0,299.18,12501580.815993002
2026-05-20 16:00:00+00:00,299.19,302.8,298.94,302.265,15345161.589415003
2026-05-20 20:00:00+00:00,302.25,302.35,300.26,301.2,1042611.8457269997
2026-05-21 08:00:00+00:00,301.2,302.1,300.2,301.2952,109602.936818
2026-05-21 12:00:00+00:00,301.39,304.25,300.4,303.82,11619791.110368988
2026-05-21 16:00:00+00:00,303.83,305.54,303.0499,305.1,15428015.319055999
2026-05-21 20:00:00+00:00,304.99,306.0,304.263,305.9999,519970.20397500007
2026-05-22 08:00:00+00:00,305.61,306.2,304.7,305.2,118356.75039600003
2026-05-22 12:00:00+00:00,305.32,311.4,304.228,309.9756,19069779.478375006
2026-05-22 16:00:00+00:00,309.98,310.525,307.96,308.81,15762150.688296996
2026-05-22 20:00:00+00:00,308.82,309.4,308.23,308.4105,472137.5814630001
2026-05-26 08:00:00+00:00,309.07,311.02,309.07,310.7,244603.662965
2026-05-26 12:00:00+00:00,310.64,311.82,309.13,310.155,14839452.552522996
2026-05-26 16:00:00+00:00,310.16,310.77,307.67,308.38,17320375.263193
2026-05-26 20:00:00+00:00,308.33,308.85,308.01,308.7,3850937.416594001
2026-05-27 08:00:00+00:00,308.7,309.42,308.1,308.22,138231.95413600004
2026-05-27 12:00:00+00:00,308.16,313.26,307.25,311.7001,23503921.934575982
2026-05-27 16:00:00+00:00,311.7,311.84,309.52,310.93,15858288.118254997
2026-05-27 20:00:00+00:00,310.85,311.52,309.9349,310.36,573757.0341639998
2026-05-28 08:00:00+00:00,310.75,311.58,310.03,310.2,156680.47954999996
2026-05-28 12:00:00+00:00,310.22,312.8,309.08,310.67,13075754.63995099
2026-05-28 16:00:00+00:00,310.68,312.56,309.57,312.51,18744789.318217985
2026-05-28 20:00:00+00:00,312.51,312.51,311.62,312.0521,898917.1345550003
2026-05-29 08:00:00+00:00,311.73,311.86,310.28,311.39,156940.53434900002
2026-05-29 12:00:00+00:00,311.49,315.0,310.42,310.59,15717512.156730006
2026-05-29 16:00:00+00:00,310.59,313.25,309.53,312.07,17380120.446961
2026-05-29 20:00:00+00:00,312.06,312.1,311.05,311.35,7240512.202517
2026-06-01 08:00:00+00:00,310.85,310.95,309.0,309.66,343602.98387300025
2026-06-01 12:00:00+00:00,309.61,311.6,306.3,306.84,17940286.341709998
2026-06-01 16:00:00+00:00,306.83,308.4,305.02,306.31,18422891.049335998
2026-06-01 20:00:00+00:00,306.3028,306.8,305.21,305.25,2142837.9846970015
2026-06-02 08:00:00+00:00,306.65,307.6,305.0,305.84,253917.22701799998
2026-06-02 12:00:00+00:00,305.79,313.15,305.3367,312.425,14200591.337674998
2026-06-02 16:00:00+00:00,312.42,315.45,311.9,315.22,18605406.939187
2026-06-02 20:00:00+00:00,315.2,315.44,313.71,315.01,1159647.2900129997
2026-06-03 08:00:00+00:00,313.08,315.0,313.08,314.2,155349.59574799996
2026-06-03 12:00:00+00:00,314.2,316.94,310.31,311.4999,19635772.718579
2026-06-03 16:00:00+00:00,311.49,311.8292,308.85,310.39,18498991.942999
2026-06-03 20:00:00+00:00,310.38,314.58,309.39,313.95,1303279.1117280002
2026-06-04 08:00:00+00:00,312.67,314.46,310.26,313.31,360316.72059200006
2026-06-04 12:00:00+00:00,313.2949,313.96,309.65,310.37,14507449.472514002
2026-06-04 16:00:00+00:00,310.4,312.1,310.2513,311.21,13952060.533496
2026-06-04 20:00:00+00:00,311.2224,311.72,310.0,310.5,2358572.092768
2026-06-05 08:00:00+00:00,310.3,311.56,310.3,310.86,98099.18063000002
2026-06-05 12:00:00+00:00,310.452,315.17,310.452,313.43,17506496.477547996
2026-06-05 16:00:00+00:00,313.42,313.55,307.15,307.39,33016466.501021992
2026-06-05 20:00:00+00:00,307.34,308.51,307.0,307.78,1785925.0292829992
2026-06-08 08:00:00+00:00,307.38,309.94,307.36,308.5,358768.4415029999
2026-06-08 12:00:00+00:00,308.4927,315.36,307.42,313.61,18451689.83295701
2026-06-08 16:00:00+00:00,313.62,317.4,301.17,301.58,45172090.20309701
2026-06-08 20:00:00+00:00,301.54,301.9936,299.12,300.674,1529251.4219129998
2026-06-09 08:00:00+00:00,300.8,301.7129,299.4,299.6754,333421.52811800013
2026-06-09 12:00:00+00:00,299.7,302.2,290.9,291.17,28314616.245640997
2026-06-09 16:00:00+00:00,291.165,291.94,287.78,290.36,29973111.411509
2026-06-09 20:00:00+00:00,290.55,291.4099,290.19,291.11,932092.4733820006
2026-06-10 08:00:00+00:00,291.0,292.19,289.3,289.4894,256694.61831500017
2026-06-10 12:00:00+00:00,289.4848,291.54,287.38,291.29,19074809.445157003
2026-06-10 16:00:00+00:00,291.3,294.75,290.51,291.48,23300870.677282985
2026-06-10 20:00:00+00:00,291.48,292.3,290.01,290.89,1137505.006390999
2026-06-11 08:00:00+00:00,293.08,294.27,291.73,293.27,200146.21306899996
2026-06-11 12:00:00+00:00,293.27,294.29,289.59,293.37,13264212.485882994
2026-06-11 16:00:00+00:00,293.4099,297.0,291.5045,295.34,18344574.140071005
2026-06-11 20:00:00+00:00,295.63,296.07,295.05,295.84,612141.0805089999
2026-06-12 08:00:00+00:00,295.79,297.0,295.1723,296.8,178719.80264699995
2026-06-12 12:00:00+00:00,296.85,297.14,290.01,291.33,15369055.935738003
2026-06-12 16:00:00+00:00,291.335,292.245,289.62,291.07,14907280.337135011
2026-06-12 20:00:00+00:00,291.04,291.98,291.02,291.5199,511822.76131300017
2026-06-15 08:00:00+00:00,294.74,294.9,292.0,292.94,370890.3330450001
2026-06-15 12:00:00+00:00,292.9067,297.78,290.403,297.48,15535183.282630999
2026-06-15 16:00:00+00:00,297.48,297.77,294.96,296.51,15698575.752127994
2026-06-15 20:00:00+00:00,296.529308,296.58,295.13,296.3,754513.7713139997
2026-06-16 08:00:00+00:00,296.3,297.32,295.49,295.65,185896.15041899998
2026-06-16 12:00:00+00:00,295.87,298.57,293.97,298.17,12936588.490459
2026-06-16 16:00:00+00:00,298.17,300.48,298.04,299.26,16433262.777837988
2026-06-16 20:00:00+00:00,299.24,299.42,298.64,298.9,1066383.9131139994
