timestamp,open,high,low,close,volume
2024-06-17 08:00:00+00:00,132.87,133.0,132.27,132.75,839676.0
2024-06-17 09:00:00+00:00,132.74,132.86,132.6,132.69,296943.0
2024-06-17 10:00:00+00:00,132.69,132.71,132.19,132.34,384978.0
2024-06-17 11:00:00+00:00,132.34,133.6,132.07,133.21,1947279.0
2024-06-17 12:00:00+00:00,132.4,133.7,132.2,133.29,6247683.0
2024-06-17 13:00:00+00:00,133.27,133.79,130.73,132.4613,62090278.0
2024-06-17 14:00:00+00:00,132.47,132.6,129.58,130.42,51843916.0
2024-06-17 15:00:00+00:00,130.42,131.46,130.42,130.9399,26937030.0
2024-06-17 16:00:00+00:00,130.93,132.46,130.61,131.64,33324377.0
2024-06-17 17:00:00+00:00,131.65,132.4,131.64,132.15,19861881.0
2024-06-17 18:00:00+00:00,132.16,132.58,131.87,132.45,23089833.0
2024-06-17 19:00:00+00:00,132.44,132.49,130.96,131.09,33964182.0
2024-06-17 20:00:00+00:00,131.09,131.4795,130.3705,131.03,6181743.0
2024-06-17 21:00:00+00:00,131.0399,132.89,130.75,130.84,708811.0
2024-06-17 22:00:00+00:00,130.84,131.13,130.82,130.97,396566.0
2024-06-17 23:00:00+00:00,130.98,131.05,130.86,130.97,678918.0
2024-06-18 08:00:00+00:00,131.6,131.74,131.15,131.44,339160.0
2024-06-18 09:00:00+00:00,131.44,131.6,131.0,131.2,299804.0
2024-06-18 10:00:00+00:00,131.19,131.84,131.0,131.5,406420.0
2024-06-18 11:00:00+00:00,131.45,132.3,131.4,131.95,1747441.0
2024-06-18 12:00:00+00:00,131.93,132.29,130.9,131.3915,5240168.0
2024-06-18 13:00:00+00:00,131.4,133.35,130.69,133.19,43858885.0
2024-06-18 14:00:00+00:00,133.19,133.7199,132.7,133.1822,41344837.0
2024-06-18 15:00:00+00:00,133.19,134.8,132.7,134.5838,39558239.0
2024-06-18 16:00:00+00:00,134.58,134.99,134.02,134.97,26958979.0
2024-06-18 17:00:00+00:00,134.965,136.25,134.9,135.74,37220920.0
2024-06-18 18:00:00+00:00,135.75,136.33,135.07,136.13,33752813.0
2024-06-18 19:00:00+00:00,136.14,136.14,135.02,135.68,38964292.0
2024-06-18 20:00:00+00:00,135.58,136.24,133.6382,136.2,4200519.0
2024-06-18 21:00:00+00:00,136.2,136.68,135.58,136.58,1964593.0
2024-06-18 22:00:00+00:00,136.55,136.62,136.33,136.55,1115213.0
2024-06-18 23:00:00+00:00,136.56,136.59,136.07,136.4,1193121.0
2024-06-20 08:00:00+00:00,141.09,141.09,139.46,140.35,2033616.0
2024-06-20 09:00:00+00:00,140.39,140.4,139.1,139.34,1292668.0
2024-06-20 10:00:00+00:00,139.36,139.49,138.55,139.29,1341736.0
2024-06-20 11:00:00+00:00,139.25,140.5,139.0,140.0,3536904.0
2024-06-20 12:00:00+00:00,139.27,141.6,138.5712,140.56,10479386.0
2024-06-20 13:00:00+00:00,140.56,140.76,138.59,139.9999,73829826.0
2024-06-20 14:00:00+00:00,140.0,140.25,136.13,139.0,80914269.0
2024-06-20 15:00:00+00:00,139.0,139.53,137.36,137.405,38618654.0
2024-06-20 16:00:00+00:00,137.41,137.47,130.49,133.484,83376451.0
2024-06-20 17:00:00+00:00,133.49,133.5,129.52,131.9905,71490345.0
2024-06-20 18:00:00+00:00,132.0,133.3,131.09,131.12,42435298.0
2024-06-20 19:00:00+00:00,131.12,132.55,129.82,130.72,61600414.0
2024-06-20 20:00:00+00:00,130.78,131.18,129.69,130.69,6724705.0
2024-06-20 21:00:00+00:00,130.69,130.78,129.73,129.95,4660964.0
2024-06-20 22:00:00+00:00,129.94,130.78,129.86,130.19,1108396.0
2024-06-20 23:00:00+00:00,130.17,130.44,130.0516,130.2,1233163.0
2024-06-21 08:00:00+00:00,131.17,132.28,126.66,127.5,3964764.0
2024-06-21 09:00:00+00:00,127.53,129.1,127.4,128.74,1920793.0
2024-06-21 10:00:00+00:00,128.73,129.69,128.28,129.07,1038182.0
2024-06-21 11:00:00+00:00,129.09,129.4,127.76,127.86,2165310.0
2024-06-21 12:00:00+00:00,128.97,132.64,127.0071,127.98,6408689.0
2024-06-21 13:00:00+00:00,127.98,128.78,124.3,126.625,113657119.0
2024-06-21 14:00:00+00:00,126.62,127.61,125.13,127.6099,63002614.0
2024-06-21 15:00:00+00:00,127.6,130.12,127.21,130.09,56193372.0
2024-06-21 16:00:00+00:00,130.09,130.63,127.31,127.475,45341274.0
2024-06-21 17:00:00+00:00,127.46,127.97,126.02,126.16,39509217.0
2024-06-21 18:00:00+00:00,126.16,126.87,126.1,126.6,37694292.0
2024-06-21 19:00:00+00:00,126.58,127.19,125.08,127.06,58576562.0
2024-06-21 20:00:00+00:00,126.57,127.18,126.39,126.99,14526465.0
2024-06-21 21:00:00+00:00,126.97,127.05,126.41,126.56,1369040.0
2024-06-21 22:00:00+00:00,126.57,126.88,126.51,126.82,487637.0
2024-06-21 23:00:00+00:00,126.82,127.0,126.54,127.0,833015.0
2024-06-24 08:00:00+00:00,126.7,127.2,125.51,125.79,699956.0
2024-06-24 09:00:00+00:00,125.77,125.77,122.54,123.15,2211723.0
2024-06-24 10:00:00+00:00,123.18,124.25,122.94,123.96,1328780.0
2024-06-24 11:00:00+00:00,123.94,124.68,123.76,123.9,2524091.0
2024-06-24 12:00:00+00:00,124.36,126.89,123.4,123.6,4631326.0
2024-06-24 13:00:00+00:00,123.61,124.46,121.47,122.61,68851352.0
2024-06-24 14:00:00+00:00,122.61,123.9,118.29,120.43,104533737.0
2024-06-24 15:00:00+00:00,120.43,120.95,118.82,120.94,58033384.0
2024-06-24 16:00:00+00:00,120.94,121.32,119.77,119.875,40199824.0
2024-06-24 17:00:00+00:00,119.875,120.34,119.0,119.6005,36382674.0
2024-06-24 18:00:00+00:00,119.62,119.79,118.35,119.6863,43521369.0
2024-06-24 19:00:00+00:00,119.685,120.9,118.04,118.06,60925863.0
2024-06-24 20:00:00+00:00,118.11,122.7115,116.68,116.72,10617000.0
2024-06-24 21:00:00+00:00,116.7,117.2456,116.68,116.96,3338546.0
2024-06-24 22:00:00+00:00,116.97,118.11,116.75,116.87,1229126.0
2024-06-24 23:00:00+00:00,116.87,116.96,116.4501,116.55,1774498.0
2024-06-25 08:00:00+00:00,115.26,120.13,115.25,120.07,3514309.0
2024-06-25 09:00:00+00:00,120.08,122.2,120.0,122.15,3234711.0
2024-06-25 10:00:00+00:00,122.18,122.21,120.63,120.7,2076501.0
2024-06-25 11:00:00+00:00,120.7,121.44,120.15,120.8,2774100.0
2024-06-25 12:00:00+00:00,120.4,122.0776,115.0,121.74,11299501.0
2024-06-25 13:00:00+00:00,121.73,122.44,119.32,121.86,70308412.0
2024-06-25 14:00:00+00:00,121.82,122.62,120.83,121.95,57866878.0
2024-06-25 15:00:00+00:00,121.945,125.38,121.94,125.36,65460496.0
2024-06-25 16:00:00+00:00,125.355,125.59,123.51,123.855,44824592.0
2024-06-25 17:00:00+00:00,123.86,125.17,123.0401,124.965,33761938.0
2024-06-25 18:00:00+00:00,124.95,125.31,124.33,125.105,27388099.0
2024-06-25 19:00:00+00:00,125.1,126.5,124.78,126.24,52337183.0
2024-06-25 20:00:00+00:00,126.24,127.17,121.3584,127.08,7505078.0
2024-06-25 21:00:00+00:00,127.07,127.61,127.05,127.61,3958611.0
2024-06-25 22:00:00+00:00,127.6,127.83,126.09,127.6397,1381860.0
2024-06-25 23:00:00+00:00,127.63,127.66,126.8,127.24,1305318.0
2024-06-26 08:00:00+00:00,129.2,129.74,128.3,129.27,1603429.0
2024-06-26 09:00:00+00:00,129.28,129.35,128.5,128.78,736889.0
2024-06-26 10:00:00+00:00,128.75,129.04,128.37,128.44,644631.0
2024-06-26 11:00:00+00:00,128.41,129.43,128.31,129.25,2220556.0
2024-06-26 12:00:00+00:00,129.24,129.95,126.3,126.4113,11964919.0
2024-06-26 13:00:00+00:00,126.42,127.39,124.25,126.72,53724859.0
2024-06-26 14:00:00+00:00,126.73,128.12,123.94,124.01,66309671.0
2024-06-26 15:00:00+00:00,124.02,124.71,122.6,124.47,53932288.0
2024-06-26 16:00:00+00:00,124.4697,124.99,123.12,123.52,35636095.0
2024-06-26 17:00:00+00:00,123.5,124.22,123.35,124.04,23866030.0
2024-06-26 18:00:00+00:00,124.04,124.0487,122.88,122.9597,24675926.0
2024-06-26 19:00:00+00:00,122.96,126.48,122.86,126.42,51857698.0
2024-06-26 20:00:00+00:00,126.4,126.56,123.8183,124.88,7727945.0
2024-06-26 21:00:00+00:00,124.89,125.5201,124.5,124.68,1420729.0
2024-06-26 22:00:00+00:00,124.6798,126.4,124.01,124.03,991854.0
2024-06-26 23:00:00+00:00,124.04,124.24,123.5833,123.9496,1253254.0
2024-06-27 08:00:00+00:00,123.88,125.28,123.81,125.0,600855.0
2024-06-27 09:00:00+00:00,125.0,125.25,124.26,124.6,308916.0
2024-06-27 10:00:00+00:00,124.6,124.99,124.26,124.7,240627.0
2024-06-27 11:00:00+00:00,124.7,124.73,123.93,124.0,912604.0
2024-06-27 12:00:00+00:00,124.4,125.48,123.59,125.35,5437044.0
2024-06-27 13:00:00+00:00,125.35,126.41,123.75,124.4205,42882547.0
2024-06-27 14:00:00+00:00,124.438,125.47,123.4601,124.225,40934538.0
2024-06-27 15:00:00+00:00,124.23,124.3,122.94,123.4599,34274282.0
2024-06-27 16:00:00+00:00,123.455,124.74,123.21,124.34,24718299.0
2024-06-27 17:00:00+00:00,124.32,125.08,124.08,124.57,22569375.0
2024-06-27 18:00:00+00:00,124.57,125.0,124.19,124.77,15368786.0
2024-06-27 19:00:00+00:00,124.7899,124.82,122.92,123.985,37137562.0
2024-06-27 20:00:00+00:00,123.94,124.14,123.6602,123.97,3458305.0
2024-06-27 21:00:00+00:00,123.97,124.19,123.93,124.03,1243078.0
2024-06-27 22:00:00+00:00,124.03,124.15,123.9702,124.12,320560.0
2024-06-27 23:00:00+00:00,124.14,124.55,124.13,124.49,646072.0
2024-06-28 08:00:00+00:00,124.68,124.98,124.46,124.81,299774.0
2024-06-28 09:00:00+00:00,124.83,125.0,124.6,124.7,222659.0
2024-06-28 10:00:00+00:00,124.68,124.88,124.55,124.76,151847.0
2024-06-28 11:00:00+00:00,124.71,125.16,124.61,125.04,911817.0
2024-06-28 12:00:00+00:00,124.9,125.49,124.5,124.5999,3712460.0
2024-06-28 13:00:00+00:00,124.58,126.2,123.42,126.165,39452887.0
2024-06-28 14:00:00+00:00,126.18,127.71,125.55,126.01,57553663.0
2024-06-28 15:00:00+00:00,126.0,126.49,125.11,126.1085,35119294.0
2024-06-28 16:00:00+00:00,126.12,126.16,122.89,123.6599,39520106.0
2024-06-28 17:00:00+00:00,123.6542,124.51,123.19,124.205,23419395.0
2024-06-28 18:00:00+00:00,124.2,124.59,123.82,124.26,19510313.0
2024-06-28 19:00:00+00:00,124.26,124.69,122.75,123.41,42202182.0
2024-06-28 20:00:00+00:00,123.54,123.89,123.35,123.7802,12070502.0
2024-06-28 21:00:00+00:00,123.78,123.9,123.54,123.7801,373258.0
2024-06-28 22:00:00+00:00,123.78,123.84,123.67,123.67,251690.0
2024-06-28 23:00:00+00:00,123.69,123.83,123.67,123.7501,365138.0
2024-07-01 08:00:00+00:00,123.75,124.49,120.58,121.43,1473561.0
2024-07-01 09:00:00+00:00,121.35,121.73,120.01,121.24,1421555.0
2024-07-01 10:00:00+00:00,121.26,121.85,121.0,121.73,689941.0
2024-07-01 11:00:00+00:00,121.74,122.64,121.62,122.22,1605097.0
2024-07-01 12:00:00+00:00,122.19,124.39,120.0236,123.64,5436574.0
2024-07-01 13:00:00+00:00,123.64,123.78,118.83,120.59,57462955.0
2024-07-01 14:00:00+00:00,120.6,122.77,119.59,122.0,57153839.0
2024-07-01 15:00:00+00:00,122.0,124.25,121.64,123.793,37171922.0
2024-07-01 16:00:00+00:00,123.795,124.84,123.57,123.801,28983747.0
2024-07-01 17:00:00+00:00,123.8,123.94,122.85,123.42,21532289.0
2024-07-01 18:00:00+00:00,123.4399,124.5,123.14,124.139,22125708.0
2024-07-01 19:00:00+00:00,124.136,124.71,123.544,124.18,29013609.0
2024-07-01 20:00:00+00:00,124.3,124.49,124.06,124.12,3309782.0
2024-07-01 21:00:00+00:00,124.12,124.34,124.06,124.2,4033457.0
2024-07-01 22:00:00+00:00,124.2,124.22,123.85,123.85,370568.0
2024-07-01 23:00:00+00:00,123.8594,124.09,123.71,123.8801,554411.0
2024-07-02 08:00:00+00:00,123.1,123.5,122.34,122.75,552614.0
2024-07-02 09:00:00+00:00,122.76,122.97,122.53,122.75,156663.0
2024-07-02 10:00:00+00:00,122.76,123.44,122.66,123.2,212024.0
2024-07-02 11:00:00+00:00,123.2,123.42,122.43,122.74,776823.0
2024-07-02 12:00:00+00:00,123.12,123.57,122.4118,122.53,4040376.0
2024-07-02 13:00:00+00:00,122.52,123.41,120.7,122.5855,40155679.0
2024-07-02 14:00:00+00:00,122.615,122.69,121.1,121.72,42229835.0
2024-07-02 15:00:00+00:00,121.73,122.42,121.27,121.6801,25828578.0
2024-07-02 16:00:00+00:00,121.7,123.07,121.56,122.93,20153369.0
2024-07-02 17:00:00+00:00,122.92,123.36,122.32,122.84,19803293.0
2024-07-02 18:00:00+00:00,122.83,122.95,122.35,122.6002,15857363.0
2024-07-02 19:00:00+00:00,122.6,122.7539,121.78,122.66,24982083.0
2024-07-02 20:00:00+00:00,122.67,122.67,122.01,122.09,2703371.0
2024-07-02 21:00:00+00:00,122.1,122.32,121.84,122.02,1290651.0
2024-07-02 22:00:00+00:00,122.0,122.15,121.88,122.09,353761.0
2024-07-02 23:00:00+00:00,122.08,122.19,122.0,122.09,425779.0
2024-07-03 08:00:00+00:00,121.55,122.0,121.02,121.03,554113.0
2024-07-03 09:00:00+00:00,121.06,121.33,120.86,121.08,515865.0
2024-07-03 10:00:00+00:00,121.07,121.2,120.4,121.12,537369.0
2024-07-03 11:00:00+00:00,121.16,122.0,121.03,121.74,1367079.0
2024-07-03 12:00:00+00:00,121.44,122.0,120.6319,121.9,2543561.0
2024-07-03 13:00:00+00:00,121.9,122.77,121.4603,122.2394,30051978.0
2024-07-03 14:00:00+00:00,122.25,125.76,121.36,125.35,51695790.0
2024-07-03 15:00:00+00:00,125.36,127.49,124.47,127.01,53128900.0
2024-07-03 16:00:00+00:00,127.01,128.28,126.37,128.28,54653195.0
2024-07-03 17:00:00+00:00,128.01,128.28,128.01,128.28,13344362.0
2024-07-03 20:00:00+00:00,127.4,127.5,127.0,127.48,680591.0
2024-07-05 08:00:00+00:00,128.4,129.2,127.12,128.09,862537.0
2024-07-05 09:00:00+00:00,128.06,128.17,127.57,127.63,338192.0
2024-07-05 10:00:00+00:00,127.62,128.49,127.57,128.07,332122.0
2024-07-05 11:00:00+00:00,128.07,128.62,127.69,128.37,1077444.0
2024-07-05 12:00:00+00:00,127.94,128.74,127.01,127.26,4314517.0
2024-07-05 13:00:00+00:00,127.26,128.85,125.68,127.34,43193879.0
2024-07-05 14:00:00+00:00,127.315,127.64,126.19,126.625,33399684.0
2024-07-05 15:00:00+00:00,126.63,127.33,126.21,127.24,23258821.0
2024-07-05 16:00:00+00:00,127.2499,128.4696,127.14,127.3001,24561931.0
2024-07-05 17:00:00+00:00,127.3011,127.74,126.8705,127.6696,15855771.0
2024-07-05 18:00:00+00:00,127.67,127.73,126.69,127.1,16678883.0
2024-07-05 19:00:00+00:00,127.1,127.24,125.79,125.81,25082001.0
2024-07-05 20:00:00+00:00,125.83,126.6407,125.49,125.94,4087464.0
2024-07-05 21:00:00+00:00,125.9359,126.0,125.67,125.69,519003.0
2024-07-05 22:00:00+00:00,125.69,125.7,125.46,125.51,437602.0
2024-07-05 23:00:00+00:00,125.49,125.5,125.1,125.38,605797.0
2024-07-08 08:00:00+00:00,125.65,126.38,124.77,125.02,459611.0
2024-07-08 09:00:00+00:00,125.03,125.26,124.88,125.05,190592.0
2024-07-08 10:00:00+00:00,125.03,125.89,125.03,125.68,338346.0
2024-07-08 11:00:00+00:00,125.61,126.99,125.5,126.77,1217813.0
2024-07-08 12:00:00+00:00,125.74,126.99,124.59,126.9,2601494.0
2024-07-08 13:00:00+00:00,126.91,130.77,125.83,130.52,52500028.0
2024-07-08 14:00:00+00:00,130.5133,130.59,127.14,127.589,52739042.0
2024-07-08 15:00:00+00:00,127.5701,129.19,127.37,129.14,28458929.0
2024-07-08 16:00:00+00:00,129.13,129.14,127.65,128.09,18984556.0
2024-07-08 17:00:00+00:00,128.1,129.17,127.98,128.97,17141044.0
2024-07-08 18:00:00+00:00,128.97,129.2,128.23,128.71,14878794.0
2024-07-08 19:00:00+00:00,128.71,128.71,127.68,128.19,26259881.0
2024-07-08 20:00:00+00:00,128.2,128.5847,128.03,128.15,2874520.0
2024-07-08 21:00:00+00:00,128.14,128.21,128.1,128.11,1113229.0
2024-07-08 22:00:00+00:00,128.1,128.39,128.06,128.27,385001.0
2024-07-08 23:00:00+00:00,128.25,128.9,128.22,128.68,745019.0
2024-07-09 08:00:00+00:00,128.79,129.46,128.73,129.36,400936.0
2024-07-09 09:00:00+00:00,129.37,129.85,129.32,129.55,306914.0
2024-07-09 10:00:00+00:00,129.56,129.85,129.4,129.77,306208.0
2024-07-09 11:00:00+00:00,129.76,130.45,129.5,130.05,1659197.0
2024-07-09 12:00:00+00:00,129.91,130.45,128.5,130.18,3795155.0
2024-07-09 13:00:00+00:00,130.18,132.79,130.16,132.4306,51663025.0
2024-07-09 14:00:00+00:00,132.445,133.82,131.82,132.18,63238931.0
2024-07-09 15:00:00+00:00,132.17,132.5,130.88,131.4198,31417343.0
2024-07-09 16:00:00+00:00,131.42,131.69,128.65,130.1997,36875647.0
2024-07-09 17:00:00+00:00,130.19,130.57,129.414,130.2,24070788.0
2024-07-09 18:00:00+00:00,130.19,131.15,129.93,131.1099,19484583.0
2024-07-09 19:00:00+00:00,131.1001,131.59,130.5,131.41,30209292.0
2024-07-09 20:00:00+00:00,131.38,131.6,131.07,131.42,4088970.0
2024-07-09 21:00:00+00:00,131.42,131.75,131.28,131.62,1452267.0
2024-07-09 22:00:00+00:00,131.61,132.3,131.59,132.19,1103804.0
2024-07-09 23:00:00+00:00,132.21,132.3299,132.1,132.21,760656.0
2024-07-10 08:00:00+00:00,132.35,133.0,132.05,132.77,488022.0
2024-07-10 09:00:00+00:00,132.78,132.92,132.51,132.73,220037.0
2024-07-10 10:00:00+00:00,132.73,132.95,132.6,132.92,272901.0
2024-07-10 11:00:00+00:00,132.87,133.59,132.15,133.43,1720033.0
2024-07-10 12:00:00+00:00,133.42,134.38,132.01,133.92,5504343.0
2024-07-10 13:00:00+00:00,133.92,134.23,132.42,133.24,39918054.0
2024-07-10 14:00:00+00:00,133.24,134.78,132.66,134.0301,49299043.0
2024-07-10 15:00:00+00:00,134.03,134.49,133.3997,134.3699,24449927.0
2024-07-10 16:00:00+00:00,134.3795,135.09,134.13,134.88,26590799.0
2024-07-10 17:00:00+00:00,134.875,134.94,134.1,134.59,18882248.0
2024-07-10 18:00:00+00:00,134.59,134.69,133.83,134.3599,16677456.0
2024-07-10 19:00:00+00:00,134.35,135.1,134.1,134.82,29889240.0
2024-07-10 20:00:00+00:00,134.91,135.75,134.1945,135.7,9262467.0
2024-07-10 21:00:00+00:00,135.7,135.75,134.91,135.66,6523368.0
2024-07-10 22:00:00+00:00,135.65,135.68,135.36,135.53,520943.0
2024-07-10 23:00:00+00:00,135.51,135.65,135.2,135.6,795960.0
2024-07-11 08:00:00+00:00,135.88,136.42,135.5,136.03,569522.0
2024-07-11 09:00:00+00:00,135.98,136.16,135.68,135.96,320528.0
2024-07-11 10:00:00+00:00,135.98,136.0,135.65,135.68,218074.0
2024-07-11 11:00:00+00:00,135.69,135.96,135.25,135.49,1007040.0
2024-07-11 12:00:00+00:00,135.56,137.32,134.0,136.27,10217747.0
2024-07-11 13:00:00+00:00,136.29,136.41,133.1,134.19,47761768.0
2024-07-11 14:00:00+00:00,134.19,134.26,129.68,129.68,73137707.0
2024-07-11 15:00:00+00:00,129.68,130.7296,127.6,128.37,61483428.0
2024-07-11 16:00:00+00:00,128.38,130.34,128.12,128.19,40546695.0
2024-07-11 17:00:00+00:00,128.21,128.96,127.42,127.4326,26097339.0
2024-07-11 18:00:00+00:00,127.47,129.45,127.05,129.225,29295428.0
2024-07-11 19:00:00+00:00,129.23,129.73,127.15,127.46,49701571.0
2024-07-11 20:00:00+00:00,127.4,132.427,126.81,127.04,4431032.0
2024-07-11 21:00:00+00:00,127.04,127.478,126.1,126.46,2893275.0
2024-07-11 22:00:00+00:00,126.47,126.74,126.19,126.3,1042390.0
2024-07-11 23:00:00+00:00,126.3,126.5,126.21,126.21,1067640.0
2024-07-12 08:00:00+00:00,126.68,128.44,126.25,128.28,817220.0
2024-07-12 09:00:00+00:00,128.26,128.88,128.02,128.22,663497.0
2024-07-12 10:00:00+00:00,128.29,128.67,127.36,127.62,457136.0
2024-07-12 11:00:00+00:00,127.62,128.19,126.74,128.08,1371029.0
2024-07-12 12:00:00+00:00,127.31,128.7648,125.02,127.39,4401042.0
2024-07-12 13:00:00+00:00,127.37,130.05,126.9,129.915,43562633.0
2024-07-12 14:00:00+00:00,129.93,131.05,128.51,130.83,45742702.0
2024-07-12 15:00:00+00:00,130.82,131.03,129.71,129.8,25456411.0
2024-07-12 16:00:00+00:00,129.78,130.55,129.34,130.43,21241618.0
2024-07-12 17:00:00+00:00,130.43,131.34,130.25,131.07,20328057.0
2024-07-12 18:00:00+00:00,131.07,131.92,130.83,131.88,20947104.0
2024-07-12 19:00:00+00:00,131.87,131.8799,128.84,129.17,45408411.0
2024-07-12 20:00:00+00:00,129.24,129.8911,128.68,129.81,5363466.0
2024-07-12 21:00:00+00:00,129.82,130.0695,129.24,129.77,2120718.0
2024-07-12 22:00:00+00:00,129.77,129.85,129.6801,129.8,239392.0
2024-07-12 23:00:00+00:00,129.81,129.99,129.64,129.89,412156.0
2024-07-15 08:00:00+00:00,130.24,130.95,129.5,130.24,516265.0
2024-07-15 09:00:00+00:00,130.24,130.32,129.65,130.2,350654.0
2024-07-15 10:00:00+00:00,130.2,130.34,129.93,130.15,206653.0
2024-07-15 11:00:00+00:00,130.12,131.25,130.04,130.9,1544954.0
2024-07-15 12:00:00+00:00,130.25,131.5,129.0,130.8599,3049753.0
2024-07-15 13:00:00+00:00,130.86,131.39,128.05,128.78,36280422.0
2024-07-15 14:00:00+00:00,128.77,130.2,128.63,129.82,30152581.0
2024-07-15 15:00:00+00:00,129.81,130.69,128.45,128.935,27940940.0
2024-07-15 16:00:00+00:00,128.94,129.107,127.26,128.7196,26081335.0
2024-07-15 17:00:00+00:00,128.71,128.7436,127.5,127.752,20618467.0
2024-07-15 18:00:00+00:00,127.76,128.38,127.38,128.08,18666783.0
2024-07-15 19:00:00+00:00,128.07,128.5,127.18,128.42,24968143.0
2024-07-15 20:00:00+00:00,128.44,128.9276,128.15,128.51,3546267.0
2024-07-15 21:00:00+00:00,128.4906,128.68,128.44,128.52,438218.0
2024-07-15 22:00:00+00:00,128.53,128.69,128.5,128.56,291142.0
2024-07-15 23:00:00+00:00,128.56,128.64,128.52,128.6,400973.0
2024-07-16 08:00:00+00:00,128.15,128.8,127.62,128.01,323559.0
2024-07-16 09:00:00+00:00,128.05,128.41,127.69,128.06,192145.0
2024-07-16 10:00:00+00:00,128.07,128.4,127.99,128.35,150939.0
2024-07-16 11:00:00+00:00,128.35,128.85,128.25,128.49,483730.0
2024-07-16 12:00:00+00:00,128.48,129.03,127.8907,128.78,1529275.0
2024-07-16 13:00:00+00:00,128.76,129.04,125.7504,126.115,32821947.0
2024-07-16 14:00:00+00:00,126.12,126.65,124.58,125.865,47817605.0
2024-07-16 15:00:00+00:00,125.87,126.95,125.74,126.66,22002951.0
2024-07-16 16:00:00+00:00,126.655,126.87,125.18,125.9658,23409529.0
2024-07-16 17:00:00+00:00,125.96,126.34,125.53,125.88,17093494.0
2024-07-16 18:00:00+00:00,125.885,126.57,125.285,126.37,21127192.0
2024-07-16 19:00:00+00:00,126.37,126.65,125.52,126.315,24901727.0
2024-07-16 20:00:00+00:00,126.35,126.65,126.0,126.41,5184170.0
2024-07-16 21:00:00+00:00,126.41,126.41,125.83,126.0,615973.0
2024-07-16 22:00:00+00:00,126.0,126.05,125.8005,125.9506,389364.0
2024-07-16 23:00:00+00:00,125.95,126.11,125.85,125.9,375688.0
2024-07-17 08:00:00+00:00,122.4,125.28,121.5,122.42,2031976.0
2024-07-17 09:00:00+00:00,122.43,122.76,122.18,122.34,606439.0
2024-07-17 10:00:00+00:00,122.34,122.4,121.58,121.92,832669.0
2024-07-17 11:00:00+00:00,121.95,122.47,120.5,121.18,3457512.0
2024-07-17 12:00:00+00:00,122.09,125.78,120.5,121.17,6534681.0
2024-07-17 13:00:00+00:00,121.2,121.85,119.856,119.8799,55387331.0
2024-07-17 14:00:00+00:00,119.88,120.34,118.12,119.558,77778887.0
2024-07-17 15:00:00+00:00,119.56,120.0,118.6,119.195,40478552.0
2024-07-17 16:00:00+00:00,119.2,119.28,116.72,118.02,56405626.0
2024-07-17 17:00:00+00:00,118.02,119.02,117.7106,118.0299,34156667.0
2024-07-17 18:00:00+00:00,118.04,118.81,117.59,118.0213,28815755.0
2024-07-17 19:00:00+00:00,118.025,119.1,117.8,117.85,47156270.0
2024-07-17 20:00:00+00:00,117.85,121.35,117.4,117.8,3964545.0
2024-07-17 21:00:00+00:00,117.8,118.43,117.79,118.31,1216156.0
2024-07-17 22:00:00+00:00,118.35,121.65,117.99,119.45,2349988.0
2024-07-17 23:00:00+00:00,119.4403,119.64,119.03,119.16,1260902.0
2024-07-18 08:00:00+00:00,120.9,122.15,120.31,121.93,1600000.0
2024-07-18 09:00:00+00:00,121.94,122.0,120.22,120.87,929379.0
2024-07-18 10:00:00+00:00,120.87,121.09,119.37,120.81,1153985.0
2024-07-18 11:00:00+00:00,120.73,120.99,120.2,120.5,1487338.0
2024-07-18 12:00:00+00:00,120.7,123.49,119.37,121.53,5630625.0
2024-07-18 13:00:00+00:00,121.55,122.4,118.83,120.4096,51104462.0
2024-07-18 14:00:00+00:00,120.395,121.45,117.58,118.8725,57922803.0
2024-07-18 15:00:00+00:00,118.8753,119.1,116.56,118.04,50081605.0
2024-07-18 16:00:00+00:00,118.045,120.73,117.74,120.7149,36032340.0
2024-07-18 17:00:00+00:00,120.71,121.38,119.65,119.8591,31113333.0
2024-07-18 18:00:00+00:00,119.87,120.81,119.5,120.32,22795867.0
2024-07-18 19:00:00+00:00,120.31,121.5,118.95,121.11,39986861.0
2024-07-18 20:00:00+00:00,121.11,122.0,119.9936,121.92,4749677.0
2024-07-18 21:00:00+00:00,121.92,122.28,121.09,121.9,1133716.0
2024-07-18 22:00:00+00:00,121.93,122.12,121.65,121.92,552376.0
2024-07-18 23:00:00+00:00,121.94,122.07,121.82,121.94,474827.0
2024-07-19 08:00:00+00:00,119.84,121.74,119.15,120.34,747038.0
2024-07-19 09:00:00+00:00,120.34,120.58,119.51,120.02,384047.0
2024-07-19 10:00:00+00:00,120.01,120.73,120.0,120.57,273521.0
2024-07-19 11:00:00+00:00,120.62,121.47,120.25,121.05,693559.0
2024-07-19 12:00:00+00:00,120.4,122.23,119.6,121.06,2735230.0
2024-07-19 13:00:00+00:00,121.06,121.6,119.01,120.36,31466183.0
2024-07-19 14:00:00+00:00,120.36,120.75,118.59,119.77,34568007.0
2024-07-19 15:00:00+00:00,119.77,120.27,118.75,119.7901,25332805.0
2024-07-19 16:00:00+00:00,119.78,119.98,118.16,118.84,20980566.0
2024-07-19 17:00:00+00:00,118.84,118.94,117.37,118.205,22768245.0
2024-07-19 18:00:00+00:00,118.2,118.5,117.7002,118.242,20351196.0
2024-07-19 19:00:00+00:00,118.25,118.85,117.75,117.99,33324688.0
2024-07-19 20:00:00+00:00,117.93,118.39,117.81,117.98,3505856.0
2024-07-19 21:00:00+00:00,117.98,118.14,117.93,118.08,362325.0
2024-07-19 22:00:00+00:00,118.07,118.15,117.85,117.9,425905.0
2024-07-19 23:00:00+00:00,117.9,118.0794,117.87,118.0,328733.0
2024-07-22 08:00:00+00:00,119.3,119.74,118.81,119.48,509569.0
2024-07-22 09:00:00+00:00,119.54,120.4,119.46,120.38,407439.0
2024-07-22 10:00:00+00:00,120.39,120.7,120.26,120.35,530653.0
2024-07-22 11:00:00+00:00,120.31,120.48,119.84,120.41,1193822.0
2024-07-22 12:00:00+00:00,119.91,120.63,117.95,120.51,2892996.0
2024-07-22 13:00:00+00:00,120.51,123.28,119.86,122.475,46832576.0
2024-07-22 14:00:00+00:00,122.47,123.17,121.17,122.09,40552342.0
2024-07-22 15:00:00+00:00,122.1,122.66,120.35,121.23,29266273.0
2024-07-22 16:00:00+00:00,121.23,122.74,120.9,122.4802,22623411.0
2024-07-22 17:00:00+00:00,122.5,123.23,122.31,123.0644,20773565.0
2024-07-22 18:00:00+00:00,123.065,124.07,123.035,123.45,28437029.0
2024-07-22 19:00:00+00:00,123.45,123.75,122.61,123.74,32827089.0
2024-07-22 20:00:00+00:00,123.54,123.83,122.1434,123.429,4845816.0
2024-07-22 21:00:00+00:00,123.41,123.52,123.33,123.37,290768.0
2024-07-22 22:00:00+00:00,123.38,123.68,123.36,123.64,368312.0
2024-07-22 23:00:00+00:00,123.65,123.77,123.22,123.33,503454.0
2024-07-23 08:00:00+00:00,122.45,122.95,121.85,122.3,446066.0
2024-07-23 09:00:00+00:00,122.3,123.0,122.3,122.75,269122.0
2024-07-23 10:00:00+00:00,122.75,123.03,122.56,122.76,169301.0
2024-07-23 11:00:00+00:00,122.76,123.84,122.68,123.4,931199.0
2024-07-23 12:00:00+00:00,122.97,123.84,122.1095,123.1397,2582967.0
2024-07-23 13:00:00+00:00,123.07,124.69,122.51,124.152,27965236.0
2024-07-23 14:00:00+00:00,124.17,124.33,122.9,123.305,30686491.0
2024-07-23 15:00:00+00:00,123.3,124.43,123.0101,123.43,22703893.0
2024-07-23 16:00:00+00:00,123.41,123.88,122.51,122.871,18433992.0
2024-07-23 17:00:00+00:00,122.87,123.13,122.43,122.915,14521134.0
2024-07-23 18:00:00+00:00,122.915,123.01,122.1,122.54,13290510.0
2024-07-23 19:00:00+00:00,122.535,123.05,122.22,122.43,20124544.0
2024-07-23 20:00:00+00:00,122.59,123.38,122.23,123.13,4181696.0
2024-07-23 21:00:00+00:00,123.13,123.32,120.84,120.95,2248771.0
2024-07-23 22:00:00+00:00,120.92,121.29,120.08,120.73,1510587.0
2024-07-23 23:00:00+00:00,120.75,121.05,120.5,120.61,730627.0
2024-07-24 08:00:00+00:00,120.48,121.35,120.17,120.8,337416.0
2024-07-24 09:00:00+00:00,120.84,120.84,120.25,120.34,232427.0
2024-07-24 10:00:00+00:00,120.34,120.76,120.31,120.64,215659.0
2024-07-24 11:00:00+00:00,120.64,120.85,120.1,120.65,609422.0
2024-07-24 12:00:00+00:00,120.51,121.22,118.89,119.47,3273445.0
2024-07-24 13:00:00+00:00,119.48,119.95,117.39,118.72,40214760.0
2024-07-24 14:00:00+00:00,118.73,119.43,117.56,118.1,34576057.0
2024-07-24 15:00:00+00:00,118.09,118.27,116.8,116.86,30323565.0
2024-07-24 16:00:00+00:00,116.8687,116.87,115.55,116.38,41715840.0
2024-07-24 17:00:00+00:00,116.38,117.33,116.13,116.355,24111635.0
2024-07-24 18:00:00+00:00,116.36,116.47,114.41,114.91,43742590.0
2024-07-24 19:00:00+00:00,114.905,115.74,113.44,114.4237,63718952.0
2024-07-24 20:00:00+00:00,114.25,118.0,113.76,115.13,5617883.0
2024-07-24 21:00:00+00:00,115.13,115.35,114.25,114.62,5560451.0
2024-07-24 22:00:00+00:00,114.63,115.25,114.51,115.2,873451.0
2024-07-24 23:00:00+00:00,115.19,115.56,115.07,115.45,808138.0
2024-07-25 08:00:00+00:00,114.88,115.5,111.52,113.43,2123137.0
2024-07-25 09:00:00+00:00,113.45,114.2,112.63,112.74,692934.0
2024-07-25 10:00:00+00:00,112.77,113.8,112.44,113.69,704511.0
2024-07-25 11:00:00+00:00,113.73,113.89,112.75,112.82,1251090.0
2024-07-25 12:00:00+00:00,113.5,115.75,111.5271,113.76,7478877.0
2024-07-25 13:00:00+00:00,113.77,114.8,108.9,109.7851,69226779.0
2024-07-25 14:00:00+00:00,109.78,115.77,106.3,115.4795,140199477.0
2024-07-25 15:00:00+00:00,115.465,115.65,112.93,114.84,54139345.0
2024-07-25 16:00:00+00:00,114.8397,116.58,113.87,116.0545,42878402.0
2024-07-25 17:00:00+00:00,116.05,116.63,114.37,115.635,30727321.0
2024-07-25 18:00:00+00:00,115.64,115.78,113.55,113.937,31428949.0
2024-07-25 19:00:00+00:00,113.93,115.25,112.08,112.34,48668644.0
2024-07-25 20:00:00+00:00,112.33,113.256,111.1,111.97,4924896.0
2024-07-25 21:00:00+00:00,111.9506,112.28,111.68,111.9,689765.0
2024-07-25 22:00:00+00:00,111.9,112.64,111.9,112.15,832472.0
2024-07-25 23:00:00+00:00,112.15,112.36,111.81,112.24,604821.0
2024-07-26 08:00:00+00:00,114.0,114.82,113.44,114.79,874760.0
2024-07-26 09:00:00+00:00,114.79,115.24,114.6,114.86,677601.0
2024-07-26 10:00:00+00:00,114.87,115.04,114.4,114.5,388217.0
2024-07-26 11:00:00+00:00,114.5,115.51,114.27,115.5,1432547.0
2024-07-26 12:00:00+00:00,115.49,116.29,112.7,115.88,6014491.0
2024-07-26 13:00:00+00:00,115.88,116.34,113.5,114.69,44746023.0
2024-07-26 14:00:00+00:00,114.66,115.12,112.01,113.25,52911584.0
2024-07-26 15:00:00+00:00,113.2403,113.7601,112.45,113.005,30818768.0
2024-07-26 16:00:00+00:00,113.01,114.545,112.81,114.195,28189082.0
2024-07-26 17:00:00+00:00,114.195,114.49,112.67,113.39,34031901.0
2024-07-26 18:00:00+00:00,113.39,113.75,112.51,112.7101,22060308.0
2024-07-26 19:00:00+00:00,112.71,113.17,111.58,113.06,42386071.0
2024-07-26 20:00:00+00:00,113.06,113.6763,112.93,113.0,2164895.0
2024-07-26 21:00:00+00:00,113.0,113.13,112.92,113.0,427792.0
2024-07-26 22:00:00+00:00,113.0,113.03,112.9,113.0,267561.0
2024-07-26 23:00:00+00:00,113.0,113.08,112.9,113.0381,356152.0
2024-07-29 08:00:00+00:00,113.9,114.48,113.29,113.74,402488.0
2024-07-29 09:00:00+00:00,113.75,114.0,113.62,113.97,165754.0
2024-07-29 10:00:00+00:00,113.97,114.14,113.66,113.87,227563.0
2024-07-29 11:00:00+00:00,113.88,114.09,113.2,113.37,1018234.0
2024-07-29 12:00:00+00:00,113.94,114.84,113.06,114.0,3017789.0
2024-07-29 13:00:00+00:00,113.99,116.28,113.25,115.305,38964469.0
2024-07-29 14:00:00+00:00,115.31,115.9,112.83,112.8806,44548759.0
2024-07-29 15:00:00+00:00,112.89,113.3668,111.43,113.01,39702078.0
2024-07-29 16:00:00+00:00,113.02,113.71,112.73,113.1198,23588571.0
2024-07-29 17:00:00+00:00,113.116,113.415,111.95,112.224,21110593.0
2024-07-29 18:00:00+00:00,112.23,112.24,111.3,111.945,23503095.0
2024-07-29 19:00:00+00:00,111.92,112.29,111.38,111.55,27907813.0
2024-07-29 20:00:00+00:00,111.55,113.2943,111.21,111.58,8623620.0
2024-07-29 21:00:00+00:00,111.5351,111.78,111.39,111.72,512148.0
2024-07-29 22:00:00+00:00,111.74,113.1764,111.5,111.5914,282645.0
2024-07-29 23:00:00+00:00,111.6,111.61,110.71,110.77,872532.0
2024-07-30 08:00:00+00:00,111.3,112.04,110.82,111.21,483021.0
2024-07-30 09:00:00+00:00,111.25,111.47,110.54,110.99,283017.0
2024-07-30 10:00:00+00:00,110.97,111.28,110.75,111.2,183620.0
2024-07-30 11:00:00+00:00,111.17,111.98,111.0,111.66,587997.0
2024-07-30 12:00:00+00:00,111.22,112.0,110.2,111.5597,1796435.0
2024-07-30 13:00:00+00:00,111.56,111.99,108.11,108.1699,45869102.0
2024-07-30 14:00:00+00:00,108.16,109.16,106.33,106.725,76703726.0
2024-07-30 15:00:00+00:00,106.72,106.88,103.91,104.5409,86665689.0
2024-07-30 16:00:00+00:00,104.55,105.34,102.54,102.6199,55168331.0
2024-07-30 17:00:00+00:00,102.6201,106.09,102.6201,105.3296,54883274.0
2024-07-30 18:00:00+00:00,105.33,106.48,104.86,105.2201,38836169.0
2024-07-30 19:00:00+00:00,105.2209,105.26,103.41,103.71,65754389.0
2024-07-30 20:00:00+00:00,103.71,108.0,100.01,106.02,19655539.0
2024-07-30 21:00:00+00:00,106.01,108.0,103.73,106.1294,4332500.0
2024-07-30 22:00:00+00:00,106.3,108.989,106.0,108.51,5390812.0
2024-07-30 23:00:00+00:00,108.51,109.9,108.2,109.0,3617620.0
2024-07-31 08:00:00+00:00,109.88,110.5,108.41,109.0,1618013.0
2024-07-31 09:00:00+00:00,108.99,109.3,108.88,109.02,521252.0
2024-07-31 10:00:00+00:00,109.0,110.36,109.0,110.3,1528814.0
2024-07-31 11:00:00+00:00,110.31,111.21,109.77,110.85,3338126.0
2024-07-31 12:00:00+00:00,110.85,111.21,108.63,111.0498,8015081.0
2024-07-31 13:00:00+00:00,111.0,114.87,110.88,114.4291,85985914.0
2024-07-31 14:00:00+00:00,114.42,115.77,113.81,114.765,73891912.0
2024-07-31 15:00:00+00:00,114.76,116.47,114.44,115.63,46294324.0
2024-07-31 16:00:00+00:00,115.62,116.46,114.74,114.945,34123112.0
2024-07-31 17:00:00+00:00,114.9405,116.03,114.25,114.88,34241813.0
2024-07-31 18:00:00+00:00,114.9,118.34,114.42,117.9099,53612804.0
2024-07-31 19:00:00+00:00,117.91,117.94,115.92,117.18,63482734.0
2024-07-31 20:00:00+00:00,117.02,119.88,115.9358,119.0,17213731.0
2024-07-31 21:00:00+00:00,119.02,120.25,117.02,120.01,3189734.0
2024-07-31 22:00:00+00:00,120.09,121.29,119.81,120.99,3076956.0
2024-07-31 23:00:00+00:00,120.99,121.62,120.93,121.3199,2048823.0
2024-08-01 08:00:00+00:00,120.86,121.25,115.03,116.71,3112666.0
2024-08-01 09:00:00+00:00,116.6,118.88,116.5,118.14,1374237.0
2024-08-01 10:00:00+00:00,118.1,118.75,117.65,118.71,668830.0
2024-08-01 11:00:00+00:00,118.74,120.8,118.68,119.9,2964149.0
2024-08-01 12:00:00+00:00,119.0,121.3,115.8036,119.12,7364888.0
2024-08-01 13:00:00+00:00,119.12,120.16,116.68,118.8871,59991249.0
2024-08-01 14:00:00+00:00,118.88,119.27,113.53,113.97,77885265.0
2024-08-01 15:00:00+00:00,113.98,114.8,111.89,112.69,61712831.0
2024-08-01 16:00:00+00:00,112.689,113.85,110.72,111.25,49587502.0
2024-08-01 17:00:00+00:00,111.24,111.54,107.41,109.73,73826390.0
2024-08-01 18:00:00+00:00,109.72,109.97,106.8104,107.065,61923638.0
2024-08-01 19:00:00+00:00,107.0634,109.49,107.0,109.34,73603585.0
2024-08-01 20:00:00+00:00,109.21,111.4671,108.1579,110.62,11026576.0
2024-08-01 21:00:00+00:00,110.57,111.0,108.2,109.28,3752557.0
2024-08-01 22:00:00+00:00,109.22,109.6,106.67,107.0,2647950.0
2024-08-01 23:00:00+00:00,106.99,108.39,106.58,108.1,2055685.0
2024-08-02 08:00:00+00:00,106.7,107.36,105.0,105.6,2340950.0
2024-08-02 09:00:00+00:00,105.6,105.6,105.0,105.35,772920.0
2024-08-02 10:00:00+00:00,105.37,106.69,104.43,106.06,1886522.0
2024-08-02 11:00:00+00:00,106.12,106.24,103.79,104.3,3069845.0
2024-08-02 12:00:00+00:00,104.35,107.2,101.42,104.0,18379117.0
2024-08-02 13:00:00+00:00,104.02,107.5,102.7,104.06,75544697.0
2024-08-02 14:00:00+00:00,104.06,105.36,101.37,103.834,89657123.0
2024-08-02 15:00:00+00:00,103.835,108.72,103.4,107.82,72683673.0
2024-08-02 16:00:00+00:00,107.83,107.97,105.2,105.3923,51080421.0
2024-08-02 17:00:00+00:00,105.4,106.5,104.55,105.69,36814067.0
2024-08-02 18:00:00+00:00,105.695,106.45,104.72,105.18,35846275.0
2024-08-02 19:00:00+00:00,105.19,107.6,105.19,107.28,50727855.0
2024-08-02 20:00:00+00:00,107.3,107.75,103.73,107.11,9448036.0
2024-08-02 21:00:00+00:00,107.11,107.27,106.61,106.91,883982.0
2024-08-02 22:00:00+00:00,106.9199,107.27,106.73,106.73,4708044.0
2024-08-02 23:00:00+00:00,106.7398,106.98,106.65,106.73,743583.0
2024-08-05 08:00:00+00:00,99.97,101.7,96.92,97.49,5095039.0
2024-08-05 09:00:00+00:00,97.4,98.19,96.02,97.74,2998947.0
2024-08-05 10:00:00+00:00,97.74,97.74,96.5,97.65,2436366.0
2024-08-05 11:00:00+00:00,97.64,98.35,92.61,93.39,11240050.0
2024-08-05 12:00:00+00:00,93.38,101.4907,91.35,93.18,20726188.0
2024-08-05 13:00:00+00:00,93.25,100.3,90.69,99.47,118485040.0
2024-08-05 14:00:00+00:00,99.48,102.37,90.9,99.6099,93069769.0
2024-08-05 15:00:00+00:00,99.57,102.2089,99.09,100.8984,59505058.0
2024-08-05 16:00:00+00:00,100.88,103.41,100.04,100.16,55079216.0
2024-08-05 17:00:00+00:00,100.16,102.1,100.06,101.01,39120413.0
2024-08-05 18:00:00+00:00,101.01,101.13,99.22,99.3893,40590520.0
2024-08-05 19:00:00+00:00,99.39,100.76,98.56,100.6,67071416.0
2024-08-05 20:00:00+00:00,100.59,102.15,100.4379,102.12,6298036.0
2024-08-05 21:00:00+00:00,102.1295,102.1686,100.45,102.14,1735929.0
2024-08-05 22:00:00+00:00,102.15,103.27,102.07,102.65,2301204.0
2024-08-05 23:00:00+00:00,102.65,103.59,102.51,103.565,1488661.0
2024-08-06 08:00:00+00:00,104.5,105.9,102.16,103.26,2230033.0
2024-08-06 09:00:00+00:00,103.24,103.26,100.12,101.5,1608708.0
2024-08-06 10:00:00+00:00,101.48,102.98,101.17,102.69,905205.0
2024-08-06 11:00:00+00:00,102.72,104.47,102.6,103.41,2849581.0
2024-08-06 12:00:00+00:00,103.04,107.0,100.4448,102.35,4852192.0
2024-08-06 13:00:00+00:00,102.36,104.85,100.55,103.44,65521549.0
2024-08-06 14:00:00+00:00,103.45,106.355,102.94,105.28,69759973.0
2024-08-06 15:00:00+00:00,105.29,105.63,103.87,105.2816,42056125.0
2024-08-06 16:00:00+00:00,105.29,107.44,105.0,107.145,40697410.0
2024-08-06 17:00:00+00:00,107.145,107.405,106.13,106.7499,35368785.0
2024-08-06 18:00:00+00:00,106.745,107.71,106.51,106.76,31433823.0
2024-08-06 19:00:00+00:00,106.758,106.8,104.0,104.01,57730527.0
2024-08-06 20:00:00+00:00,104.03,109.25,103.0,104.2,19753540.0
2024-08-06 21:00:00+00:00,104.19,105.25,101.65,102.2,6717772.0
2024-08-06 22:00:00+00:00,102.32,103.25,101.71,102.32,2270460.0
2024-08-06 23:00:00+00:00,102.35,102.67,101.5,101.55,1576606.0
2024-08-07 08:00:00+00:00,104.3,106.13,103.16,105.72,1993052.0
2024-08-07 09:00:00+00:00,105.78,105.79,105.05,105.71,713239.0
2024-08-07 10:00:00+00:00,105.75,106.12,105.26,105.95,668373.0
2024-08-07 11:00:00+00:00,105.91,107.12,105.78,106.27,2476538.0
2024-08-07 12:00:00+00:00,106.1,107.1196,104.11,106.9,4591062.0
2024-08-07 13:00:00+00:00,106.9,108.8,105.72,106.44,59320371.0
2024-08-07 14:00:00+00:00,106.445,107.06,104.29,105.445,59587291.0
2024-08-07 15:00:00+00:00,105.445,106.18,103.51,104.1581,40565977.0
2024-08-07 16:00:00+00:00,104.16,104.3,102.57,103.005,37793011.0
2024-08-07 17:00:00+00:00,102.97,103.24,100.75,101.0303,41173374.0
2024-08-07 18:00:00+00:00,101.0379,101.4,99.26,99.7607,56303219.0
2024-08-07 19:00:00+00:00,99.76,101.39,98.69,98.75,63718409.0
2024-08-07 20:00:00+00:00,98.91,99.4494,98.01,98.1,12970877.0
2024-08-07 21:00:00+00:00,98.1,98.91,97.4,98.0,3203110.0
2024-08-07 22:00:00+00:00,98.02,98.66,97.94,98.53,1282810.0
2024-08-07 23:00:00+00:00,98.55,98.61,97.15,97.65,1875774.0
2024-08-08 08:00:00+00:00,99.14,99.79,98.42,99.45,1314822.0
2024-08-08 09:00:00+00:00,99.48,99.7,98.46,98.65,637583.0
2024-08-08 10:00:00+00:00,98.78,99.17,98.33,98.59,618874.0
2024-08-08 11:00:00+00:00,98.51,99.39,98.3,99.03,1431310.0
2024-08-08 12:00:00+00:00,98.56,101.78,97.32,100.64,10240723.0
2024-08-08 13:00:00+00:00,100.62,102.28,97.52,100.24,64126599.0
2024-08-08 14:00:00+00:00,100.25,103.0,99.9514,102.445,69903988.0
2024-08-08 15:00:00+00:00,102.45,103.53,101.52,103.095,46651772.0
2024-08-08 16:00:00+00:00,103.09,104.145,102.78,103.5745,41644020.0
2024-08-08 17:00:00+00:00,103.58,105.46,102.92,105.015,37556579.0
2024-08-08 18:00:00+00:00,105.0183,105.5,104.612,104.9801,30673953.0
2024-08-08 19:00:00+00:00,104.98,105.25,103.6603,105.22,52049123.0
2024-08-08 20:00:00+00:00,105.09,105.9,102.9206,105.8,5684030.0
2024-08-08 21:00:00+00:00,105.8,105.8293,104.97,105.42,1448396.0
2024-08-08 22:00:00+00:00,105.42,105.55,105.15,105.37,702027.0
2024-08-08 23:00:00+00:00,105.39,106.2,105.36,106.2,1067714.0
2024-08-09 08:00:00+00:00,105.84,109.0,105.26,107.43,1497480.0
2024-08-09 09:00:00+00:00,107.44,107.74,106.9,107.2,786469.0
2024-08-09 10:00:00+00:00,107.13,107.2,106.16,106.84,832302.0
2024-08-09 11:00:00+00:00,106.82,107.41,105.5,106.79,2682403.0
2024-08-09 12:00:00+00:00,106.84,107.7076,104.08,105.44,6101331.0
2024-08-09 13:00:00+00:00,105.41,106.6,103.76,103.82,49622420.0
2024-08-09 14:00:00+00:00,103.81,106.04,103.43,104.89,59897246.0
2024-08-09 15:00:00+00:00,104.895,105.68,103.86,103.97,34999151.0
2024-08-09 16:00:00+00:00,103.97,104.595,103.72,104.3901,27063195.0
2024-08-09 17:00:00+00:00,104.39,105.8299,104.305,105.2292,32699182.0
2024-08-09 18:00:00+00:00,105.24,105.445,104.565,104.765,25101701.0
2024-08-09 19:00:00+00:00,104.76,105.04,104.21,104.71,34010418.0
2024-08-09 20:00:00+00:00,104.75,105.05,104.6,104.641,1908898.0
2024-08-09 21:00:00+00:00,104.68,104.75,104.5,104.61,542177.0
2024-08-09 22:00:00+00:00,104.63,104.72,104.58,104.698,222211.0
2024-08-09 23:00:00+00:00,104.69,104.84,104.62,104.7698,490802.0
2024-08-12 08:00:00+00:00,105.45,106.13,105.1,105.44,728574.0
2024-08-12 09:00:00+00:00,105.41,105.7,105.18,105.5,256638.0
2024-08-12 10:00:00+00:00,105.49,105.64,105.34,105.45,249514.0
2024-08-12 11:00:00+00:00,105.46,105.8,105.22,105.65,631123.0
2024-08-12 12:00:00+00:00,105.44,106.4464,104.89,106.08,2563784.0
2024-08-12 13:00:00+00:00,106.07,108.5,105.96,107.14,50951155.0
2024-08-12 14:00:00+00:00,107.15,111.07,106.3,109.4403,72531057.0
2024-08-12 15:00:00+00:00,109.45,110.6825,108.17,109.34,51366450.0
2024-08-12 16:00:00+00:00,109.34,110.38,108.81,109.28,33135614.0
2024-08-12 17:00:00+00:00,109.2999,110.26,109.0,109.59,27341319.0
2024-08-12 18:00:00+00:00,109.6,110.17,109.36,110.0519,23047432.0
2024-08-12 19:00:00+00:00,110.06,110.08,108.68,109.1216,38903111.0
2024-08-12 20:00:00+00:00,109.12,109.18,108.641,108.76,3537447.0
2024-08-12 21:00:00+00:00,108.75,109.02,108.75,108.82,608493.0
2024-08-12 22:00:00+00:00,108.83,109.13,106.3,109.04,470301.0
2024-08-12 23:00:00+00:00,109.05,109.06,108.92,108.9239,468582.0
2024-08-13 08:00:00+00:00,110.9,111.38,109.88,110.76,1175991.0
2024-08-13 09:00:00+00:00,110.76,111.09,110.52,110.7,528250.0
2024-08-13 10:00:00+00:00,110.71,110.71,109.82,109.83,617352.0
2024-08-13 11:00:00+00:00,109.83,111.0,109.57,110.98,1379330.0
2024-08-13 12:00:00+00:00,109.68,113.3699,109.292,113.16,8931548.0
2024-08-13 13:00:00+00:00,113.18,113.95,111.58,113.7816,53400327.0
2024-08-13 14:00:00+00:00,113.79,114.75,113.31,114.5615,52969572.0
2024-08-13 15:00:00+00:00,114.56,115.0,113.93,113.9801,33384168.0
2024-08-13 16:00:00+00:00,113.985,115.13,113.85,115.11,25942540.0
2024-08-13 17:00:00+00:00,115.11,115.73,114.4301,115.265,30956337.0
2024-08-13 18:00:00+00:00,115.265,116.18,115.1,115.99,26576231.0
2024-08-13 19:00:00+00:00,115.99,116.23,115.14,116.17,42121767.0
2024-08-13 20:00:00+00:00,116.14,116.74,115.98,116.2896,5608133.0
2024-08-13 21:00:00+00:00,116.29,116.59,116.22,116.58,901647.0
2024-08-13 22:00:00+00:00,116.58,116.73,116.4899,116.691,763150.0
2024-08-13 23:00:00+00:00,116.7,116.8,116.45,116.77,1028831.0
2024-08-14 08:00:00+00:00,116.9,117.25,116.15,116.78,1049190.0
2024-08-14 09:00:00+00:00,116.81,117.9,116.75,117.65,635399.0
2024-08-14 10:00:00+00:00,117.68,118.33,117.6,117.79,1013702.0
2024-08-14 11:00:00+00:00,117.79,118.3,117.7,118.25,2393873.0
2024-08-14 12:00:00+00:00,118.24,119.0,116.4631,118.2398,10879860.0
2024-08-14 13:00:00+00:00,118.22,119.5,114.07,115.01,75535540.0
2024-08-14 14:00:00+00:00,115.03,117.189,114.51,117.04,61411126.0
2024-08-14 15:00:00+00:00,117.04,118.43,116.61,118.3494,43089676.0
2024-08-14 16:00:00+00:00,118.3444,118.47,116.22,116.7,40316962.0
2024-08-14 17:00:00+00:00,116.69,117.59,116.51,116.7899,24508971.0
2024-08-14 18:00:00+00:00,116.78,117.5,116.55,117.47,18601946.0
2024-08-14 19:00:00+00:00,117.47,118.24,116.75,117.97,36633611.0
2024-08-14 20:00:00+00:00,118.08,118.35,117.55,117.78,4825989.0
2024-08-14 21:00:00+00:00,117.77,118.0,117.7501,117.94,414401.0
2024-08-14 22:00:00+00:00,117.96,118.0,117.69,117.7296,435782.0
2024-08-14 23:00:00+00:00,117.7109,117.79,117.26,117.28,631839.0
2024-08-15 08:00:00+00:00,118.1,118.37,117.02,117.3,697584.0
2024-08-15 09:00:00+00:00,117.33,117.91,117.31,117.71,319142.0
2024-08-15 10:00:00+00:00,117.71,117.81,117.16,117.2,278464.0
2024-08-15 11:00:00+00:00,117.16,117.86,116.98,117.2,1069687.0
2024-08-15 12:00:00+00:00,117.26,119.55,116.95,119.02,6841011.0
2024-08-15 13:00:00+00:00,119.04,120.55,117.47,120.54,55060503.0
2024-08-15 14:00:00+00:00,120.53,121.9799,119.6501,121.5503,61507868.0
2024-08-15 15:00:00+00:00,121.55,122.49,121.435,121.88,39980503.0
2024-08-15 16:00:00+00:00,121.885,122.49,121.77,122.095,26569036.0
2024-08-15 17:00:00+00:00,122.09,122.95,121.84,122.9301,24869336.0
2024-08-15 18:00:00+00:00,122.94,123.24,122.42,122.886,29031458.0
2024-08-15 19:00:00+00:00,122.886,122.97,122.1,122.9413,37642026.0
2024-08-15 20:00:00+00:00,122.88,122.89,122.38,122.44,4019352.0
2024-08-15 21:00:00+00:00,122.4109,122.86,121.46,122.43,2162267.0
2024-08-15 22:00:00+00:00,122.44,122.68,122.36,122.68,551880.0
2024-08-15 23:00:00+00:00,122.679,123.0,122.65,122.95,1053930.0
2024-08-16 08:00:00+00:00,123.6,123.84,123.06,123.51,881220.0
2024-08-16 09:00:00+00:00,123.49,123.8,123.44,123.6,368574.0
2024-08-16 10:00:00+00:00,123.59,123.6,123.2,123.48,418755.0
2024-08-16 11:00:00+00:00,123.48,123.66,122.95,122.98,1365363.0
2024-08-16 12:00:00+00:00,123.0,124.01,120.43,121.48,10076528.0
2024-08-16 13:00:00+00:00,121.48,123.9,121.08,122.88,50824212.0
2024-08-16 14:00:00+00:00,122.85,125.0,122.33,122.95,68727599.0
2024-08-16 15:00:00+00:00,122.96,123.66,122.49,123.48,38224952.0
2024-08-16 16:00:00+00:00,123.48,124.5699,123.18,124.4342,31151729.0
2024-08-16 17:00:00+00:00,124.4325,124.755,124.14,124.515,22693110.0
2024-08-16 18:00:00+00:00,124.52,124.7,124.03,124.5799,21906175.0
2024-08-16 19:00:00+00:00,124.56,124.6,123.85,124.58,31284333.0
2024-08-16 20:00:00+00:00,124.5799,124.58,121.15,124.45,3486075.0
2024-08-16 21:00:00+00:00,124.44,124.58,124.35,124.41,419339.0
2024-08-16 22:00:00+00:00,124.4,124.44,124.34,124.34,245500.0
2024-08-16 23:00:00+00:00,124.35,124.35,124.16,124.23,557623.0
2024-08-19 08:00:00+00:00,124.31,124.56,122.67,123.15,996465.0
2024-08-19 09:00:00+00:00,123.15,123.62,122.77,123.58,420676.0
2024-08-19 10:00:00+00:00,123.56,124.26,123.47,123.58,574180.0
2024-08-19 11:00:00+00:00,123.58,124.79,123.5,124.79,1343367.0
2024-08-19 12:00:00+00:00,123.86,125.74,122.8648,124.7423,6337423.0
2024-08-19 13:00:00+00:00,124.73,125.669,123.42,124.91,46365735.0
2024-08-19 14:00:00+00:00,124.915,125.86,123.81,125.705,48835497.0
2024-08-19 15:00:00+00:00,125.7,127.6599,125.61,127.075,41563150.0
2024-08-19 16:00:00+00:00,127.08,127.48,126.45,127.35,30124593.0
2024-08-19 17:00:00+00:00,127.34,128.7,127.29,128.5514,30877322.0
2024-08-19 18:00:00+00:00,128.56,129.29,128.555,128.83,35839976.0
2024-08-19 19:00:00+00:00,128.83,130.0,128.58,129.99,43686448.0
2024-08-19 20:00:00+00:00,130.0,130.0,127.1771,129.48,7246659.0
2024-08-19 21:00:00+00:00,129.49,130.0,129.29,129.42,1020392.0
2024-08-19 22:00:00+00:00,129.41,129.49,129.1,129.19,668792.0
2024-08-19 23:00:00+00:00,129.2,129.35,129.1,129.11,803075.0
2024-08-20 08:00:00+00:00,129.75,129.98,128.79,129.06,798377.0
2024-08-20 09:00:00+00:00,129.08,129.6,129.05,129.4,411990.0
2024-08-20 10:00:00+00:00,129.39,129.39,129.1,129.15,290853.0
2024-08-20 11:00:00+00:00,129.15,129.88,129.13,129.62,1563618.0
2024-08-20 12:00:00+00:00,129.36,129.89,128.894,129.33,3342097.0
2024-08-20 13:00:00+00:00,129.32,129.88,128.19,129.5,50720699.0
2024-08-20 14:00:00+00:00,129.5,129.58,125.89,126.9693,76131593.0
2024-08-20 15:00:00+00:00,126.965,128.4,126.44,128.37,37020518.0
2024-08-20 16:00:00+00:00,128.37,128.38,126.82,126.8907,28142595.0
2024-08-20 17:00:00+00:00,126.9,127.7499,126.53,127.434,19884391.0
2024-08-20 18:00:00+00:00,127.435,128.56,127.25,128.1047,25958174.0
2024-08-20 19:00:00+00:00,128.1,128.23,127.12,127.27,30083826.0
2024-08-20 20:00:00+00:00,127.25,128.36,126.75,126.81,4999922.0
2024-08-20 21:00:00+00:00,126.78,127.25,126.33,126.35,2865863.0
2024-08-20 22:00:00+00:00,126.35,126.84,126.35,126.4601,753550.0
2024-08-20 23:00:00+00:00,126.5,126.56,125.8,125.89,1565816.0
2024-08-21 08:00:00+00:00,126.59,127.09,126.16,126.31,453074.0
2024-08-21 09:00:00+00:00,126.3,126.41,125.99,126.21,328310.0
2024-08-21 10:00:00+00:00,126.21,126.81,126.21,126.8,217993.0
2024-08-21 11:00:00+00:00,126.79,127.65,126.5,127.24,1554544.0
2024-08-21 12:00:00+00:00,126.83,127.89,126.18,127.42,2947728.0
2024-08-21 13:00:00+00:00,127.42,128.58,126.83,128.0,38640582.0
2024-08-21 14:00:00+00:00,127.99,129.34,127.2,127.8,60186711.0
2024-08-21 15:00:00+00:00,127.801,128.42,127.41,127.56,25627620.0
2024-08-21 16:00:00+00:00,127.56,128.05,126.66,127.985,24600241.0
2024-08-21 17:00:00+00:00,127.98,128.34,127.65,128.276,15604554.0
2024-08-21 18:00:00+00:00,128.29,129.35,128.18,128.276,32545437.0
2024-08-21 19:00:00+00:00,128.2799,128.615,127.66,128.45,34700868.0
2024-08-21 20:00:00+00:00,128.42,128.5,128.0,128.47,5545140.0
2024-08-21 21:00:00+00:00,128.49,128.5,127.5051,128.31,345202.0
2024-08-21 22:00:00+00:00,128.34,128.49,128.33,128.48,392735.0
2024-08-21 23:00:00+00:00,128.4701,128.55,128.33,128.5,561552.0
2024-08-22 08:00:00+00:00,128.5,128.67,127.9,128.62,299259.0
2024-08-22 09:00:00+00:00,128.63,128.98,128.58,128.67,203376.0
2024-08-22 10:00:00+00:00,128.69,129.39,128.66,129.36,343974.0
2024-08-22 11:00:00+00:00,129.36,130.85,129.22,130.07,2618794.0
2024-08-22 12:00:00+00:00,130.07,131.0,128.1,129.87,4627154.0
2024-08-22 13:00:00+00:00,129.87,130.75,129.25,129.89,45656694.0
2024-08-22 14:00:00+00:00,129.91,130.63,127.9,128.36,52206837.0
2024-08-22 15:00:00+00:00,128.36,129.03,124.43,125.61,58085981.0
2024-08-22 16:00:00+00:00,125.6,126.9025,125.27,125.71,42220019.0
2024-08-22 17:00:00+00:00,125.725,126.37,123.8,124.3769,39372415.0
2024-08-22 18:00:00+00:00,124.39,125.155,123.825,124.12,32498216.0
2024-08-22 19:00:00+00:00,124.12,125.0,123.1,123.83,58259946.0
2024-08-22 20:00:00+00:00,123.84,127.0,123.64,124.33,3794924.0
2024-08-22 21:00:00+00:00,124.38,124.59,123.74,124.58,1022724.0
2024-08-22 22:00:00+00:00,124.59,124.59,124.31,124.53,533245.0
2024-08-22 23:00:00+00:00,124.511,124.57,124.43,124.53,575917.0
2024-08-23 08:00:00+00:00,125.55,125.69,125.06,125.49,550735.0
2024-08-23 09:00:00+00:00,125.5,125.5,124.69,125.09,368194.0
2024-08-23 10:00:00+00:00,125.16,125.59,125.16,125.41,279810.0
2024-08-23 11:00:00+00:00,125.41,125.62,125.16,125.42,836341.0
2024-08-23 12:00:00+00:00,125.45,125.8,124.8496,125.28,2302363.0
2024-08-23 13:00:00+00:00,125.31,127.54,125.22,127.4097,43367238.0
2024-08-23 14:00:00+00:00,127.42,129.6,126.51,127.96,85841030.0
2024-08-23 15:00:00+00:00,127.97,129.18,127.3,128.13,39694015.0
2024-08-23 16:00:00+00:00,128.16,128.27,126.62,127.3699,30297741.0
2024-08-23 17:00:00+00:00,127.35,128.44,127.16,128.165,20480160.0
2024-08-23 18:00:00+00:00,128.18,128.8,128.09,128.2803,20535326.0
2024-08-23 19:00:00+00:00,128.28,129.32,127.875,129.28,39886705.0
2024-08-23 20:00:00+00:00,129.28,129.37,125.85,129.05,15272162.0
2024-08-23 21:00:00+00:00,129.06,129.28,129.02,129.18,610680.0
2024-08-23 22:00:00+00:00,129.18,129.37,129.17,129.37,491051.0
2024-08-23 23:00:00+00:00,129.37,129.47,129.34,129.45,668975.0
2024-08-26 08:00:00+00:00,130.13,130.7,129.75,130.47,858913.0
2024-08-26 09:00:00+00:00,130.47,130.66,130.41,130.58,424376.0
2024-08-26 10:00:00+00:00,130.58,130.93,130.5,130.55,525189.0
2024-08-26 11:00:00+00:00,130.55,130.71,129.52,129.9,1900599.0
2024-08-26 12:00:00+00:00,129.9,130.8496,129.09,129.54,4195815.0
2024-08-26 13:00:00+00:00,129.57,131.26,128.59,128.7,53671339.0
2024-08-26 14:00:00+00:00,128.7,128.87,124.37,126.695,81726762.0
2024-08-26 15:00:00+00:00,126.69,127.44,126.12,126.44,39750367.0
2024-08-26 16:00:00+00:00,126.44,127.54,125.93,126.985,29055937.0
2024-08-26 17:00:00+00:00,126.98,127.0196,125.76,126.02,27047181.0
2024-08-26 18:00:00+00:00,126.03,126.9901,125.55,126.9857,26703119.0
2024-08-26 19:00:00+00:00,126.98,126.99,126.12,126.46,34294254.0
2024-08-26 20:00:00+00:00,126.46,126.6933,126.3108,126.56,11412650.0
2024-08-26 21:00:00+00:00,126.57,126.809,126.52,126.75,476471.0
2024-08-26 22:00:00+00:00,126.74,126.87,126.51,126.55,507771.0
2024-08-26 23:00:00+00:00,126.5887,126.7499,126.51,126.58,527908.0
2024-08-27 08:00:00+00:00,126.7,127.31,126.25,126.98,616712.0
2024-08-27 09:00:00+00:00,126.98,127.17,126.9,127.12,146222.0
2024-08-27 10:00:00+00:00,127.13,127.14,126.4,126.51,394318.0
2024-08-27 11:00:00+00:00,126.56,126.86,126.11,126.36,728468.0
2024-08-27 12:00:00+00:00,126.7,127.3383,124.72,125.04,6108652.0
2024-08-27 13:00:00+00:00,125.04,127.6,123.88,126.8397,55451258.0
2024-08-27 14:00:00+00:00,126.8219,128.49,126.03,128.47,57825145.0
2024-08-27 15:00:00+00:00,128.4799,128.98,127.33,128.025,40873947.0
2024-08-27 16:00:00+00:00,128.02,128.48,127.52,128.186,25568889.0
2024-08-27 17:00:00+00:00,128.185,129.2,128.16,129.0,25740071.0
2024-08-27 18:00:00+00:00,128.99,129.18,128.12,128.6092,27539116.0
2024-08-27 19:00:00+00:00,128.61,128.75,128.2,128.34,31138609.0
2024-08-27 20:00:00+00:00,128.35,128.41,128.11,128.29,12047989.0
2024-08-27 21:00:00+00:00,128.29,128.32,128.04,128.21,614982.0
2024-08-27 22:00:00+00:00,128.22,128.24,127.78,127.93,778772.0
2024-08-27 23:00:00+00:00,127.95,128.09,127.67,127.71,779320.0
2024-08-28 08:00:00+00:00,128.18,129.0,127.88,128.91,747246.0
2024-08-28 09:00:00+00:00,128.93,129.14,128.7,128.98,398291.0
2024-08-28 10:00:00+00:00,128.99,129.03,128.54,128.95,291857.0
2024-08-28 11:00:00+00:00,128.91,129.0,128.29,128.35,972477.0
2024-08-28 12:00:00+00:00,128.9,129.0,127.98,128.58,2407179.0
2024-08-28 13:00:00+00:00,128.58,128.62,126.08,126.84,43364079.0
2024-08-28 14:00:00+00:00,126.845,127.57,125.1,125.1,54347769.0
2024-08-28 15:00:00+00:00,125.11,125.64,122.64,125.5372,74810257.0
2024-08-28 16:00:00+00:00,125.51,126.03,124.68,125.8899,40082907.0
2024-08-28 17:00:00+00:00,125.88,126.01,123.88,124.065,34360408.0
2024-08-28 18:00:00+00:00,124.075,125.965,123.95,125.87,34353743.0
2024-08-28 19:00:00+00:00,125.86,126.68,125.4,125.66,60546975.0
2024-08-28 20:00:00+00:00,125.65,128.56,115.01,120.464,47005873.0
2024-08-28 21:00:00+00:00,120.58,121.0,115.5,115.5,21468794.0
2024-08-28 22:00:00+00:00,115.5,118.0,115.01,117.2,10309525.0
2024-08-28 23:00:00+00:00,117.19,117.2,115.91,116.95,5125000.0
2024-08-29 08:00:00+00:00,120.0,121.0,118.9,120.28,2989822.0
2024-08-29 09:00:00+00:00,120.27,124.15,119.97,123.31,3264696.0
2024-08-29 10:00:00+00:00,123.34,123.74,121.67,121.72,2497430.0
2024-08-29 11:00:00+00:00,121.68,122.2,120.0,121.29,4842035.0
2024-08-29 12:00:00+00:00,121.28,123.7157,118.0,121.2525,8964085.0
2024-08-29 13:00:00+00:00,121.26,124.43,119.67,123.13,82691820.0
2024-08-29 14:00:00+00:00,123.125,123.68,119.23,122.205,87518100.0
2024-08-29 15:00:00+00:00,122.2,122.54,120.73,121.115,46712745.0
2024-08-29 16:00:00+00:00,121.11,121.84,120.28,120.6356,29602035.0
2024-08-29 17:00:00+00:00,120.64,121.16,120.23,120.99,24397312.0
2024-08-29 18:00:00+00:00,121.0,121.0,116.71,117.77,64086667.0
2024-08-29 19:00:00+00:00,117.76,119.08,117.31,117.63,60773393.0
2024-08-29 20:00:00+00:00,117.59,118.35,117.43,118.1713,3962282.0
2024-08-29 21:00:00+00:00,118.17,118.33,117.59,118.11,1190908.0
2024-08-29 22:00:00+00:00,118.13,118.23,118.0,118.21,718853.0
2024-08-29 23:00:00+00:00,118.2,118.5,118.16,118.49,751647.0
2024-08-30 08:00:00+00:00,119.46,119.65,118.94,119.4,518474.0
2024-08-30 09:00:00+00:00,119.4,119.74,119.4,119.73,263563.0
2024-08-30 10:00:00+00:00,119.71,119.75,119.0,119.42,390114.0
2024-08-30 11:00:00+00:00,119.4,119.79,118.52,118.64,1063402.0
2024-08-30 12:00:00+00:00,119.45,119.58,118.39,118.6,3989156.0
2024-08-30 13:00:00+00:00,118.6,121.16,118.45,120.9186,53512702.0
2024-08-30 14:00:00+00:00,120.9171,121.75,118.29,118.4806,64860301.0
2024-08-30 15:00:00+00:00,118.485,118.9587,117.22,118.2494,46885981.0
2024-08-30 16:00:00+00:00,118.23,118.89,117.725,118.4701,29649589.0
2024-08-30 17:00:00+00:00,118.47,118.71,118.0205,118.17,20576117.0
2024-08-30 18:00:00+00:00,118.16,119.23,117.98,119.03,22987322.0
2024-08-30 19:00:00+00:00,119.03,119.62,118.31,119.36,41781486.0
2024-08-30 20:00:00+00:00,119.37,119.6,119.05,119.2398,10768978.0
2024-08-30 21:00:00+00:00,119.24,119.2695,119.15,119.22,441082.0
2024-08-30 22:00:00+00:00,119.2,119.21,119.05,119.15,294885.0
2024-08-30 23:00:00+00:00,119.1507,119.29,119.15,119.23,374363.0
2024-09-03 08:00:00+00:00,119.23,119.5,116.86,116.96,1332439.0
2024-09-03 09:00:00+00:00,116.92,117.2,116.48,116.66,1093129.0
2024-09-03 10:00:00+00:00,116.61,117.26,116.4,117.21,648738.0
2024-09-03 11:00:00+00:00,117.25,117.4,116.52,116.98,1475712.0
2024-09-03 12:00:00+00:00,116.96,119.39,116.5019,116.65,3049186.0
2024-09-03 13:00:00+00:00,116.64,116.8,112.01,112.91,70083498.0
2024-09-03 14:00:00+00:00,112.93,113.5258,109.61,109.765,93452272.0
2024-09-03 15:00:00+00:00,109.77,111.68,109.395,110.36,54140314.0
2024-09-03 16:00:00+00:00,110.3502,110.84,109.8,110.17,38108400.0
2024-09-03 17:00:00+00:00,110.175,110.725,109.57,109.585,29485372.0
2024-09-03 18:00:00+00:00,109.59,109.64,108.01,108.82,55850673.0
2024-09-03 19:00:00+00:00,108.818,109.21,107.29,108.02,72949207.0
2024-09-03 20:00:00+00:00,108.03,108.05,105.15,105.47,12591503.0
2024-09-03 21:00:00+00:00,105.47,108.0,105.32,106.369,3713763.0
2024-09-03 22:00:00+00:00,106.36,106.49,106.05,106.09,1673610.0
2024-09-03 23:00:00+00:00,106.08,106.09,105.39,105.3916,1949639.0
2024-09-04 08:00:00+00:00,105.2,107.48,104.25,106.78,2434321.0
2024-09-04 09:00:00+00:00,106.77,107.66,106.51,107.09,1087851.0
2024-09-04 10:00:00+00:00,107.14,107.2,106.12,106.28,758430.0
2024-09-04 11:00:00+00:00,106.26,106.45,105.56,106.08,2005187.0
2024-09-04 12:00:00+00:00,106.1,108.0,103.7,106.74,6519389.0
2024-09-04 13:00:00+00:00,106.73,107.9,104.12,106.94,74753250.0
2024-09-04 14:00:00+00:00,106.95,109.785,105.51,109.665,74310156.0
2024-09-04 15:00:00+00:00,109.6684,109.99,107.52,107.905,46730454.0
2024-09-04 16:00:00+00:00,107.895,109.19,107.61,108.92,28304764.0
2024-09-04 17:00:00+00:00,108.92,109.51,108.68,108.7106,25100163.0
2024-09-04 18:00:00+00:00,108.715,108.77,106.11,106.1999,35170775.0
2024-09-04 19:00:00+00:00,106.195,106.99,105.4,106.17,55594254.0
2024-09-04 20:00:00+00:00,106.17,106.61,105.61,106.58,3043528.0
2024-09-04 21:00:00+00:00,106.58,107.27,106.39,107.1292,1553068.0
2024-09-04 22:00:00+00:00,107.12,107.2,106.65,107.04,753973.0
2024-09-04 23:00:00+00:00,107.06,107.1,106.5,106.7,975115.0
2024-09-05 08:00:00+00:00,107.16,107.66,107.03,107.19,617068.0
2024-09-05 09:00:00+00:00,107.2,107.21,106.11,106.73,488600.0
2024-09-05 10:00:00+00:00,106.73,106.94,106.42,106.66,363977.0
2024-09-05 11:00:00+00:00,106.66,107.06,106.12,106.28,1147096.0
2024-09-05 12:00:00+00:00,106.71,107.6036,104.16,105.323,9230465.0
2024-09-05 13:00:00+00:00,105.35,108.99,104.76,108.86,59648197.0
2024-09-05 14:00:00+00:00,108.88,109.65,107.65,107.68,61419547.0
2024-09-05 15:00:00+00:00,107.69,107.83,106.07,106.335,44056808.0
2024-09-05 16:00:00+00:00,106.34,107.7051,106.285,106.94,28535539.0
2024-09-05 17:00:00+00:00,106.94,107.6,106.29,107.565,21600738.0
2024-09-05 18:00:00+00:00,107.57,107.75,106.76,107.215,23178775.0
2024-09-05 19:00:00+00:00,107.23,107.4,106.37,107.24,29881141.0
2024-09-05 20:00:00+00:00,107.22,107.61,106.05,106.55,8927764.0
2024-09-05 21:00:00+00:00,106.52,107.21,106.35,106.58,802976.0
2024-09-05 22:00:00+00:00,106.59,106.74,106.4,106.44,489352.0
2024-09-05 23:00:00+00:00,106.44,106.44,106.14,106.35,731231.0
2024-09-06 08:00:00+00:00,105.49,106.17,104.43,104.54,941716.0
2024-09-06 09:00:00+00:00,104.52,105.26,104.38,105.21,466100.0
2024-09-06 10:00:00+00:00,105.2,106.0,104.96,105.32,401155.0
2024-09-06 11:00:00+00:00,105.49,105.95,105.08,105.73,957383.0
2024-09-06 12:00:00+00:00,105.45,108.33,104.4,108.08,8159941.0
2024-09-06 13:00:00+00:00,108.08,108.97,104.13,104.165,58633685.0
2024-09-06 14:00:00+00:00,104.17,105.33,101.95,102.645,82925157.0
2024-09-06 15:00:00+00:00,102.64,103.75,101.39,101.663,65976470.0
2024-09-06 16:00:00+00:00,101.66,102.6,100.95,102.01,42495732.0
2024-09-06 17:00:00+00:00,102.01,103.27,101.852,102.3802,34926167.0
2024-09-06 18:00:00+00:00,102.39,102.96,101.78,102.7892,27839334.0
2024-09-06 19:00:00+00:00,102.78,103.6677,102.49,102.81,48690881.0
2024-09-06 20:00:00+00:00,102.83,103.09,102.15,102.34,7385005.0
2024-09-06 21:00:00+00:00,102.3,102.83,102.22,102.44,1041682.0
2024-09-06 22:00:00+00:00,102.43,102.66,102.3897,102.5,522056.0
2024-09-06 23:00:00+00:00,102.5,102.67,102.41,102.49,504880.0
2024-09-09 08:00:00+00:00,104.89,104.9,103.72,104.06,945590.0
2024-09-09 09:00:00+00:00,104.08,104.37,103.93,104.1,396652.0
2024-09-09 10:00:00+00:00,104.12,104.13,102.78,103.31,691908.0
2024-09-09 11:00:00+00:00,103.325,104.23,103.27,104.02,1225042.0
2024-09-09 12:00:00+00:00,104.03,105.05,103.0036,104.07,2534904.0
2024-09-09 13:00:00+00:00,104.08,106.55,103.86,106.12,50813548.0
2024-09-09 14:00:00+00:00,106.12,106.3,103.69,103.8391,51417432.0
2024-09-09 15:00:00+00:00,103.8499,105.39,103.75,105.39,32254587.0
2024-09-09 16:00:00+00:00,105.388,105.97,105.05,105.785,23728487.0
2024-09-09 17:00:00+00:00,105.785,106.2,104.97,105.28,24281503.0
2024-09-09 18:00:00+00:00,105.28,105.51,104.68,105.3794,22760189.0
2024-09-09 19:00:00+00:00,105.37,106.55,104.99,106.48,31055245.0
2024-09-09 20:00:00+00:00,106.46,107.13,106.23,106.8,4190949.0
2024-09-09 21:00:00+00:00,106.81,107.15,106.8,106.88,739892.0
2024-09-09 22:00:00+00:00,106.88,107.1,106.81,106.85,521743.0
2024-09-09 23:00:00+00:00,106.85,107.13,106.83,107.1001,524640.0
2024-09-10 08:00:00+00:00,106.87,106.87,106.05,106.14,419832.0
2024-09-10 09:00:00+00:00,106.12,106.3,105.58,106.15,382139.0
2024-09-10 10:00:00+00:00,106.19,106.49,105.95,106.35,195911.0
2024-09-10 11:00:00+00:00,106.35,107.2,106.25,107.02,1149976.0
2024-09-10 12:00:00+00:00,106.39,107.95,105.7047,107.88,3263159.0
2024-09-10 13:00:00+00:00,107.88,109.4,106.53,106.9919,51728991.0
2024-09-10 14:00:00+00:00,106.99,107.8,105.96,106.8701,49711043.0
2024-09-10 15:00:00+00:00,106.87,107.44,105.25,105.28,33803926.0
2024-09-10 16:00:00+00:00,105.285,106.25,104.95,105.8109,29752958.0
2024-09-10 17:00:00+00:00,105.8101,106.72,105.76,106.545,21229582.0
2024-09-10 18:00:00+00:00,106.55,107.58,106.55,107.134,23691604.0
2024-09-10 19:00:00+00:00,107.13,108.18,107.03,108.02,29921287.0
2024-09-10 20:00:00+00:00,108.03,108.14,106.894,107.81,6484379.0
2024-09-10 21:00:00+00:00,107.8,107.9,107.67,107.9,385750.0
2024-09-10 22:00:00+00:00,107.87,107.87,107.7,107.7799,252568.0
2024-09-10 23:00:00+00:00,107.75,107.81,107.5,107.6,409546.0
2024-09-11 08:00:00+00:00,107.9,108.49,107.15,107.35,387122.0
2024-09-11 09:00:00+00:00,107.36,107.66,107.27,107.59,225525.0
2024-09-11 10:00:00+00:00,107.6,107.79,107.53,107.71,126057.0
2024-09-11 11:00:00+00:00,107.71,108.38,107.63,108.29,767494.0
2024-09-11 12:00:00+00:00,107.93,109.4,106.35,109.25,6390767.0
2024-09-11 13:00:00+00:00,109.25,111.93,109.16,110.24,62304678.0
2024-09-11 14:00:00+00:00,110.27,110.48,107.42,108.575,62889694.0
2024-09-11 15:00:00+00:00,108.56,111.26,108.2,111.17,48154738.0
2024-09-11 16:00:00+00:00,111.17,112.88,111.01,112.075,54975497.0
2024-09-11 17:00:00+00:00,112.08,114.4,112.04,114.2808,51688203.0
2024-09-11 18:00:00+00:00,114.28,115.5,114.21,115.105,50339392.0
2024-09-11 19:00:00+00:00,115.105,117.19,114.76,116.85,64922379.0
2024-09-11 20:00:00+00:00,116.8,117.2,116.55,116.75,5540958.0
2024-09-11 21:00:00+00:00,116.7503,116.91,116.08,116.2,4374695.0
2024-09-11 22:00:00+00:00,116.18,116.35,116.1,116.28,677937.0
2024-09-11 23:00:00+00:00,116.29,116.73,116.25,116.64,893091.0
2024-09-12 08:00:00+00:00,117.0,118.07,116.6,117.83,1532849.0
2024-09-12 09:00:00+00:00,117.8,118.4,117.72,117.89,833434.0
2024-09-12 10:00:00+00:00,117.88,118.09,117.52,117.59,494126.0
2024-09-12 11:00:00+00:00,117.6,118.289,117.04,118.08,1961945.0
2024-09-12 12:00:00+00:00,118.08,118.84,116.78,116.78,6452397.0
2024-09-12 13:00:00+00:00,116.8,118.27,115.38,118.2601,59304007.0
2024-09-12 14:00:00+00:00,118.26,120.24,117.79,118.625,78045730.0
2024-09-12 15:00:00+00:00,118.64,119.7899,117.77,118.148,45907013.0
2024-09-12 16:00:00+00:00,118.14,119.4399,118.1,119.436,30866480.0
2024-09-12 17:00:00+00:00,119.43,120.79,119.11,120.645,38487594.0
2024-09-12 18:00:00+00:00,120.646,120.74,119.1,120.3201,36546659.0
2024-09-12 19:00:00+00:00,120.325,120.49,119.02,119.18,40863947.0
2024-09-12 20:00:00+00:00,119.14,119.26,118.1,118.71,3513866.0
2024-09-12 21:00:00+00:00,118.71,118.83,118.38,118.79,906117.0
2024-09-12 22:00:00+00:00,118.791,118.9,118.47,118.8,637006.0
2024-09-12 23:00:00+00:00,118.8,119.15,118.77,119.119,717811.0
2024-09-13 08:00:00+00:00,118.88,119.66,118.53,119.57,591272.0
2024-09-13 09:00:00+00:00,119.56,119.64,119.15,119.28,255841.0
2024-09-13 10:00:00+00:00,119.25,119.29,118.86,119.24,379083.0
2024-09-13 11:00:00+00:00,119.25,119.54,119.11,119.34,908173.0
2024-09-13 12:00:00+00:00,119.23,119.5369,118.75,119.01,9665039.0
2024-09-13 13:00:00+00:00,119.03,119.955,118.35,118.675,37926805.0
2024-09-13 14:00:00+00:00,118.675,119.69,117.6,119.395,52615781.0
2024-09-13 15:00:00+00:00,119.39,119.79,118.82,118.91,29206126.0
2024-09-13 16:00:00+00:00,118.9,119.3,118.3,119.2699,25485266.0
2024-09-13 17:00:00+00:00,119.27,119.33,118.76,118.8066,19889574.0
2024-09-13 18:00:00+00:00,118.804,119.02,118.3688,118.865,18842765.0
2024-09-13 19:00:00+00:00,118.855,119.14,118.63,119.07,28068588.0
2024-09-13 20:00:00+00:00,119.1,119.1,118.91,118.96,2514188.0
2024-09-13 21:00:00+00:00,118.98,119.0,118.811,118.86,347762.0
2024-09-13 22:00:00+00:00,118.86,118.8895,118.72,118.77,327287.0
2024-09-13 23:00:00+00:00,118.7755,118.87,118.75,118.76,366657.0
2024-09-16 08:00:00+00:00,118.85,119.25,118.5,118.65,296949.0
2024-09-16 09:00:00+00:00,118.67,118.74,118.23,118.26,262000.0
2024-09-16 10:00:00+00:00,118.25,118.3,117.67,117.95,507723.0
2024-09-16 11:00:00+00:00,117.96,118.02,116.82,117.28,2007587.0
2024-09-16 12:00:00+00:00,117.31,119.35,116.82,117.03,3818541.0
2024-09-16 13:00:00+00:00,117.02,117.4,114.36,116.8,53543894.0
2024-09-16 14:00:00+00:00,116.7926,118.18,116.03,116.5699,50104196.0
2024-09-16 15:00:00+00:00,116.55,117.03,115.77,116.184,27860775.0
2024-09-16 16:00:00+00:00,116.19,116.45,115.7109,116.26,22082904.0
2024-09-16 17:00:00+00:00,116.26,117.075,116.11,116.89,18375214.0
2024-09-16 18:00:00+00:00,116.89,116.89,116.1,116.3441,17662612.0
2024-09-16 19:00:00+00:00,116.345,116.85,116.2,116.77,23245603.0
2024-09-16 20:00:00+00:00,116.78,116.8,116.45,116.5894,5332581.0
2024-09-16 21:00:00+00:00,116.533,116.78,116.42,116.57,3586559.0
2024-09-16 22:00:00+00:00,116.51,116.7295,116.51,116.68,241734.0
2024-09-16 23:00:00+00:00,116.66,116.6905,116.42,116.458,348644.0
2024-09-17 08:00:00+00:00,117.0,117.29,116.5,116.99,645311.0
2024-09-17 09:00:00+00:00,117.01,117.83,117.0,117.66,376869.0
2024-09-17 10:00:00+00:00,117.67,117.9,117.38,117.47,242974.0
2024-09-17 11:00:00+00:00,117.45,117.89,117.36,117.76,694501.0
2024-09-17 12:00:00+00:00,117.47,118.4,116.09,118.27,3719301.0
2024-09-17 13:00:00+00:00,118.28,118.8,116.54,117.28,37809700.0
2024-09-17 14:00:00+00:00,117.32,118.2706,117.0,117.5052,37919615.0
2024-09-17 15:00:00+00:00,117.52,117.75,116.92,117.325,22494345.0
2024-09-17 16:00:00+00:00,117.325,117.52,115.67,116.01,30244537.0
2024-09-17 17:00:00+00:00,116.02,116.39,114.83,115.5199,27580160.0
2024-09-17 18:00:00+00:00,115.505,115.7,114.855,115.12,20266651.0
2024-09-17 19:00:00+00:00,115.1201,115.65,114.98,115.585,30028425.0
2024-09-17 20:00:00+00:00,115.59,115.6,115.35,115.43,2593765.0
2024-09-17 21:00:00+00:00,115.44,115.5,115.39,115.45,273438.0
2024-09-17 22:00:00+00:00,115.44,115.55,115.4,115.48,262416.0
2024-09-17 23:00:00+00:00,115.47,115.53,115.36,115.4476,343491.0
2024-09-18 08:00:00+00:00,115.84,115.93,114.84,115.14,536648.0
2024-09-18 09:00:00+00:00,115.15,115.37,114.95,115.35,155824.0
2024-09-18 10:00:00+00:00,115.36,115.97,115.15,115.87,341296.0
2024-09-18 11:00:00+00:00,115.88,115.96,115.55,115.64,577661.0
2024-09-18 12:00:00+00:00,115.85,115.99,114.8635,115.71,3834041.0
2024-09-18 13:00:00+00:00,115.73,116.35,114.61,115.934,28989898.0
2024-09-18 14:00:00+00:00,115.94,115.95,114.7,115.17,31990207.0
2024-09-18 15:00:00+00:00,115.175,115.39,113.68,113.904,28204571.0
2024-09-18 16:00:00+00:00,113.9,115.33,113.78,115.256,21978639.0
2024-09-18 17:00:00+00:00,115.255,115.35,114.62,115.03,19699971.0
2024-09-18 18:00:00+00:00,115.02,117.7,114.62,115.9,70313869.0
2024-09-18 19:00:00+00:00,115.88,115.91,113.22,113.25,68564148.0
2024-09-18 20:00:00+00:00,113.29,115.1216,112.778,113.35,8774077.0
2024-09-18 21:00:00+00:00,113.31,113.4699,113.27,113.39,570011.0
2024-09-18 22:00:00+00:00,113.41,113.99,113.4,113.8995,1054890.0
2024-09-18 23:00:00+00:00,113.9,114.57,113.82,114.551,1371575.0
2024-09-19 08:00:00+00:00,116.56,116.72,115.56,116.53,1207953.0
2024-09-19 09:00:00+00:00,116.54,117.33,116.46,117.09,865708.0
2024-09-19 10:00:00+00:00,117.09,117.3,116.78,116.98,530070.0
2024-09-19 11:00:00+00:00,116.95,117.25,116.79,117.17,1422798.0
2024-09-19 12:00:00+00:00,117.15,117.3088,115.5,117.0,3818799.0
2024-09-19 13:00:00+00:00,116.99,119.19,116.8,118.4,58366555.0
2024-09-19 14:00:00+00:00,118.4,119.47,117.8,118.5775,47764129.0
2024-09-19 15:00:00+00:00,118.58,119.66,118.51,118.875,31460706.0
2024-09-19 16:00:00+00:00,118.875,119.49,118.81,119.4838,24671005.0
2024-09-19 17:00:00+00:00,119.485,119.66,119.03,119.2891,21199222.0
2024-09-19 18:00:00+00:00,119.29,119.39,118.18,118.5592,25026921.0
2024-09-19 19:00:00+00:00,118.56,118.65,117.61,117.98,38493990.0
2024-09-19 20:00:00+00:00,117.87,118.05,117.52,117.8898,10022015.0
2024-09-19 21:00:00+00:00,117.84,117.95,117.71,117.79,369092.0
2024-09-19 22:00:00+00:00,117.8,117.97,117.74,117.79,340905.0
2024-09-19 23:00:00+00:00,117.7996,117.98,117.72,117.87,408735.0
2024-09-20 08:00:00+00:00,118.15,118.15,116.61,117.16,831929.0
2024-09-20 09:00:00+00:00,117.16,117.39,116.8,116.87,286231.0
2024-09-20 10:00:00+00:00,116.86,117.2,116.65,116.8,226506.0
2024-09-20 11:00:00+00:00,116.8,117.06,116.74,117.02,644364.0
2024-09-20 12:00:00+00:00,116.93,118.38,116.66,117.48,2681975.0
2024-09-20 13:00:00+00:00,117.48,118.6181,116.86,117.59,49418970.0
2024-09-20 14:00:00+00:00,117.585,117.95,116.18,116.51,42522016.0
2024-09-20 15:00:00+00:00,116.515,116.63,115.3901,116.295,40754211.0
2024-09-20 16:00:00+00:00,116.295,116.82,116.05,116.28,21192653.0
2024-09-20 17:00:00+00:00,116.27,116.56,115.95,116.0,20764571.0
2024-09-20 18:00:00+00:00,116.0093,116.15,115.5,116.0701,24050050.0
2024-09-20 19:00:00+00:00,116.075,116.89,115.7,116.07,39831113.0
2024-09-20 20:00:00+00:00,116.0,116.6,115.99,116.02,31548549.0
2024-09-20 21:00:00+00:00,116.02,116.0997,116.0,116.07,1794692.0
2024-09-20 22:00:00+00:00,116.08,116.1799,116.05,116.14,219111.0
2024-09-20 23:00:00+00:00,116.1301,116.14,116.042,116.07,282761.0
2024-09-23 08:00:00+00:00,116.4,116.95,116.0,116.34,442481.0
2024-09-23 09:00:00+00:00,116.3,116.52,116.18,116.35,194915.0
2024-09-23 10:00:00+00:00,116.38,116.46,116.15,116.27,210532.0
2024-09-23 11:00:00+00:00,116.28,116.35,115.82,116.22,781908.0
2024-09-23 12:00:00+00:00,116.17,117.42,115.75,116.26,2528040.0
2024-09-23 13:00:00+00:00,116.26,116.99,115.45,116.27,31436807.0
2024-09-23 14:00:00+00:00,116.27,116.83,114.86,115.6106,41064122.0
2024-09-23 15:00:00+00:00,115.6101,116.35,115.1,116.2,25009256.0
2024-09-23 16:00:00+00:00,116.21,116.28,115.32,115.59,22250129.0
2024-09-23 17:00:00+00:00,115.59,115.98,115.27,115.93,15569252.0
2024-09-23 18:00:00+00:00,115.93,116.26,115.71,116.22,14718812.0
2024-09-23 19:00:00+00:00,116.21,116.605,116.01,116.23,22591179.0
2024-09-23 20:00:00+00:00,116.26,116.31,116.03,116.06,4952487.0
2024-09-23 21:00:00+00:00,116.05,116.13,116.02,116.1,3785360.0
2024-09-23 22:00:00+00:00,116.09,116.1,115.9601,115.99,180642.0
2024-09-23 23:00:00+00:00,115.97,116.11,115.91,116.1,280229.0
2024-09-24 08:00:00+00:00,116.6,117.28,116.25,116.97,752724.0
2024-09-24 09:00:00+00:00,116.96,117.12,116.7,116.8,446756.0
2024-09-24 10:00:00+00:00,116.79,117.0,116.64,116.7,241915.0
2024-09-24 11:00:00+00:00,116.68,116.8,116.07,116.37,970178.0
2024-09-24 12:00:00+00:00,116.51,117.1864,116.07,116.38,1894348.0
2024-09-24 13:00:00+00:00,116.35,117.61,116.25,117.205,29402637.0
2024-09-24 14:00:00+00:00,117.21,117.21,115.38,116.1062,40379616.0
2024-09-24 15:00:00+00:00,116.105,121.24,115.94,120.4379,78495192.0
2024-09-24 16:00:00+00:00,120.44,121.62,120.38,120.8601,56413928.0
2024-09-24 17:00:00+00:00,120.87,121.8,119.28,121.31,33018137.0
2024-09-24 18:00:00+00:00,121.32,121.55,121.0201,121.26,25879568.0
2024-09-24 19:00:00+00:00,121.25,121.27,120.1,120.95,43965909.0
2024-09-24 20:00:00+00:00,120.87,121.3,120.83,121.29,14588099.0
2024-09-24 21:00:00+00:00,121.279,121.3,120.87,121.28,1135859.0
2024-09-24 22:00:00+00:00,121.28,121.63,121.25,121.63,760060.0
2024-09-24 23:00:00+00:00,121.6295,121.83,121.6,121.79,1032173.0
2024-09-25 08:00:00+00:00,120.28,121.18,119.73,119.99,781958.0
2024-09-25 09:00:00+00:00,119.95,120.28,119.78,120.17,452381.0
2024-09-25 10:00:00+00:00,120.17,120.53,120.17,120.51,337193.0
2024-09-25 11:00:00+00:00,120.5,121.35,120.44,121.34,1589096.0
2024-09-25 12:00:00+00:00,121.34,122.0,120.1,121.97,4213823.0
2024-09-25 13:00:00+00:00,121.95,124.19,121.61,124.16,56058537.0
2024-09-25 14:00:00+00:00,124.15,124.94,123.95,124.6,56130466.0
2024-09-25 15:00:00+00:00,124.58,124.8699,123.12,123.58,39725651.0
2024-09-25 16:00:00+00:00,123.5793,123.89,123.06,123.205,27202177.0
2024-09-25 17:00:00+00:00,123.21,123.39,122.62,123.22,28379820.0
2024-09-25 18:00:00+00:00,123.215,123.6,122.86,123.4673,18023763.0
2024-09-25 19:00:00+00:00,123.46,123.59,123.21,123.56,23502290.0
2024-09-25 20:00:00+00:00,123.51,124.81,123.26,124.418,7786896.0
2024-09-25 21:00:00+00:00,124.4,124.53,123.51,124.49,1984131.0
2024-09-25 22:00:00+00:00,124.48,124.6,124.37,124.5,490126.0
2024-09-25 23:00:00+00:00,124.51,124.64,124.47,124.6,582737.0
2024-09-26 08:00:00+00:00,126.17,126.58,125.0,126.07,1769313.0
2024-09-26 09:00:00+00:00,126.08,126.15,125.38,125.58,639623.0
2024-09-26 10:00:00+00:00,125.57,125.87,125.4,125.8,475510.0
2024-09-26 11:00:00+00:00,125.82,126.75,125.57,126.33,2400177.0
2024-09-26 12:00:00+00:00,126.34,126.98,125.4848,126.6108,5351902.0
2024-09-26 13:00:00+00:00,126.61,127.665,125.78,126.88,54574891.0
2024-09-26 14:00:00+00:00,126.87,127.0,122.63,122.9599,59894729.0
2024-09-26 15:00:00+00:00,122.9501,124.49,122.155,124.4708,45811496.0
2024-09-26 16:00:00+00:00,124.47,124.48,122.95,123.21,25819984.0
2024-09-26 17:00:00+00:00,123.215,123.39,121.8,123.1966,31989331.0
2024-09-26 18:00:00+00:00,123.2,124.13,123.19,123.87,21999658.0
2024-09-26 19:00:00+00:00,123.87,124.45,123.53,123.99,29626813.0
2024-09-26 20:00:00+00:00,124.04,124.04,123.7,123.78,4837067.0
2024-09-26 21:00:00+00:00,123.78,124.04,123.33,123.37,670319.0
2024-09-26 22:00:00+00:00,123.38,123.77,123.361,123.5813,539020.0
2024-09-26 23:00:00+00:00,123.634,123.65,123.25,123.35,505016.0
2024-09-27 08:00:00+00:00,122.52,122.95,122.15,122.53,755540.0
2024-09-27 09:00:00+00:00,122.56,122.69,122.23,122.66,382505.0
2024-09-27 10:00:00+00:00,122.66,122.72,122.35,122.66,187873.0
2024-09-27 11:00:00+00:00,122.66,123.49,122.63,123.47,812915.0
2024-09-27 12:00:00+00:00,122.66,124.49,122.2676,124.21,4054255.0
2024-09-27 13:00:00+00:00,124.23,124.25,122.245,122.7699,32834041.0
2024-09-27 14:00:00+00:00,122.77,122.98,120.35,121.17,54895453.0
2024-09-27 15:00:00+00:00,121.16,121.19,119.82,120.62,39528782.0
2024-09-27 16:00:00+00:00,120.62,121.18,120.27,120.76,22316169.0
2024-09-27 17:00:00+00:00,120.765,121.09,120.13,120.78,19906757.0
2024-09-27 18:00:00+00:00,120.78,120.96,119.26,120.191,31470536.0
2024-09-27 19:00:00+00:00,120.195,121.97,119.93,121.4,38132585.0
2024-09-27 20:00:00+00:00,121.4,121.45,120.88,120.98,4446150.0
2024-09-27 21:00:00+00:00,120.98,121.4,120.95,120.9699,2081133.0
2024-09-27 22:00:00+00:00,120.96,120.98,120.73,120.73,425577.0
2024-09-27 23:00:00+00:00,120.74,120.81,120.5,120.5601,466004.0
2024-09-30 08:00:00+00:00,120.8,120.81,119.1,119.5,846058.0
2024-09-30 09:00:00+00:00,119.48,119.5,118.63,119.17,619131.0
2024-09-30 10:00:00+00:00,119.17,119.3,118.83,119.25,319188.0
2024-09-30 11:00:00+00:00,119.25,119.38,117.72,118.08,1949317.0
2024-09-30 12:00:00+00:00,118.09,121.0,117.72,118.23,4282029.0
2024-09-30 13:00:00+00:00,118.25,121.27,118.06,120.18,37020363.0
2024-09-30 14:00:00+00:00,120.185,120.295,119.18,119.9,34428343.0
2024-09-30 15:00:00+00:00,119.89,121.1,119.755,120.6991,26554678.0
2024-09-30 16:00:00+00:00,120.695,121.1,120.34,120.52,17554968.0
2024-09-30 17:00:00+00:00,120.52,120.62,119.87,120.45,16247907.0
2024-09-30 18:00:00+00:00,120.4606,120.69,119.18,120.1806,25024524.0
2024-09-30 19:00:00+00:00,120.19,121.5,119.8101,121.49,34134965.0
2024-09-30 20:00:00+00:00,121.44,121.66,120.3653,121.18,2796390.0
2024-09-30 21:00:00+00:00,121.17,121.28,120.942,121.04,1297321.0
2024-09-30 22:00:00+00:00,121.06,121.13,120.95,121.04,225174.0
2024-09-30 23:00:00+00:00,121.07,121.3,121.02,121.29,322865.0
2024-10-01 08:00:00+00:00,121.52,121.61,121.17,121.36,238536.0
2024-10-01 09:00:00+00:00,121.37,121.59,121.26,121.59,111266.0
2024-10-01 10:00:00+00:00,121.59,122.08,121.59,122.04,280618.0
2024-10-01 11:00:00+00:00,122.01,122.251,121.63,121.91,718039.0
2024-10-01 12:00:00+00:00,121.88,122.27,121.13,122.071,1789557.0
2024-10-01 13:00:00+00:00,122.09,122.4351,119.69,120.1899,33787503.0
2024-10-01 14:00:00+00:00,120.19,120.68,117.13,118.27,57338921.0
2024-10-01 15:00:00+00:00,118.2799,118.32,116.2,117.045,41332285.0
2024-10-01 16:00:00+00:00,117.03,118.09,116.3701,116.9819,33938714.0
2024-10-01 17:00:00+00:00,116.98,117.35,115.79,117.3338,34225086.0
2024-10-01 18:00:00+00:00,117.335,118.06,117.24,117.7467,27960302.0
2024-10-01 19:00:00+00:00,117.74,117.96,116.72,116.9499,33180657.0
2024-10-01 20:00:00+00:00,116.95,117.05,116.46,116.68,4631366.0
2024-10-01 21:00:00+00:00,116.68,117.0,116.25,116.43,4839073.0
2024-10-01 22:00:00+00:00,116.44,116.57,116.01,116.08,713935.0
2024-10-01 23:00:00+00:00,116.07,116.23,115.89,116.0,1098645.0
2024-10-02 08:00:00+00:00,116.5,116.73,115.88,116.06,515010.0
2024-10-02 09:00:00+00:00,116.09,116.2,114.75,115.54,1383345.0
2024-10-02 10:00:00+00:00,115.48,115.87,114.7,115.78,592545.0
2024-10-02 11:00:00+00:00,115.8,116.91,115.65,116.31,1109201.0
2024-10-02 12:00:00+00:00,116.29,117.85,114.77,117.45,3791466.0
2024-10-02 13:00:00+00:00,117.45,117.8,115.14,117.13,33641325.0
2024-10-02 14:00:00+00:00,117.13,118.75,117.05,118.005,39836191.0
2024-10-02 15:00:00+00:00,118.005,119.29,117.95,118.8801,27668477.0
2024-10-02 16:00:00+00:00,118.89,119.13,117.93,117.955,20654887.0
2024-10-02 17:00:00+00:00,117.96,118.5809,117.76,118.5699,17623726.0
2024-10-02 18:00:00+00:00,118.5699,118.89,118.33,118.7707,17007979.0
2024-10-02 19:00:00+00:00,118.775,119.38,118.6099,118.8399,25905380.0
2024-10-02 20:00:00+00:00,118.85,120.8257,118.79,120.58,9564702.0
2024-10-02 21:00:00+00:00,120.58,120.74,118.85,120.31,8389628.0
2024-10-02 22:00:00+00:00,120.33,120.4,120.12,120.3,598517.0
2024-10-02 23:00:00+00:00,120.3,120.66,120.12,120.6405,816405.0
2024-10-03 08:00:00+00:00,118.89,120.4,118.77,119.61,791855.0
2024-10-03 09:00:00+00:00,119.6,119.94,119.5,119.68,244083.0
2024-10-03 10:00:00+00:00,119.7,120.47,119.68,120.46,436827.0
2024-10-03 11:00:00+00:00,120.44,120.75,120.37,120.59,988124.0
2024-10-03 12:00:00+00:00,120.5,121.5,116.42,120.98,4682209.0
2024-10-03 13:00:00+00:00,120.97,123.68,120.3401,123.36,53710561.0
2024-10-03 14:00:00+00:00,123.34,124.36,121.78,122.36,69957331.0
2024-10-03 15:00:00+00:00,122.36,123.33,121.96,123.06,29368259.0
2024-10-03 16:00:00+00:00,123.065,123.17,121.74,121.9599,24664791.0
2024-10-03 17:00:00+00:00,121.955,123.0,121.46,122.95,24618429.0
2024-10-03 18:00:00+00:00,122.955,123.2,122.45,122.5342,18976213.0
2024-10-03 19:00:00+00:00,122.535,123.0,122.1125,122.84,27720366.0
2024-10-03 20:00:00+00:00,122.85,122.97,122.4,122.49,3480692.0
2024-10-03 21:00:00+00:00,122.5,122.85,122.23,122.46,2351213.0
2024-10-03 22:00:00+00:00,122.44,122.9,122.35,122.8849,440673.0
2024-10-03 23:00:00+00:00,122.89,122.99,122.65,122.78,640987.0
2024-10-04 08:00:00+00:00,123.07,123.5,122.52,122.98,432695.0
2024-10-04 09:00:00+00:00,122.98,123.1,122.68,123.02,216637.0
2024-10-04 10:00:00+00:00,123.05,123.29,122.87,122.99,256889.0
2024-10-04 11:00:00+00:00,122.99,123.86,122.96,123.55,1136850.0
2024-10-04 12:00:00+00:00,123.55,125.16,122.5348,125.0,8926380.0
2024-10-04 13:00:00+00:00,125.0,125.08,122.59,122.97,41830883.0
2024-10-04 14:00:00+00:00,122.97,123.7,121.83,123.6802,45845662.0
2024-10-04 15:00:00+00:00,123.685,124.2899,123.26,124.2885,33131442.0
2024-10-04 16:00:00+00:00,124.285,124.49,123.6201,124.28,21266156.0
2024-10-04 17:00:00+00:00,124.275,124.49,123.76,123.9701,19153090.0
2024-10-04 18:00:00+00:00,123.975,124.7,123.91,124.615,20515073.0
2024-10-04 19:00:00+00:00,124.615,125.04,124.3,124.89,32848498.0
2024-10-04 20:00:00+00:00,124.9,124.96,124.581,124.611,5545273.0
2024-10-04 21:00:00+00:00,124.61,124.73,124.6,124.61,392103.0
2024-10-04 22:00:00+00:00,124.6195,124.7,124.61,124.63,260164.0
2024-10-04 23:00:00+00:00,124.63,124.68,124.41,124.44,430477.0
2024-10-07 08:00:00+00:00,124.1,124.88,124.0,124.04,452350.0
2024-10-07 09:00:00+00:00,124.04,124.05,123.0,123.48,636644.0
2024-10-07 10:00:00+00:00,123.47,123.7,123.34,123.66,184920.0
2024-10-07 11:00:00+00:00,123.66,124.52,123.66,124.45,1063726.0
2024-10-07 12:00:00+00:00,123.69,125.12,123.3548,124.37,2994557.0
2024-10-07 13:00:00+00:00,124.38,127.81,124.27,125.915,50291974.0
2024-10-07 14:00:00+00:00,125.92,128.09,125.35,127.6907,48970460.0
2024-10-07 15:00:00+00:00,127.69,129.65,127.2,129.1713,49512089.0
2024-10-07 16:00:00+00:00,129.18,129.64,128.55,128.9808,35105766.0
2024-10-07 17:00:00+00:00,128.98,130.55,128.93,130.5308,41336465.0
2024-10-07 18:00:00+00:00,130.5308,130.64,127.94,128.0,46795618.0
2024-10-07 19:00:00+00:00,128.0401,128.85,127.52,127.79,45468427.0
2024-10-07 20:00:00+00:00,127.72,128.4799,127.6501,128.16,3136285.0
2024-10-07 21:00:00+00:00,128.1695,128.32,127.72,128.22,576715.0
2024-10-07 22:00:00+00:00,128.2198,128.2785,127.75,127.96,685531.0
2024-10-07 23:00:00+00:00,127.9534,128.1,127.9105,128.09,509639.0
2024-10-08 08:00:00+00:00,128.5,129.24,127.77,128.89,790143.0
2024-10-08 09:00:00+00:00,128.91,130.05,128.82,129.93,833012.0
2024-10-08 10:00:00+00:00,129.91,130.2,129.62,129.99,633390.0
2024-10-08 11:00:00+00:00,129.95,130.49,129.72,130.05,1889836.0
2024-10-08 12:00:00+00:00,130.05,130.49,127.8,129.92,3416527.0
2024-10-08 13:00:00+00:00,129.93,130.99,129.42,130.605,45929310.0
2024-10-08 14:00:00+00:00,130.61,132.8,130.6,132.71,64743147.0
2024-10-08 15:00:00+00:00,132.715,132.92,131.535,132.2649,36239049.0
2024-10-08 16:00:00+00:00,132.26,132.69,131.61,132.275,23818318.0
2024-10-08 17:00:00+00:00,132.28,132.5,131.7,132.48,19265529.0
2024-10-08 18:00:00+00:00,132.475,133.0,132.18,132.975,23885398.0
2024-10-08 19:00:00+00:00,132.9711,133.48,132.58,132.94,41455135.0
2024-10-08 20:00:00+00:00,132.93,132.94,132.49,132.52,4089003.0
2024-10-08 21:00:00+00:00,132.521,132.89,132.45,132.83,670730.0
2024-10-08 22:00:00+00:00,132.81,132.81,132.58,132.728,460314.0
2024-10-08 23:00:00+00:00,132.72,133.03,132.699,133.0,618760.0
2024-10-09 08:00:00+00:00,133.38,134.64,132.73,134.52,1272079.0
2024-10-09 09:00:00+00:00,134.53,134.85,134.42,134.57,686495.0
2024-10-09 10:00:00+00:00,134.55,134.65,134.2,134.53,396502.0
2024-10-09 11:00:00+00:00,134.52,134.8,133.62,133.8,1746473.0
2024-10-09 12:00:00+00:00,133.8,134.79,132.57,134.2,4504751.0
2024-10-09 13:00:00+00:00,134.2,134.7,131.38,132.36,50556221.0
2024-10-09 14:00:00+00:00,132.37,133.99,132.37,133.2099,48965673.0
2024-10-09 15:00:00+00:00,133.2,133.8,132.54,132.725,28944644.0
2024-10-09 16:00:00+00:00,132.74,132.77,131.47,132.1798,27746178.0
2024-10-09 17:00:00+00:00,132.18,132.26,131.48,131.82,20779174.0
2024-10-09 18:00:00+00:00,131.82,132.69,131.58,132.3311,20028668.0
2024-10-09 19:00:00+00:00,132.34,132.84,132.15,132.61,24709064.0
2024-10-09 20:00:00+00:00,132.64,132.65,132.15,132.35,1572351.0
2024-10-09 21:00:00+00:00,132.35,132.43,132.3,132.339,289694.0
2024-10-09 22:00:00+00:00,132.34,132.4,132.12,132.14,309752.0
2024-10-09 23:00:00+00:00,132.2,132.36,132.07,132.14,442126.0
2024-10-10 08:00:00+00:00,132.65,132.65,131.38,131.71,624756.0
2024-10-10 09:00:00+00:00,131.67,131.99,131.47,131.95,218661.0
2024-10-10 10:00:00+00:00,131.98,132.25,131.9,132.02,185143.0
2024-10-10 11:00:00+00:00,132.05,132.74,131.99,132.66,613939.0
2024-10-10 12:00:00+00:00,132.65,132.95,130.8,131.57,5580583.0
2024-10-10 13:00:00+00:00,131.5215,133.33,131.0,132.83,39781595.0
2024-10-10 14:00:00+00:00,132.826,134.77,132.62,134.3007,49934107.0
2024-10-10 15:00:00+00:00,134.3001,134.95,133.83,134.893,27556561.0
2024-10-10 16:00:00+00:00,134.89,135.0,133.95,134.465,26551944.0
2024-10-10 17:00:00+00:00,134.47,134.98,134.1,134.61,23336912.0
2024-10-10 18:00:00+00:00,134.62,134.71,133.52,134.094,20524407.0
2024-10-10 19:00:00+00:00,134.1,134.85,133.71,134.8,30643704.0
2024-10-10 20:00:00+00:00,134.81,134.85,134.54,134.68,3167181.0
2024-10-10 21:00:00+00:00,134.67,134.7,134.51,134.5811,436795.0
2024-10-10 22:00:00+00:00,134.58,134.79,134.58,134.68,312553.0
2024-10-10 23:00:00+00:00,134.67,134.8,134.67,134.78,463274.0
2024-10-11 08:00:00+00:00,134.7,134.97,133.9,134.03,465614.0
2024-10-11 09:00:00+00:00,134.07,134.54,134.03,134.47,173349.0
2024-10-11 10:00:00+00:00,134.46,134.85,134.33,134.72,197983.0
2024-10-11 11:00:00+00:00,134.71,134.99,134.55,134.77,753397.0
2024-10-11 12:00:00+00:00,134.75,134.99,134.1048,134.38,2918805.0
2024-10-11 13:00:00+00:00,134.38,135.0,133.66,134.54,30804757.0
2024-10-11 14:00:00+00:00,134.54,135.78,134.18,134.73,44363790.0
2024-10-11 15:00:00+00:00,134.735,135.33,134.64,135.035,21432135.0
2024-10-11 16:00:00+00:00,135.035,135.25,134.67,134.995,15533371.0
2024-10-11 17:00:00+00:00,134.995,135.03,134.73,134.85,9740290.0
2024-10-11 18:00:00+00:00,134.8598,135.1499,134.56,134.83,12916553.0
2024-10-11 19:00:00+00:00,134.83,134.97,134.685,134.75,17432104.0
2024-10-11 20:00:00+00:00,134.76,134.8,134.4801,134.57,2226582.0
2024-10-11 21:00:00+00:00,134.56,134.7,134.5,134.52,276869.0
2024-10-11 22:00:00+00:00,134.51,134.55,134.4,134.41,172510.0
2024-10-11 23:00:00+00:00,134.42,134.45,134.28,134.38,311568.0
2024-10-14 08:00:00+00:00,135.05,135.84,134.52,135.52,632358.0
2024-10-14 09:00:00+00:00,135.53,135.68,135.4,135.45,189646.0
2024-10-14 10:00:00+00:00,135.48,136.33,135.48,135.96,518448.0
2024-10-14 11:00:00+00:00,135.93,136.38,135.7,136.32,1339578.0
2024-10-14 12:00:00+00:00,135.85,136.54,134.13,136.48,2717627.0
2024-10-14 13:00:00+00:00,136.49,139.3973,136.3,139.3973,47531940.0
2024-10-14 14:00:00+00:00,139.39,139.6,138.41,138.425,46464340.0
2024-10-14 15:00:00+00:00,138.4202,138.68,137.43,137.7101,28454516.0
2024-10-14 16:00:00+00:00,137.715,138.62,137.62,138.2891,18846750.0
2024-10-14 17:00:00+00:00,138.29,138.92,138.27,138.6801,15139798.0
2024-10-14 18:00:00+00:00,138.69,139.05,138.46,138.535,16178641.0
2024-10-14 19:00:00+00:00,138.53,138.9,137.86,138.1401,30078470.0
2024-10-14 20:00:00+00:00,138.1552,138.39,137.75,138.2904,2059473.0
2024-10-14 21:00:00+00:00,138.29,138.3,138.0,138.0484,746243.0
2024-10-14 22:00:00+00:00,138.05,138.06,137.8999,137.9201,467526.0
2024-10-14 23:00:00+00:00,137.93,138.15,137.9004,138.07,448244.0
2024-10-15 08:00:00+00:00,137.6,138.28,135.5,136.3,1304406.0
2024-10-15 09:00:00+00:00,136.37,136.89,136.18,136.2,535181.0
2024-10-15 10:00:00+00:00,136.21,136.5,135.91,136.42,481821.0
2024-10-15 11:00:00+00:00,136.42,137.47,136.32,136.97,1529685.0
2024-10-15 12:00:00+00:00,136.62,138.13,135.8148,136.95,2701661.0
2024-10-15 13:00:00+00:00,136.97,138.57,135.36,135.51,42526505.0
2024-10-15 14:00:00+00:00,135.51,136.18,128.74,132.06,116501717.0
2024-10-15 15:00:00+00:00,132.07,132.818,130.53,130.5799,52264482.0
2024-10-15 16:00:00+00:00,130.58,131.7,130.01,131.4102,33492754.0
2024-10-15 17:00:00+00:00,131.4001,131.68,130.83,131.36,24075284.0
2024-10-15 18:00:00+00:00,131.35,132.25,131.26,131.424,26884406.0
2024-10-15 19:00:00+00:00,131.43,131.98,130.645,131.61,43539825.0
2024-10-15 20:00:00+00:00,131.6,132.0,130.89,131.05,5550967.0
2024-10-15 21:00:00+00:00,131.05,131.05,130.6,130.95,808764.0
2024-10-15 22:00:00+00:00,130.94,132.9511,130.7,131.29,683703.0
2024-10-15 23:00:00+00:00,131.3,131.48,131.2,131.24,633547.0
2024-10-16 08:00:00+00:00,132.5,132.6,131.7,132.24,667120.0
2024-10-16 09:00:00+00:00,132.28,132.82,132.24,132.5,391890.0
2024-10-16 10:00:00+00:00,132.52,132.79,132.31,132.55,261059.0
2024-10-16 11:00:00+00:00,132.54,132.8,132.05,132.52,1043636.0
2024-10-16 12:00:00+00:00,132.4,133.15,131.9965,132.72,2604250.0
2024-10-16 13:00:00+00:00,132.73,134.11,131.58,132.11,44034862.0
2024-10-16 14:00:00+00:00,132.11,134.78,131.69,133.0,50891161.0
2024-10-16 15:00:00+00:00,133.005,134.3,132.91,133.8508,29288148.0
2024-10-16 16:00:00+00:00,133.858,134.96,133.74,134.8901,21304323.0
2024-10-16 17:00:00+00:00,134.9,136.25,134.6915,136.155,32239178.0
2024-10-16 18:00:00+00:00,136.155,136.62,135.68,136.45,27651853.0
2024-10-16 19:00:00+00:00,136.455,136.51,135.3106,135.7099,33072028.0
2024-10-16 20:00:00+00:00,135.72,135.72,134.2672,135.46,2282836.0
2024-10-16 21:00:00+00:00,135.46,135.6191,135.4,135.53,373959.0
2024-10-16 22:00:00+00:00,135.54,135.96,135.49,135.92,463195.0
2024-10-16 23:00:00+00:00,135.92,136.03,135.5,135.5339,647969.0
2024-10-17 08:00:00+00:00,138.2,139.4,137.05,139.18,1448593.0
2024-10-17 09:00:00+00:00,139.18,139.32,138.6,138.9,679409.0
2024-10-17 10:00:00+00:00,138.9,140.3,138.9,140.08,1512980.0
2024-10-17 11:00:00+00:00,140.07,140.09,139.56,139.95,2358342.0
2024-10-17 12:00:00+00:00,139.94,140.065,135.41,139.94,5982131.0
2024-10-17 13:00:00+00:00,139.94,140.89,137.65,138.865,72170977.0
2024-10-17 14:00:00+00:00,138.88,139.75,137.3648,139.12,62630410.0
2024-10-17 15:00:00+00:00,139.13,140.13,138.6,140.104,32071604.0
2024-10-17 16:00:00+00:00,140.11,140.252,138.8934,139.0,26645755.0
2024-10-17 17:00:00+00:00,139.0,139.92,138.9,139.51,16714879.0
2024-10-17 18:00:00+00:00,139.51,139.58,138.11,138.9199,26644727.0
2024-10-17 19:00:00+00:00,138.914,139.32,136.87,136.92,35288853.0
2024-10-17 20:00:00+00:00,136.92,137.68,136.34,137.26,4431588.0
2024-10-17 21:00:00+00:00,137.288,137.49,137.22,137.39,580022.0
2024-10-17 22:00:00+00:00,137.4,137.7,137.34,137.54,472032.0
2024-10-17 23:00:00+00:00,137.5285,137.5496,137.28,137.39,490280.0
2024-10-18 08:00:00+00:00,138.5,138.83,137.79,138.46,562318.0
2024-10-18 09:00:00+00:00,138.49,138.64,138.04,138.2,244849.0
2024-10-18 10:00:00+00:00,138.25,138.45,138.06,138.19,250134.0
2024-10-18 11:00:00+00:00,138.17,138.5,137.74,138.2,1148706.0
2024-10-18 12:00:00+00:00,138.14,138.78,137.22,138.68,2583007.0
2024-10-18 13:00:00+00:00,138.7,139.15,137.38,137.99,38417436.0
2024-10-18 14:00:00+00:00,137.98,138.5,137.45,137.534,28215599.0
2024-10-18 15:00:00+00:00,137.5399,138.1,137.48,137.8647,16455724.0
2024-10-18 16:00:00+00:00,137.87,138.42,137.28,138.24,18177656.0
2024-10-18 17:00:00+00:00,138.2301,138.67,138.15,138.29,16483892.0
2024-10-18 18:00:00+00:00,138.295,138.405,137.9201,138.035,12970546.0
2024-10-18 19:00:00+00:00,138.03,138.25,137.87,137.98,19324944.0
2024-10-18 20:00:00+00:00,138.0,138.04,137.93,138.01,7075474.0
2024-10-18 21:00:00+00:00,138.01,138.03,137.98,138.0,275301.0
2024-10-18 22:00:00+00:00,137.99,138.02,137.95,137.97,143566.0
2024-10-18 23:00:00+00:00,137.96,138.0,137.9102,138.0,251661.0
2024-10-21 08:00:00+00:00,138.43,138.86,137.5,138.74,389482.0
2024-10-21 09:00:00+00:00,138.73,138.75,138.15,138.27,241485.0
2024-10-21 10:00:00+00:00,138.22,138.77,137.95,138.04,396950.0
2024-10-21 11:00:00+00:00,138.05,138.19,136.74,137.09,1457767.0
2024-10-21 12:00:00+00:00,138.02,138.7836,136.8908,137.64,2183866.0
2024-10-21 13:00:00+00:00,137.65,141.49,137.63,141.1739,49982070.0
2024-10-21 14:00:00+00:00,141.185,141.8,139.94,140.8292,46161154.0
2024-10-21 15:00:00+00:00,140.83,141.355,140.0,141.28,28443283.0
2024-10-21 16:00:00+00:00,141.27,141.55,140.685,141.26,17957194.0
2024-10-21 17:00:00+00:00,141.255,142.44,141.18,142.307,27226136.0
2024-10-21 18:00:00+00:00,142.3,142.46,141.78,142.0642,20391551.0
2024-10-21 19:00:00+00:00,142.07,143.71,141.8,143.7,40457014.0
2024-10-21 20:00:00+00:00,143.7,144.4,141.2432,144.19,5087996.0
2024-10-21 21:00:00+00:00,144.1903,144.25,143.71,144.22,935642.0
2024-10-21 22:00:00+00:00,144.21,144.3,144.05,144.12,700512.0
2024-10-21 23:00:00+00:00,144.12,144.5,144.01,144.4999,1136291.0
2024-10-22 08:00:00+00:00,143.1,143.98,142.83,142.97,662921.0
2024-10-22 09:00:00+00:00,142.92,143.4,142.66,143.16,662960.0
2024-10-22 10:00:00+00:00,143.15,143.32,142.91,143.19,371235.0
2024-10-22 11:00:00+00:00,143.2,144.12,143.16,143.99,1907872.0
2024-10-22 12:00:00+00:00,143.3,144.37,142.52,143.53,4816883.0
2024-10-22 13:00:00+00:00,143.52,144.18,141.78,143.34,46118142.0
2024-10-22 14:00:00+00:00,143.3391,144.42,142.33,143.255,43993912.0
2024-10-22 15:00:00+00:00,143.27,143.7,142.8,143.27,21589785.0
2024-10-22 16:00:00+00:00,143.26,143.29,141.96,142.825,22004588.0
2024-10-22 17:00:00+00:00,142.82,143.96,142.71,143.825,20528456.0
2024-10-22 18:00:00+00:00,143.8207,144.0599,143.1115,143.305,19160644.0
2024-10-22 19:00:00+00:00,143.3,143.86,143.21,143.57,22843591.0
2024-10-22 20:00:00+00:00,143.58,143.62,143.12,143.56,3515657.0
2024-10-22 21:00:00+00:00,143.56,143.59,143.24,143.34,2561473.0
2024-10-22 22:00:00+00:00,143.33,143.37,143.1,143.2,334771.0
2024-10-22 23:00:00+00:00,143.18,143.47,143.18,143.33,360607.0
2024-10-23 08:00:00+00:00,143.11,143.5,143.02,143.17,272776.0
2024-10-23 09:00:00+00:00,143.16,143.28,142.4,142.95,378747.0
2024-10-23 10:00:00+00:00,142.91,143.01,142.0,142.3,447942.0
2024-10-23 11:00:00+00:00,142.3,142.78,142.26,142.58,754418.0
2024-10-23 12:00:00+00:00,142.39,143.5,142.21,142.55,2124366.0
2024-10-23 13:00:00+00:00,142.55,142.56,140.3908,140.8318,41505976.0
2024-10-23 14:00:00+00:00,140.84,141.41,138.26,140.745,61499716.0
2024-10-23 15:00:00+00:00,140.7501,141.24,139.6201,140.6601,30817729.0
2024-10-23 16:00:00+00:00,140.66,140.7,139.0488,139.1808,24309202.0
2024-10-23 17:00:00+00:00,139.1873,139.2,137.46,137.86,35459522.0
2024-10-23 18:00:00+00:00,137.86,139.24,137.63,139.0898,28436115.0
2024-10-23 19:00:00+00:00,139.08,139.86,138.37,139.57,34594354.0
2024-10-23 20:00:00+00:00,139.56,140.55,139.33,140.032,4090941.0
2024-10-23 21:00:00+00:00,140.02,140.4376,139.56,140.4,890737.0
2024-10-23 22:00:00+00:00,140.4199,140.4199,140.02,140.26,436449.0
2024-10-23 23:00:00+00:00,140.27,140.34,140.2,140.21,482811.0
2024-10-24 08:00:00+00:00,141.9,141.9,140.39,141.4,575027.0
2024-10-24 09:00:00+00:00,141.37,141.44,140.47,141.0,338521.0
2024-10-24 10:00:00+00:00,141.0,141.4,140.82,140.9,271771.0
2024-10-24 11:00:00+00:00,140.91,141.39,140.88,141.39,888366.0
2024-10-24 12:00:00+00:00,141.39,142.15,140.36,140.58,2920729.0
2024-10-24 13:00:00+00:00,140.59,141.35,139.58,140.43,29832869.0
2024-10-24 14:00:00+00:00,140.425,140.99,138.46,139.3115,39059960.0
2024-10-24 15:00:00+00:00,139.33,139.96,138.79,139.555,18184845.0
2024-10-24 16:00:00+00:00,139.56,139.83,138.83,139.53,16301572.0
2024-10-24 17:00:00+00:00,139.52,140.06,139.145,139.4,12913924.0
2024-10-24 18:00:00+00:00,139.41,140.14,139.26,139.97,12768462.0
2024-10-24 19:00:00+00:00,139.96,140.84,139.7,140.4,21674056.0
2024-10-24 20:00:00+00:00,140.41,140.41,139.9781,140.15,2111332.0
2024-10-24 21:00:00+00:00,140.13,140.23,140.01,140.15,322366.0
2024-10-24 22:00:00+00:00,140.17,140.41,140.15,140.1505,226551.0
2024-10-24 23:00:00+00:00,140.17,140.3,140.05,140.0601,311197.0
2024-10-25 08:00:00+00:00,140.95,141.04,140.4,140.72,319746.0
2024-10-25 09:00:00+00:00,140.75,140.92,140.55,140.67,126693.0
2024-10-25 10:00:00+00:00,140.68,141.05,140.64,140.85,162071.0
2024-10-25 11:00:00+00:00,140.82,141.08,140.63,141.01,531129.0
2024-10-25 12:00:00+00:00,140.78,141.2499,140.0,141.09,1640146.0
2024-10-25 13:00:00+00:00,141.1,143.27,140.8,142.7261,34833601.0
2024-10-25 14:00:00+00:00,142.74,143.78,142.45,143.4196,35601364.0
2024-10-25 15:00:00+00:00,143.41,144.13,143.307,143.72,27290558.0
2024-10-25 16:00:00+00:00,143.715,143.79,143.185,143.299,14818714.0
2024-10-25 17:00:00+00:00,143.3,143.5,141.43,141.705,26801918.0
2024-10-25 18:00:00+00:00,141.71,142.2999,140.942,142.004,23757811.0
2024-10-25 19:00:00+00:00,142.01,142.19,141.38,141.47,20463949.0
2024-10-25 20:00:00+00:00,141.54,142.664,141.1,141.44,1482931.0
2024-10-25 21:00:00+00:00,141.44,141.75,141.39,141.59,716833.0
2024-10-25 22:00:00+00:00,141.6,141.64,141.49,141.54,205719.0
2024-10-25 23:00:00+00:00,141.51,141.53,140.77,141.06,788606.0
2024-10-28 08:00:00+00:00,142.8,143.3,141.99,143.2,495891.0
2024-10-28 09:00:00+00:00,143.18,143.47,143.06,143.18,242405.0
2024-10-28 10:00:00+00:00,143.18,143.35,142.86,142.87,272138.0
2024-10-28 11:00:00+00:00,142.89,143.22,142.75,143.19,723113.0
2024-10-28 12:00:00+00:00,142.83,143.39,141.187,143.1,1890560.0
2024-10-28 13:00:00+00:00,143.1,143.21,140.89,141.3284,31703283.0
2024-10-28 14:00:00+00:00,141.32,142.08,140.93,141.34,29543251.0
2024-10-28 15:00:00+00:00,141.33,141.45,140.05,140.3199,25361616.0
2024-10-28 16:00:00+00:00,140.315,140.77,140.18,140.56,15571986.0
2024-10-28 17:00:00+00:00,140.56,141.42,140.41,141.385,16564852.0
2024-10-28 18:00:00+00:00,141.3898,141.49,140.73,140.99,13220179.0
2024-10-28 19:00:00+00:00,140.99,141.33,140.25,140.62,18228142.0
2024-10-28 20:00:00+00:00,140.5,141.5,140.27,140.47,2822966.0
2024-10-28 21:00:00+00:00,140.48,140.5,140.32,140.43,273330.0
2024-10-28 22:00:00+00:00,140.42,140.42,140.2597,140.4,277719.0
2024-10-28 23:00:00+00:00,140.4099,140.43,140.2008,140.2201,331094.0
2024-10-29 08:00:00+00:00,140.6,140.75,139.6,139.99,459240.0
2024-10-29 09:00:00+00:00,139.99,140.0,139.55,139.76,263651.0
2024-10-29 10:00:00+00:00,139.75,140.25,139.67,140.18,178566.0
2024-10-29 11:00:00+00:00,140.14,140.35,139.85,140.02,554191.0
2024-10-29 12:00:00+00:00,140.1,140.68,139.6024,139.78,1181278.0
2024-10-29 13:00:00+00:00,139.79,140.73,138.9,140.4848,25880104.0
2024-10-29 14:00:00+00:00,140.47,141.05,139.92,140.9188,24677311.0
2024-10-29 15:00:00+00:00,140.915,141.85,140.36,141.69,18498713.0
2024-10-29 16:00:00+00:00,141.685,142.0,141.1979,141.385,16803922.0
2024-10-29 17:00:00+00:00,141.3808,141.85,141.31,141.365,11647293.0
2024-10-29 18:00:00+00:00,141.37,141.97,141.25,141.7392,11488925.0
2024-10-29 19:00:00+00:00,141.73,142.2598,141.02,141.28,22202648.0
2024-10-29 20:00:00+00:00,141.25,141.5,140.3,140.8,4631015.0
2024-10-29 21:00:00+00:00,140.77,141.25,140.6112,140.9013,1941657.0
2024-10-29 22:00:00+00:00,140.9001,141.36,140.82,141.2602,414760.0
2024-10-29 23:00:00+00:00,141.27,141.39,141.01,141.3899,377053.0
2024-10-30 08:00:00+00:00,140.85,141.37,139.82,139.89,524036.0
2024-10-30 09:00:00+00:00,139.86,140.52,139.75,140.07,267351.0
2024-10-30 10:00:00+00:00,140.07,140.39,139.98,140.3,150663.0
2024-10-30 11:00:00+00:00,140.29,141.09,140.23,140.28,703360.0
2024-10-30 12:00:00+00:00,140.4,141.17,139.53,139.95,2445531.0
2024-10-30 13:00:00+00:00,139.85,139.94,136.81,139.0422,39896282.0
2024-10-30 14:00:00+00:00,139.04,139.915,138.83,139.125,27520938.0
2024-10-30 15:00:00+00:00,139.125,140.18,139.01,139.8499,17352590.0
2024-10-30 16:00:00+00:00,139.83,140.33,139.36,140.0496,12258593.0
2024-10-30 17:00:00+00:00,140.0399,140.2395,138.96,139.45,13556560.0
2024-10-30 18:00:00+00:00,139.45,140.28,139.37,139.865,11892707.0
2024-10-30 19:00:00+00:00,139.85,140.0,139.02,139.47,21416440.0
2024-10-30 20:00:00+00:00,139.335,139.6,138.49,138.98,5327794.0
2024-10-30 21:00:00+00:00,139.02,139.68,138.9,139.07,3745510.0
2024-10-30 22:00:00+00:00,139.07,139.24,137.35,137.4852,1794038.0
2024-10-30 23:00:00+00:00,137.48,138.0,137.36,137.85,669677.0
2024-10-31 08:00:00+00:00,136.4,137.51,136.35,137.37,641861.0
2024-10-31 09:00:00+00:00,137.31,137.45,137.18,137.28,167210.0
2024-10-31 10:00:00+00:00,137.29,137.4,137.04,137.36,211916.0
2024-10-31 11:00:00+00:00,137.37,138.33,137.1,138.2,874732.0
2024-10-31 12:00:00+00:00,137.31,138.987,136.0,137.58,2054692.0
2024-10-31 13:00:00+00:00,137.57,137.79,132.7,132.9808,47767810.0
2024-10-31 14:00:00+00:00,132.98,134.75,132.3701,133.31,47458232.0
2024-10-31 15:00:00+00:00,133.305,133.99,132.3,133.1579,30530607.0
2024-10-31 16:00:00+00:00,133.1507,133.7099,132.79,133.3209,18476866.0
2024-10-31 17:00:00+00:00,133.3295,133.84,132.79,132.97,16536557.0
2024-10-31 18:00:00+00:00,132.97,133.09,132.1106,132.7301,20421596.0
2024-10-31 19:00:00+00:00,132.73,134.71,132.41,132.57,41000429.0
2024-10-31 20:00:00+00:00,132.76,133.63,132.37,133.2282,6249461.0
2024-10-31 21:00:00+00:00,133.2,134.55,133.2,134.4,1381257.0
2024-10-31 22:00:00+00:00,134.3901,134.48,134.1,134.14,632729.0
2024-10-31 23:00:00+00:00,134.2,134.42,134.12,134.4101,431252.0
2024-11-01 08:00:00+00:00,134.94,135.51,134.57,135.27,581265.0
2024-11-01 09:00:00+00:00,135.29,135.59,135.16,135.25,290269.0
2024-11-01 10:00:00+00:00,135.24,135.74,135.22,135.38,265835.0
2024-11-01 11:00:00+00:00,135.37,135.39,134.61,134.91,816250.0
2024-11-01 12:00:00+00:00,134.93,135.6996,132.429,134.31,3566491.0
2024-11-01 13:00:00+00:00,134.32,136.585,134.06,136.1622,34706677.0
2024-11-01 14:00:00+00:00,136.19,137.31,135.4601,136.65,38547789.0
2024-11-01 15:00:00+00:00,136.65,137.13,135.9005,136.52,24817750.0
2024-11-01 16:00:00+00:00,136.51,136.8,135.63,135.7999,17601212.0
2024-11-01 17:00:00+00:00,135.8,136.4,135.31,135.3709,17198214.0
2024-11-01 18:00:00+00:00,135.37,135.85,134.95,135.5697,16191693.0
2024-11-01 19:00:00+00:00,135.56,136.08,135.03,135.43,23166398.0
2024-11-01 20:00:00+00:00,135.38,135.5301,135.29,135.42,1529092.0
2024-11-01 21:00:00+00:00,135.4,138.92,135.15,138.92,5493270.0
2024-11-01 22:00:00+00:00,138.91,139.83,138.81,139.15,4024698.0
2024-11-01 23:00:00+00:00,139.15,139.45,138.93,139.31,1823592.0
2024-11-04 09:00:00+00:00,139.3,139.88,138.27,138.43,1044791.0
2024-11-04 10:00:00+00:00,138.41,138.77,138.41,138.51,256361.0
2024-11-04 11:00:00+00:00,138.51,138.53,138.0,138.33,337990.0
2024-11-04 12:00:00+00:00,138.33,138.75,137.37,137.83,1360813.0
2024-11-04 13:00:00+00:00,138.5,139.99,137.31,137.898,2967582.0
2024-11-04 14:00:00+00:00,137.88,138.0,135.57,137.36,36656369.0
2024-11-04 15:00:00+00:00,137.36,137.93,136.53,137.72,28912112.0
2024-11-04 16:00:00+00:00,137.724,138.96,137.555,137.8127,26132765.0
2024-11-04 17:00:00+00:00,137.8382,138.08,137.03,137.7762,18971365.0
2024-11-04 18:00:00+00:00,137.77,138.29,137.32,138.13,14148109.0
2024-11-04 19:00:00+00:00,138.13,138.3899,137.72,137.78,12935073.0
2024-11-04 20:00:00+00:00,137.785,137.86,136.0,136.08,24914392.0
2024-11-04 21:00:00+00:00,136.05,137.4851,135.9,136.15,4105837.0
2024-11-04 22:00:00+00:00,136.15,136.2,135.77,136.0,588715.0
2024-11-04 23:00:00+00:00,136.1,136.2,135.85,136.01,355681.0
2024-11-05 00:00:00+00:00,136.01,136.04,135.35,135.41,540120.0
2024-11-05 09:00:00+00:00,136.24,137.37,136.17,137.1,375833.0
2024-11-05 10:00:00+00:00,137.05,137.18,136.8,137.07,195985.0
2024-11-05 11:00:00+00:00,137.07,137.68,137.04,137.23,210280.0
2024-11-05 12:00:00+00:00,137.2,137.29,136.66,136.94,613008.0
2024-11-05 13:00:00+00:00,137.23,137.26,135.92,136.9101,1676961.0
2024-11-05 14:00:00+00:00,136.92,138.99,136.79,138.77,26331351.0
2024-11-05 15:00:00+00:00,138.82,139.48,138.63,139.08,25684939.0
2024-11-05 16:00:00+00:00,139.07,140.37,138.88,140.365,19989708.0
2024-11-05 17:00:00+00:00,140.37,140.3701,139.35,139.665,17168370.0
2024-11-05 18:00:00+00:00,139.67,139.97,139.08,139.275,13355086.0
2024-11-05 19:00:00+00:00,139.275,140.0,139.275,139.425,13288998.0
2024-11-05 20:00:00+00:00,139.4299,139.95,139.1293,139.91,20998089.0
2024-11-05 21:00:00+00:00,139.92,140.07,139.42,139.73,4214647.0
2024-11-05 22:00:00+00:00,139.73,139.75,139.48,139.65,451921.0
2024-11-05 23:00:00+00:00,139.6301,139.77,139.52,139.69,229796.0
2024-11-06 00:00:00+00:00,139.69,140.3,139.69,140.1601,813412.0
2024-11-06 09:00:00+00:00,142.12,142.39,141.03,142.38,1088079.0
2024-11-06 10:00:00+00:00,142.4,142.49,141.9,142.22,667570.0
2024-11-06 11:00:00+00:00,142.2,142.33,140.17,140.23,956346.0
2024-11-06 12:00:00+00:00,140.23,141.5,140.23,141.19,1930767.0
2024-11-06 13:00:00+00:00,140.6,142.4796,140.45,142.1801,4331970.0
2024-11-06 14:00:00+00:00,142.18,144.63,141.76,142.87,48639860.0
2024-11-06 15:00:00+00:00,142.8706,144.31,142.87,143.88,34546252.0
2024-11-06 16:00:00+00:00,143.9,144.44,143.5,144.42,17981576.0
2024-11-06 17:00:00+00:00,144.42,145.49,144.3,145.479,30380476.0
2024-11-06 18:00:00+00:00,145.48,146.335,145.385,145.92,25643132.0
2024-11-06 19:00:00+00:00,145.9102,146.47,145.42,146.4084,18462187.0
2024-11-06 20:00:00+00:00,146.4,146.49,145.32,145.62,28594577.0
2024-11-06 21:00:00+00:00,145.41,145.75,145.0805,145.5,2998759.0
2024-11-06 22:00:00+00:00,145.49,145.87,145.24,145.54,1478583.0
2024-11-06 23:00:00+00:00,145.54,145.9,145.515,145.67,391179.0
2024-11-07 00:00:00+00:00,145.66,145.75,145.3,145.3,440941.0
2024-11-07 09:00:00+00:00,145.14,145.82,145.01,145.63,503118.0
2024-11-07 10:00:00+00:00,145.64,145.65,144.82,144.98,349064.0
2024-11-07 11:00:00+00:00,144.95,145.4,144.6,145.31,456779.0
2024-11-07 12:00:00+00:00,145.33,145.75,145.28,145.73,780242.0
2024-11-07 13:00:00+00:00,145.28,146.29,144.6336,146.06,3753749.0
2024-11-07 14:00:00+00:00,146.0501,148.205,146.0,148.155,35553718.0
2024-11-07 15:00:00+00:00,148.155,148.75,147.75,147.985,33983932.0
2024-11-07 16:00:00+00:00,147.99,148.3,147.29,148.2218,20085513.0
2024-11-07 17:00:00+00:00,148.23,148.24,147.71,148.225,13866729.0
2024-11-07 18:00:00+00:00,148.22,148.25,147.45,148.02,13719226.0
2024-11-07 19:00:00+00:00,148.02,148.5,147.56,148.4646,24702521.0
2024-11-07 20:00:00+00:00,148.47,148.93,148.06,148.89,25132568.0
2024-11-07 21:00:00+00:00,148.89,149.23,148.55,148.72,3274521.0
2024-11-07 22:00:00+00:00,148.729,148.88,148.69,148.8,1050776.0
2024-11-07 23:00:00+00:00,148.8,149.1,148.7,149.02,658151.0
2024-11-08 00:00:00+00:00,149.0,149.5,148.98,149.45,684012.0
2024-11-08 09:00:00+00:00,149.73,149.95,149.45,149.51,573564.0
2024-11-08 10:00:00+00:00,149.48,149.48,146.85,147.27,1125645.0
2024-11-08 11:00:00+00:00,147.29,148.22,146.8,148.14,936719.0
2024-11-08 12:00:00+00:00,148.17,149.2,148.0,149.16,1391293.0
2024-11-08 13:00:00+00:00,149.14,150.0,146.9171,148.5001,4273406.0
2024-11-08 14:00:00+00:00,148.51,149.77,147.95,148.42,31903360.0
2024-11-08 15:00:00+00:00,148.42,148.72,146.26,147.29,37628475.0
2024-11-08 16:00:00+00:00,147.28,147.97,146.35,147.65,20662523.0
2024-11-08 17:00:00+00:00,147.66,147.85,147.13,147.34,12455691.0
2024-11-08 18:00:00+00:00,147.345,147.73,147.22,147.5435,9937953.0
2024-11-08 19:00:00+00:00,147.545,147.56,146.85,147.01,11233290.0
2024-11-08 20:00:00+00:00,147.0199,147.88,146.88,147.5,18727102.0
2024-11-08 21:00:00+00:00,147.63,147.8,147.51,147.54,2655510.0
2024-11-08 22:00:00+00:00,147.53,147.65,147.39,147.55,949769.0
2024-11-08 23:00:00+00:00,147.55,147.63,147.46,147.49,187098.0
2024-11-09 00:00:00+00:00,147.4898,147.55,147.44,147.51,243049.0
2024-11-11 09:00:00+00:00,148.5,148.67,146.81,147.12,894137.0
2024-11-11 10:00:00+00:00,147.14,147.58,146.44,146.76,646143.0
2024-11-11 11:00:00+00:00,146.78,147.42,146.67,147.34,378231.0
2024-11-11 12:00:00+00:00,147.34,148.85,147.31,148.63,1534980.0
2024-11-11 13:00:00+00:00,148.65,148.85,146.56,148.44,3002659.0
2024-11-11 14:00:00+00:00,148.47,148.85,143.88,143.96,41288329.0
2024-11-11 15:00:00+00:00,143.96,146.49,143.57,146.21,37551632.0
2024-11-11 16:00:00+00:00,146.21,146.25,145.1,145.33,16992297.0
2024-11-11 17:00:00+00:00,145.32,145.6,144.695,145.32,15655813.0
2024-11-11 18:00:00+00:00,145.31,145.322,144.47,144.8716,13144384.0
2024-11-11 19:00:00+00:00,144.88,145.29,144.63,145.06,11538310.0
2024-11-11 20:00:00+00:00,145.055,145.9,144.885,145.28,19833837.0
2024-11-11 21:00:00+00:00,145.26,145.42,145.0,145.28,2891463.0
2024-11-11 22:00:00+00:00,145.28,145.42,145.25,145.31,1195550.0
2024-11-11 23:00:00+00:00,145.31,145.36,145.0,145.02,334173.0
2024-11-12 00:00:00+00:00,145.01,145.03,144.75,144.76,409264.0
2024-11-12 09:00:00+00:00,144.9,145.25,143.89,144.13,662666.0
2024-11-12 10:00:00+00:00,144.08,144.18,143.38,143.81,676294.0
2024-11-12 11:00:00+00:00,143.88,144.69,143.82,144.58,416517.0
2024-11-12 12:00:00+00:00,144.6,145.97,144.25,145.62,1197801.0
2024-11-12 13:00:00+00:00,144.52,146.86,143.95,146.78,3187088.0
2024-11-12 14:00:00+00:00,146.78,148.32,146.01,147.88,34360528.0
2024-11-12 15:00:00+00:00,147.88,149.65,147.62,148.31,41081661.0
2024-11-12 16:00:00+00:00,148.32,149.37,147.93,148.5901,22793681.0
2024-11-12 17:00:00+00:00,148.59,148.67,146.83,146.93,18425422.0
2024-11-12 18:00:00+00:00,146.94,148.4198,146.58,148.12,17381516.0
2024-11-12 19:00:00+00:00,148.11,148.7451,147.705,148.5,13059073.0
2024-11-12 20:00:00+00:00,148.51,148.58,147.55,148.39,20943560.0
2024-11-12 21:00:00+00:00,148.29,148.43,148.15,148.2,5568404.0
2024-11-12 22:00:00+00:00,148.21,148.68,148.16,148.67,583538.0
2024-11-12 23:00:00+00:00,148.6503,148.75,148.25,148.51,416193.0
2024-11-13 00:00:00+00:00,148.52,148.52,148.1704,148.2,384759.0
2024-11-13 09:00:00+00:00,148.65,148.95,147.43,147.9,520042.0
2024-11-13 10:00:00+00:00,147.92,148.64,147.89,148.5,448912.0
2024-11-13 11:00:00+00:00,148.52,149.0,148.3,148.46,463863.0
2024-11-13 12:00:00+00:00,148.47,148.75,148.0,148.09,750580.0
2024-11-13 13:00:00+00:00,147.75,149.4,147.6,148.85,4713540.0
2024-11-13 14:00:00+00:00,148.85,149.66,147.5507,148.03,29536571.0
2024-11-13 15:00:00+00:00,148.04,148.1,146.55,147.1897,27856860.0
2024-11-13 16:00:00+00:00,147.19,147.49,145.9,146.785,22027279.0
2024-11-13 17:00:00+00:00,146.78,147.2807,146.41,147.1925,15757063.0
2024-11-13 18:00:00+00:00,147.19,147.84,146.88,147.73,13316191.0
2024-11-13 19:00:00+00:00,147.74,147.76,146.51,146.82,14538859.0
2024-11-13 20:00:00+00:00,146.81,147.1999,145.94,146.41,24067390.0
2024-11-13 21:00:00+00:00,146.27,146.73,146.27,146.51,10747393.0
2024-11-13 22:00:00+00:00,146.51,146.63,146.27,146.58,5761692.0
2024-11-13 23:00:00+00:00,146.58,146.61,146.41,146.55,187390.0
2024-11-14 00:00:00+00:00,146.56,146.75,146.55,146.75,296962.0
2024-11-14 09:00:00+00:00,146.9,147.45,146.5,147.16,323500.0
2024-11-14 10:00:00+00:00,147.16,147.64,147.13,147.35,275287.0
2024-11-14 11:00:00+00:00,147.38,147.49,147.25,147.42,179465.0
2024-11-14 12:00:00+00:00,147.41,147.73,147.12,147.57,766604.0
2024-11-14 13:00:00+00:00,147.35,147.74,146.13,147.06,2115429.0
2024-11-14 14:00:00+00:00,147.06,147.77,145.55,147.59,28295890.0
2024-11-14 15:00:00+00:00,147.58,148.86,147.33,148.3563,36117068.0
2024-11-14 16:00:00+00:00,148.3592,149.0,148.33,148.43,20870825.0
2024-11-14 17:00:00+00:00,148.435,148.68,147.27,147.6779,18430719.0
2024-11-14 18:00:00+00:00,147.67,147.8,146.53,146.615,14084558.0
2024-11-14 19:00:00+00:00,146.615,147.22,146.47,146.895,22971803.0
2024-11-14 20:00:00+00:00,146.8907,146.9,145.76,146.8,27816276.0
2024-11-14 21:00:00+00:00,146.83,146.93,146.31,146.7,3943398.0
2024-11-14 22:00:00+00:00,146.7,146.76,146.35,146.51,508722.0
2024-11-14 23:00:00+00:00,146.49,146.5,146.22,146.4486,292140.0
2024-11-15 00:00:00+00:00,146.45,146.52,146.2,146.3181,329612.0
2024-11-15 09:00:00+00:00,145.83,146.32,145.55,145.94,450278.0
2024-11-15 10:00:00+00:00,145.92,146.15,145.8,145.86,282645.0
2024-11-15 11:00:00+00:00,145.87,146.62,145.84,146.37,329789.0
2024-11-15 12:00:00+00:00,146.36,146.49,145.86,146.07,704012.0
2024-11-15 13:00:00+00:00,146.2,146.76,145.03,145.28,3836894.0
2024-11-15 14:00:00+00:00,145.28,145.72,143.2716,143.81,37535379.0
2024-11-15 15:00:00+00:00,143.85,144.3,141.81,143.1821,38155524.0
2024-11-15 16:00:00+00:00,143.1899,143.53,141.3,141.4123,27787491.0
2024-11-15 17:00:00+00:00,141.42,142.19,140.84,141.735,25274374.0
2024-11-15 18:00:00+00:00,141.735,141.79,140.35,140.565,23020082.0
2024-11-15 19:00:00+00:00,140.57,141.55,140.08,141.32,27567903.0
2024-11-15 20:00:00+00:00,141.325,142.34,141.27,141.9703,35895035.0
2024-11-15 21:00:00+00:00,141.93,142.4901,141.83,142.05,3982211.0
2024-11-15 22:00:00+00:00,142.04,142.21,141.95,142.17,496001.0
2024-11-15 23:00:00+00:00,142.1699,142.41,142.15,142.32,343433.0
2024-11-16 00:00:00+00:00,142.3007,142.7,142.3,142.6999,477789.0
2024-11-18 09:00:00+00:00,142.8,143.5,137.21,138.64,2862557.0
2024-11-18 10:00:00+00:00,138.65,139.2,138.07,139.2,1083824.0
2024-11-18 11:00:00+00:00,139.2,139.48,138.5,139.0,762629.0
2024-11-18 12:00:00+00:00,139.0,139.8,138.12,138.499,2369595.0
2024-11-18 13:00:00+00:00,138.91,143.31,137.12,138.86,7218724.0
2024-11-18 14:00:00+00:00,138.87,140.18,137.15,138.14,40379685.0
2024-11-18 15:00:00+00:00,138.16,140.56,138.0201,140.2399,33433740.0
2024-11-18 16:00:00+00:00,140.235,141.28,139.72,140.0,23859357.0
2024-11-18 17:00:00+00:00,139.9971,140.07,138.88,139.4999,19176801.0
2024-11-18 18:00:00+00:00,139.49,140.39,139.353,140.355,15416707.0
2024-11-18 19:00:00+00:00,140.35,140.4,139.45,140.21,13098291.0
2024-11-18 20:00:00+00:00,140.2,141.55,139.5,140.2,27459592.0
2024-11-18 21:00:00+00:00,140.2,140.58,140.0,140.27,8642562.0
2024-11-18 22:00:00+00:00,140.27,140.8,140.27,140.65,535760.0
2024-11-18 23:00:00+00:00,140.65,140.69,140.34,140.52,335597.0
2024-11-19 00:00:00+00:00,140.5099,140.69,140.45,140.61,426932.0
2024-11-19 09:00:00+00:00,141.01,142.59,140.7,141.31,1135481.0
2024-11-19 10:00:00+00:00,141.26,141.83,141.2,141.48,276861.0
2024-11-19 11:00:00+00:00,141.51,142.07,141.25,141.7,358211.0
2024-11-19 12:00:00+00:00,141.69,142.57,141.55,142.18,1047875.0
2024-11-19 13:00:00+00:00,142.16,142.58,140.01,140.24,3656989.0
2024-11-19 14:00:00+00:00,140.23,143.55,140.14,142.33,35425544.0
2024-11-19 15:00:00+00:00,142.33,144.4,141.705,144.2999,33253211.0
2024-11-19 16:00:00+00:00,144.3,144.55,143.36,143.4,23370069.0
2024-11-19 17:00:00+00:00,143.41,143.97,143.16,143.9601,15162718.0
2024-11-19 18:00:00+00:00,143.96,145.525,143.83,145.415,22095655.0
2024-11-19 19:00:00+00:00,145.415,146.92,145.33,146.5501,25896148.0
2024-11-19 20:00:00+00:00,146.5409,147.13,146.13,147.0,34811793.0
2024-11-19 21:00:00+00:00,147.01,147.66,141.9251,147.12,3527093.0
2024-11-19 22:00:00+00:00,147.16,147.18,146.75,146.97,775946.0
2024-11-19 23:00:00+00:00,146.97,147.6,146.89,147.48,738187.0
2024-11-20 00:00:00+00:00,147.48,147.84,147.42,147.69,874971.0
2024-11-20 09:00:00+00:00,147.7,147.92,146.35,146.8,789908.0
2024-11-20 10:00:00+00:00,146.72,147.43,146.47,147.31,408791.0
2024-11-20 11:00:00+00:00,147.31,147.5,147.08,147.47,363947.0
2024-11-20 12:00:00+00:00,147.48,148.08,147.22,147.88,1661475.0
2024-11-20 13:00:00+00:00,147.49,148.0798,146.5095,147.72,2757421.0
2024-11-20 14:00:00+00:00,147.72,147.78,144.15,144.17,39508411.0
2024-11-20 15:00:00+00:00,144.17,146.0221,142.73,145.85,46113280.0
2024-11-20 16:00:00+00:00,145.85,146.59,144.2,145.715,33606607.0
2024-11-20 17:00:00+00:00,145.7,145.9401,144.5,144.8262,23916911.0
2024-11-20 18:00:00+00:00,144.83,145.13,144.08,144.4199,18332263.0
2024-11-20 19:00:00+00:00,144.4,144.57,143.24,144.3,25888782.0
2024-11-20 20:00:00+00:00,144.3036,146.16,143.88,145.93,42373192.0
2024-11-20 21:00:00+00:00,145.89,146.3,137.92,144.94,34175497.0
2024-11-20 22:00:00+00:00,144.93,145.86,142.39,144.1,14010785.0
2024-11-20 23:00:00+00:00,144.1,144.51,143.3,143.55,3527167.0
2024-11-21 00:00:00+00:00,143.52,143.58,142.13,142.2014,2520955.0
2024-11-21 09:00:00+00:00,142.5,143.84,139.8,141.3,2131886.0
2024-11-21 10:00:00+00:00,141.32,141.83,141.04,141.83,615164.0
2024-11-21 11:00:00+00:00,141.76,143.67,141.76,143.63,1163649.0
2024-11-21 12:00:00+00:00,143.6,145.0,143.3,144.43,2827769.0
2024-11-21 13:00:00+00:00,143.32,149.4,139.8559,147.92,14434863.0
2024-11-21 14:00:00+00:00,147.91,152.89,144.34,145.68,95310380.0
2024-11-21 15:00:00+00:00,145.68,145.9399,140.7,144.352,78152350.0
2024-11-21 16:00:00+00:00,144.36,145.455,142.89,143.6177,39792262.0
2024-11-21 17:00:00+00:00,143.616,145.0,143.15,144.085,28714747.0
2024-11-21 18:00:00+00:00,144.09,147.5,143.87,147.345,35519135.0
2024-11-21 19:00:00+00:00,147.345,148.0,145.87,147.755,34454107.0
2024-11-21 20:00:00+00:00,147.75,148.55,146.3,146.62,41483858.0
2024-11-21 21:00:00+00:00,146.61,147.0,145.9,146.12,3644786.0
2024-11-21 22:00:00+00:00,146.1,146.34,146.05,146.18,463302.0
2024-11-21 23:00:00+00:00,146.2,146.5,146.09,146.1,428522.0
2024-11-22 00:00:00+00:00,146.09,146.2,145.8,145.8999,487365.0
2024-11-22 09:00:00+00:00,146.3,146.4,144.3,145.29,870812.0
2024-11-22 10:00:00+00:00,145.29,145.85,144.89,145.79,366319.0
2024-11-22 11:00:00+00:00,145.78,146.1,145.6,145.78,289228.0
2024-11-22 12:00:00+00:00,145.78,146.25,145.7,145.97,633560.0
2024-11-22 13:00:00+00:00,145.85,146.67,144.7383,145.68,2131542.0
2024-11-22 14:00:00+00:00,145.7,147.16,143.58,144.85,39710978.0
2024-11-22 15:00:00+00:00,144.84,144.8699,142.46,143.67,45432423.0
2024-11-22 16:00:00+00:00,143.66,143.815,141.55,142.18,37472692.0
2024-11-22 17:00:00+00:00,142.1897,142.29,141.5301,142.075,19133236.0
2024-11-22 18:00:00+00:00,142.07,142.33,141.8,141.94,17300279.0
2024-11-22 19:00:00+00:00,141.94,142.22,141.1,142.09,22144751.0
2024-11-22 20:00:00+00:00,142.08,142.15,141.48,141.88,28745951.0
2024-11-22 21:00:00+00:00,141.95,142.9908,141.8,141.9701,2449289.0
2024-11-22 22:00:00+00:00,141.99,142.08,141.93,141.99,403819.0
2024-11-22 23:00:00+00:00,141.99,142.0,141.72,141.74,359998.0
2024-11-23 00:00:00+00:00,141.7399,141.89,141.7,141.7708,339726.0
2024-11-25 09:00:00+00:00,143.4,143.5,140.04,142.39,1002471.0
2024-11-25 10:00:00+00:00,142.4,142.4,141.67,142.23,521486.0
2024-11-25 11:00:00+00:00,142.2,142.25,141.88,142.07,291189.0
2024-11-25 12:00:00+00:00,142.06,142.25,141.07,141.08,1331836.0
2024-11-25 13:00:00+00:00,141.09,143.4,141.01,141.98,3836896.0
2024-11-25 14:00:00+00:00,141.98,142.17,136.63,137.71,58802971.0
2024-11-25 15:00:00+00:00,137.7299,138.33,136.22,137.4021,50704644.0
2024-11-25 16:00:00+00:00,137.39,138.66,136.97,137.54,26550597.0
2024-11-25 17:00:00+00:00,137.555,137.62,136.45,137.4855,27392730.0
2024-11-25 18:00:00+00:00,137.48,137.89,136.375,136.5801,23456880.0
2024-11-25 19:00:00+00:00,136.58,137.415,136.3,136.7999,19799244.0
2024-11-25 20:00:00+00:00,136.8,137.1483,135.82,135.94,37255799.0
2024-11-25 21:00:00+00:00,136.02,137.0,135.38,136.26,9467177.0
2024-11-25 22:00:00+00:00,136.26,136.43,136.13,136.43,581543.0
2024-11-25 23:00:00+00:00,136.42,136.74,136.05,136.1,759014.0
2024-11-26 00:00:00+00:00,136.07,136.1,135.0,135.0,1950504.0
2024-11-26 09:00:00+00:00,136.05,136.94,135.8,136.6,540337.0
2024-11-26 10:00:00+00:00,136.65,136.94,136.32,136.67,256421.0
2024-11-26 11:00:00+00:00,136.67,137.29,136.51,136.97,444788.0
2024-11-26 12:00:00+00:00,136.97,137.72,136.72,137.45,1233149.0
2024-11-26 13:00:00+00:00,136.81,138.55,135.957,138.05,3795831.0
2024-11-26 14:00:00+00:00,138.05,139.3,136.02,137.16,41691573.0
2024-11-26 15:00:00+00:00,137.21,137.68,136.17,136.195,36971909.0
2024-11-26 16:00:00+00:00,136.19,137.14,136.17,136.9899,20151803.0
2024-11-26 17:00:00+00:00,136.985,137.1,136.48,136.995,13202654.0
2024-11-26 18:00:00+00:00,136.99,137.03,136.375,136.81,11582101.0
2024-11-26 19:00:00+00:00,136.81,136.85,135.67,136.295,16725721.0
2024-11-26 20:00:00+00:00,136.29,137.1,136.195,136.84,20041892.0
2024-11-26 21:00:00+00:00,136.87,136.95,136.47,136.69,3387674.0
2024-11-26 22:00:00+00:00,136.68,136.74,136.2,136.33,1034775.0
2024-11-26 23:00:00+00:00,136.34,136.92,136.2682,136.32,231377.0
2024-11-27 00:00:00+00:00,136.32,136.43,136.15,136.27,379864.0
2024-11-27 09:00:00+00:00,136.3,136.5,135.26,135.6,667012.0
2024-11-27 10:00:00+00:00,135.61,135.62,135.05,135.46,549213.0
2024-11-27 11:00:00+00:00,135.45,135.64,135.27,135.57,317356.0
2024-11-27 12:00:00+00:00,135.57,135.64,135.01,135.18,938994.0
2024-11-27 13:00:00+00:00,135.18,136.75,135.0101,135.07,2015460.0
2024-11-27 14:00:00+00:00,135.1,137.22,133.4,133.9901,39958372.0
2024-11-27 15:00:00+00:00,133.99,134.024,132.01,132.725,45826208.0
2024-11-27 16:00:00+00:00,132.72,133.08,132.0,132.3138,26675371.0
2024-11-27 17:00:00+00:00,132.319,133.08,131.8,133.0411,18440684.0
2024-11-27 18:00:00+00:00,133.045,134.43,132.84,134.215,20601763.0
2024-11-27 19:00:00+00:00,134.22,134.6,133.98,134.345,15675126.0
2024-11-27 20:00:00+00:00,134.345,135.42,134.18,135.4,26220737.0
2024-11-27 21:00:00+00:00,135.38,135.7,135.1,135.42,3260237.0
2024-11-27 22:00:00+00:00,135.4192,135.49,135.25,135.31,320897.0
2024-11-27 23:00:00+00:00,135.3001,135.44,135.3001,135.43,275956.0
2024-11-28 00:00:00+00:00,135.4296,136.0,135.42,135.98,732633.0
2024-11-29 09:00:00+00:00,137.6,137.95,137.01,137.45,463548.0
2024-11-29 10:00:00+00:00,137.45,137.7,137.24,137.54,199600.0
2024-11-29 11:00:00+00:00,137.59,137.8,137.31,137.34,199989.0
2024-11-29 12:00:00+00:00,137.33,137.45,136.6,136.95,749706.0
2024-11-29 13:00:00+00:00,137.34,137.85,136.27,136.603,7040711.0
2024-11-29 14:00:00+00:00,136.63,138.49,136.05,138.47,26652555.0
2024-11-29 15:00:00+00:00,138.475,139.35,138.0,138.3899,35823187.0
2024-11-29 16:00:00+00:00,138.385,139.0192,138.13,138.9,19775281.0
2024-11-29 17:00:00+00:00,138.89,139.08,138.24,138.28,23790159.0
2024-11-29 18:00:00+00:00,138.28,138.3,138.25,138.25,14195320.0
2024-11-29 21:00:00+00:00,138.1697,138.2,138.06,138.14,244783.0
2024-12-02 09:00:00+00:00,138.1,138.25,136.37,136.47,857043.0
2024-12-02 10:00:00+00:00,136.5,136.73,135.71,136.46,520422.0
2024-12-02 11:00:00+00:00,136.46,136.97,136.32,136.87,307135.0
2024-12-02 12:00:00+00:00,136.88,137.74,136.81,137.47,859842.0
2024-12-02 13:00:00+00:00,136.91,138.45,135.99,137.84,5709978.0
2024-12-02 14:00:00+00:00,137.83,140.45,137.83,139.82,31462636.0
2024-12-02 15:00:00+00:00,139.88,140.37,138.3,138.5399,28281950.0
2024-12-02 16:00:00+00:00,138.55,139.54,138.525,139.2699,15068923.0
2024-12-02 17:00:00+00:00,139.25,139.6499,138.76,138.7687,13488323.0
2024-12-02 18:00:00+00:00,138.76,138.89,137.94,138.5837,15517420.0
2024-12-02 19:00:00+00:00,138.595,138.595,137.825,138.57,11405009.0
2024-12-02 20:00:00+00:00,138.56,139.0,137.89,138.63,20505081.0
2024-12-02 21:00:00+00:00,138.63,138.75,138.3,138.5,5301413.0
2024-12-02 22:00:00+00:00,138.48,138.5293,138.36,138.38,220284.0
2024-12-02 23:00:00+00:00,138.38,138.48,138.35,138.44,172644.0
2024-12-03 00:00:00+00:00,138.42,138.44,138.04,138.1,328174.0
2024-12-03 09:00:00+00:00,138.4,138.79,138.17,138.45,272838.0
2024-12-03 10:00:00+00:00,138.43,138.68,138.27,138.34,162385.0
2024-12-03 11:00:00+00:00,138.34,138.68,138.25,138.6,171229.0
2024-12-03 12:00:00+00:00,138.6,138.93,138.3,138.83,475004.0
2024-12-03 13:00:00+00:00,138.52,139.12,138.13,138.68,1360746.0
2024-12-03 14:00:00+00:00,138.69,140.54,137.8,139.4899,27400901.0
2024-12-03 15:00:00+00:00,139.49,139.54,138.1,138.7501,26005624.0
2024-12-03 16:00:00+00:00,138.75,139.45,138.57,138.6809,16491086.0
2024-12-03 17:00:00+00:00,138.69,139.16,138.495,139.0902,18051260.0
2024-12-03 18:00:00+00:00,139.1,139.44,138.92,139.2252,11556548.0
2024-12-03 19:00:00+00:00,139.22,139.86,139.06,139.815,10883012.0
2024-12-03 20:00:00+00:00,139.81,140.28,139.72,140.25,23600011.0
2024-12-03 21:00:00+00:00,140.26,140.77,139.7172,140.51,7287455.0
2024-12-03 22:00:00+00:00,140.51,140.6311,140.41,140.56,382029.0
2024-12-03 23:00:00+00:00,140.54,140.73,140.41,140.7,345741.0
2024-12-04 00:00:00+00:00,140.72,140.8398,140.61,140.77,368529.0
2024-12-04 09:00:00+00:00,141.3,141.74,140.84,141.63,485245.0
2024-12-04 10:00:00+00:00,141.64,141.67,141.26,141.45,214105.0
2024-12-04 11:00:00+00:00,141.45,141.68,141.29,141.51,189846.0
2024-12-04 12:00:00+00:00,141.52,141.93,141.35,141.78,768044.0
2024-12-04 13:00:00+00:00,141.51,142.09,141.06,142.06,2055707.0
2024-12-04 14:00:00+00:00,142.05,142.63,140.38,140.65,27739330.0
2024-12-04 15:00:00+00:00,140.63,142.38,140.29,141.9876,30736366.0
2024-12-04 16:00:00+00:00,141.99,143.66,141.85,143.6,28562459.0
2024-12-04 17:00:00+00:00,143.59,144.59,143.57,144.34,28304603.0
2024-12-04 18:00:00+00:00,144.34,144.62,143.753,144.29,18656691.0
2024-12-04 19:00:00+00:00,144.295,145.79,144.22,145.5314,28128478.0
2024-12-04 20:00:00+00:00,145.53,145.68,144.58,145.14,32582725.0
2024-12-04 21:00:00+00:00,145.12,145.15,144.51,144.84,2575432.0
2024-12-04 22:00:00+00:00,144.83,144.88,144.68,144.8,666834.0
2024-12-04 23:00:00+00:00,144.77,144.83,144.44,144.5106,503768.0
2024-12-05 00:00:00+00:00,144.5204,144.65,144.5,144.6299,465917.0
2024-12-05 09:00:00+00:00,144.65,144.66,144.17,144.44,401620.0
2024-12-05 10:00:00+00:00,144.44,144.9,144.37,144.76,227375.0
2024-12-05 11:00:00+00:00,144.76,145.32,144.66,145.09,316603.0
2024-12-05 12:00:00+00:00,145.08,145.49,144.92,145.32,635794.0
2024-12-05 13:00:00+00:00,144.96,145.49,144.38,144.89,1941738.0
2024-12-05 14:00:00+00:00,144.91,146.07,144.18,144.69,28496538.0
2024-12-05 15:00:00+00:00,144.7,145.45,143.95,145.33,27965655.0
2024-12-05 16:00:00+00:00,145.34,146.54,145.25,146.075,22012189.0
2024-12-05 17:00:00+00:00,146.08,146.35,145.76,145.9499,14910463.0
2024-12-05 18:00:00+00:00,145.95,146.0099,144.31,144.51,19350719.0
2024-12-05 19:00:00+00:00,144.515,145.251,144.35,145.1812,13461052.0
2024-12-05 20:00:00+00:00,145.18,145.5,144.88,145.01,18486603.0
2024-12-05 21:00:00+00:00,145.06,145.17,144.67,144.8001,5345485.0
2024-12-05 22:00:00+00:00,144.8,145.06,144.49,144.53,295165.0
2024-12-05 23:00:00+00:00,144.52,144.6,144.36,144.45,248457.0
2024-12-06 00:00:00+00:00,144.47,144.5,144.4,144.42,199082.0
2024-12-06 09:00:00+00:00,145.07,145.14,144.68,144.83,267330.0
2024-12-06 10:00:00+00:00,144.87,144.87,144.52,144.58,145959.0
2024-12-06 11:00:00+00:00,144.61,144.77,144.51,144.71,124641.0
2024-12-06 12:00:00+00:00,144.68,144.9,144.51,144.58,391391.0
2024-12-06 13:00:00+00:00,144.58,145.2,144.11,144.64,9859659.0
2024-12-06 14:00:00+00:00,144.63,145.65,144.175,145.495,19852027.0
2024-12-06 15:00:00+00:00,145.49,145.7,143.45,143.7306,26902001.0
2024-12-06 16:00:00+00:00,143.74,143.82,141.31,142.0,36855117.0
2024-12-06 17:00:00+00:00,142.0012,143.23,141.94,142.425,21963988.0
2024-12-06 18:00:00+00:00,142.42,142.91,142.3,142.615,11345228.0
2024-12-06 19:00:00+00:00,142.615,142.71,142.18,142.27,10491161.0
2024-12-06 20:00:00+00:00,142.265,142.5,141.79,142.4,23591723.0
2024-12-06 21:00:00+00:00,142.44,142.48,142.04,142.1137,3550803.0
2024-12-06 22:00:00+00:00,142.16,142.19,141.9,141.92,451542.0
2024-12-06 23:00:00+00:00,141.9108,142.05,141.81,141.94,327481.0
2024-12-07 00:00:00+00:00,141.94,141.94,141.8,141.93,295979.0
2024-12-09 09:00:00+00:00,142.47,142.6,140.74,140.92,827751.0
2024-12-09 10:00:00+00:00,140.93,141.29,140.61,140.85,659861.0
2024-12-09 11:00:00+00:00,140.84,141.12,138.81,139.74,1475111.0
2024-12-09 12:00:00+00:00,139.76,140.2,139.39,139.95,1854553.0
2024-12-09 13:00:00+00:00,140.0,142.66,138.9,139.5289,8363574.0
2024-12-09 14:00:00+00:00,139.5,139.95,137.42,139.67,34828481.0
2024-12-09 15:00:00+00:00,139.68,139.93,137.59,137.835,31011111.0
2024-12-09 16:00:00+00:00,137.835,138.49,137.13,138.33,22027269.0
2024-12-09 17:00:00+00:00,138.375,139.72,138.22,139.35,15291408.0
2024-12-09 18:00:00+00:00,139.35,139.84,139.055,139.119,12166031.0
2024-12-09 19:00:00+00:00,139.115,139.16,138.05,138.44,12305773.0
2024-12-09 20:00:00+00:00,138.44,139.18,138.13,138.805,17360441.0
2024-12-09 21:00:00+00:00,138.79,139.29,138.45,138.46,6563501.0
2024-12-09 22:00:00+00:00,138.47,138.81,138.31,138.4,305983.0
2024-12-09 23:00:00+00:00,138.39,138.3975,138.0,138.14,325859.0
2024-12-10 00:00:00+00:00,138.1106,138.14,137.87,137.93,423743.0
2024-12-10 09:00:00+00:00,138.0,138.1,137.08,137.22,423677.0
2024-12-10 10:00:00+00:00,137.23,137.7,137.02,137.64,296345.0
2024-12-10 11:00:00+00:00,137.64,138.38,137.64,138.03,341371.0
2024-12-10 12:00:00+00:00,138.03,138.83,138.0,138.599,608613.0
2024-12-10 13:00:00+00:00,138.25,139.14,137.1371,138.74,3069964.0
2024-12-10 14:00:00+00:00,138.75,141.82,138.6,140.93,28582128.0
2024-12-10 15:00:00+00:00,140.925,141.28,138.1,138.145,27359793.0
2024-12-10 16:00:00+00:00,138.15,138.28,136.18,136.98,30976856.0
2024-12-10 17:00:00+00:00,136.97,136.99,135.76,136.4799,17499699.0
2024-12-10 18:00:00+00:00,136.475,136.65,135.67,135.71,14660035.0
2024-12-10 19:00:00+00:00,135.703,136.15,134.69,134.7,20164754.0
2024-12-10 20:00:00+00:00,134.7,135.4,133.79,135.08,34561155.0
2024-12-10 21:00:00+00:00,135.07,136.9948,134.5,135.46,3333618.0
2024-12-10 22:00:00+00:00,135.47,135.48,135.26,135.3898,365504.0
2024-12-10 23:00:00+00:00,135.39,135.75,135.36,135.6,338928.0
2024-12-11 00:00:00+00:00,135.6,135.7,135.3,135.3,308034.0
2024-12-11 09:00:00+00:00,136.5,136.73,135.67,136.59,408599.0
2024-12-11 10:00:00+00:00,136.59,136.68,136.22,136.57,210274.0
2024-12-11 11:00:00+00:00,136.59,136.89,136.58,136.61,233829.0
2024-12-11 12:00:00+00:00,136.59,136.61,136.18,136.24,447357.0
2024-12-11 13:00:00+00:00,136.36,137.59,135.2,137.4807,4161171.0
2024-12-11 14:00:00+00:00,137.48,138.05,135.21,137.7391,29209461.0
2024-12-11 15:00:00+00:00,137.73,137.815,135.43,135.915,25484463.0
2024-12-11 16:00:00+00:00,135.91,138.34,135.8701,138.34,21420420.0
2024-12-11 17:00:00+00:00,138.33,139.05,138.06,138.8686,18769210.0
2024-12-11 18:00:00+00:00,138.8662,139.77,138.63,139.7416,16443901.0
2024-12-11 19:00:00+00:00,139.75,140.13,139.28,139.78,15922282.0
2024-12-11 20:00:00+00:00,139.78,140.17,138.94,139.26,23480139.0
2024-12-11 21:00:00+00:00,139.31,139.31,138.8,138.97,2031556.0
2024-12-11 22:00:00+00:00,138.97,139.15,138.95,139.04,263091.0
2024-12-11 23:00:00+00:00,139.07,139.16,138.95,138.98,279585.0
2024-12-12 00:00:00+00:00,138.96,139.04,138.88,138.99,314792.0
2024-12-12 09:00:00+00:00,139.0,139.53,138.37,138.6,330486.0
2024-12-12 10:00:00+00:00,138.6,139.07,138.51,139.06,128263.0
2024-12-12 11:00:00+00:00,139.07,139.2,138.64,138.98,252535.0
2024-12-12 12:00:00+00:00,139.0,139.0,138.46,138.55,418462.0
2024-12-12 13:00:00+00:00,138.93,139.29,137.45,137.74,3482346.0
2024-12-12 14:00:00+00:00,137.71,138.07,135.88,136.9,30125973.0
2024-12-12 15:00:00+00:00,136.9,137.53,135.8,137.07,29053285.0
2024-12-12 16:00:00+00:00,137.07,137.39,136.09,136.245,13729408.0
2024-12-12 17:00:00+00:00,136.24,138.0,136.15,137.9099,14477585.0
2024-12-12 18:00:00+00:00,137.9,138.44,137.32,137.49,15995451.0
2024-12-12 19:00:00+00:00,137.49,138.12,137.38,138.0598,12113442.0
2024-12-12 20:00:00+00:00,138.05,138.05,137.0,137.3,15438583.0
2024-12-12 21:00:00+00:00,137.34,137.82,136.95,137.2499,5141914.0
2024-12-12 22:00:00+00:00,137.27,139.0,137.125,138.96,1612021.0
2024-12-12 23:00:00+00:00,138.95,139.41,138.5,138.79,1045365.0
2024-12-13 00:00:00+00:00,138.8,139.23,138.74,139.0,644145.0
2024-12-13 09:00:00+00:00,139.0,139.8,138.0,138.85,377497.0
2024-12-13 10:00:00+00:00,138.87,138.99,138.69,138.85,182356.0
2024-12-13 11:00:00+00:00,138.87,138.91,138.48,138.57,184440.0
2024-12-13 12:00:00+00:00,138.55,139.4,138.53,139.32,726494.0
2024-12-13 13:00:00+00:00,138.74,139.98,138.36,139.88,2477561.0
2024-12-13 14:00:00+00:00,139.87,139.88,137.485,138.87,27281850.0
2024-12-13 15:00:00+00:00,138.87,139.1,134.02,134.17,42500367.0
2024-12-13 16:00:00+00:00,134.16,134.28,132.54,133.526,48201465.0
2024-12-13 17:00:00+00:00,133.52,134.15,132.85,133.5201,24932978.0
2024-12-13 18:00:00+00:00,133.53,134.62,133.5,134.3264,14589599.0
2024-12-13 19:00:00+00:00,134.32,134.92,133.65,133.72,21225524.0
2024-12-13 20:00:00+00:00,133.71,134.31,133.68,134.22,23623016.0
2024-12-13 21:00:00+00:00,134.19,134.39,133.82,133.99,2814940.0
2024-12-13 22:00:00+00:00,134.0,134.17,133.9997,134.07,1539310.0
2024-12-13 23:00:00+00:00,134.1,134.1,134.0,134.01,268804.0
2024-12-14 00:00:00+00:00,134.02,134.04,133.9,133.91,312973.0
2024-12-16 09:00:00+00:00,134.21,134.75,133.19,133.21,626206.0
2024-12-16 10:00:00+00:00,133.22,133.59,133.05,133.46,366004.0
2024-12-16 11:00:00+00:00,133.47,133.76,133.38,133.72,271014.0
2024-12-16 12:00:00+00:00,133.72,133.87,133.33,133.59,730996.0
2024-12-16 13:00:00+00:00,133.59,134.8,133.2024,134.77,3460547.0
2024-12-16 14:00:00+00:00,134.77,134.89,130.45,132.5199,44444965.0
2024-12-16 15:00:00+00:00,132.51,132.86,130.42,131.56,38028418.0
2024-12-16 16:00:00+00:00,131.5505,132.17,130.69,131.3801,24489751.0
2024-12-16 17:00:00+00:00,131.39,131.57,130.44,131.47,20807123.0
2024-12-16 18:00:00+00:00,131.462,132.04,130.71,131.1172,20490403.0
2024-12-16 19:00:00+00:00,131.12,132.78,131.05,131.91,25483750.0
2024-12-16 20:00:00+00:00,131.92,132.7399,131.52,131.97,25668223.0
2024-12-16 21:00:00+00:00,132.0,132.15,131.55,131.6294,3546019.0
2024-12-16 22:00:00+00:00,131.62,131.63,131.21,131.4,563568.0
2024-12-16 23:00:00+00:00,131.39,132.0,131.0,131.0899,631359.0
2024-12-17 00:00:00+00:00,131.09,131.15,130.91,130.95,619166.0
2024-12-17 09:00:00+00:00,130.72,131.15,128.88,129.37,1889437.0
2024-12-17 10:00:00+00:00,129.35,129.8,129.0,129.73,667471.0
2024-12-17 11:00:00+00:00,129.76,130.4,129.52,130.07,672207.0
2024-12-17 12:00:00+00:00,130.07,130.3,129.55,129.81,1471498.0
2024-12-17 13:00:00+00:00,130.11,131.23,129.0,129.58,3013028.0
2024-12-17 14:00:00+00:00,129.6,129.7,127.22,127.45,51126709.0
2024-12-17 15:00:00+00:00,127.44,129.3,126.86,128.9088,48228108.0
2024-12-17 16:00:00+00:00,128.9099,130.62,128.27,129.74,30146889.0
2024-12-17 17:00:00+00:00,129.76,131.59,129.51,130.91,25268409.0
2024-12-17 18:00:00+00:00,130.91,131.19,129.25,129.7409,19198092.0
2024-12-17 19:00:00+00:00,129.75,130.1999,129.42,129.84,14432558.0
2024-12-17 20:00:00+00:00,129.845,130.41,128.82,130.35,28227193.0
2024-12-17 21:00:00+00:00,130.34,131.59,129.0849,130.9,3811947.0
2024-12-17 22:00:00+00:00,130.88,130.98,130.7,130.84,858701.0
2024-12-17 23:00:00+00:00,130.81,131.2883,130.11,131.2,740224.0
2024-12-18 00:00:00+00:00,131.2,131.5,131.02,131.08,748988.0
2024-12-18 09:00:00+00:00,132.07,135.0,131.42,134.75,1714748.0
2024-12-18 10:00:00+00:00,134.75,135.0,133.82,134.17,1015501.0
2024-12-18 11:00:00+00:00,134.17,134.32,133.31,133.53,626546.0
2024-12-18 12:00:00+00:00,133.51,134.53,133.105,134.36,1523731.0
2024-12-18 13:00:00+00:00,134.36,134.8604,131.15,133.69,3898107.0
2024-12-18 14:00:00+00:00,133.68,135.78,132.81,134.86,38004034.0
2024-12-18 15:00:00+00:00,134.86,136.2,134.225,135.95,33355833.0
2024-12-18 16:00:00+00:00,135.95,136.7,134.66,135.1599,26825173.0
2024-12-18 17:00:00+00:00,135.155,135.86,134.82,135.72,14886859.0
2024-12-18 18:00:00+00:00,135.72,136.42,135.5,135.64,14247218.0
2024-12-18 19:00:00+00:00,135.645,135.69,132.38,132.7,33382254.0
2024-12-18 20:00:00+00:00,132.71,132.9,128.28,128.98,54743255.0
2024-12-18 21:00:00+00:00,128.92,130.22,126.5,129.771,11243808.0
2024-12-18 22:00:00+00:00,129.78,131.43,128.91,130.6,5279709.0
2024-12-18 23:00:00+00:00,130.6,130.75,129.655,130.41,1124136.0
2024-12-19 00:00:00+00:00,130.46,131.5094,130.35,131.5,1009410.0
2024-12-19 09:00:00+00:00,132.1,133.0,131.6,132.03,946522.0
2024-12-19 10:00:00+00:00,132.03,132.3,131.03,131.33,455195.0
2024-12-19 11:00:00+00:00,131.31,131.8,131.05,131.38,484930.0
2024-12-19 12:00:00+00:00,131.38,132.7,131.36,132.49,1088784.0
2024-12-19 13:00:00+00:00,131.66,132.7741,131.04,131.9,3109774.0
2024-12-19 14:00:00+00:00,131.86,132.24,129.8217,130.94,31173293.0
2024-12-19 15:00:00+00:00,130.93,132.06,129.55,131.62,37082778.0
2024-12-19 16:00:00+00:00,131.6,134.03,130.8014,133.05,29365715.0
2024-12-19 17:00:00+00:00,133.05,133.18,131.45,132.396,19324577.0
2024-12-19 18:00:00+00:00,132.38,132.95,131.52,132.89,15238160.0
2024-12-19 19:00:00+00:00,132.87,132.87,131.31,131.54,13601464.0
2024-12-19 20:00:00+00:00,131.535,132.09,130.3,130.65,24128552.0
2024-12-19 21:00:00+00:00,130.65,131.32,130.2,131.03,2315345.0
2024-12-19 22:00:00+00:00,131.01,131.13,130.68,130.98,1015366.0
2024-12-19 23:00:00+00:00,131.0,131.25,130.87,131.04,287642.0
2024-12-20 00:00:00+00:00,131.04,131.09,130.0,130.02,590952.0
2024-12-20 09:00:00+00:00,129.0,129.69,127.21,127.36,1313319.0
2024-12-20 10:00:00+00:00,127.4,128.13,127.27,127.6,699834.0
2024-12-20 11:00:00+00:00,127.62,127.9,126.35,127.22,932499.0
2024-12-20 12:00:00+00:00,127.25,127.53,126.6,127.53,1577455.0
2024-12-20 13:00:00+00:00,127.3,130.72,126.44,130.08,5465132.0
2024-12-20 14:00:00+00:00,130.06,130.19,128.22,129.675,45497240.0
2024-12-20 15:00:00+00:00,129.69,133.54,129.62,132.9453,34255607.0
2024-12-20 16:00:00+00:00,132.96,134.8,132.8,134.3523,28999307.0
2024-12-20 17:00:00+00:00,134.36,135.28,133.97,134.45,22667881.0
2024-12-20 18:00:00+00:00,134.45,134.6,133.54,134.1154,19572828.0
2024-12-20 19:00:00+00:00,134.09,135.03,133.95,134.4,15719706.0
2024-12-20 20:00:00+00:00,134.41,135.02,132.9,134.97,32375048.0
2024-12-20 21:00:00+00:00,134.97,135.04,134.31,134.65,13829198.0
2024-12-20 22:00:00+00:00,134.64,135.28,134.58,135.26,8244265.0
2024-12-20 23:00:00+00:00,135.28,135.6,135.1,135.59,631684.0
2024-12-21 00:00:00+00:00,135.58,135.88,135.16,135.24,696621.0
2024-12-23 09:00:00+00:00,136.55,137.71,135.8,136.4,757375.0
2024-12-23 10:00:00+00:00,136.32,136.4,135.53,135.68,404497.0
2024-12-23 11:00:00+00:00,135.7,135.73,134.57,135.52,566436.0
2024-12-23 12:00:00+00:00,135.47,136.69,135.43,136.68,998098.0
2024-12-23 13:00:00+00:00,135.55,137.29,134.725,135.85,2736993.0
2024-12-23 14:00:00+00:00,135.86,137.82,134.7,137.3195,28281893.0
2024-12-23 15:00:00+00:00,137.305,137.38,135.1201,136.55,25896257.0
2024-12-23 16:00:00+00:00,136.54,138.37,136.5007,138.37,20029368.0
2024-12-23 17:00:00+00:00,138.37,138.49,137.755,138.46,15072625.0
2024-12-23 18:00:00+00:00,138.4695,139.13,138.35,139.06,17470239.0
2024-12-23 19:00:00+00:00,139.06,139.7,138.82,138.965,17367730.0
2024-12-23 20:00:00+00:00,138.955,139.79,138.34,139.66,24456090.0
2024-12-23 21:00:00+00:00,139.67,139.7,139.2,139.42,2483915.0
2024-12-23 22:00:00+00:00,139.4,139.45,139.28,139.34,227742.0
2024-12-23 23:00:00+00:00,139.33,139.37,139.06,139.15,294595.0
2024-12-24 00:00:00+00:00,139.15,139.2,138.99,139.01,368630.0
2024-12-24 09:00:00+00:00,139.69,140.2,139.29,139.87,423806.0
2024-12-24 10:00:00+00:00,139.88,139.9,139.4,139.6,200581.0
2024-12-24 11:00:00+00:00,139.58,139.73,139.23,139.35,195647.0
2024-12-24 12:00:00+00:00,139.38,140.5,139.34,140.34,1027602.0
2024-12-24 13:00:00+00:00,139.55,140.55,139.25,140.23,2361475.0
2024-12-24 14:00:00+00:00,140.24,141.8,139.3103,141.6419,26167014.0
2024-12-24 15:00:00+00:00,141.66,141.9,140.26,141.2,26092217.0
2024-12-24 16:00:00+00:00,141.2,141.4099,140.46,140.5,15223823.0
2024-12-24 17:00:00+00:00,140.5,141.0,138.65,140.35,23450700.0
2024-12-24 18:00:00+00:00,140.22,140.22,140.22,140.22,6706862.0
2024-12-24 21:00:00+00:00,139.63,139.78,139.51,139.7799,197748.0
2024-12-26 09:00:00+00:00,140.3,140.89,138.18,138.49,741735.0
2024-12-26 10:00:00+00:00,138.5,139.05,138.37,138.86,272798.0
2024-12-26 11:00:00+00:00,138.83,139.18,138.4,138.95,328829.0
2024-12-26 12:00:00+00:00,138.97,139.6,138.9,139.29,509847.0
2024-12-26 13:00:00+00:00,138.89,140.94,138.4728,139.26,1333765.0
2024-12-26 14:00:00+00:00,139.26,140.85,138.41,139.02,20175398.0
2024-12-26 15:00:00+00:00,139.01,139.54,137.73,139.5025,24050609.0
2024-12-26 16:00:00+00:00,139.5001,139.66,139.03,139.62,11515481.0
2024-12-26 17:00:00+00:00,139.615,140.44,139.36,139.88,14302067.0
2024-12-26 18:00:00+00:00,139.875,140.4,139.75,140.1491,10899040.0
2024-12-26 19:00:00+00:00,140.15,140.27,139.85,140.19,8313034.0
2024-12-26 20:00:00+00:00,140.195,140.29,139.8,139.91,13064623.0
2024-12-26 21:00:00+00:00,139.93,139.93,139.57,139.66,1171633.0
2024-12-26 22:00:00+00:00,139.64,139.93,139.61,139.8,142578.0
2024-12-26 23:00:00+00:00,139.8,139.92,139.65,139.71,171836.0
2024-12-27 00:00:00+00:00,139.75,139.88,139.58,139.58,198259.0
2024-12-27 09:00:00+00:00,138.99,139.5,138.5,138.77,354041.0
2024-12-27 10:00:00+00:00,138.76,139.33,138.7,139.28,187465.0
2024-12-27 11:00:00+00:00,139.28,139.33,139.11,139.3,110053.0
2024-12-27 12:00:00+00:00,139.27,139.67,139.27,139.37,249661.0
2024-12-27 13:00:00+00:00,139.37,139.67,138.5183,139.1,1045410.0
2024-12-27 14:00:00+00:00,139.1,139.1699,136.2,136.485,25567731.0
2024-12-27 15:00:00+00:00,136.48,136.6499,134.71,135.9601,36685417.0
2024-12-27 16:00:00+00:00,135.95,136.93,135.575,136.03,17525894.0
2024-12-27 17:00:00+00:00,136.03,136.24,135.18,136.0489,16676234.0
2024-12-27 18:00:00+00:00,136.04,136.78,135.855,136.69,13879807.0
2024-12-27 19:00:00+00:00,136.6808,136.9699,136.16,136.8935,12429966.0
2024-12-27 20:00:00+00:00,136.8901,137.15,136.3,137.12,24210181.0
2024-12-27 21:00:00+00:00,137.01,137.18,136.96,136.98,1306176.0
2024-12-27 22:00:00+00:00,136.99,137.02,136.7,136.7703,275464.0
2024-12-27 23:00:00+00:00,136.77,136.83,136.63,136.7,152411.0
2024-12-28 00:00:00+00:00,136.7,136.73,136.6,136.62,150952.0
2024-12-30 09:00:00+00:00,136.49,137.0,135.23,135.88,392418.0
2024-12-30 10:00:00+00:00,135.87,136.19,135.77,136.17,158883.0
2024-12-30 11:00:00+00:00,136.15,136.4,136.0,136.14,155687.0
2024-12-30 12:00:00+00:00,136.22,136.75,135.02,135.31,775891.0
2024-12-30 13:00:00+00:00,135.31,136.79,133.93,134.26,2491589.0
2024-12-30 14:00:00+00:00,134.27,138.2,134.02,136.8999,28680337.0
2024-12-30 15:00:00+00:00,136.9,138.67,136.32,138.19,32217468.0
2024-12-30 16:00:00+00:00,138.18,138.4,137.27,138.2999,14607956.0
2024-12-30 17:00:00+00:00,138.2937,139.99,138.21,139.8524,20531129.0
2024-12-30 18:00:00+00:00,139.86,140.27,139.16,139.4809,18328412.0
2024-12-30 19:00:00+00:00,139.49,139.59,138.84,139.37,12818916.0
2024-12-30 20:00:00+00:00,139.37,139.47,137.38,137.39,21662123.0
2024-12-30 21:00:00+00:00,137.3892,137.5493,136.79,137.08,2587431.0
2024-12-30 22:00:00+00:00,137.1242,137.49,136.71,136.79,581223.0
2024-12-30 23:00:00+00:00,136.8,136.85,136.63,136.74,291887.0
2024-12-31 00:00:00+00:00,136.7399,136.95,136.5,136.5001,310553.0
2024-12-31 09:00:00+00:00,136.99,138.82,136.97,138.24,376725.0
2024-12-31 10:00:00+00:00,138.3,138.61,138.16,138.47,117133.0
2024-12-31 11:00:00+00:00,138.47,138.69,138.2,138.42,131519.0
2024-12-31 12:00:00+00:00,138.37,138.74,138.2,138.39,408072.0
2024-12-31 13:00:00+00:00,138.4,138.74,136.75,138.55,1186574.0
2024-12-31 14:00:00+00:00,138.53,138.74,136.1537,136.965,20423870.0
2024-12-31 15:00:00+00:00,136.95,137.79,135.67,136.574,23297061.0
2024-12-31 16:00:00+00:00,136.59,136.654,134.93,135.725,19424323.0
2024-12-31 17:00:00+00:00,135.72,136.2,134.256,135.315,16870946.0
2024-12-31 18:00:00+00:00,135.3,135.7224,134.04,134.31,14307156.0
2024-12-31 19:00:00+00:00,134.31,134.86,133.83,134.845,14640743.0
2024-12-31 20:00:00+00:00,134.84,135.63,134.0,134.29,24983942.0
2024-12-31 21:00:00+00:00,134.2,134.8,134.06,134.36,1428679.0
2024-12-31 22:00:00+00:00,134.39,134.45,134.25,134.35,329060.0
2024-12-31 23:00:00+00:00,134.33,134.35,134.2,134.21,159128.0
2025-01-01 00:00:00+00:00,134.21,134.29,134.1401,134.29,205219.0
2025-01-02 09:00:00+00:00,132.95,135.97,132.95,135.96,796131.0
2025-01-02 10:00:00+00:00,135.96,136.11,135.6,136.0,205219.0
2025-01-02 11:00:00+00:00,135.98,136.83,135.69,136.66,430792.0
2025-01-02 12:00:00+00:00,136.65,136.71,136.21,136.54,778926.0
2025-01-02 13:00:00+00:00,136.51,136.7086,134.78,136.21,2821878.0
2025-01-02 14:00:00+00:00,136.2,137.88,134.63,137.27,31686467.0
2025-01-02 15:00:00+00:00,137.285,138.37,136.41,137.375,32763019.0
2025-01-02 16:00:00+00:00,137.38,138.8,136.64,138.67,21756466.0
2025-01-02 17:00:00+00:00,138.67,138.88,135.16,136.19,26543940.0
2025-01-02 18:00:00+00:00,136.21,136.42,135.2601,136.11,15688843.0
2025-01-02 19:00:00+00:00,136.09,137.72,135.93,136.915,16383270.0
2025-01-02 20:00:00+00:00,136.915,138.626,136.88,138.28,23093601.0
2025-01-02 21:00:00+00:00,138.31,138.74,138.02,138.3,3200526.0
2025-01-02 22:00:00+00:00,138.4,138.4,138.1,138.33,2794785.0
2025-01-02 23:00:00+00:00,138.33,138.4,137.8,137.9017,393910.0
2025-01-03 00:00:00+00:00,137.9199,138.5336,137.8801,138.44,477032.0
2025-01-03 09:00:00+00:00,138.5,139.36,138.43,139.25,390105.0
2025-01-03 10:00:00+00:00,139.22,139.33,139.0,139.17,200656.0
2025-01-03 11:00:00+00:00,139.19,139.57,139.04,139.37,262055.0
2025-01-03 12:00:00+00:00,139.33,139.37,138.51,139.29,667456.0
2025-01-03 13:00:00+00:00,139.18,139.75,138.31,139.35,3983863.0
2025-01-03 14:00:00+00:00,139.3815,143.97,139.28,143.93,47706332.0
2025-01-03 15:00:00+00:00,143.93,144.2199,142.51,143.2,41182137.0
2025-01-03 16:00:00+00:00,143.21,144.01,142.7529,143.87,23146773.0
2025-01-03 17:00:00+00:00,143.8712,144.6864,143.62,144.6276,19094101.0
2025-01-03 18:00:00+00:00,144.62,144.9,143.92,144.0685,18902102.0
2025-01-03 19:00:00+00:00,144.07,144.72,143.82,144.4199,17613537.0
2025-01-03 20:00:00+00:00,144.41,144.72,143.8,144.59,26317023.0
2025-01-03 21:00:00+00:00,144.47,144.7,143.6677,144.5699,7481574.0
2025-01-03 22:00:00+00:00,144.56,144.83,144.5,144.8,432777.0
2025-01-03 23:00:00+00:00,144.82,145.0,144.79,144.9,440909.0
2025-01-04 00:00:00+00:00,144.9,145.0,144.86,144.99,472412.0
2025-01-06 09:00:00+00:00,146.0,147.69,144.87,147.5,1678205.0
2025-01-06 10:00:00+00:00,147.55,147.61,146.99,147.17,544099.0
2025-01-06 11:00:00+00:00,147.18,147.84,147.03,147.32,731823.0
2025-01-06 12:00:00+00:00,147.32,148.74,147.02,148.23,2373865.0
2025-01-06 13:00:00+00:00,148.225,148.7299,145.7,148.59,3896092.0
2025-01-06 14:00:00+00:00,148.58,150.33,147.8201,149.86,53593586.0
2025-01-06 15:00:00+00:00,149.8513,151.99,149.66,151.55,46554317.0
2025-01-06 16:00:00+00:00,151.57,152.156,151.035,151.095,27018298.0
2025-01-06 17:00:00+00:00,151.1,151.57,150.89,151.465,19413908.0
2025-01-06 18:00:00+00:00,151.465,151.85,150.4501,150.52,20511836.0
2025-01-06 19:00:00+00:00,150.52,150.83,149.66,149.75,20891244.0
2025-01-06 20:00:00+00:00,149.74,150.83,148.255,149.5101,36106883.0
2025-01-06 21:00:00+00:00,149.43,149.9197,149.2565,149.43,4231923.0
2025-01-06 22:00:00+00:00,149.46,150.45,149.3,150.1,1218761.0
2025-01-06 23:00:00+00:00,150.11,150.39,150.05,150.27,628011.0
2025-01-07 00:00:00+00:00,150.28,150.48,150.15,150.2802,652435.0
2025-01-07 09:00:00+00:00,150.47,152.13,146.45,151.49,1493885.0
2025-01-07 10:00:00+00:00,151.48,152.29,151.3,152.27,688489.0
2025-01-07 11:00:00+00:00,152.27,152.57,151.95,152.4,1036537.0
2025-01-07 12:00:00+00:00,152.4,153.66,152.06,153.11,2698582.0
2025-01-07 13:00:00+00:00,152.35,153.66,148.01,152.9799,6184781.0
2025-01-07 14:00:00+00:00,152.98,153.74,145.59,146.26,61817465.0
2025-01-07 15:00:00+00:00,146.23,146.49,140.44,142.695,92655046.0
2025-01-07 16:00:00+00:00,142.7112,143.11,141.0,141.675,49805571.0
2025-01-07 17:00:00+00:00,141.68,142.3,141.12,142.27,22795306.0
2025-01-07 18:00:00+00:00,142.2602,143.45,141.91,142.0399,22033783.0
2025-01-07 19:00:00+00:00,142.035,142.53,141.08,141.25,18749290.0
2025-01-07 20:00:00+00:00,141.26,141.58,140.01,140.12,41140382.0
2025-01-07 21:00:00+00:00,140.14,141.39,140.01,141.39,4576715.0
2025-01-07 22:00:00+00:00,141.36,141.58,141.09,141.2291,917122.0
2025-01-07 23:00:00+00:00,141.21,141.5,141.0,141.45,680952.0
2025-01-08 00:00:00+00:00,141.47,141.69,141.3674,141.5999,747904.0
2025-01-08 09:00:00+00:00,142.25,142.79,141.75,142.65,862591.0
2025-01-08 10:00:00+00:00,142.65,142.81,142.5,142.72,389138.0
2025-01-08 11:00:00+00:00,142.74,142.75,141.01,141.7,1164512.0
2025-01-08 12:00:00+00:00,141.71,141.93,140.0,140.58,2160087.0
2025-01-08 13:00:00+00:00,141.8,142.772,140.0415,142.14,4549859.0
2025-01-08 14:00:00+00:00,142.1,143.31,140.58,143.078,38545174.0
2025-01-08 15:00:00+00:00,143.07,143.95,137.56,140.54,45931447.0
2025-01-08 16:00:00+00:00,140.54,140.92,139.43,140.385,21691727.0
2025-01-08 17:00:00+00:00,140.39,140.42,137.89,139.43,24623879.0
2025-01-08 18:00:00+00:00,139.44,140.85,139.4,140.025,19986217.0
2025-01-08 19:00:00+00:00,140.03,141.02,139.56,140.14,21332599.0
2025-01-08 20:00:00+00:00,140.14,140.3,139.7001,140.06,19930218.0
2025-01-08 21:00:00+00:00,140.07,140.6421,137.5901,138.65,4643404.0
2025-01-08 22:00:00+00:00,138.65,139.16,138.5001,138.93,3091298.0
2025-01-08 23:00:00+00:00,138.91,139.16,138.36,138.36,629115.0
2025-01-09 00:00:00+00:00,138.39,138.7,138.3,138.54,662029.0
2025-01-10 09:00:00+00:00,139.0,139.0,138.0,138.15,706122.0
2025-01-10 10:00:00+00:00,138.17,139.18,137.91,138.77,596482.0
2025-01-10 11:00:00+00:00,138.76,139.6,138.3,139.11,439114.0
2025-01-10 12:00:00+00:00,139.06,139.11,137.5,138.0,1550860.0
2025-01-10 13:00:00+00:00,138.96,139.49,135.33,136.4894,5987645.0
2025-01-10 14:00:00+00:00,136.45,138.07,134.61,135.38,39334415.0
2025-01-10 15:00:00+00:00,135.4,139.92,134.22,135.62,41792961.0
2025-01-10 16:00:00+00:00,135.61,136.13,135.0,135.08,21754358.0
2025-01-10 17:00:00+00:00,135.09,136.73,135.03,136.6538,16240409.0
2025-01-10 18:00:00+00:00,136.655,137.1099,136.27,137.06,15039950.0
2025-01-10 19:00:00+00:00,137.07,137.0816,135.77,136.22,14480925.0
2025-01-10 20:00:00+00:00,136.22,136.4667,135.42,135.86,22486410.0
2025-01-10 21:00:00+00:00,135.86,136.09,135.82,135.9999,4515154.0
2025-01-10 22:00:00+00:00,135.99,136.05,135.81,135.81,281915.0
2025-01-10 23:00:00+00:00,135.8,135.83,135.72,135.77,217371.0
2025-01-11 00:00:00+00:00,135.8,135.8,135.6,135.61,303943.0
2025-01-13 09:00:00+00:00,133.2,134.31,131.67,131.95,1865728.0
2025-01-13 10:00:00+00:00,131.99,132.13,131.45,131.7,1243386.0
2025-01-13 11:00:00+00:00,131.67,131.96,131.36,131.7,1164952.0
2025-01-13 12:00:00+00:00,131.7,132.45,131.0,132.04,2408474.0
2025-01-13 13:00:00+00:00,132.05,134.4,131.01,131.45,4171310.0
2025-01-13 14:00:00+00:00,131.45,132.61,129.11,132.16,49135714.0
2025-01-13 15:00:00+00:00,132.16,133.11,130.62,131.875,35289499.0
2025-01-13 16:00:00+00:00,131.88,132.64,131.27,131.6001,20571588.0
2025-01-13 17:00:00+00:00,131.6099,132.84,131.14,132.5016,16232212.0
2025-01-13 18:00:00+00:00,132.51,132.91,132.01,132.1312,12408978.0
2025-01-13 19:00:00+00:00,132.14,132.53,131.57,132.4612,14159833.0
2025-01-13 20:00:00+00:00,132.46,133.49,132.09,133.24,21209788.0
2025-01-13 21:00:00+00:00,133.23,134.4,133.0,134.13,3042106.0
2025-01-13 22:00:00+00:00,134.13,134.58,134.0717,134.57,513479.0
2025-01-13 23:00:00+00:00,134.57,135.59,134.57,135.19,1105460.0
2025-01-14 00:00:00+00:00,135.15,135.19,134.46,134.93,771072.0
2025-01-14 09:00:00+00:00,136.0,136.33,135.5,135.86,659440.0
2025-01-14 10:00:00+00:00,135.88,136.35,135.62,135.95,394169.0
2025-01-14 11:00:00+00:00,135.9,135.92,135.11,135.36,566560.0
2025-01-14 12:00:00+00:00,135.37,135.75,134.25,135.09,1192017.0
2025-01-14 13:00:00+00:00,135.37,136.74,134.24,135.889,4064958.0
2025-01-14 14:00:00+00:00,135.85,136.38,133.35,133.5044,29453816.0
2025-01-14 15:00:00+00:00,133.52,134.56,130.83,130.86,40648292.0
2025-01-14 16:00:00+00:00,130.8501,131.59,130.32,130.5448,25846801.0
2025-01-14 17:00:00+00:00,130.54,131.24,130.45,131.0199,13312643.0
2025-01-14 18:00:00+00:00,131.01,132.3175,130.84,132.165,17228076.0
2025-01-14 19:00:00+00:00,132.16,132.36,130.42,130.48,17234424.0
2025-01-14 20:00:00+00:00,130.48,131.85,130.05,131.85,27198413.0
2025-01-14 21:00:00+00:00,131.76,132.2,131.7401,131.9101,1906853.0
2025-01-14 22:00:00+00:00,131.9497,131.9498,131.27,131.53,570330.0
2025-01-14 23:00:00+00:00,131.53,131.58,131.2,131.3498,520859.0
2025-01-15 00:00:00+00:00,131.35,131.39,131.2,131.29,354662.0
2025-01-15 09:00:00+00:00,131.2,131.7,130.81,131.58,342095.0
2025-01-15 10:00:00+00:00,131.59,131.59,131.06,131.4,194187.0
2025-01-15 11:00:00+00:00,131.42,132.09,131.4,131.78,454866.0
2025-01-15 12:00:00+00:00,131.77,132.29,131.77,132.12,698974.0
2025-01-15 13:00:00+00:00,131.77,134.7,131.03,133.59,4839411.0
2025-01-15 14:00:00+00:00,133.58,134.09,131.29,133.6,31160416.0
2025-01-15 15:00:00+00:00,133.6,135.59,133.57,134.82,31490423.0
2025-01-15 16:00:00+00:00,134.81,135.46,133.49,133.88,23156816.0
2025-01-15 17:00:00+00:00,133.88,135.47,133.76,135.08,16589504.0
2025-01-15 18:00:00+00:00,135.08,135.7499,135.07,135.51,14864532.0
2025-01-15 19:00:00+00:00,135.51,136.0,135.26,135.7599,13866490.0
2025-01-15 20:00:00+00:00,135.755,136.45,135.4529,136.19,22199217.0
2025-01-15 21:00:00+00:00,136.2,136.31,134.7707,135.92,1924586.0
2025-01-15 22:00:00+00:00,135.92,136.24,135.92,136.17,917668.0
2025-01-15 23:00:00+00:00,136.16,136.28,136.0,136.07,357802.0
2025-01-16 00:00:00+00:00,136.0959,136.3995,136.0871,136.2203,339434.0
2025-01-16 09:00:00+00:00,139.02,140.25,137.68,138.46,1692872.0
2025-01-16 10:00:00+00:00,138.47,138.99,137.94,138.47,695979.0
2025-01-16 11:00:00+00:00,138.45,139.01,138.41,138.6,411212.0
2025-01-16 12:00:00+00:00,138.57,138.61,137.361,137.86,1380362.0
2025-01-16 13:00:00+00:00,138.55,140.1,134.75,138.24,4541567.0
2025-01-16 14:00:00+00:00,138.2393,138.84,136.46,137.1,32532457.0
2025-01-16 15:00:00+00:00,137.089,137.74,136.09,136.842,30290979.0
2025-01-16 16:00:00+00:00,136.85,137.28,134.11,135.1575,28068885.0
2025-01-16 17:00:00+00:00,135.15,135.67,134.84,135.015,14608238.0
2025-01-16 18:00:00+00:00,135.02,135.2399,133.55,134.44,19926659.0
2025-01-16 19:00:00+00:00,134.43,135.8686,134.27,135.74,22538216.0
2025-01-16 20:00:00+00:00,135.74,135.82,133.49,133.57,23336938.0
2025-01-16 21:00:00+00:00,133.5,134.0782,133.27,133.58,8095011.0
2025-01-16 22:00:00+00:00,133.58,133.96,133.55,133.75,418146.0
2025-01-16 23:00:00+00:00,133.75,133.92,133.62,133.69,326581.0
2025-01-17 00:00:00+00:00,133.7285,133.9,133.4303,133.83,449979.0
2025-01-17 09:00:00+00:00,134.86,135.74,134.29,135.26,412238.0
2025-01-17 10:00:00+00:00,135.25,135.34,134.87,135.06,180140.0
2025-01-17 11:00:00+00:00,135.09,135.42,134.81,134.91,213983.0
2025-01-17 12:00:00+00:00,134.91,135.0,134.54,134.82,489621.0
2025-01-17 13:00:00+00:00,134.65,135.6,134.15,135.53,2740214.0
2025-01-17 14:00:00+00:00,135.54,137.1966,135.4649,136.67,42165055.0
2025-01-17 15:00:00+00:00,136.68,138.09,136.23,138.075,36272518.0
2025-01-17 16:00:00+00:00,138.07,138.24,137.36,137.99,20412510.0
2025-01-17 17:00:00+00:00,137.98,138.09,137.63,137.76,13949753.0
2025-01-17 18:00:00+00:00,137.755,138.5,137.58,137.805,16817629.0
2025-01-17 19:00:00+00:00,137.8057,138.165,137.47,137.856,11956230.0
2025-01-17 20:00:00+00:00,137.855,138.2,137.31,137.75,27185153.0
2025-01-17 21:00:00+00:00,137.71,138.02,137.6,137.9794,3737948.0
2025-01-17 22:00:00+00:00,137.97,138.03,137.69,137.6999,1085085.0
2025-01-17 23:00:00+00:00,137.69,137.9399,137.6107,137.68,324406.0
2025-01-18 00:00:00+00:00,137.67,137.7,137.5,137.631,398220.0
2025-01-21 09:00:00+00:00,138.63,139.27,138.1,138.89,555900.0
2025-01-21 10:00:00+00:00,138.88,139.0,138.76,138.76,256400.0
2025-01-21 11:00:00+00:00,138.76,138.93,138.76,138.83,231116.0
2025-01-21 12:00:00+00:00,138.83,138.87,138.13,138.42,1077936.0
2025-01-21 13:00:00+00:00,138.54,139.244,138.13,139.0591,2285605.0
2025-01-21 14:00:00+00:00,139.05,140.21,137.72,139.085,31940990.0
2025-01-21 15:00:00+00:00,139.09,139.14,137.09,138.9,24131501.0
2025-01-21 16:00:00+00:00,138.91,139.49,138.33,139.26,16423909.0
2025-01-21 17:00:00+00:00,139.245,140.94,138.83,140.91,17576666.0
2025-01-21 18:00:00+00:00,140.92,141.83,140.67,141.2502,22669471.0
2025-01-21 19:00:00+00:00,141.255,141.73,140.7626,141.3047,16250266.0
2025-01-21 20:00:00+00:00,141.305,141.72,140.58,140.83,20707092.0
2025-01-21 21:00:00+00:00,140.83,141.37,140.6,141.3088,9763679.0
2025-01-21 22:00:00+00:00,141.26,143.9,140.83,143.02,3542610.0
2025-01-21 23:00:00+00:00,143.02,143.21,140.83,142.85,1500462.0
2025-01-22 00:00:00+00:00,142.83,143.48,142.75,143.15,1068558.0
2025-01-22 09:00:00+00:00,143.45,144.75,143.3,144.75,1138018.0
2025-01-22 10:00:00+00:00,144.76,145.0,144.26,144.49,777578.0
2025-01-22 11:00:00+00:00,144.5,144.9,144.46,144.58,584641.0
2025-01-22 12:00:00+00:00,144.57,145.46,144.52,145.3,1770591.0
2025-01-22 13:00:00+00:00,145.3,146.0,143.15,145.4388,4576493.0
2025-01-22 14:00:00+00:00,145.4201,147.43,140.83,146.2,54293728.0
2025-01-22 15:00:00+00:00,146.205,147.18,145.72,145.79,37337517.0
2025-01-22 16:00:00+00:00,145.795,146.68,145.46,146.5854,23079638.0
2025-01-22 17:00:00+00:00,146.59,146.99,146.43,146.9792,17753460.0
2025-01-22 18:00:00+00:00,146.97,147.71,146.38,147.4,21261189.0
2025-01-22 19:00:00+00:00,147.4,147.7763,147.13,147.76,16919255.0
2025-01-22 20:00:00+00:00,147.755,147.79,146.7,147.03,28952560.0
2025-01-22 21:00:00+00:00,147.07,147.11,146.55,146.6995,2459732.0
2025-01-22 22:00:00+00:00,146.7,147.07,146.16,146.399,638081.0
2025-01-22 23:00:00+00:00,146.35,146.398,146.0102,146.03,508399.0
2025-01-23 00:00:00+00:00,146.04,146.05,144.93,145.21,1223146.0
2025-01-23 09:00:00+00:00,144.45,145.13,144.05,144.46,1108626.0
2025-01-23 10:00:00+00:00,144.4,144.6,144.09,144.17,493155.0
2025-01-23 11:00:00+00:00,144.16,144.69,144.13,144.65,398400.0
2025-01-23 12:00:00+00:00,144.64,145.0,143.8,144.37,1361851.0
2025-01-23 13:00:00+00:00,144.65,145.45,143.9,144.7,2533543.0
2025-01-23 14:00:00+00:00,144.7,145.72,143.72,145.3524,28294342.0
2025-01-23 15:00:00+00:00,145.36,146.29,144.765,145.97,25981061.0
2025-01-23 16:00:00+00:00,145.9745,146.32,145.32,145.8248,17822325.0
2025-01-23 17:00:00+00:00,145.825,145.85,144.98,145.43,11908614.0
2025-01-23 18:00:00+00:00,145.43,146.35,145.42,146.26,12066313.0
2025-01-23 19:00:00+00:00,146.265,146.86,146.09,146.284,12851654.0
2025-01-23 20:00:00+00:00,146.28,147.23,146.0,147.21,24408402.0
2025-01-23 21:00:00+00:00,147.22,147.25,146.39,146.85,2536205.0
2025-01-23 22:00:00+00:00,146.85,147.22,146.48,146.55,312466.0
2025-01-23 23:00:00+00:00,146.53,146.7,146.3,146.61,357941.0
2025-01-24 00:00:00+00:00,146.6104,146.65,146.3,146.41,279398.0
2025-01-24 09:00:00+00:00,146.03,147.4,146.03,147.13,511400.0
2025-01-24 10:00:00+00:00,147.15,147.21,146.8,146.9,177249.0
2025-01-24 11:00:00+00:00,146.89,146.94,145.52,146.1,646000.0
2025-01-24 12:00:00+00:00,146.1,146.75,146.02,146.63,718856.0
2025-01-24 13:00:00+00:00,146.13,147.3596,145.82,146.18,1804693.0
2025-01-24 14:00:00+00:00,146.18,149.1,146.01,147.86,37693455.0
2025-01-24 15:00:00+00:00,147.86,148.21,145.03,145.15,37676907.0
2025-01-24 16:00:00+00:00,145.14,145.69,144.24,144.35,23634774.0
2025-01-24 17:00:00+00:00,144.35,144.77,142.9,143.19,23204075.0
2025-01-24 18:00:00+00:00,143.19,143.7,142.29,142.3,27839585.0
2025-01-24 19:00:00+00:00,142.3,142.85,141.9401,142.35,23577313.0
2025-01-24 20:00:00+00:00,142.35,142.836,141.88,142.6004,33013854.0
2025-01-24 21:00:00+00:00,142.62,142.72,142.3105,142.4649,1798603.0
2025-01-24 22:00:00+00:00,142.47,142.48,142.17,142.3,525841.0
2025-01-24 23:00:00+00:00,142.29,142.33,142.05,142.16,465738.0
2025-01-25 00:00:00+00:00,142.1798,142.2,142.0,142.02,497274.0
2025-01-27 09:00:00+00:00,133.37,135.9,128.14,128.2,10047355.0
2025-01-27 10:00:00+00:00,128.22,129.12,122.75,124.2,9742846.0
2025-01-27 11:00:00+00:00,124.21,127.77,123.5,124.93,12434960.0
2025-01-27 12:00:00+00:00,124.94,127.0,124.74,126.19,12901281.0
2025-01-27 13:00:00+00:00,126.23,134.92,122.7704,127.14,21758412.0
2025-01-27 14:00:00+00:00,127.14,128.4,123.64,126.88,111734805.0
2025-01-27 15:00:00+00:00,126.87,126.995,122.8,122.9999,109842868.0
2025-01-27 16:00:00+00:00,122.99,123.3,117.26,120.27,144741382.0
2025-01-27 17:00:00+00:00,120.28,121.75,118.49,118.505,76496537.0
2025-01-27 18:00:00+00:00,118.5,119.96,117.8,117.8301,59167367.0
2025-01-27 19:00:00+00:00,117.835,119.47,116.7,117.912,74346515.0
2025-01-27 20:00:00+00:00,117.92,118.75,117.05,118.51,100274340.0
2025-01-27 21:00:00+00:00,118.51,121.5164,118.3303,120.43,13568799.0
2025-01-27 22:00:00+00:00,120.45,122.89,120.43,122.71,7465802.0
2025-01-27 23:00:00+00:00,122.7003,122.95,118.42,121.231,5079467.0
2025-01-28 00:00:00+00:00,121.2307,121.77,120.01,120.18,3585494.0
2025-01-28 09:00:00+00:00,124.29,124.65,122.82,124.63,3518284.0
2025-01-28 10:00:00+00:00,124.64,125.1,124.16,124.4,2529581.0
2025-01-28 11:00:00+00:00,124.4,125.03,123.06,123.19,2499564.0
2025-01-28 12:00:00+00:00,123.18,123.5,120.62,121.31,6636058.0
2025-01-28 13:00:00+00:00,121.86,124.9796,120.63,121.91,10905080.0
2025-01-28 14:00:00+00:00,121.91,123.05,116.25,119.73,102876134.0
2025-01-28 15:00:00+00:00,119.725,121.91,118.79,120.695,86812621.0
2025-01-28 16:00:00+00:00,120.7,123.49,120.32,123.445,63600757.0
2025-01-28 17:00:00+00:00,123.4438,126.64,123.2,125.7901,87665667.0
2025-01-28 18:00:00+00:00,125.8,126.92,125.4524,126.65,50250075.0
2025-01-28 19:00:00+00:00,126.66,127.87,126.13,127.46,44433101.0
2025-01-28 20:00:00+00:00,127.4601,129.0,126.64,128.9801,75188287.0
2025-01-28 21:00:00+00:00,128.99,129.06,127.61,127.6602,6206294.0
2025-01-28 22:00:00+00:00,127.67,127.95,127.22,127.57,2085511.0
2025-01-28 23:00:00+00:00,127.59,128.18,127.57,127.67,945278.0
2025-01-29 00:00:00+00:00,127.63,127.76,127.4,127.64,1046877.0
2025-01-29 09:00:00+00:00,129.94,130.3,128.1,129.42,2289670.0
2025-01-29 10:00:00+00:00,129.45,129.46,128.26,128.75,900869.0
2025-01-29 11:00:00+00:00,128.72,128.74,127.57,128.31,1244826.0
2025-01-29 12:00:00+00:00,128.31,128.41,127.16,127.46,1828398.0
2025-01-29 13:00:00+00:00,127.88,131.99,125.6,126.15,10625106.0
2025-01-29 14:00:00+00:00,126.11,126.89,124.5,125.255,48280829.0
2025-01-29 15:00:00+00:00,125.27,126.07,121.72,122.6799,69964708.0
2025-01-29 16:00:00+00:00,122.68,123.4,121.88,122.17,45994178.0
2025-01-29 17:00:00+00:00,122.17,123.4899,122.09,122.965,30007888.0
2025-01-29 18:00:00+00:00,122.96,122.995,120.05,120.95,55669573.0
2025-01-29 19:00:00+00:00,120.95,122.8,120.3,122.09,46546402.0
2025-01-29 20:00:00+00:00,122.101,123.81,121.52,123.81,58489599.0
2025-01-29 21:00:00+00:00,123.8,126.5,122.24,126.0,30527638.0
2025-01-29 22:00:00+00:00,126.0003,127.34,124.92,125.07,8326844.0
2025-01-29 23:00:00+00:00,125.11,125.2,121.55,121.8697,6110754.0
2025-01-30 00:00:00+00:00,121.79,123.32,121.79,123.2601,2004444.0
2025-01-30 09:00:00+00:00,123.3,124.68,123.3,123.51,1207032.0
2025-01-30 10:00:00+00:00,123.45,123.72,122.0,122.33,958160.0
2025-01-30 11:00:00+00:00,122.34,123.28,122.01,122.88,795043.0
2025-01-30 12:00:00+00:00,122.89,123.5,122.63,123.0,1267426.0
2025-01-30 13:00:00+00:00,123.08,124.6729,122.0104,123.3498,5021609.0
2025-01-30 14:00:00+00:00,123.321,124.15,121.25,122.165,43411297.0
2025-01-30 15:00:00+00:00,122.18,122.3,118.51,118.56,73579380.0
2025-01-30 16:00:00+00:00,118.56,120.89,118.1,120.585,49201763.0
2025-01-30 17:00:00+00:00,120.58,120.585,119.1,120.005,30275161.0
2025-01-30 18:00:00+00:00,120.005,120.23,119.26,120.13,24159098.0
2025-01-30 19:00:00+00:00,120.14,122.48,120.0,122.2837,40266638.0
2025-01-30 20:00:00+00:00,122.27,125.0,121.87,124.91,71098304.0
2025-01-30 21:00:00+00:00,124.9178,125.06,122.6205,123.05,25915800.0
2025-01-30 22:00:00+00:00,123.06,123.7,122.85,123.2607,2265690.0
2025-01-30 23:00:00+00:00,123.29,123.568,123.08,123.37,820840.0
2025-01-31 00:00:00+00:00,123.3798,123.56,123.1806,123.2291,744962.0
2025-01-31 09:00:00+00:00,123.09,123.89,122.8,123.5,795086.0
2025-01-31 10:00:00+00:00,123.52,123.65,122.75,123.02,526043.0
2025-01-31 11:00:00+00:00,123.02,123.66,122.83,123.16,507439.0
2025-01-31 12:00:00+00:00,123.19,123.2,122.59,122.96,1005623.0
2025-01-31 13:00:00+00:00,123.12,124.92,122.35,124.58,7897655.0
2025-01-31 14:00:00+00:00,124.56,125.15,123.21,124.994,39973568.0
2025-01-31 15:00:00+00:00,124.9999,127.14,124.9824,126.8,67366407.0
2025-01-31 16:00:00+00:00,126.79,127.85,124.83,125.42,48257092.0
2025-01-31 17:00:00+00:00,125.43,125.96,124.06,125.8701,33283482.0
2025-01-31 18:00:00+00:00,125.88,125.885,123.29,123.79,32173549.0
2025-01-31 19:00:00+00:00,123.825,124.01,121.25,121.86,39118480.0
2025-01-31 20:00:00+00:00,121.87,121.87,119.19,120.0,65888825.0
2025-01-31 21:00:00+00:00,120.07,120.65,119.91,120.07,6683498.0
2025-01-31 22:00:00+00:00,120.0509,120.19,119.6,119.8,1483821.0
2025-01-31 23:00:00+00:00,119.8,120.08,119.61,119.7196,1099136.0
2025-02-01 00:00:00+00:00,119.7198,119.75,119.2,119.23,1315717.0
2025-02-03 09:00:00+00:00,116.01,118.0,115.0,116.51,2754487.0
2025-02-03 10:00:00+00:00,116.51,117.99,116.25,117.25,1279450.0
2025-02-03 11:00:00+00:00,117.25,117.68,116.38,116.87,1118393.0
2025-02-03 12:00:00+00:00,116.88,117.38,114.78,114.99,4073325.0
2025-02-03 13:00:00+00:00,114.99,119.77,113.27,115.55,8800369.0
2025-02-03 14:00:00+00:00,115.541,116.1,113.01,114.7376,73728252.0
2025-02-03 15:00:00+00:00,114.68,117.99,113.61,117.85,75639045.0
2025-02-03 16:00:00+00:00,117.85,117.98,115.92,115.949,37181565.0
2025-02-03 17:00:00+00:00,115.94,116.779,115.51,116.3049,27326663.0
2025-02-03 18:00:00+00:00,116.29,117.1,115.54,116.9548,27300861.0
2025-02-03 19:00:00+00:00,116.95,118.57,116.9201,117.8099,34781241.0
2025-02-03 20:00:00+00:00,117.805,118.1314,114.8,116.66,38631412.0
2025-02-03 21:00:00+00:00,116.66,118.57,116.24,118.18,10030405.0
2025-02-03 22:00:00+00:00,118.1997,118.37,118.0,118.2195,1303479.0
2025-02-03 23:00:00+00:00,118.22,118.92,118.0,118.87,1204526.0
2025-02-04 00:00:00+00:00,118.8799,119.0,118.37,118.8,1223656.0
2025-02-04 09:00:00+00:00,117.36,118.05,117.07,117.59,652172.0
2025-02-04 10:00:00+00:00,117.57,117.72,117.25,117.52,354924.0
2025-02-04 11:00:00+00:00,117.52,117.65,116.96,116.97,486560.0
2025-02-04 12:00:00+00:00,117.03,117.48,116.89,117.12,1035113.0
2025-02-04 13:00:00+00:00,117.4,118.0,115.33,116.58,4225596.0
2025-02-04 14:00:00+00:00,116.57,119.88,116.17,119.355,37866839.0
2025-02-04 15:00:00+00:00,119.355,121.2,119.28,119.535,50930279.0
2025-02-04 16:00:00+00:00,119.535,120.24,119.05,119.0601,23899524.0
2025-02-04 17:00:00+00:00,119.065,119.125,117.8501,118.8338,28514303.0
2025-02-04 18:00:00+00:00,118.845,119.82,118.18,119.3699,19506025.0
2025-02-04 19:00:00+00:00,119.365,119.6,118.35,118.635,18935981.0
2025-02-04 20:00:00+00:00,118.64,118.955,118.08,118.69,27988334.0
2025-02-04 21:00:00+00:00,118.7,120.59,118.2,119.21,9793567.0
2025-02-04 22:00:00+00:00,119.21,119.3,118.75,118.96,1124334.0
2025-02-04 23:00:00+00:00,118.95,119.15,118.28,118.31,711508.0
2025-02-05 00:00:00+00:00,118.3,119.0,118.26,118.75,519888.0
2025-02-05 09:00:00+00:00,118.75,119.16,118.35,118.9,550193.0
2025-02-05 10:00:00+00:00,118.89,119.04,118.42,118.72,301069.0
2025-02-05 11:00:00+00:00,118.72,119.29,118.68,119.07,414660.0
2025-02-05 12:00:00+00:00,119.07,120.15,118.72,119.91,1347389.0
2025-02-05 13:00:00+00:00,119.18,120.63,118.42,120.47,11411506.0
2025-02-05 14:00:00+00:00,120.49,122.67,118.65,122.6,46030902.0
2025-02-05 15:00:00+00:00,122.55,123.39,121.7744,122.73,44593041.0
2025-02-05 16:00:00+00:00,122.72,124.34,122.5785,124.05,34080306.0
2025-02-05 17:00:00+00:00,124.05,124.64,122.0,123.865,23325149.0
2025-02-05 18:00:00+00:00,123.87,124.23,122.33,123.11,21356391.0
2025-02-05 19:00:00+00:00,123.11,124.0945,123.06,124.09,18430860.0
2025-02-05 20:00:00+00:00,124.09,125.0,123.545,124.96,36315055.0
2025-02-05 21:00:00+00:00,124.83,125.25,124.04,124.18,5213436.0
2025-02-05 22:00:00+00:00,124.2,124.9,124.1,124.3,931299.0
2025-02-05 23:00:00+00:00,124.3,124.57,124.3,124.48,414598.0
2025-02-06 00:00:00+00:00,124.49,124.75,124.4707,124.6583,562470.0
2025-02-06 09:00:00+00:00,125.35,126.38,125.05,125.81,1122643.0
2025-02-06 10:00:00+00:00,125.8,126.0,125.27,125.88,703412.0
2025-02-06 11:00:00+00:00,125.86,126.2,125.56,125.63,636473.0
2025-02-06 12:00:00+00:00,125.64,126.33,125.31,126.26,1205645.0
2025-02-06 13:00:00+00:00,125.6,127.23,124.66,127.1,5664846.0
2025-02-06 14:00:00+00:00,127.11,127.59,125.21,125.9827,42344186.0
2025-02-06 15:00:00+00:00,125.995,127.1,125.55,126.51,35784926.0
2025-02-06 16:00:00+00:00,126.51,128.24,126.255,127.805,32987770.0
2025-02-06 17:00:00+00:00,127.81,128.09,127.22,127.785,25423374.0
2025-02-06 18:00:00+00:00,127.785,128.4,127.68,128.28,20822382.0
2025-02-06 19:00:00+00:00,128.275,128.44,126.67,127.6309,25765916.0
2025-02-06 20:00:00+00:00,127.63,128.77,127.36,128.685,29659855.0
2025-02-06 21:00:00+00:00,128.68,129.39,128.12,128.61,6004296.0
2025-02-06 22:00:00+00:00,128.61,129.0,126.24,128.01,3985344.0
2025-02-06 23:00:00+00:00,128.03,128.3398,127.6822,128.0,628593.0
2025-02-07 00:00:00+00:00,127.99,128.2,127.84,128.12,473020.0
2025-02-07 09:00:00+00:00,128.59,129.17,127.2,127.28,903056.0
2025-02-07 10:00:00+00:00,127.29,127.86,127.01,127.78,524279.0
2025-02-07 11:00:00+00:00,127.75,128.34,127.5,128.31,397715.0
2025-02-07 12:00:00+00:00,128.3,129.0,128.131,128.84,958693.0
2025-02-07 13:00:00+00:00,128.13,129.13,127.1024,128.98,5593895.0
2025-02-07 14:00:00+00:00,128.96,130.37,128.7,129.65,40248323.0
2025-02-07 15:00:00+00:00,129.61,129.9,125.0,129.38,47720067.0
2025-02-07 16:00:00+00:00,129.38,129.5,127.6,128.25,29337596.0
2025-02-07 17:00:00+00:00,128.24,128.99,127.63,128.905,20889933.0
2025-02-07 18:00:00+00:00,128.905,129.65,128.3,128.39,17959187.0
2025-02-07 19:00:00+00:00,128.3893,128.74,127.905,128.6399,15292807.0
2025-02-07 20:00:00+00:00,128.635,130.0,128.19,129.87,31176040.0
2025-02-07 21:00:00+00:00,129.8693,129.87,129.17,129.2,3759204.0
2025-02-07 22:00:00+00:00,129.2,129.4,129.01,129.1,481072.0
2025-02-07 23:00:00+00:00,129.1005,129.13,128.85,128.99,412296.0
2025-02-08 00:00:00+00:00,128.99,129.02,128.69,128.7292,452893.0
2025-02-10 09:00:00+00:00,130.3,130.75,129.67,129.89,717478.0
2025-02-10 10:00:00+00:00,129.89,130.24,129.86,130.15,276554.0
2025-02-10 11:00:00+00:00,130.15,130.5,128.36,129.51,1829921.0
2025-02-10 12:00:00+00:00,129.51,130.0,129.26,129.7,1077673.0
2025-02-10 13:00:00+00:00,129.52,130.56,128.67,130.51,3691946.0
2025-02-10 14:00:00+00:00,130.51,134.49,129.94,133.92,50103827.0
2025-02-10 15:00:00+00:00,133.95,134.84,133.51,133.975,36021714.0
2025-02-10 16:00:00+00:00,133.97,134.23,132.99,133.4999,22971677.0
2025-02-10 17:00:00+00:00,133.5,134.49,133.27,134.325,16169540.0
2025-02-10 18:00:00+00:00,134.32,134.69,134.11,134.355,13725678.0
2025-02-10 19:00:00+00:00,134.355,134.65,134.13,134.4116,13624900.0
2025-02-10 20:00:00+00:00,134.41,135.0,133.39,133.51,30990193.0
2025-02-10 21:00:00+00:00,133.57,133.69,133.09,133.51,1714779.0
2025-02-10 22:00:00+00:00,133.515,133.59,133.35,133.51,347243.0
2025-02-10 23:00:00+00:00,133.5,133.5362,133.07,133.1899,454907.0
2025-02-11 00:00:00+00:00,133.1607,133.52,133.11,133.45,399852.0
2025-02-11 09:00:00+00:00,133.04,133.24,132.23,132.33,527008.0
2025-02-11 10:00:00+00:00,132.31,132.35,131.46,131.79,661090.0
2025-02-11 11:00:00+00:00,131.78,132.5,131.76,132.46,465568.0
2025-02-11 12:00:00+00:00,132.46,133.2,132.42,133.0,954155.0
2025-02-11 13:00:00+00:00,132.67,133.7,131.7529,131.94,3324412.0
2025-02-11 14:00:00+00:00,131.94,134.48,131.88,133.445,29371385.0
2025-02-11 15:00:00+00:00,133.44,134.22,132.9,133.83,27429575.0
2025-02-11 16:00:00+00:00,133.84,134.38,132.7702,132.85,18442571.0
2025-02-11 17:00:00+00:00,132.855,132.86,131.02,132.41,28551042.0
2025-02-11 18:00:00+00:00,132.41,133.9,132.01,133.3189,16776328.0
2025-02-11 19:00:00+00:00,133.3186,133.69,132.9101,133.59,13699914.0
2025-02-11 20:00:00+00:00,133.59,133.74,132.4,132.87,19732356.0
2025-02-11 21:00:00+00:00,132.8,132.81,132.1,132.75,2987210.0
2025-02-11 22:00:00+00:00,132.75,133.6,132.73,133.0993,1002721.0
2025-02-11 23:00:00+00:00,133.1,133.3,132.8305,133.08,345407.0
2025-02-12 00:00:00+00:00,133.0961,133.16,132.91,132.96,322369.0
2025-02-12 09:00:00+00:00,133.3,133.38,132.8,133.03,375921.0
2025-02-12 10:00:00+00:00,133.02,133.57,132.96,133.53,238365.0
2025-02-12 11:00:00+00:00,133.54,133.57,133.04,133.25,257019.0
2025-02-12 12:00:00+00:00,133.29,133.43,133.01,133.36,407148.0
2025-02-12 13:00:00+00:00,133.38,133.79,130.5,130.88,5407158.0
2025-02-12 14:00:00+00:00,130.87,132.24,129.08,131.9478,29505342.0
2025-02-12 15:00:00+00:00,131.9486,132.0,130.36,131.3999,27138610.0
2025-02-12 16:00:00+00:00,131.395,131.71,130.35,131.6656,17644327.0
2025-02-12 17:00:00+00:00,131.66,132.0,130.9,131.385,16397754.0
2025-02-12 18:00:00+00:00,131.38,131.4354,130.62,130.8201,11681376.0
2025-02-12 19:00:00+00:00,130.835,131.19,130.19,130.995,14185629.0
2025-02-12 20:00:00+00:00,130.99,131.705,130.89,131.0799,17534892.0
2025-02-12 21:00:00+00:00,131.07,131.24,130.78,130.93,1961236.0
2025-02-12 22:00:00+00:00,130.93,131.03,130.52,130.64,454646.0
2025-02-12 23:00:00+00:00,130.63,131.03,130.55,130.88,319228.0
2025-02-13 00:00:00+00:00,130.8794,131.04,130.79,131.0395,279058.0
2025-02-13 09:00:00+00:00,130.39,131.36,130.0,131.08,631334.0
2025-02-13 10:00:00+00:00,131.07,131.19,130.74,130.97,265535.0
2025-02-13 11:00:00+00:00,130.99,131.08,130.44,130.64,269196.0
2025-02-13 12:00:00+00:00,130.65,131.1,130.61,130.95,464380.0
2025-02-13 13:00:00+00:00,130.9,131.86,130.24,131.49,2480855.0
2025-02-13 14:00:00+00:00,131.48,134.1045,131.17,133.97,29539071.0
2025-02-13 15:00:00+00:00,133.97,136.5,133.58,136.13,44039455.0
2025-02-13 16:00:00+00:00,136.125,136.19,134.63,134.9156,25273662.0
2025-02-13 17:00:00+00:00,134.915,135.57,134.71,135.34,14653994.0
2025-02-13 18:00:00+00:00,135.345,135.45,133.42,135.0,21230358.0
2025-02-13 19:00:00+00:00,134.99,135.55,134.75,135.3105,15471544.0
2025-02-13 20:00:00+00:00,135.32,135.53,131.51,135.25,22757611.0
2025-02-13 21:00:00+00:00,135.29,135.29,134.85,134.95,2297715.0
2025-02-13 22:00:00+00:00,134.9501,135.0,134.84,134.9698,288673.0
2025-02-13 23:00:00+00:00,134.97,135.05,134.9,134.95,273370.0
2025-02-14 00:00:00+00:00,134.94,135.08,134.85,135.0003,272116.0
2025-02-14 09:00:00+00:00,135.58,136.21,135.34,136.02,487882.0
2025-02-14 10:00:00+00:00,136.02,136.05,135.58,135.83,322275.0
2025-02-14 11:00:00+00:00,135.8,135.86,134.6,134.96,554049.0
2025-02-14 12:00:00+00:00,134.99,135.59,134.95,135.36,536201.0
2025-02-14 13:00:00+00:00,135.01,136.248,134.6936,136.1399,2358652.0
2025-02-14 14:00:00+00:00,136.14,137.49,135.5,136.7,32237566.0
2025-02-14 15:00:00+00:00,136.69,138.31,135.8801,137.78,36953630.0
2025-02-14 16:00:00+00:00,137.79,137.95,136.01,136.51,22740144.0
2025-02-14 17:00:00+00:00,136.51,137.46,136.3,137.37,14525706.0
2025-02-14 18:00:00+00:00,137.38,137.74,137.08,137.415,12679127.0
2025-02-14 19:00:00+00:00,137.4055,138.275,137.37,138.1951,14828832.0
2025-02-14 20:00:00+00:00,138.1901,139.25,138.02,138.8,33842070.0
2025-02-14 21:00:00+00:00,138.81,139.0,138.52,138.6103,3967997.0
2025-02-14 22:00:00+00:00,138.61,138.7,138.4,138.61,379470.0
2025-02-14 23:00:00+00:00,138.6101,138.6293,138.4,138.5897,257305.0
2025-02-15 00:00:00+00:00,138.56,138.6,138.46,138.48,272095.0
2025-02-18 09:00:00+00:00,140.0,140.2,139.22,139.73,689192.0
2025-02-18 10:00:00+00:00,139.72,140.11,139.71,140.03,357450.0
2025-02-18 11:00:00+00:00,140.03,140.17,139.89,139.93,330405.0
2025-02-18 12:00:00+00:00,139.92,141.45,139.89,141.23,2295137.0
2025-02-18 13:00:00+00:00,139.98,141.77,138.503,141.6505,4570235.0
2025-02-18 14:00:00+00:00,141.6501,143.44,140.7606,141.235,49149972.0
2025-02-18 15:00:00+00:00,141.31,141.6,138.98,140.09,39462978.0
2025-02-18 16:00:00+00:00,140.09,141.22,139.87,140.2799,20866902.0
2025-02-18 17:00:00+00:00,140.275,140.55,139.8549,140.25,13674804.0
2025-02-18 18:00:00+00:00,140.25,140.7,139.685,139.99,13790581.0
2025-02-18 19:00:00+00:00,140.0,140.24,139.092,140.0323,15649693.0
2025-02-18 20:00:00+00:00,140.0321,140.085,137.925,139.41,29137248.0
2025-02-18 21:00:00+00:00,139.4,139.4,138.46,138.66,3210859.0
2025-02-18 22:00:00+00:00,138.63,138.95,138.52,138.8,434874.0
2025-02-18 23:00:00+00:00,138.8,139.24,138.8,139.22,405420.0
2025-02-19 00:00:00+00:00,139.2193,139.2193,138.9,139.1,389139.0
2025-02-19 09:00:00+00:00,139.4,140.57,139.14,140.01,634727.0
2025-02-19 10:00:00+00:00,140.02,140.24,139.51,140.05,272679.0
2025-02-19 11:00:00+00:00,140.02,140.15,139.73,140.04,292413.0
2025-02-19 12:00:00+00:00,140.02,140.28,139.82,139.84,466325.0
2025-02-19 13:00:00+00:00,139.99,140.5236,138.97,139.55,1641053.0
2025-02-19 14:00:00+00:00,139.57,140.0,138.1,138.27,21591604.0
2025-02-19 15:00:00+00:00,138.275,140.4199,137.22,139.83,34438520.0
2025-02-19 16:00:00+00:00,139.825,140.5,139.48,139.91,18164055.0
2025-02-19 17:00:00+00:00,139.92,141.36,139.56,141.225,17014785.0
2025-02-19 18:00:00+00:00,141.23,141.255,140.12,140.23,13777129.0
2025-02-19 19:00:00+00:00,140.25,140.845,140.19,140.67,14765640.0
2025-02-19 20:00:00+00:00,140.67,140.79,138.77,139.24,27658687.0
2025-02-19 21:00:00+00:00,139.23,139.35,138.74,138.75,2710337.0
2025-02-19 22:00:00+00:00,138.74,138.94,138.65,138.92,344297.0
2025-02-19 23:00:00+00:00,138.91,139.37,138.9,139.031,317894.0
2025-02-20 00:00:00+00:00,139.02,139.08,138.78,139.0,299520.0
2025-02-20 09:00:00+00:00,138.7,139.63,138.27,139.63,354850.0
2025-02-20 10:00:00+00:00,139.62,139.64,139.22,139.3,196566.0
2025-02-20 11:00:00+00:00,139.25,139.79,138.79,139.44,463740.0
2025-02-20 12:00:00+00:00,139.45,139.76,139.03,139.65,448228.0
2025-02-20 13:00:00+00:00,139.24,140.27,138.45,140.21,1651148.0
2025-02-20 14:00:00+00:00,140.2,140.89,137.06,137.145,24648298.0
2025-02-20 15:00:00+00:00,137.17,139.07,136.7901,137.24,28686198.0
2025-02-20 16:00:00+00:00,137.24,139.0,137.16,138.735,16995056.0
2025-02-20 17:00:00+00:00,138.739,139.97,138.662,139.1784,15057349.0
2025-02-20 18:00:00+00:00,139.175,139.8396,139.0836,139.585,9635297.0
2025-02-20 19:00:00+00:00,139.59,140.2269,139.38,140.15,13593463.0
2025-02-20 20:00:00+00:00,140.145,140.66,139.62,140.12,17288284.0
2025-02-20 21:00:00+00:00,140.11,140.18,139.79,139.82,1302030.0
2025-02-20 22:00:00+00:00,139.8,140.11,139.75,139.86,214603.0
2025-02-20 23:00:00+00:00,139.9,140.0,139.79,139.86,188809.0
2025-02-21 00:00:00+00:00,139.8505,140.01,139.85,139.9984,257743.0
2025-02-21 09:00:00+00:00,139.97,140.24,139.77,139.96,272007.0
2025-02-21 10:00:00+00:00,139.96,140.06,139.86,139.91,151084.0
2025-02-21 11:00:00+00:00,139.92,139.95,139.46,139.81,202546.0
2025-02-21 12:00:00+00:00,139.81,140.33,139.78,140.33,556282.0
2025-02-21 13:00:00+00:00,140.2,140.8799,139.7,140.55,1888586.0
2025-02-21 14:00:00+00:00,140.56,141.46,139.25,139.95,28863576.0
2025-02-21 15:00:00+00:00,139.97,140.59,138.74,139.4898,29873317.0
2025-02-21 16:00:00+00:00,139.48,139.7,138.55,139.26,16703809.0
2025-02-21 17:00:00+00:00,139.26,139.8,137.62,137.75,19785105.0
2025-02-21 18:00:00+00:00,137.75,138.065,136.06,137.19,30979385.0
2025-02-21 19:00:00+00:00,137.2,137.3056,134.58,135.1099,30820223.0
2025-02-21 20:00:00+00:00,135.105,135.6,134.03,134.27,38460610.0
2025-02-21 21:00:00+00:00,134.43,134.57,134.04,134.2485,4176333.0
2025-02-21 22:00:00+00:00,134.2491,135.6,134.2,135.3,1200122.0
2025-02-21 23:00:00+00:00,135.3001,135.35,134.89,135.01,429668.0
2025-02-22 00:00:00+00:00,135.03,135.25,134.86,135.0,463371.0
2025-02-24 09:00:00+00:00,136.06,136.5,135.6,135.78,680562.0
2025-02-24 10:00:00+00:00,135.79,135.83,135.4,135.74,359937.0
2025-02-24 11:00:00+00:00,135.74,136.28,135.51,136.19,547357.0
2025-02-24 12:00:00+00:00,136.16,136.38,135.56,136.331,1008218.0
2025-02-24 13:00:00+00:00,136.0,137.19,135.21,137.09,3626896.0
2025-02-24 14:00:00+00:00,137.08,138.59,134.56,134.68,38521939.0
2025-02-24 15:00:00+00:00,134.69,135.48,130.61,132.0299,53398426.0
2025-02-24 16:00:00+00:00,132.02,134.88,131.6873,134.24,29736915.0
2025-02-24 17:00:00+00:00,134.235,138.0,133.99,134.45,20038804.0
2025-02-24 18:00:00+00:00,134.46,134.89,133.94,134.07,11839951.0
2025-02-24 19:00:00+00:00,134.05,134.29,132.46,132.615,16716222.0
2025-02-24 20:00:00+00:00,132.63,133.08,130.08,130.09,34660842.0
2025-02-24 21:00:00+00:00,130.08,131.1,130.05,130.95,3367228.0
2025-02-24 22:00:00+00:00,130.9585,131.0,130.28,130.77,544386.0
2025-02-24 23:00:00+00:00,130.78,130.9693,130.0,130.1199,670930.0
2025-02-25 00:00:00+00:00,130.11,131.08,130.11,130.9495,769774.0
2025-02-25 09:00:00+00:00,128.4,134.0,128.2,128.79,876931.0
2025-02-25 10:00:00+00:00,128.79,129.1,127.46,128.02,886642.0
2025-02-25 11:00:00+00:00,128.03,129.43,128.01,129.29,711591.0
2025-02-25 12:00:00+00:00,129.28,130.54,128.92,130.52,1429155.0
2025-02-25 13:00:00+00:00,129.26,131.96,127.06,130.53,6486980.0
2025-02-25 14:00:00+00:00,130.53,130.56,125.94,127.595,42157616.0
2025-02-25 15:00:00+00:00,127.5899,127.6499,124.44,126.545,55595067.0
2025-02-25 16:00:00+00:00,126.555,128.17,125.42,127.875,30185779.0
2025-02-25 17:00:00+00:00,127.87,129.59,127.18,129.23,26266201.0
2025-02-25 18:00:00+00:00,129.24,129.89,127.82,128.062,23032440.0
2025-02-25 19:00:00+00:00,128.06,128.43,127.04,127.84,21536064.0
2025-02-25 20:00:00+00:00,127.845,129.38,126.16,126.61,38673336.0
2025-02-25 21:00:00+00:00,126.65,128.0,126.46,127.46,3757581.0
2025-02-25 22:00:00+00:00,127.46,127.65,127.28,127.59,694399.0
2025-02-25 23:00:00+00:00,127.62,128.24,127.5204,128.16,620184.0
2025-02-26 00:00:00+00:00,128.1698,128.82,127.93,128.4998,914769.0
2025-02-26 09:00:00+00:00,129.4,130.5,128.72,129.6,1065113.0
2025-02-26 10:00:00+00:00,129.66,130.03,129.65,129.97,337354.0
2025-02-26 11:00:00+00:00,129.98,129.98,129.02,129.5,462716.0
2025-02-26 12:00:00+00:00,129.5,130.0,129.02,129.96,1195774.0
2025-02-26 13:00:00+00:00,129.44,130.4852,128.83,129.82,3996109.0
2025-02-26 14:00:00+00:00,129.8,131.6098,129.05,130.8366,35483557.0
2025-02-26 15:00:00+00:00,130.84,132.17,129.73,132.1,36019168.0
2025-02-26 16:00:00+00:00,132.11,133.73,131.9,132.095,36424762.0
2025-02-26 17:00:00+00:00,132.11,132.77,131.48,131.6701,21242649.0
2025-02-26 18:00:00+00:00,131.68,131.84,129.03,129.42,30906031.0
2025-02-26 19:00:00+00:00,129.42,130.37,128.49,129.1875,39684727.0
2025-02-26 20:00:00+00:00,129.2,132.09,128.95,131.52,46061510.0
2025-02-26 21:00:00+00:00,131.5203,136.6,125.1,134.95,25083598.0
2025-02-26 22:00:00+00:00,134.95,135.51,130.62,130.62,13943325.0
2025-02-26 23:00:00+00:00,130.61,131.43,130.0,130.89,4072151.0
2025-02-27 00:00:00+00:00,130.89,131.0,129.01,129.32,3251436.0
2025-02-27 09:00:00+00:00,131.55,132.06,129.79,132.05,1416251.0
2025-02-27 10:00:00+00:00,132.03,133.32,132.0,132.48,1238856.0
2025-02-27 11:00:00+00:00,132.5,133.09,132.05,132.7,869125.0
2025-02-27 12:00:00+00:00,132.7,135.5,132.5,135.21,4928018.0
2025-02-27 13:00:00+00:00,133.12,135.5,129.64,133.869,8172660.0
2025-02-27 14:00:00+00:00,133.83,135.35,126.2701,126.73,79035882.0
2025-02-27 15:00:00+00:00,126.73,129.0,125.28,126.02,67701126.0
2025-02-27 16:00:00+00:00,126.025,128.0699,125.51,125.9715,39893623.0
2025-02-27 17:00:00+00:00,125.98,127.3,125.65,127.07,27938529.0
2025-02-27 18:00:00+00:00,127.06,128.45,126.0301,126.11,29780386.0
2025-02-27 19:00:00+00:00,126.1,126.23,122.62,124.215,57677180.0
2025-02-27 20:00:00+00:00,124.21,124.435,120.01,120.01,77732315.0
2025-02-27 21:00:00+00:00,120.08,121.5,119.32,120.86,7646897.0
2025-02-27 22:00:00+00:00,120.88,121.1,120.6,121.0,1958188.0
2025-02-27 23:00:00+00:00,121.0,121.95,120.96,121.64,1471743.0
2025-02-28 00:00:00+00:00,121.64,121.88,120.9,121.15,1249246.0
2025-02-28 09:00:00+00:00,121.88,122.34,120.45,120.65,1792385.0
2025-02-28 10:00:00+00:00,120.65,121.46,120.61,121.32,767603.0
2025-02-28 11:00:00+00:00,121.32,121.68,120.98,121.0,680131.0
2025-02-28 12:00:00+00:00,121.02,121.15,117.75,118.88,3818617.0
2025-02-28 13:00:00+00:00,120.87,122.82,116.6705,117.81,11871636.0
2025-02-28 14:00:00+00:00,117.81,119.59,116.4,118.375,63211738.0
2025-02-28 15:00:00+00:00,118.415,123.7,117.98,122.9933,71874177.0
2025-02-28 16:00:00+00:00,122.99,123.6699,121.14,121.775,34288542.0
2025-02-28 17:00:00+00:00,121.775,122.51,118.92,118.975,31379076.0
2025-02-28 18:00:00+00:00,118.985,121.23,118.845,119.745,31778035.0
2025-02-28 19:00:00+00:00,119.74,121.73,119.68,121.6047,24932406.0
2025-02-28 20:00:00+00:00,121.6099,125.09,121.16,125.05,58899489.0
2025-02-28 21:00:00+00:00,125.0,125.12,117.3238,124.8799,9659648.0
2025-02-28 22:00:00+00:00,124.87,124.94,124.52,124.59,1114299.0
2025-02-28 23:00:00+00:00,124.59,125.0,124.52,124.751,570116.0
2025-03-01 00:00:00+00:00,124.75,125.0,124.56,125.0,470823.0
2025-03-03 09:00:00+00:00,124.12,125.38,123.05,124.2,1159420.0
2025-03-03 10:00:00+00:00,124.23,124.35,123.32,123.51,608624.0
2025-03-03 11:00:00+00:00,123.51,124.1,123.11,123.97,647694.0
2025-03-03 12:00:00+00:00,123.96,124.94,123.8,124.25,1306180.0
2025-03-03 13:00:00+00:00,124.24,125.77,123.2148,123.91,3068333.0
2025-03-03 14:00:00+00:00,123.9099,124.2,118.64,119.0,51133085.0
2025-03-03 15:00:00+00:00,119.04,120.03,118.3,118.6178,54458540.0
2025-03-03 16:00:00+00:00,118.61,120.2,118.6,119.0,31415960.0
2025-03-03 17:00:00+00:00,119.01,119.035,116.45,116.81,43076487.0
2025-03-03 18:00:00+00:00,116.8,117.01,114.51,116.55,58174843.0
2025-03-03 19:00:00+00:00,116.54,117.62,115.01,115.1299,42185284.0
2025-03-03 20:00:00+00:00,115.13,115.17,112.28,114.01,86734831.0
2025-03-03 21:00:00+00:00,114.06,114.9591,114.0,114.62,8499121.0
2025-03-03 22:00:00+00:00,114.62,121.0,113.65,113.86,1498496.0
2025-03-03 23:00:00+00:00,113.87,114.89,113.69,114.47,1211541.0
2025-03-04 00:00:00+00:00,114.44,114.44,113.7,113.93,1274165.0
2025-03-04 09:00:00+00:00,114.06,115.57,114.0,114.71,1066244.0
2025-03-04 10:00:00+00:00,114.71,114.85,113.37,113.4,973985.0
2025-03-04 11:00:00+00:00,113.4,114.52,113.29,114.21,906681.0
2025-03-04 12:00:00+00:00,114.18,114.22,110.39,110.58,5370308.0
2025-03-04 13:00:00+00:00,110.57,115.5,108.85,109.91,12732851.0
2025-03-04 14:00:00+00:00,109.91,115.14,109.57,112.911,66942669.0
2025-03-04 15:00:00+00:00,112.91,113.3,110.11,112.405,66381556.0
2025-03-04 16:00:00+00:00,112.3609,115.18,110.9,114.384,46928628.0
2025-03-04 17:00:00+00:00,114.39,116.6,113.86,115.5601,44135865.0
2025-03-04 18:00:00+00:00,115.57,117.58,115.24,117.275,36014434.0
2025-03-04 19:00:00+00:00,117.27,118.25,117.04,118.12,33540491.0
2025-03-04 20:00:00+00:00,118.13,119.31,115.05,115.96,53657063.0
2025-03-04 21:00:00+00:00,115.89,118.15,115.2,117.7,7389536.0
2025-03-04 22:00:00+00:00,117.68,118.1,117.5,117.97,939631.0
2025-03-04 23:00:00+00:00,117.97,118.86,117.8,118.26,1269209.0
2025-03-05 00:00:00+00:00,118.26,118.5393,117.49,117.96,829758.0
2025-03-05 09:00:00+00:00,119.0,119.19,118.02,118.49,785696.0
2025-03-05 10:00:00+00:00,118.48,118.53,117.46,117.89,703511.0
2025-03-05 11:00:00+00:00,117.93,118.21,117.08,117.51,746696.0
2025-03-05 12:00:00+00:00,117.59,118.1,117.39,117.7,1033436.0
2025-03-05 13:00:00+00:00,117.75,119.22,116.65,116.66,3623341.0
2025-03-05 14:00:00+00:00,116.65,118.0,114.64,115.15,43171131.0
2025-03-05 15:00:00+00:00,115.16,117.0,114.7,115.92,45536623.0
2025-03-05 16:00:00+00:00,115.9,116.4,114.51,115.89,37069447.0
2025-03-05 17:00:00+00:00,115.88,117.91,115.45,117.735,28183259.0
2025-03-05 18:00:00+00:00,117.72,117.91,115.82,117.33,26933823.0
2025-03-05 19:00:00+00:00,117.32,118.23,116.73,117.5145,25325085.0
2025-03-05 20:00:00+00:00,117.5,118.2781,116.76,117.3,35859225.0
2025-03-05 21:00:00+00:00,117.3,117.8,116.44,117.1801,11624017.0
2025-03-05 22:00:00+00:00,117.18,117.22,116.7993,116.7993,457018.0
2025-03-05 23:00:00+00:00,116.78,116.93,116.6,116.65,406867.0
2025-03-06 00:00:00+00:00,116.65,116.82,116.5,116.5199,369038.0
2025-03-06 09:00:00+00:00,119.64,119.64,114.56,114.93,1229563.0
2025-03-06 10:00:00+00:00,114.9,115.49,114.27,114.95,757036.0
2025-03-06 11:00:00+00:00,114.92,115.2,114.58,114.79,596959.0
2025-03-06 12:00:00+00:00,114.82,115.09,113.42,113.69,1850849.0
2025-03-06 13:00:00+00:00,113.66,117.28,113.0,113.3,5008304.0
2025-03-06 14:00:00+00:00,113.3,114.35,112.3,113.58,39988560.0
2025-03-06 15:00:00+00:00,113.585,115.35,113.2901,114.2464,39534105.0
2025-03-06 16:00:00+00:00,114.2495,115.0,112.71,112.76,36022495.0
2025-03-06 17:00:00+00:00,112.755,113.04,110.95,111.565,43070002.0
2025-03-06 18:00:00+00:00,111.56,112.04,110.44,111.54,32437936.0
2025-03-06 19:00:00+00:00,111.54,112.22,110.22,110.845,37733197.0
2025-03-06 20:00:00+00:00,110.85,111.85,110.41,110.58,46571596.0
2025-03-06 21:00:00+00:00,110.5755,113.2289,110.45,111.85,5723182.0
2025-03-06 22:00:00+00:00,111.85,112.37,111.3,112.0297,2044375.0
2025-03-06 23:00:00+00:00,112.03,112.07,111.11,111.29,790371.0
2025-03-07 00:00:00+00:00,111.29,111.679,111.07,111.5,894270.0
2025-03-07 09:00:00+00:00,111.7,113.5,111.7,112.16,680647.0
2025-03-07 10:00:00+00:00,112.16,112.38,111.92,112.15,277193.0
2025-03-07 11:00:00+00:00,112.18,112.7,111.92,112.2,420254.0
2025-03-07 12:00:00+00:00,112.2,112.2,110.8,111.39,1443107.0
2025-03-07 13:00:00+00:00,111.39,112.7288,110.57,111.6399,5143709.0
2025-03-07 14:00:00+00:00,111.62,113.48,110.73,112.505,42786674.0
2025-03-07 15:00:00+00:00,112.505,112.98,109.51,111.24,61085941.0
2025-03-07 16:00:00+00:00,111.21,111.26,107.56,107.93,50424380.0
2025-03-07 17:00:00+00:00,107.935,110.9999,107.75,109.495,46095818.0
2025-03-07 18:00:00+00:00,109.5,111.4436,109.48,111.27,35102484.0
2025-03-07 19:00:00+00:00,111.28,112.62,110.52,111.9,34048023.0
2025-03-07 20:00:00+00:00,111.8909,113.1,111.035,112.72,45206764.0
2025-03-07 21:00:00+00:00,112.69,112.72,111.2004,112.72,3168422.0
2025-03-07 22:00:00+00:00,112.72,112.74,112.41,112.44,453631.0
2025-03-07 23:00:00+00:00,112.43,112.43,112.061,112.09,397816.0
2025-03-08 00:00:00+00:00,112.0709,112.3201,111.8,112.06,378815.0
2025-03-10 08:00:00+00:00,111.22,111.75,109.55,109.88,946180.0
2025-03-10 09:00:00+00:00,109.83,110.69,109.75,110.28,534463.0
2025-03-10 10:00:00+00:00,110.27,110.39,109.55,109.9,498052.0
2025-03-10 11:00:00+00:00,109.9,110.89,109.86,110.3,1171086.0
2025-03-10 12:00:00+00:00,110.29,112.971,109.51,109.7,3138611.0
2025-03-10 13:00:00+00:00,109.73,111.85,109.02,110.0789,37456854.0
2025-03-10 14:00:00+00:00,110.075,110.08,106.18,106.23,65902576.0
2025-03-10 15:00:00+00:00,106.21,108.92,106.2,107.18,50991567.0
2025-03-10 16:00:00+00:00,107.18,108.85,106.85,107.607,37109800.0
2025-03-10 17:00:00+00:00,107.62,107.71,106.3,106.78,34918280.0
2025-03-10 18:00:00+00:00,106.785,107.75,105.84,105.9574,30277032.0
2025-03-10 19:00:00+00:00,105.95,107.92,105.46,107.02,69035778.0
2025-03-10 20:00:00+00:00,107.01,107.6588,106.68,107.04,3926529.0
2025-03-10 21:00:00+00:00,107.05,107.1,105.49,105.6,1294454.0
2025-03-10 22:00:00+00:00,105.59,106.26,105.43,105.9,1197213.0
2025-03-10 23:00:00+00:00,105.9,106.0,104.4,104.67,2084857.0
2025-03-11 08:00:00+00:00,106.0,108.47,105.39,108.47,1646674.0
2025-03-11 09:00:00+00:00,108.45,109.0,108.25,108.62,919205.0
2025-03-11 10:00:00+00:00,108.64,108.75,107.66,107.8,917587.0
2025-03-11 11:00:00+00:00,107.82,107.83,106.69,107.78,1374287.0
2025-03-11 12:00:00+00:00,107.77,108.9864,105.1,106.95,3369973.0
2025-03-11 13:00:00+00:00,106.96,110.99,106.22,109.48,52112469.0
2025-03-11 14:00:00+00:00,109.49,110.61,104.77,106.435,72753839.0
2025-03-11 15:00:00+00:00,106.435,110.6,106.09,109.03,46233437.0
2025-03-11 16:00:00+00:00,109.02,109.4,108.035,108.205,29414011.0
2025-03-11 17:00:00+00:00,108.22,109.28,107.45,108.98,29406858.0
2025-03-11 18:00:00+00:00,108.98,112.236,108.85,111.74,41358650.0
2025-03-11 19:00:00+00:00,111.75,111.94,108.64,108.64,45664216.0
2025-03-11 20:00:00+00:00,108.76,108.81,108.01,108.45,3819314.0
2025-03-11 21:00:00+00:00,108.45,108.66,108.3,108.58,1146131.0
2025-03-11 22:00:00+00:00,108.6,109.63,108.6,109.58,731016.0
2025-03-11 23:00:00+00:00,109.59,109.65,109.16,109.43,598825.0
2025-03-12 08:00:00+00:00,110.01,110.49,109.54,110.34,667914.0
2025-03-12 09:00:00+00:00,110.33,110.51,110.15,110.46,432934.0
2025-03-12 10:00:00+00:00,110.48,110.9,110.13,110.68,545829.0
2025-03-12 11:00:00+00:00,110.7,111.78,110.61,111.34,1302609.0
2025-03-12 12:00:00+00:00,111.33,113.97,109.11,113.72,7960952.0
2025-03-12 13:00:00+00:00,113.71,116.76,113.28,115.39,60463704.0
2025-03-12 14:00:00+00:00,115.37,116.2,113.41,114.1307,56700925.0
2025-03-12 15:00:00+00:00,114.135,115.525,112.88,115.43,39650649.0
2025-03-12 16:00:00+00:00,115.44,116.6,114.9,115.855,35848484.0
2025-03-12 17:00:00+00:00,115.86,116.26,114.3,114.475,26746322.0
2025-03-12 18:00:00+00:00,114.48,116.04,114.3317,115.79,27578129.0
2025-03-12 19:00:00+00:00,115.78,115.99,114.98,115.74,38668695.0
2025-03-12 20:00:00+00:00,115.74,115.94,115.4795,115.59,2918813.0
2025-03-12 21:00:00+00:00,115.58,116.15,115.55,115.97,669564.0
2025-03-12 22:00:00+00:00,115.96,116.55,115.81,116.4001,712734.0
2025-03-12 23:00:00+00:00,116.43,116.98,116.4,116.9799,912988.0
2025-03-13 08:00:00+00:00,114.8,115.46,114.06,114.97,625388.0
2025-03-13 09:00:00+00:00,114.95,116.33,114.59,116.33,789085.0
2025-03-13 10:00:00+00:00,116.33,117.19,116.11,116.49,1341969.0
2025-03-13 11:00:00+00:00,116.5,116.81,115.25,115.95,1429814.0
2025-03-13 12:00:00+00:00,115.94,117.17,113.8,116.43,4286699.0
2025-03-13 13:00:00+00:00,116.42,117.18,113.96,114.41,41893623.0
2025-03-13 14:00:00+00:00,114.41,117.76,113.79,116.485,56899540.0
2025-03-13 15:00:00+00:00,116.49,117.05,115.41,115.7125,36296384.0
2025-03-13 16:00:00+00:00,115.72,116.8,115.12,115.5039,29020405.0
2025-03-13 17:00:00+00:00,115.5,115.98,114.45,115.4601,27155054.0
2025-03-13 18:00:00+00:00,115.46,117.57,115.4,117.295,31277694.0
2025-03-13 19:00:00+00:00,117.29,117.73,115.12,115.71,41308591.0
2025-03-13 20:00:00+00:00,115.58,116.2,115.58,115.8607,2140750.0
2025-03-13 21:00:00+00:00,115.86,115.93,115.59,115.79,420464.0
2025-03-13 22:00:00+00:00,115.86,116.6299,115.7999,116.4999,744631.0
2025-03-13 23:00:00+00:00,116.48,116.6,115.58,116.411,559247.0
2025-03-14 08:00:00+00:00,117.2,117.69,116.9,117.48,495778.0
2025-03-14 09:00:00+00:00,117.49,117.87,117.43,117.84,416951.0
2025-03-14 10:00:00+00:00,117.84,117.92,117.39,117.65,479179.0
2025-03-14 11:00:00+00:00,117.65,118.49,117.5,118.38,1207096.0
2025-03-14 12:00:00+00:00,117.54,119.18,116.71,119.0,4784002.0
2025-03-14 13:00:00+00:00,118.9995,120.565,118.15,119.72,45926074.0
2025-03-14 14:00:00+00:00,119.71,120.68,118.96,120.25,46097640.0
2025-03-14 15:00:00+00:00,120.2412,121.88,120.21,120.9186,38045419.0
2025-03-14 16:00:00+00:00,120.92,121.285,120.36,120.88,25822149.0
2025-03-14 17:00:00+00:00,120.87,121.0764,120.28,120.4244,20346524.0
2025-03-14 18:00:00+00:00,120.43,120.86,120.11,120.59,20037522.0
2025-03-14 19:00:00+00:00,120.58,121.8,120.415,121.47,41121975.0
2025-03-14 20:00:00+00:00,121.67,121.67,120.545,121.21,3482295.0
2025-03-14 21:00:00+00:00,121.2,121.67,120.87,121.3497,759527.0
2025-03-14 22:00:00+00:00,121.34,121.6,121.29,121.51,512347.0
2025-03-14 23:00:00+00:00,121.4931,121.59,121.4102,121.5,424381.0
2025-03-17 08:00:00+00:00,121.1,123.04,120.96,122.71,1227735.0
2025-03-17 09:00:00+00:00,122.79,122.92,122.34,122.68,650552.0
2025-03-17 10:00:00+00:00,122.67,122.76,122.4,122.49,583978.0
2025-03-17 11:00:00+00:00,122.47,123.7,122.44,123.47,1571221.0
2025-03-17 12:00:00+00:00,122.53,123.7,120.83,123.09,4062866.0
2025-03-17 13:00:00+00:00,123.09,123.48,120.05,121.12,42460351.0
2025-03-17 14:00:00+00:00,121.13,121.3,119.08,119.33,43095405.0
2025-03-17 15:00:00+00:00,119.345,119.87,118.88,119.3054,27110169.0
2025-03-17 16:00:00+00:00,119.31,119.59,118.03,118.66,27404573.0
2025-03-17 17:00:00+00:00,118.655,119.65,118.35,119.2001,21986637.0
2025-03-17 18:00:00+00:00,119.2,121.08,119.13,120.6998,27168830.0
2025-03-17 19:00:00+00:00,120.69,120.86,119.42,119.48,32785708.0
2025-03-17 20:00:00+00:00,119.53,120.0701,119.17,119.65,3664530.0
2025-03-17 21:00:00+00:00,119.6499,119.86,119.55,119.77,402306.0
2025-03-17 22:00:00+00:00,119.77,119.99,119.71,119.74,403167.0
2025-03-17 23:00:00+00:00,119.74,119.8,119.436,119.5101,428286.0
2025-03-18 08:00:00+00:00,119.19,120.73,119.19,120.45,693293.0
2025-03-18 09:00:00+00:00,120.45,120.56,119.62,119.63,445391.0
2025-03-18 10:00:00+00:00,119.64,120.01,119.19,119.96,638745.0
2025-03-18 11:00:00+00:00,119.93,120.04,118.82,119.36,965575.0
2025-03-18 12:00:00+00:00,119.63,120.73,118.46,118.4722,2486804.0
2025-03-18 13:00:00+00:00,118.45,118.61,114.85,115.08,43332783.0
2025-03-18 14:00:00+00:00,115.09,116.48,114.54,116.28,41405482.0
2025-03-18 15:00:00+00:00,116.28,117.08,115.48,116.42,28112610.0
2025-03-18 16:00:00+00:00,116.425,118.73,116.325,118.39,29111965.0
2025-03-18 17:00:00+00:00,118.39,119.02,116.52,116.875,43058934.0
2025-03-18 18:00:00+00:00,116.88,117.58,115.7407,117.0329,34627520.0
2025-03-18 19:00:00+00:00,117.03,117.29,114.95,115.58,42479088.0
2025-03-18 20:00:00+00:00,115.43,115.81,114.76,115.21,8113244.0
2025-03-18 21:00:00+00:00,115.2,115.27,114.6801,115.04,999970.0
2025-03-18 22:00:00+00:00,115.05,115.15,114.7,115.03,788829.0
2025-03-18 23:00:00+00:00,115.0201,115.15,114.72,114.78,655922.0
2025-03-19 08:00:00+00:00,114.9,116.2,114.9,115.97,654905.0
2025-03-19 09:00:00+00:00,115.96,116.95,115.83,116.8,685381.0
2025-03-19 10:00:00+00:00,116.82,117.24,116.55,116.67,789158.0
2025-03-19 11:00:00+00:00,116.64,117.0,116.21,116.75,1051065.0
2025-03-19 12:00:00+00:00,116.54,117.22,114.74,116.8597,2544251.0
2025-03-19 13:00:00+00:00,116.81,118.16,115.68,116.89,34799232.0
2025-03-19 14:00:00+00:00,116.9,118.0,116.35,116.4261,37166960.0
2025-03-19 15:00:00+00:00,116.415,117.72,116.29,117.56,22552265.0
2025-03-19 16:00:00+00:00,117.55,118.13,117.0,118.0099,25117821.0
2025-03-19 17:00:00+00:00,118.0,118.25,117.27,117.89,21485312.0
2025-03-19 18:00:00+00:00,117.83,119.58,117.59,119.57,38328191.0
2025-03-19 19:00:00+00:00,119.56,120.445,117.39,117.52,53927673.0
2025-03-19 20:00:00+00:00,117.52,117.69,117.2,117.54,3467211.0
2025-03-19 21:00:00+00:00,117.54,117.99,117.52,117.9201,771917.0
2025-03-19 22:00:00+00:00,117.92,118.6406,117.85,118.4,1228724.0
2025-03-19 23:00:00+00:00,118.3902,118.8,118.31,118.79,749341.0
2025-03-20 08:00:00+00:00,119.1,119.55,118.9,119.23,510727.0
2025-03-20 09:00:00+00:00,119.23,119.28,117.53,118.09,835387.0
2025-03-20 10:00:00+00:00,118.03,118.04,116.03,117.03,1634498.0
2025-03-20 11:00:00+00:00,117.04,117.4,116.38,117.23,1466660.0
2025-03-20 12:00:00+00:00,117.16,119.56,116.22,117.15,2770913.0
2025-03-20 13:00:00+00:00,117.1,119.45,116.4,118.415,33312478.0
2025-03-20 14:00:00+00:00,118.42,119.58,118.16,119.105,33930657.0
2025-03-20 15:00:00+00:00,119.105,120.2,118.9,119.41,36244496.0
2025-03-20 16:00:00+00:00,119.41,119.83,117.82,118.065,27050743.0
2025-03-20 17:00:00+00:00,118.06,118.7,117.84,118.34,25815034.0
2025-03-20 18:00:00+00:00,118.33,119.07,117.74,118.01,23868374.0
2025-03-20 19:00:00+00:00,118.0,118.92,117.95,118.465,27906384.0
2025-03-20 20:00:00+00:00,118.47,118.88,118.23,118.62,2336849.0
2025-03-20 21:00:00+00:00,118.6105,118.74,118.4,118.56,312487.0
2025-03-20 22:00:00+00:00,118.58,118.59,118.32,118.4,253232.0
2025-03-20 23:00:00+00:00,118.4,118.4386,118.1201,118.17,349634.0
2025-03-21 08:00:00+00:00,118.13,118.38,117.65,117.74,439174.0
2025-03-21 09:00:00+00:00,117.73,117.77,116.95,117.18,536063.0
2025-03-21 10:00:00+00:00,117.2,117.7,117.03,117.42,381258.0
2025-03-21 11:00:00+00:00,117.42,118.1,117.3,117.84,556580.0
2025-03-21 12:00:00+00:00,117.3,118.45,117.09,117.1701,2616097.0
2025-03-21 13:00:00+00:00,117.17,117.67,115.42,116.085,50990485.0
2025-03-21 14:00:00+00:00,116.075,117.1,115.5289,116.79,34386420.0
2025-03-21 15:00:00+00:00,116.79,117.05,116.22,116.6901,20603638.0
2025-03-21 16:00:00+00:00,116.69,117.99,116.43,117.97,24027590.0
2025-03-21 17:00:00+00:00,117.975,117.975,116.82,117.28,23904841.0
2025-03-21 18:00:00+00:00,117.275,117.55,116.98,117.18,14137429.0
2025-03-21 19:00:00+00:00,117.19,117.8,116.4,117.635,33996347.0
2025-03-21 20:00:00+00:00,117.61,117.99,117.37,117.86,13230389.0
2025-03-21 21:00:00+00:00,117.86,117.95,117.67,117.71,441003.0
2025-03-21 22:00:00+00:00,117.72,117.7799,117.0382,117.64,192462.0
2025-03-21 23:00:00+00:00,117.61,117.71,117.52,117.64,262437.0
2025-03-24 08:00:00+00:00,119.3,119.64,118.51,119.06,786986.0
2025-03-24 09:00:00+00:00,119.06,119.2,118.74,119.12,445609.0
2025-03-24 10:00:00+00:00,119.08,119.49,119.01,119.31,448165.0
2025-03-24 11:00:00+00:00,119.29,120.14,119.27,119.88,1105608.0
2025-03-24 12:00:00+00:00,119.4,120.18,117.406,120.0101,2850873.0
2025-03-24 13:00:00+00:00,120.04,121.07,119.58,120.035,33602735.0
2025-03-24 14:00:00+00:00,120.04,121.94,119.34,121.715,40105861.0
2025-03-24 15:00:00+00:00,121.715,122.22,121.35,121.69,25573935.0
2025-03-24 16:00:00+00:00,121.685,122.22,121.61,121.9099,17382569.0
2025-03-24 17:00:00+00:00,121.9013,122.0,121.38,121.84,13893873.0
2025-03-24 18:00:00+00:00,121.85,122.05,121.56,121.905,14822917.0
2025-03-24 19:00:00+00:00,121.91,122.08,121.23,121.23,28200184.0
2025-03-24 20:00:00+00:00,121.23,121.41,121.16,121.29,3133290.0
2025-03-24 21:00:00+00:00,121.2801,121.41,121.16,121.2128,419323.0
2025-03-24 22:00:00+00:00,121.2,121.23,120.94,120.96,468181.0
2025-03-24 23:00:00+00:00,120.97,121.03,120.9,120.9305,419914.0
2025-03-25 08:00:00+00:00,120.88,120.91,119.73,120.14,600594.0
2025-03-25 09:00:00+00:00,120.16,120.62,120.02,120.61,244283.0
2025-03-25 10:00:00+00:00,120.6,121.13,120.32,120.86,351182.0
2025-03-25 11:00:00+00:00,120.85,121.25,120.21,120.66,845764.0
2025-03-25 12:00:00+00:00,120.82,121.41,119.9,120.5603,2085125.0
2025-03-25 13:00:00+00:00,120.57,121.22,118.92,119.47,35442844.0
2025-03-25 14:00:00+00:00,119.48,120.35,119.15,119.925,27707706.0
2025-03-25 15:00:00+00:00,119.92,120.87,119.9,120.4649,18092310.0
2025-03-25 16:00:00+00:00,120.465,121.13,120.43,120.895,17435543.0
2025-03-25 17:00:00+00:00,120.895,121.12,120.1607,120.63,13614739.0
2025-03-25 18:00:00+00:00,120.62,121.02,120.44,120.82,12369764.0
2025-03-25 19:00:00+00:00,120.81,121.29,120.51,120.645,20788709.0
2025-03-25 20:00:00+00:00,120.65,120.73,120.35,120.67,3502986.0
2025-03-25 21:00:00+00:00,120.65,120.67,120.5,120.52,250566.0
2025-03-25 22:00:00+00:00,120.52,120.64,120.45,120.529,209977.0
2025-03-25 23:00:00+00:00,120.5184,120.64,120.5,120.61,222954.0
2025-03-26 08:00:00+00:00,119.86,120.32,119.6,119.81,414248.0
2025-03-26 09:00:00+00:00,119.84,119.93,119.43,119.43,236965.0
2025-03-26 10:00:00+00:00,119.42,119.69,119.18,119.59,301287.0
2025-03-26 11:00:00+00:00,119.59,119.7,118.71,118.98,1327822.0
2025-03-26 12:00:00+00:00,119.62,120.18,118.49,118.7499,2757955.0
2025-03-26 13:00:00+00:00,118.75,118.9,115.815,116.325,47661457.0
2025-03-26 14:00:00+00:00,116.325,116.77,114.455,115.365,55449179.0
2025-03-26 15:00:00+00:00,115.365,115.64,113.93,114.09,32262197.0
2025-03-26 16:00:00+00:00,114.0877,114.28,113.39,113.5362,34450592.0
2025-03-26 17:00:00+00:00,113.54,113.86,112.71,112.94,29047646.0
2025-03-26 18:00:00+00:00,112.945,113.79,112.765,112.8399,25031914.0
2025-03-26 19:00:00+00:00,112.835,114.15,112.83,113.69,38612166.0
2025-03-26 20:00:00+00:00,113.76,113.85,113.3,113.5,3776715.0
2025-03-26 21:00:00+00:00,113.4999,113.6185,113.2701,113.3,738449.0
2025-03-26 22:00:00+00:00,113.3,113.47,112.01,112.41,1913834.0
2025-03-26 23:00:00+00:00,112.4299,112.44,111.8,112.21,1473902.0
2025-03-27 08:00:00+00:00,111.61,112.7,111.54,112.63,804845.0
2025-03-27 09:00:00+00:00,112.63,113.44,112.41,112.92,572955.0
2025-03-27 10:00:00+00:00,112.95,113.13,112.22,112.28,408474.0
2025-03-27 11:00:00+00:00,112.29,112.49,111.65,111.97,1114232.0
2025-03-27 12:00:00+00:00,111.96,113.39,111.55,111.93,3757191.0
2025-03-27 13:00:00+00:00,111.94,113.29,110.66,112.7852,43787676.0
2025-03-27 14:00:00+00:00,112.79,114.45,112.0701,114.0757,38212398.0
2025-03-27 15:00:00+00:00,114.0799,114.32,112.1,112.205,29253598.0
2025-03-27 16:00:00+00:00,112.21,113.05,111.75,111.795,22854713.0
2025-03-27 17:00:00+00:00,111.795,112.43,111.52,111.904,18072416.0
2025-03-27 18:00:00+00:00,111.9,112.87,111.83,112.22,17896827.0
2025-03-27 19:00:00+00:00,112.215,112.97,111.18,111.43,27348967.0
2025-03-27 20:00:00+00:00,111.43,111.85,111.07,111.65,3239824.0
2025-03-27 21:00:00+00:00,111.65,111.72,111.43,111.61,361064.0
2025-03-27 22:00:00+00:00,111.6,111.68,111.55,111.6102,240258.0
2025-03-27 23:00:00+00:00,111.62,111.62,111.25,111.2699,432624.0
2025-03-28 08:00:00+00:00,111.0,111.74,110.74,111.53,592821.0
2025-03-28 09:00:00+00:00,111.54,111.85,111.3,111.4,304499.0
2025-03-28 10:00:00+00:00,111.37,112.38,111.37,112.09,402126.0
2025-03-28 11:00:00+00:00,112.1,112.25,111.65,111.89,506993.0
2025-03-28 12:00:00+00:00,112.08,112.37,110.7604,111.29,6859217.0
2025-03-28 13:00:00+00:00,111.26,112.87,110.81,111.56,30204464.0
2025-03-28 14:00:00+00:00,111.56,111.84,109.0701,109.72,46417679.0
2025-03-28 15:00:00+00:00,109.72,110.1839,109.28,109.385,24456122.0
2025-03-28 16:00:00+00:00,109.39,110.145,109.1,109.515,24659178.0
2025-03-28 17:00:00+00:00,109.51,109.99,109.24,109.89,19481541.0
2025-03-28 18:00:00+00:00,109.88,110.4182,109.7,110.3844,20066445.0
2025-03-28 19:00:00+00:00,110.3801,110.61,109.4,109.63,33748768.0
2025-03-28 20:00:00+00:00,109.64,111.43,109.1,109.13,2504679.0
2025-03-28 21:00:00+00:00,109.15,109.67,109.07,109.26,547033.0
2025-03-28 22:00:00+00:00,109.26,109.29,109.06,109.07,274513.0
2025-03-28 23:00:00+00:00,109.07,109.08,109.0,109.0101,473525.0
2025-03-31 08:00:00+00:00,106.48,107.5,105.88,106.01,1180093.0
2025-03-31 09:00:00+00:00,106.0,106.2,105.59,105.8,654040.0
2025-03-31 10:00:00+00:00,105.8,106.03,105.25,105.77,649194.0
2025-03-31 11:00:00+00:00,105.79,106.0,104.7,105.01,2111573.0
2025-03-31 12:00:00+00:00,105.0,109.396,104.7,105.88,4567285.0
2025-03-31 13:00:00+00:00,105.9,106.13,103.65,104.8001,50506950.0
2025-03-31 14:00:00+00:00,104.8,106.01,103.7701,104.6801,47499530.0
2025-03-31 15:00:00+00:00,104.69,105.67,104.35,105.175,32589119.0
2025-03-31 16:00:00+00:00,105.18,106.25,104.77,105.375,22467595.0
2025-03-31 17:00:00+00:00,105.38,106.16,105.31,105.64,17273371.0
2025-03-31 18:00:00+00:00,105.64,108.14,105.6,107.1801,31806296.0
2025-03-31 19:00:00+00:00,107.185,108.96,106.52,108.77,43590249.0
2025-03-31 20:00:00+00:00,108.765,108.765,106.0304,107.9105,3222512.0
2025-03-31 21:00:00+00:00,107.93,107.94,107.7,107.9,307333.0
2025-03-31 22:00:00+00:00,107.9,107.9,107.56,107.75,329175.0
2025-03-31 23:00:00+00:00,107.73,107.87,107.37,107.5195,370667.0
2025-04-01 08:00:00+00:00,107.95,109.74,107.59,109.46,849753.0
2025-04-01 09:00:00+00:00,109.49,109.97,109.19,109.68,585696.0
2025-04-01 10:00:00+00:00,109.69,109.69,108.15,108.97,766705.0
2025-04-01 11:00:00+00:00,109.01,109.01,108.21,108.4,754691.0
2025-04-01 12:00:00+00:00,108.85,109.9596,107.51,108.67,1892655.0
2025-04-01 13:00:00+00:00,108.67,109.1,106.8,107.55,30535356.0
2025-04-01 14:00:00+00:00,107.52,108.5,106.47,108.341,36788461.0
2025-04-01 15:00:00+00:00,108.3405,109.49,108.24,109.352,29182604.0
2025-04-01 16:00:00+00:00,109.36,109.9299,108.45,109.035,24076032.0
2025-04-01 17:00:00+00:00,109.04,109.32,108.51,108.575,15414117.0
2025-04-01 18:00:00+00:00,108.58,108.65,107.41,108.15,20702035.0
2025-04-01 19:00:00+00:00,108.155,110.2,108.05,110.19,34811819.0
2025-04-01 20:00:00+00:00,110.15,110.51,109.82,110.01,3316139.0
2025-04-01 21:00:00+00:00,110.04,110.08,109.85,109.92,314577.0
2025-04-01 22:00:00+00:00,109.9101,110.5,109.9,110.1105,743921.0
2025-04-01 23:00:00+00:00,110.12,110.26,110.0,110.03,349190.0
2025-04-02 08:00:00+00:00,109.01,109.66,108.8,109.26,443962.0
2025-04-02 09:00:00+00:00,109.25,109.48,109.17,109.24,152256.0
2025-04-02 10:00:00+00:00,109.24,109.3,108.24,108.64,498499.0
2025-04-02 11:00:00+00:00,108.64,108.76,107.78,107.78,929283.0
2025-04-02 12:00:00+00:00,108.6,109.79,107.5,107.9,3119449.0
2025-04-02 13:00:00+00:00,107.9,109.59,106.79,108.84,29220798.0
2025-04-02 14:00:00+00:00,108.83,109.72,108.11,109.38,29300073.0
2025-04-02 15:00:00+00:00,109.375,110.49,108.85,109.93,24858760.0
2025-04-02 16:00:00+00:00,109.94,111.55,109.8,111.245,23844560.0
2025-04-02 17:00:00+00:00,111.25,111.98,110.1,110.335,21961405.0
2025-04-02 18:00:00+00:00,110.3301,110.58,108.97,108.9887,21565088.0
2025-04-02 19:00:00+00:00,108.985,110.76,108.85,110.31,29904919.0
2025-04-02 20:00:00+00:00,110.3,113.23,105.8,106.77,11905957.0
2025-04-02 21:00:00+00:00,106.73,107.09,104.02,105.67,6214778.0
2025-04-02 22:00:00+00:00,105.69,107.0,104.75,105.25,2581558.0
2025-04-02 23:00:00+00:00,105.25,105.26,104.03,104.15,1997518.0
2025-04-03 08:00:00+00:00,105.92,107.38,105.49,107.0,1198835.0
2025-04-03 09:00:00+00:00,107.01,107.2,105.24,105.7,1052949.0
2025-04-03 10:00:00+00:00,105.73,105.99,104.5,105.05,1580748.0
2025-04-03 11:00:00+00:00,105.11,105.2,103.98,104.29,2321015.0
2025-04-03 12:00:00+00:00,104.24,107.3481,103.46,103.8,5078561.0
2025-04-03 13:00:00+00:00,103.78,105.6,103.2622,105.09,51011919.0
2025-04-03 14:00:00+00:00,105.08,105.63,102.51,102.78,60866653.0
2025-04-03 15:00:00+00:00,102.78,103.83,102.01,103.145,43490383.0
2025-04-03 16:00:00+00:00,103.14,104.2,102.85,103.0251,33661764.0
2025-04-03 17:00:00+00:00,103.035,103.5491,102.72,102.73,22125022.0
2025-04-03 18:00:00+00:00,102.725,104.1,102.3,103.75,28768056.0
2025-04-03 19:00:00+00:00,103.74,103.98,101.6,101.785,53093045.0
2025-04-03 20:00:00+00:00,101.8,102.39,101.56,102.2888,4647496.0
2025-04-03 21:00:00+00:00,102.26,102.8295,101.8,102.82,1257106.0
2025-04-03 22:00:00+00:00,102.8,102.94,102.14,102.3999,886058.0
2025-04-03 23:00:00+00:00,102.39,102.48,101.85,102.42,772553.0
2025-04-04 08:00:00+00:00,101.6,102.65,101.25,102.3,928491.0
2025-04-04 09:00:00+00:00,102.33,102.4,101.56,101.95,545849.0
2025-04-04 10:00:00+00:00,101.98,102.25,96.88,97.77,5939378.0
2025-04-04 11:00:00+00:00,97.78,98.55,95.36,97.42,6317369.0
2025-04-04 12:00:00+00:00,97.0,102.513,95.36,98.56,10307920.0
2025-04-04 13:00:00+00:00,98.54,100.13,96.21,97.635,73845041.0
2025-04-04 14:00:00+00:00,97.65,97.86,92.11,94.18,101071409.0
2025-04-04 15:00:00+00:00,94.18,96.57,93.63,94.6588,72601857.0
2025-04-04 16:00:00+00:00,94.66,95.74,93.24,94.0876,44032916.0
2025-04-04 17:00:00+00:00,94.08,95.74,93.3901,95.7291,42025718.0
2025-04-04 18:00:00+00:00,95.73,96.1299,93.2649,93.93,46290950.0
2025-04-04 19:00:00+00:00,93.93,96.38,93.6988,94.28,79117901.0
2025-04-04 20:00:00+00:00,94.31,94.42,93.46,93.95,7181102.0
2025-04-04 21:00:00+00:00,93.9501,94.05,93.7,93.81,1724341.0
2025-04-04 22:00:00+00:00,93.82,93.82,93.12,93.15,916048.0
2025-04-04 23:00:00+00:00,93.15,93.31,92.5498,92.6,1666926.0
2025-04-07 08:00:00+00:00,86.27,91.1,86.0,89.8,6045970.0
2025-04-07 09:00:00+00:00,89.8,90.25,88.56,89.74,2596641.0
2025-04-07 10:00:00+00:00,89.78,93.58,89.36,91.41,5336403.0
2025-04-07 11:00:00+00:00,91.44,91.66,88.71,89.48,6378439.0
2025-04-07 12:00:00+00:00,91.0,94.075,83.66,90.29,19123758.0
2025-04-07 13:00:00+00:00,90.29,94.3,86.62,93.9,106975777.0
2025-04-07 14:00:00+00:00,93.9,101.75,92.02,96.94,149393015.0
2025-04-07 15:00:00+00:00,96.91,98.29,93.64,95.74,74129944.0
2025-04-07 16:00:00+00:00,95.75,96.785,94.56,95.16,41007467.0
2025-04-07 17:00:00+00:00,95.16,99.5,95.02,99.4,54859419.0
2025-04-07 18:00:00+00:00,99.42,99.69,96.84,97.18,46274941.0
2025-04-07 19:00:00+00:00,97.18,98.37,96.27,97.71,53518057.0
2025-04-07 20:00:00+00:00,97.64,98.6,97.4,98.37,5551469.0
2025-04-07 21:00:00+00:00,98.3705,98.45,98.2,98.32,668818.0
2025-04-07 22:00:00+00:00,98.33,99.3,98.25,99.21,1166257.0
2025-04-07 23:00:00+00:00,99.23,99.4898,98.8903,99.1799,1030423.0
2025-04-08 08:00:00+00:00,100.6,101.22,98.93,100.52,2150014.0
2025-04-08 09:00:00+00:00,100.51,100.58,99.9,100.04,987269.0
2025-04-08 10:00:00+00:00,100.01,100.47,99.55,100.0,1133661.0
2025-04-08 11:00:00+00:00,100.0,102.12,99.97,101.9,4026904.0
2025-04-08 12:00:00+00:00,101.88,102.33,97.84,102.17,6989962.0
2025-04-08 13:00:00+00:00,102.15,105.1,102.1,104.57,76927258.0
2025-04-08 14:00:00+00:00,104.56,105.85,103.28,103.32,71392371.0
2025-04-08 15:00:00+00:00,103.32,104.3657,101.36,102.675,59671012.0
2025-04-08 16:00:00+00:00,102.675,102.72,99.38,99.62,55346291.0
2025-04-08 17:00:00+00:00,99.62,101.0,98.58,100.3398,45530374.0
2025-04-08 18:00:00+00:00,100.33,101.0,98.3,98.455,37184196.0
2025-04-08 19:00:00+00:00,98.455,98.66,94.46,96.71,77875773.0
2025-04-08 20:00:00+00:00,96.75,97.36,95.94,96.32,4376765.0
2025-04-08 21:00:00+00:00,96.34,97.17,96.01,96.74,1013312.0
2025-04-08 22:00:00+00:00,96.72,96.79,94.56,94.83,1582228.0
2025-04-08 23:00:00+00:00,94.82,94.8514,92.59,93.3101,2277354.0
2025-04-09 08:00:00+00:00,99.5,101.16,95.51,99.39,3844209.0
2025-04-09 09:00:00+00:00,99.49,100.16,98.35,98.8,1768505.0
2025-04-09 10:00:00+00:00,98.84,99.15,97.38,98.15,1553232.0
2025-04-09 11:00:00+00:00,98.18,98.31,94.6,95.77,5023254.0
2025-04-09 12:00:00+00:00,97.53,99.92,93.25,97.8009,9734227.0
2025-04-09 13:00:00+00:00,97.82,100.4399,97.5301,99.775,54818884.0
2025-04-09 14:00:00+00:00,99.79,101.18,97.84,97.85,61672051.0
2025-04-09 15:00:00+00:00,97.875,99.87,97.72,98.56,38306280.0
2025-04-09 16:00:00+00:00,98.57,101.3,98.12,100.6692,42219627.0
2025-04-09 17:00:00+00:00,100.66,110.42,100.26,110.1284,121438500.0
2025-04-09 18:00:00+00:00,110.125,112.99,109.566,111.07,93396976.0
2025-04-09 19:00:00+00:00,111.08,115.1,110.37,114.25,109061513.0
2025-04-09 20:00:00+00:00,114.22,114.6,113.15,114.0,6343184.0
2025-04-09 21:00:00+00:00,114.01,114.25,112.29,112.7815,2772309.0
2025-04-09 22:00:00+00:00,112.86,113.6,112.4,113.57,1710305.0
2025-04-09 23:00:00+00:00,113.57,113.69,112.22,112.589,1791789.0
2025-04-10 08:00:00+00:00,111.7,113.0,109.01,109.96,2708897.0
2025-04-10 09:00:00+00:00,110.0,110.66,109.65,110.4,1431682.0
2025-04-10 10:00:00+00:00,110.36,111.6,110.31,110.75,1414912.0
2025-04-10 11:00:00+00:00,110.75,111.15,110.28,110.95,1697000.0
2025-04-10 12:00:00+00:00,111.12,114.62,109.156,110.18,8812871.0
2025-04-10 13:00:00+00:00,110.22,110.79,107.42,107.48,52882419.0
2025-04-10 14:00:00+00:00,107.48,110.86,106.94,109.41,63687023.0
2025-04-10 15:00:00+00:00,109.41,109.955,105.585,105.96,49700772.0
2025-04-10 16:00:00+00:00,105.9687,107.14,103.01,107.018,63377817.0
2025-04-10 17:00:00+00:00,107.0,108.37,104.68,107.475,44855870.0
2025-04-10 18:00:00+00:00,107.44,108.9387,106.12,108.03,43656016.0
2025-04-10 19:00:00+00:00,108.03,108.75,105.5,107.7,61670190.0
2025-04-10 20:00:00+00:00,107.7,108.06,106.94,107.53,4799924.0
2025-04-10 21:00:00+00:00,107.52,107.54,107.1,107.19,439628.0
2025-04-10 22:00:00+00:00,107.19,108.19,107.19,107.8,734225.0
2025-04-10 23:00:00+00:00,107.7701,107.8,105.9,106.25,1073902.0
2025-04-11 08:00:00+00:00,108.79,109.0,106.67,107.32,1543428.0
2025-04-11 09:00:00+00:00,107.25,109.08,106.98,108.97,1048685.0
2025-04-11 10:00:00+00:00,108.98,109.19,108.27,108.9,1181057.0
2025-04-11 11:00:00+00:00,108.87,109.15,108.06,108.84,1580162.0
2025-04-11 12:00:00+00:00,108.88,110.0,106.69,108.8,5121182.0
2025-04-11 13:00:00+00:00,108.8,110.69,107.8222,110.35,40168065.0
2025-04-11 14:00:00+00:00,110.35,110.6,107.48,108.44,53344125.0
2025-04-11 15:00:00+00:00,108.44,109.67,107.86,109.46,36439470.0
2025-04-11 16:00:00+00:00,109.455,111.06,109.08,110.435,34309016.0
2025-04-11 17:00:00+00:00,110.435,111.5499,109.2901,110.98,35109682.0
2025-04-11 18:00:00+00:00,110.97,111.1,109.57,109.735,28732142.0
2025-04-11 19:00:00+00:00,109.735,111.04,109.72,110.69,42421926.0
2025-04-11 20:00:00+00:00,110.93,110.97,110.58,110.65,2891025.0
2025-04-11 21:00:00+00:00,110.6608,110.78,110.54,110.6,439133.0
2025-04-11 22:00:00+00:00,110.6,110.61,110.46,110.51,250784.0
2025-04-11 23:00:00+00:00,110.52,110.71,110.4,110.7003,383376.0
2025-04-14 08:00:00+00:00,114.5,115.44,113.47,113.51,1566453.0
2025-04-14 09:00:00+00:00,113.5,113.72,112.41,112.99,1045631.0
2025-04-14 10:00:00+00:00,112.99,113.28,112.8,113.25,673388.0
2025-04-14 11:00:00+00:00,113.26,114.9,113.22,114.27,2828694.0
2025-04-14 12:00:00+00:00,114.27,114.9,110.542,114.61,4852236.0
2025-04-14 13:00:00+00:00,114.62,115.38,111.3801,111.676,49099852.0
2025-04-14 14:00:00+00:00,111.69,113.04,111.69,112.185,38793611.0
2025-04-14 15:00:00+00:00,112.19,112.6,109.2,109.645,42132226.0
2025-04-14 16:00:00+00:00,109.65,111.12,109.07,110.1219,29174983.0
2025-04-14 17:00:00+00:00,110.14,111.19,109.78,110.625,21618499.0
2025-04-14 18:00:00+00:00,110.61,111.66,110.56,111.18,20041249.0
2025-04-14 19:00:00+00:00,111.18,111.88,110.64,110.7,32225162.0
2025-04-14 20:00:00+00:00,110.71,110.71,109.77,110.42,3956086.0
2025-04-14 21:00:00+00:00,110.43,110.43,110.15,110.31,379112.0
2025-04-14 22:00:00+00:00,110.31,110.31,109.57,109.57,531743.0
2025-04-14 23:00:00+00:00,109.5699,109.76,109.31,109.3697,632895.0
2025-04-15 08:00:00+00:00,111.24,111.31,110.32,111.05,524132.0
2025-04-15 09:00:00+00:00,111.04,111.25,110.72,110.95,386688.0
2025-04-15 10:00:00+00:00,110.93,111.07,110.49,110.88,313655.0
2025-04-15 11:00:00+00:00,110.84,111.0,110.24,110.77,1041402.0
2025-04-15 12:00:00+00:00,110.68,111.46,109.85,110.43,2783414.0
2025-04-15 13:00:00+00:00,110.45,112.76,110.18,111.73,33048005.0
2025-04-15 14:00:00+00:00,111.73,112.3,110.5,111.5962,34584600.0
2025-04-15 15:00:00+00:00,111.6,112.787,111.52,112.7191,29486373.0
2025-04-15 16:00:00+00:00,112.7101,113.615,112.293,112.465,29885060.0
2025-04-15 17:00:00+00:00,112.46,112.81,111.7301,112.4901,21507911.0
2025-04-15 18:00:00+00:00,112.497,112.72,111.77,112.63,18446876.0
2025-04-15 19:00:00+00:00,112.62,112.71,111.95,112.1,23097270.0
2025-04-15 20:00:00+00:00,112.11,112.39,111.9,111.9396,2162415.0
2025-04-15 21:00:00+00:00,112.01,112.14,104.74,105.29,7954663.0
2025-04-15 22:00:00+00:00,105.29,106.47,104.75,105.84,6024988.0
2025-04-15 23:00:00+00:00,105.8803,105.95,104.9,105.1,3120844.0
2025-04-16 08:00:00+00:00,105.25,107.38,104.21,106.24,3608949.0
2025-04-16 09:00:00+00:00,106.26,106.59,105.46,105.7,2362628.0
2025-04-16 10:00:00+00:00,105.7,105.97,105.41,105.79,711890.0
2025-04-16 11:00:00+00:00,105.79,105.81,104.58,104.92,2752350.0
2025-04-16 12:00:00+00:00,105.29,107.25,103.52,104.6499,6746917.0
2025-04-16 13:00:00+00:00,104.62,106.79,104.14,105.225,55326582.0
2025-04-16 14:00:00+00:00,105.22,105.75,104.07,104.3599,52504580.0
2025-04-16 15:00:00+00:00,104.355,105.44,103.8,104.4182,38312136.0
2025-04-16 16:00:00+00:00,104.415,104.48,103.56,103.645,30686640.0
2025-04-16 17:00:00+00:00,103.65,104.0,101.88,102.015,41808609.0
2025-04-16 18:00:00+00:00,102.015,102.74,100.45,101.045,49052587.0
2025-04-16 19:00:00+00:00,101.05,104.55,100.67,104.5,72265878.0
2025-04-16 20:00:00+00:00,104.5,104.55,103.0,103.05,4028814.0
2025-04-16 21:00:00+00:00,103.051,103.78,103.03,103.5999,973166.0
2025-04-16 22:00:00+00:00,103.6,104.05,103.51,103.92,726896.0
2025-04-16 23:00:00+00:00,103.91,103.93,103.25,103.3805,610489.0
2025-04-17 08:00:00+00:00,105.95,106.05,105.21,105.32,1028671.0
2025-04-17 09:00:00+00:00,105.33,105.98,105.3,105.64,505144.0
2025-04-17 10:00:00+00:00,105.62,105.76,104.63,104.77,817912.0
2025-04-17 11:00:00+00:00,104.77,104.89,104.21,104.87,866342.0
2025-04-17 12:00:00+00:00,104.88,106.48,104.2101,104.8,5150830.0
2025-04-17 13:00:00+00:00,104.8,104.8,102.03,102.915,43809506.0
2025-04-17 14:00:00+00:00,102.915,103.06,100.12,100.14,58939032.0
2025-04-17 15:00:00+00:00,100.15,101.33,100.05,100.2717,37365774.0
2025-04-17 16:00:00+00:00,100.275,101.71,100.16,101.5515,33083438.0
2025-04-17 17:00:00+00:00,101.55,101.84,100.79,101.485,25535025.0
2025-04-17 18:00:00+00:00,101.485,102.49,101.421,101.421,27739979.0
2025-04-17 19:00:00+00:00,101.425,101.82,100.845,101.42,37041139.0
2025-04-17 20:00:00+00:00,101.49,101.7,101.235,101.3983,1824980.0
2025-04-17 21:00:00+00:00,101.38,101.66,101.17,101.2018,713977.0
2025-04-17 22:00:00+00:00,101.24,101.26,101.03,101.13,462734.0
2025-04-17 23:00:00+00:00,101.13,101.38,101.06,101.2703,507649.0
2025-04-21 08:00:00+00:00,99.9,100.49,99.07,99.3,913988.0
2025-04-21 09:00:00+00:00,99.3,99.44,98.77,99.06,756869.0
2025-04-21 10:00:00+00:00,99.05,99.16,97.69,98.47,1385266.0
2025-04-21 11:00:00+00:00,98.48,99.58,97.67,97.911,2050965.0
2025-04-21 12:00:00+00:00,99.2,101.135,97.68,98.2499,2920253.0
2025-04-21 13:00:00+00:00,98.2306,99.44,96.8,96.84,43367278.0
2025-04-21 14:00:00+00:00,96.84,97.05,95.57,96.365,50931855.0
2025-04-21 15:00:00+00:00,96.365,96.57,95.74,95.8374,26501644.0
2025-04-21 16:00:00+00:00,95.83,96.39,95.68,95.7119,22595846.0
2025-04-21 17:00:00+00:00,95.715,95.85,95.05,95.165,23240488.0
2025-04-21 18:00:00+00:00,95.17,95.8099,95.04,95.295,21522923.0
2025-04-21 19:00:00+00:00,95.295,97.2,95.205,96.8,42385684.0
2025-04-21 20:00:00+00:00,96.81,97.06,96.2,96.2399,3255392.0
2025-04-21 21:00:00+00:00,96.24,96.44,96.22,96.31,520666.0
2025-04-21 22:00:00+00:00,96.34,96.38,95.9,96.03,737285.0
2025-04-21 23:00:00+00:00,96.05,96.65,95.9913,96.65,657443.0
2025-04-22 08:00:00+00:00,98.24,98.28,97.35,98.14,798438.0
2025-04-22 09:00:00+00:00,98.15,98.51,98.04,98.11,510133.0
2025-04-22 10:00:00+00:00,98.09,98.33,97.88,98.14,366452.0
2025-04-22 11:00:00+00:00,98.12,98.14,97.61,97.72,843332.0
2025-04-22 12:00:00+00:00,98.0,98.58,96.72,98.37,3721166.0
2025-04-22 13:00:00+00:00,98.36,99.27,97.36,98.9399,35902024.0
2025-04-22 14:00:00+00:00,98.94,99.38,98.3501,98.645,30911733.0
2025-04-22 15:00:00+00:00,98.65,99.45,98.3,98.87,28977643.0
2025-04-22 16:00:00+00:00,98.885,99.811,98.8731,99.1626,26799883.0
2025-04-22 17:00:00+00:00,99.165,99.6,97.565,97.76,29667971.0
2025-04-22 18:00:00+00:00,97.7649,98.86,97.71,98.685,16068674.0
2025-04-22 19:00:00+00:00,98.685,99.0,97.28,98.88,34904204.0
2025-04-22 20:00:00+00:00,98.89,99.2,98.6,99.02,2649597.0
2025-04-22 21:00:00+00:00,99.02,102.38,98.89,101.9,4321334.0
2025-04-22 22:00:00+00:00,101.81,102.1,101.4,102.01,1957893.0
2025-04-22 23:00:00+00:00,102.04,102.65,101.96,102.5,1854714.0
2025-04-23 08:00:00+00:00,102.74,104.29,102.5,103.86,2136587.0
2025-04-23 09:00:00+00:00,103.85,104.09,103.54,103.83,753779.0
2025-04-23 10:00:00+00:00,103.81,104.6,103.79,104.32,1058144.0
2025-04-23 11:00:00+00:00,104.32,104.7,104.01,104.01,1714738.0
2025-04-23 12:00:00+00:00,104.01,104.7,102.42,104.55,4649292.0
2025-04-23 13:00:00+00:00,104.55,104.8,102.61,103.4199,49498723.0
2025-04-23 14:00:00+00:00,103.41,104.74,102.58,103.865,41113385.0
2025-04-23 15:00:00+00:00,103.87,104.3,102.62,103.27,32467676.0
2025-04-23 16:00:00+00:00,103.265,104.19,102.65,104.055,22160115.0
2025-04-23 17:00:00+00:00,104.05,104.33,103.48,104.0888,17289046.0
2025-04-23 18:00:00+00:00,104.08,104.1658,103.27,103.495,15493408.0
2025-04-23 19:00:00+00:00,103.49,103.6699,102.02,102.535,32806628.0
2025-04-23 20:00:00+00:00,102.5209,103.2,102.37,102.71,3864309.0
2025-04-23 21:00:00+00:00,102.71,102.96,102.36,102.56,609600.0
2025-04-23 22:00:00+00:00,102.55,102.59,101.8,102.519,772022.0
2025-04-23 23:00:00+00:00,102.5,102.97,102.15,102.4999,598025.0
2025-04-24 08:00:00+00:00,101.5,101.91,100.61,100.94,856301.0
2025-04-24 09:00:00+00:00,100.95,101.99,100.92,101.9,646650.0
2025-04-24 10:00:00+00:00,101.92,103.03,101.8,102.76,1167786.0
2025-04-24 11:00:00+00:00,102.76,102.82,102.31,102.69,915379.0
2025-04-24 12:00:00+00:00,102.54,103.61,100.7271,103.59,3070402.0
2025-04-24 13:00:00+00:00,103.58,105.15,103.11,104.9487,30566488.0
2025-04-24 14:00:00+00:00,104.945,105.59,104.46,104.85,34763486.0
2025-04-24 15:00:00+00:00,104.85,105.99,104.76,105.2987,27383777.0
2025-04-24 16:00:00+00:00,105.3,106.27,105.0379,106.155,24136883.0
2025-04-24 17:00:00+00:00,106.155,106.46,105.86,106.26,18942557.0
2025-04-24 18:00:00+00:00,106.255,106.5,106.09,106.1683,15629493.0
2025-04-24 19:00:00+00:00,106.16,106.54,105.51,106.38,29953677.0
2025-04-24 20:00:00+00:00,106.3649,106.6,106.0,106.15,2520167.0
2025-04-24 21:00:00+00:00,106.1018,106.99,106.1,106.99,1104566.0
2025-04-24 22:00:00+00:00,106.99,106.99,106.55,106.92,713361.0
2025-04-24 23:00:00+00:00,106.92,107.9,106.85,107.72,1312641.0
2025-04-25 08:00:00+00:00,107.99,108.13,107.41,107.61,807611.0
2025-04-25 09:00:00+00:00,107.61,107.61,107.07,107.4,555911.0
2025-04-25 10:00:00+00:00,107.36,107.6,106.0,106.22,1355181.0
2025-04-25 11:00:00+00:00,106.22,107.09,106.18,106.53,1422218.0
2025-04-25 12:00:00+00:00,106.28,108.7,106.0,106.44,3139394.0
2025-04-25 13:00:00+00:00,106.44,107.72,105.73,106.86,28113705.0
2025-04-25 14:00:00+00:00,106.86,108.505,106.77,108.0901,36013294.0
2025-04-25 15:00:00+00:00,108.1,109.32,107.89,109.02,25078591.0
2025-04-25 16:00:00+00:00,109.025,111.0199,108.48,110.97,32299699.0
2025-04-25 17:00:00+00:00,110.972,111.92,109.8212,110.3687,40760262.0
2025-04-25 18:00:00+00:00,110.36,111.44,110.15,111.09,25378975.0
2025-04-25 19:00:00+00:00,111.09,111.19,110.2,110.96,34656903.0
2025-04-25 20:00:00+00:00,110.97,111.15,110.75,110.96,3246055.0
2025-04-25 21:00:00+00:00,110.95,111.05,110.73,110.74,410516.0
2025-04-25 22:00:00+00:00,110.74,110.81,110.51,110.78,375375.0
2025-04-25 23:00:00+00:00,110.78,110.9,110.69,110.9,358962.0
2025-04-28 08:00:00+00:00,109.93,110.45,109.06,109.5,1100310.0
2025-04-28 09:00:00+00:00,109.5,110.11,109.38,109.87,635329.0
2025-04-28 10:00:00+00:00,109.87,110.1,109.36,109.53,710390.0
2025-04-28 11:00:00+00:00,109.55,109.73,109.11,109.26,992682.0
2025-04-28 12:00:00+00:00,109.63,111.01,109.01,109.75,2696881.0
2025-04-28 13:00:00+00:00,109.76,110.3699,108.1,108.45,35863197.0
2025-04-28 14:00:00+00:00,108.45,108.92,107.73,107.79,31950954.0
2025-04-28 15:00:00+00:00,107.8,108.0,106.3844,107.275,28817397.0
2025-04-28 16:00:00+00:00,107.27,107.34,106.52,106.7,17008037.0
2025-04-28 17:00:00+00:00,106.6916,107.04,106.02,106.9891,17850192.0
2025-04-28 18:00:00+00:00,106.99,107.6,106.7,107.465,15117600.0
2025-04-28 19:00:00+00:00,107.47,108.85,107.41,108.64,27864604.0
2025-04-28 20:00:00+00:00,108.64,108.73,108.35,108.5,3070402.0
2025-04-28 21:00:00+00:00,108.52,108.52,108.18,108.33,450118.0
2025-04-28 22:00:00+00:00,108.33,108.33,108.01,108.15,376399.0
2025-04-28 23:00:00+00:00,108.15,108.3,108.0712,108.13,299099.0
2025-04-29 08:00:00+00:00,109.19,109.19,108.46,108.76,385591.0
2025-04-29 09:00:00+00:00,108.79,108.8,108.56,108.74,178786.0
2025-04-29 10:00:00+00:00,108.74,108.78,107.55,108.09,467380.0
2025-04-29 11:00:00+00:00,108.09,108.17,107.88,108.12,363493.0
2025-04-29 12:00:00+00:00,108.01,109.25,107.74,108.09,1631783.0
2025-04-29 13:00:00+00:00,108.09,109.2198,107.44,108.8,24914123.0
2025-04-29 14:00:00+00:00,108.8,109.71,108.29,108.8501,27847009.0
2025-04-29 15:00:00+00:00,108.855,109.24,108.45,108.9301,15640888.0
2025-04-29 16:00:00+00:00,108.93,109.27,108.22,108.375,13896709.0
2025-04-29 17:00:00+00:00,108.375,109.68,108.28,109.43,14629909.0
2025-04-29 18:00:00+00:00,109.43,110.1999,109.31,109.565,20156461.0
2025-04-29 19:00:00+00:00,109.565,109.8799,108.77,108.92,31086550.0
2025-04-29 20:00:00+00:00,109.02,109.1,105.71,107.24,5495369.0
2025-04-29 21:00:00+00:00,107.25,107.38,106.7,106.89,1281582.0
2025-04-29 22:00:00+00:00,106.89,107.28,106.81,106.98,752230.0
2025-04-29 23:00:00+00:00,106.98,107.0293,106.75,106.7701,616499.0
2025-04-30 08:00:00+00:00,107.0,107.87,106.63,107.18,628927.0
2025-04-30 09:00:00+00:00,107.18,107.53,107.17,107.31,228138.0
2025-04-30 10:00:00+00:00,107.31,107.33,106.66,106.84,548265.0
2025-04-30 11:00:00+00:00,106.85,106.89,106.38,106.68,734493.0
2025-04-30 12:00:00+00:00,106.65,107.7624,104.59,104.98,6039583.0
2025-04-30 13:00:00+00:00,104.98,105.537,104.08,104.65,34560534.0
2025-04-30 14:00:00+00:00,104.655,106.44,104.57,106.005,30404993.0
2025-04-30 15:00:00+00:00,105.98,106.9,105.9686,106.6216,19340872.0
2025-04-30 16:00:00+00:00,106.62,106.905,105.75,106.3584,17281552.0
2025-04-30 17:00:00+00:00,106.355,107.27,105.64,107.05,16948400.0
2025-04-30 18:00:00+00:00,107.06,107.835,106.86,107.39,20138388.0
2025-04-30 19:00:00+00:00,107.39,108.9,107.04,108.775,32023892.0
2025-04-30 20:00:00+00:00,108.92,112.65,108.43,112.3,13482773.0
2025-04-30 21:00:00+00:00,112.299,113.11,108.92,111.92,3935401.0
2025-04-30 22:00:00+00:00,111.95,113.97,111.82,113.44,3668169.0
2025-04-30 23:00:00+00:00,113.4,113.51,112.92,112.97,1183689.0
2025-05-01 08:00:00+00:00,112.85,113.36,112.56,113.1,714096.0
2025-05-01 09:00:00+00:00,113.1,113.71,113.02,113.55,632129.0
2025-05-01 10:00:00+00:00,113.54,113.93,113.35,113.72,718351.0
2025-05-01 11:00:00+00:00,113.72,114.47,113.57,114.22,1718799.0
2025-05-01 12:00:00+00:00,113.7,114.4576,112.52,113.64,3975927.0
2025-05-01 13:00:00+00:00,113.65,114.15,108.92,112.79,43766705.0
2025-05-01 14:00:00+00:00,112.8,113.68,112.36,113.525,31077947.0
2025-05-01 15:00:00+00:00,113.53,114.94,113.05,113.26,42080328.0
2025-05-01 16:00:00+00:00,113.26,113.9,112.86,113.125,20972756.0
2025-05-01 17:00:00+00:00,113.13,113.87,112.88,113.32,15285393.0
2025-05-01 18:00:00+00:00,113.32,113.92,113.23,113.26,14873668.0
2025-05-01 19:00:00+00:00,113.26,113.29,111.3,111.53,31448723.0
2025-05-01 20:00:00+00:00,111.54,111.89,110.72,111.8,3404236.0
2025-05-01 21:00:00+00:00,111.8,111.97,111.01,111.03,948548.0
2025-05-01 22:00:00+00:00,111.03,111.3,110.51,111.0587,742634.0
2025-05-01 23:00:00+00:00,111.0886,111.55,111.03,111.0999,405351.0
2025-05-02 08:00:00+00:00,112.14,112.83,112.01,112.3,580390.0
2025-05-02 09:00:00+00:00,112.31,112.89,112.29,112.84,269982.0
2025-05-02 10:00:00+00:00,112.83,112.95,112.68,112.81,250336.0
2025-05-02 11:00:00+00:00,112.79,112.88,112.51,112.65,417452.0
2025-05-02 12:00:00+00:00,112.63,114.2,111.95,114.0695,5030142.0
2025-05-02 13:00:00+00:00,114.05,115.4,113.61,113.93,36603752.0
2025-05-02 14:00:00+00:00,113.92,114.45,113.37,114.435,28812737.0
2025-05-02 15:00:00+00:00,114.43,114.85,114.3,114.7599,17793939.0
2025-05-02 16:00:00+00:00,114.76,115.25,114.4117,114.425,20705848.0
2025-05-02 17:00:00+00:00,114.43,114.76,113.95,114.4553,15627563.0
2025-05-02 18:00:00+00:00,114.455,115.03,114.33,114.5,16262395.0
2025-05-02 19:00:00+00:00,114.5,114.63,113.9,114.39,30298150.0
2025-05-02 20:00:00+00:00,114.375,115.0,114.2,114.25,2060626.0
2025-05-02 21:00:00+00:00,114.25,114.3,114.1,114.18,349803.0
2025-05-02 22:00:00+00:00,114.2,114.25,114.1304,114.21,201850.0
2025-05-02 23:00:00+00:00,114.2,114.27,114.14,114.22,264533.0
2025-05-05 08:00:00+00:00,113.9,113.91,112.61,112.8,549074.0
2025-05-05 09:00:00+00:00,112.81,113.27,112.46,113.0,452272.0
2025-05-05 10:00:00+00:00,113.0,113.1,112.66,112.98,273994.0
2025-05-05 11:00:00+00:00,112.98,113.2,112.82,112.92,540520.0
2025-05-05 12:00:00+00:00,112.9,114.1,112.66,113.0,1507144.0
2025-05-05 13:00:00+00:00,112.98,114.38,112.76,113.7465,20422832.0
2025-05-05 14:00:00+00:00,113.76,114.2,112.66,113.56,24303386.0
2025-05-05 15:00:00+00:00,113.57,114.12,113.4,113.565,15942348.0
2025-05-05 16:00:00+00:00,113.565,114.06,113.56,114.0193,10229799.0
2025-05-05 17:00:00+00:00,114.015,114.37,113.87,114.26,10160543.0
2025-05-05 18:00:00+00:00,114.27,114.665,114.13,114.18,10490489.0
2025-05-05 19:00:00+00:00,114.17,114.62,113.67,113.81,17432254.0
2025-05-05 20:00:00+00:00,113.82,113.86,113.11,113.59,2240587.0
2025-05-05 21:00:00+00:00,113.6008,113.82,113.35,113.51,368062.0
2025-05-05 22:00:00+00:00,113.5,113.54,113.25,113.31,176093.0
2025-05-05 23:00:00+00:00,113.3,113.82,113.25,113.25,205789.0
2025-05-06 08:00:00+00:00,113.1,113.26,112.33,112.6,451996.0
2025-05-06 09:00:00+00:00,112.59,112.59,112.24,112.51,359683.0
2025-05-06 10:00:00+00:00,112.51,112.7,112.42,112.62,144998.0
2025-05-06 11:00:00+00:00,112.59,112.75,112.021,112.27,604559.0
2025-05-06 12:00:00+00:00,112.68,113.4,112.04,112.32,1306342.0
2025-05-06 13:00:00+00:00,112.31,112.32,110.822,111.1,23544988.0
2025-05-06 14:00:00+00:00,111.11,113.25,110.9203,112.715,29018825.0
2025-05-06 15:00:00+00:00,112.71,113.16,112.5637,112.73,12855936.0
2025-05-06 16:00:00+00:00,112.72,113.79,112.6,112.63,16419602.0
2025-05-06 17:00:00+00:00,112.63,113.12,112.61,112.875,10885516.0
2025-05-06 18:00:00+00:00,112.88,114.12,112.88,114.0501,15397856.0
2025-05-06 19:00:00+00:00,114.05,114.74,113.38,113.45,23532912.0
2025-05-06 20:00:00+00:00,113.45,114.28,112.95,113.49,3863739.0
2025-05-06 21:00:00+00:00,113.45,113.6393,112.02,112.27,1331353.0
2025-05-06 22:00:00+00:00,112.27,114.62,112.2518,114.5,2148597.0
2025-05-06 23:00:00+00:00,114.5,114.59,114.13,114.5,578212.0
2025-05-07 08:00:00+00:00,113.92,114.93,113.64,114.12,391284.0
2025-05-07 09:00:00+00:00,114.13,114.21,113.8,113.98,183821.0
2025-05-07 10:00:00+00:00,113.9,114.13,113.72,113.96,256508.0
2025-05-07 11:00:00+00:00,113.95,114.35,113.92,114.11,487996.0
2025-05-07 12:00:00+00:00,114.0,114.46,113.6,113.76,2302303.0
2025-05-07 13:00:00+00:00,113.75,113.75,112.615,113.26,22176480.0
2025-05-07 14:00:00+00:00,113.27,113.67,112.95,113.1803,19641666.0
2025-05-07 15:00:00+00:00,113.18,114.22,112.9301,114.01,16550675.0
2025-05-07 16:00:00+00:00,114.0,114.1,113.5,113.9298,10583105.0
2025-05-07 17:00:00+00:00,113.92,114.14,113.15,113.335,12533150.0
2025-05-07 18:00:00+00:00,113.33,113.825,112.2818,113.76,23428761.0
2025-05-07 19:00:00+00:00,113.75,117.68,113.15,117.015,72662150.0
2025-05-07 20:00:00+00:00,117.02,117.25,116.3,116.4,5386831.0
2025-05-07 21:00:00+00:00,116.38,116.7,116.1814,116.29,1133683.0
2025-05-07 22:00:00+00:00,116.3,116.54,116.14,116.37,550891.0
2025-05-07 23:00:00+00:00,116.37,116.95,116.37,116.87,722322.0
2025-05-08 08:00:00+00:00,119.4,119.55,118.77,119.2,1073335.0
2025-05-08 09:00:00+00:00,119.2,119.35,118.79,119.17,765142.0
2025-05-08 10:00:00+00:00,119.19,119.42,118.81,119.02,780052.0
2025-05-08 11:00:00+00:00,119.0,119.25,118.51,118.72,1205037.0
2025-05-08 12:00:00+00:00,119.05,120.83,118.34,118.72,5918677.0
2025-05-08 13:00:00+00:00,118.7201,119.0,116.49,117.44,33871955.0
2025-05-08 14:00:00+00:00,117.44,117.64,115.85,116.145,32552380.0
2025-05-08 15:00:00+00:00,116.145,118.38,115.99,117.9899,32462110.0
2025-05-08 16:00:00+00:00,117.9807,118.45,117.73,118.175,17859807.0
2025-05-08 17:00:00+00:00,118.1713,118.2001,117.53,117.865,13257256.0
2025-05-08 18:00:00+00:00,117.875,118.38,117.81,118.02,13041938.0
2025-05-08 19:00:00+00:00,118.01,118.68,117.295,117.37,25521055.0
2025-05-08 20:00:00+00:00,117.375,117.45,116.7554,117.16,3306416.0
2025-05-08 21:00:00+00:00,117.1891,117.4,117.1,117.33,402072.0
2025-05-08 22:00:00+00:00,117.33,117.35,117.2,117.3,169205.0
2025-05-08 23:00:00+00:00,117.3,117.33,117.0,117.0481,353867.0
2025-05-09 08:00:00+00:00,118.0,118.2,117.64,117.8,363215.0
2025-05-09 09:00:00+00:00,117.79,118.1,117.79,118.05,154908.0
2025-05-09 10:00:00+00:00,118.05,118.19,117.95,117.98,191717.0
2025-05-09 11:00:00+00:00,117.98,118.19,117.23,117.55,983942.0
2025-05-09 12:00:00+00:00,118.03,118.2,117.23,117.7695,1869341.0
2025-05-09 13:00:00+00:00,117.77,118.23,117.13,117.75,20525168.0
2025-05-09 14:00:00+00:00,117.74,117.88,115.21,116.275,35464616.0
2025-05-09 15:00:00+00:00,116.27,116.77,116.01,116.72,16703809.0
2025-05-09 16:00:00+00:00,116.72,116.7599,115.98,116.345,10468880.0
2025-05-09 17:00:00+00:00,116.35,116.81,116.11,116.77,10074414.0
2025-05-09 18:00:00+00:00,116.76,116.92,116.5,116.6124,7900285.0
2025-05-09 19:00:00+00:00,116.61,116.865,116.43,116.61,17081782.0
2025-05-09 20:00:00+00:00,116.61,116.65,116.33,116.4,1871692.0
2025-05-09 21:00:00+00:00,116.4,116.43,116.3,116.39,201821.0
2025-05-09 22:00:00+00:00,116.37,116.41,116.33,116.35,108676.0
2025-05-09 23:00:00+00:00,116.37,116.4,116.34,116.3898,211087.0
2025-05-12 08:00:00+00:00,122.0,122.2,119.61,122.08,2060298.0
2025-05-12 09:00:00+00:00,122.1,122.66,122.07,122.43,1117682.0
2025-05-12 10:00:00+00:00,122.4,122.78,121.96,122.44,1364703.0
2025-05-12 11:00:00+00:00,122.44,122.6,121.76,121.9,2190321.0
2025-05-12 12:00:00+00:00,121.9,123.06,119.85,121.93,5914246.0
2025-05-12 13:00:00+00:00,121.93,122.82,120.6801,121.38,39955718.0
2025-05-12 14:00:00+00:00,121.38,121.695,120.28,120.878,31193856.0
2025-05-12 15:00:00+00:00,120.875,121.88,120.71,121.73,23092282.0
2025-05-12 16:00:00+00:00,121.73,122.731,121.65,122.56,22268678.0
2025-05-12 17:00:00+00:00,122.57,122.93,122.33,122.815,18163468.0
2025-05-12 18:00:00+00:00,122.815,122.94,122.5,122.59,15943010.0
2025-05-12 19:00:00+00:00,122.595,123.0,122.0701,122.99,36090638.0
2025-05-12 20:00:00+00:00,123.0,123.08,122.56,122.71,2221436.0
2025-05-12 21:00:00+00:00,122.71,122.8189,122.53,122.7801,510896.0
2025-05-12 22:00:00+00:00,122.79,122.83,122.6,122.7,333088.0
2025-05-12 23:00:00+00:00,122.71,122.95,122.71,122.83,359029.0
2025-05-13 08:00:00+00:00,122.15,122.41,121.65,121.77,511045.0
2025-05-13 09:00:00+00:00,121.78,122.38,121.77,122.3,314011.0
2025-05-13 10:00:00+00:00,122.34,123.32,122.12,123.05,891691.0
2025-05-13 11:00:00+00:00,123.04,124.03,123.01,123.96,1240930.0
2025-05-13 12:00:00+00:00,123.26,124.94,121.7452,124.86,5417606.0
2025-05-13 13:00:00+00:00,124.85,127.89,124.47,127.725,48029224.0
2025-05-13 14:00:00+00:00,127.73,130.83,127.47,130.63,77218728.0
2025-05-13 15:00:00+00:00,130.6325,130.64,129.45,129.91,51232236.0
2025-05-13 16:00:00+00:00,129.92,131.0,129.315,130.635,29623322.0
2025-05-13 17:00:00+00:00,130.63,131.2189,130.2201,130.2416,25222945.0
2025-05-13 18:00:00+00:00,130.25,130.5,129.72,130.465,28829721.0
2025-05-13 19:00:00+00:00,130.465,130.675,129.82,129.84,34546101.0
2025-05-13 20:00:00+00:00,129.93,129.96,129.41,129.4495,2632261.0
2025-05-13 21:00:00+00:00,129.45,130.32,129.45,130.25,993762.0
2025-05-13 22:00:00+00:00,130.24,130.5,130.2,130.44,913769.0
2025-05-13 23:00:00+00:00,130.4495,131.35,130.41,131.28,1743061.0
2025-05-14 08:00:00+00:00,132.2,132.99,131.3,132.43,1754937.0
2025-05-14 09:00:00+00:00,132.42,132.56,131.94,132.17,818054.0
2025-05-14 10:00:00+00:00,132.16,132.5,131.9,132.4,655853.0
2025-05-14 11:00:00+00:00,132.41,134.25,132.24,133.85,3381616.0
2025-05-14 12:00:00+00:00,132.36,134.23,131.4264,133.5365,7141267.0
2025-05-14 13:00:00+00:00,133.52,134.86,131.93,132.665,54449273.0
2025-05-14 14:00:00+00:00,132.67,133.775,131.68,133.515,40942651.0
2025-05-14 15:00:00+00:00,133.52,134.59,133.0,134.51,31775341.0
2025-05-14 16:00:00+00:00,134.505,135.435,134.375,134.715,30851206.0
2025-05-14 17:00:00+00:00,134.72,135.15,133.96,134.995,21346511.0
2025-05-14 18:00:00+00:00,135.0,135.32,134.425,135.0916,18911382.0
2025-05-14 19:00:00+00:00,135.1042,135.395,134.26,135.3471,35010030.0
2025-05-14 20:00:00+00:00,135.3333,136.6,135.02,136.21,5322341.0
2025-05-14 21:00:00+00:00,136.23,136.25,135.11,135.54,2351768.0
2025-05-14 22:00:00+00:00,135.54,136.0,135.45,135.98,766857.0
2025-05-14 23:00:00+00:00,135.98,136.25,135.55,136.21,933165.0
2025-05-15 08:00:00+00:00,133.52,134.49,132.08,132.16,1908302.0
2025-05-15 09:00:00+00:00,132.17,133.09,131.87,132.96,1238960.0
2025-05-15 10:00:00+00:00,132.94,133.6,132.5,133.11,883042.0
2025-05-15 11:00:00+00:00,133.12,134.64,133.09,134.19,1727193.0
2025-05-15 12:00:00+00:00,133.26,135.91,131.9,134.32,5612167.0
2025-05-15 13:00:00+00:00,134.3,134.72,132.66,133.58,33401179.0
2025-05-15 14:00:00+00:00,133.57,134.2,132.75,133.565,33649018.0
2025-05-15 15:00:00+00:00,133.57,134.67,133.43,134.53,22545020.0
2025-05-15 16:00:00+00:00,134.53,136.2454,134.5207,135.785,29815342.0
2025-05-15 17:00:00+00:00,135.7851,136.3,135.72,135.9314,21160617.0
2025-05-15 18:00:00+00:00,135.935,135.96,134.57,134.615,21750399.0
2025-05-15 19:00:00+00:00,134.615,135.02,133.58,134.9,32789132.0
2025-05-15 20:00:00+00:00,134.85,135.4,134.61,134.72,2831194.0
2025-05-15 21:00:00+00:00,134.7,134.83,134.25,134.33,549679.0
2025-05-15 22:00:00+00:00,134.36,134.4899,134.2812,134.38,279670.0
2025-05-15 23:00:00+00:00,134.38,134.88,134.3,134.7,534032.0
2025-05-16 08:00:00+00:00,134.95,136.08,133.99,135.86,917907.0
2025-05-16 09:00:00+00:00,135.89,135.93,135.65,135.73,283493.0
2025-05-16 10:00:00+00:00,135.72,135.97,135.38,135.92,378223.0
2025-05-16 11:00:00+00:00,135.9,136.39,135.61,136.39,908180.0
2025-05-16 12:00:00+00:00,136.39,136.89,134.7,136.3,3956784.0
2025-05-16 13:00:00+00:00,136.3,136.58,135.03,135.55,32790220.0
2025-05-16 14:00:00+00:00,135.52,136.12,133.46,134.33,41716835.0
2025-05-16 15:00:00+00:00,134.325,135.33,134.32,134.665,20962141.0
2025-05-16 16:00:00+00:00,134.665,135.16,134.535,134.625,13993012.0
2025-05-16 17:00:00+00:00,134.623,136.25,134.43,135.545,29586251.0
2025-05-16 18:00:00+00:00,135.55,135.56,134.95,135.12,16181346.0
2025-05-16 19:00:00+00:00,135.12,135.64,134.875,135.32,28307867.0
2025-05-16 20:00:00+00:00,135.33,135.5,134.71,134.83,3430821.0
2025-05-16 21:00:00+00:00,134.89,135.0494,133.91,133.96,1753344.0
2025-05-16 22:00:00+00:00,134.03,134.38,131.8301,132.5117,2621433.0
2025-05-16 23:00:00+00:00,132.54,133.23,132.08,132.1,1611373.0
2025-05-19 08:00:00+00:00,132.04,132.88,130.03,130.38,2225106.0
2025-05-19 09:00:00+00:00,130.38,131.02,130.25,130.94,945851.0
2025-05-19 10:00:00+00:00,130.92,132.16,130.62,131.5,1197148.0
2025-05-19 11:00:00+00:00,131.5,131.92,130.99,131.66,1735276.0
2025-05-19 12:00:00+00:00,131.65,133.25,130.03,132.06,6248410.0
2025-05-19 13:00:00+00:00,132.03,134.91,131.5,134.075,36607985.0
2025-05-19 14:00:00+00:00,134.06,135.87,133.925,134.655,40562579.0
2025-05-19 15:00:00+00:00,134.66,135.725,134.3,135.09,21137418.0
2025-05-19 16:00:00+00:00,135.085,135.33,132.85,135.09,15000836.0
2025-05-19 17:00:00+00:00,135.08,135.7,135.01,135.425,15893210.0
2025-05-19 18:00:00+00:00,135.43,135.56,134.95,135.285,12870575.0
2025-05-19 19:00:00+00:00,135.29,135.61,134.99,135.49,20458948.0
2025-05-19 20:00:00+00:00,135.49,135.97,135.26,135.3507,2557607.0
2025-05-19 21:00:00+00:00,135.35,135.51,135.3,135.43,354380.0
2025-05-19 22:00:00+00:00,135.411,135.44,135.32,135.38,213028.0
2025-05-19 23:00:00+00:00,135.39,135.9,135.37,135.67,607174.0
2025-05-20 08:00:00+00:00,135.01,135.25,134.8,134.98,487934.0
2025-05-20 09:00:00+00:00,134.99,135.16,134.91,135.02,213310.0
2025-05-20 10:00:00+00:00,135.03,135.33,134.96,135.28,302458.0
2025-05-20 11:00:00+00:00,135.29,135.42,134.9,135.01,687619.0
2025-05-20 12:00:00+00:00,135.28,135.57,134.6,134.68,2064812.0
2025-05-20 13:00:00+00:00,134.67,134.83,132.75,133.085,27990745.0
2025-05-20 14:00:00+00:00,133.08,133.92,132.62,133.645,28248002.0
2025-05-20 15:00:00+00:00,133.645,134.26,133.3,134.135,20665462.0
2025-05-20 16:00:00+00:00,134.13,134.43,133.725,134.155,12908350.0
2025-05-20 17:00:00+00:00,134.155,134.54,132.895,134.005,13747744.0
2025-05-20 18:00:00+00:00,134.0,134.24,133.37,133.6399,14993473.0
2025-05-20 19:00:00+00:00,133.63,134.46,133.03,134.38,23583154.0
2025-05-20 20:00:00+00:00,134.38,135.25,134.11,134.6,3906489.0
2025-05-20 21:00:00+00:00,134.6401,134.65,134.25,134.29,443563.0
2025-05-20 22:00:00+00:00,134.3179,134.33,133.7,133.96,535475.0
2025-05-20 23:00:00+00:00,133.95,134.3,133.9201,134.0,380505.0
2025-05-21 08:00:00+00:00,133.38,133.71,132.95,133.24,460171.0
2025-05-21 09:00:00+00:00,133.24,133.38,132.93,132.97,339846.0
2025-05-21 10:00:00+00:00,132.97,133.29,132.65,133.29,418059.0
2025-05-21 11:00:00+00:00,133.28,133.429,133.02,133.29,456211.0
2025-05-21 12:00:00+00:00,133.24,134.0,132.66,133.3293,1508899.0
2025-05-21 13:00:00+00:00,133.3295,134.9,133.0,134.355,24246127.0
2025-05-21 14:00:00+00:00,134.3495,134.8585,133.745,134.845,27448180.0
2025-05-21 15:00:00+00:00,134.845,137.07,134.6701,136.745,37100800.0
2025-05-21 16:00:00+00:00,136.745,137.4,136.7,136.9299,26131617.0
2025-05-21 17:00:00+00:00,136.93,137.08,132.7101,133.38,49376869.0
2025-05-21 18:00:00+00:00,133.38,133.53,132.2847,132.5201,30803171.0
2025-05-21 19:00:00+00:00,132.525,132.75,130.59,131.73,47066150.0
2025-05-21 20:00:00+00:00,131.73,131.85,131.25,131.36,1938329.0
2025-05-21 21:00:00+00:00,131.43,131.59,131.37,131.45,535902.0
2025-05-21 22:00:00+00:00,131.46,131.59,131.22,131.4,406803.0
2025-05-21 23:00:00+00:00,131.41,131.55,131.0,131.15,609801.0
2025-05-22 08:00:00+00:00,132.3,132.95,132.05,132.65,579419.0
2025-05-22 09:00:00+00:00,132.63,132.84,132.46,132.74,327754.0
2025-05-22 10:00:00+00:00,132.71,132.75,132.2,132.28,333241.0
2025-05-22 11:00:00+00:00,132.27,132.87,131.69,131.69,927344.0
2025-05-22 12:00:00+00:00,132.3,132.8699,131.05,132.49,3480082.0
2025-05-22 13:00:00+00:00,132.5,133.63,131.55,133.47,30112867.0
2025-05-22 14:00:00+00:00,133.49,133.95,132.53,133.14,33818157.0
2025-05-22 15:00:00+00:00,133.14,133.5,132.58,133.425,22265666.0
2025-05-22 16:00:00+00:00,133.42,133.85,133.01,133.18,17429879.0
2025-05-22 17:00:00+00:00,133.185,133.72,133.07,133.455,15895416.0
2025-05-22 18:00:00+00:00,133.455,134.1999,133.11,133.93,17857812.0
2025-05-22 19:00:00+00:00,133.94,134.25,132.66,132.7899,26199453.0
2025-05-22 20:00:00+00:00,132.78,133.18,132.61,133.05,1437982.0
2025-05-22 21:00:00+00:00,133.09,133.2,132.89,133.09,284084.0
2025-05-22 22:00:00+00:00,133.1,133.1789,132.7,132.8001,275875.0
2025-05-22 23:00:00+00:00,132.8,132.95,132.72,132.86,286967.0
2025-05-23 08:00:00+00:00,133.1,133.27,132.89,133.03,309029.0
2025-05-23 09:00:00+00:00,133.01,133.1,132.31,132.9,497996.0
2025-05-23 10:00:00+00:00,132.88,133.1,132.78,133.08,180687.0
2025-05-23 11:00:00+00:00,133.07,133.17,130.33,130.43,2144525.0
2025-05-23 12:00:00+00:00,133.03,133.24,127.8,129.22,9046424.0
2025-05-23 13:00:00+00:00,129.24,130.99,128.9501,130.31,30945294.0
2025-05-23 14:00:00+00:00,130.32,131.38,130.24,131.2011,30955111.0
2025-05-23 15:00:00+00:00,131.21,131.48,130.19,130.695,22091148.0
2025-05-23 16:00:00+00:00,130.695,131.29,130.63,131.0518,17961324.0
2025-05-23 17:00:00+00:00,131.06,132.099,130.93,131.895,20029430.0
2025-05-23 18:00:00+00:00,131.891,132.68,131.585,131.87,21709162.0
2025-05-23 19:00:00+00:00,131.86,132.14,131.14,131.31,27684523.0
2025-05-23 20:00:00+00:00,131.29,131.4,130.97,131.26,2284190.0
2025-05-23 21:00:00+00:00,131.27,131.29,131.16,131.2,250862.0
2025-05-23 22:00:00+00:00,131.2,131.23,131.15,131.18,194098.0
2025-05-23 23:00:00+00:00,131.18,131.25,131.15,131.17,295197.0
2025-05-27 08:00:00+00:00,135.0,135.05,134.5,134.59,870180.0
2025-05-27 09:00:00+00:00,134.6,135.16,134.53,134.83,640399.0
2025-05-27 10:00:00+00:00,134.83,135.0,134.73,134.76,332439.0
2025-05-27 11:00:00+00:00,134.75,134.76,134.3,134.55,830363.0
2025-05-27 12:00:00+00:00,134.56,135.1,133.71,134.6201,2533152.0
2025-05-27 13:00:00+00:00,134.6201,135.0,133.31,134.46,32884069.0
2025-05-27 14:00:00+00:00,134.4581,135.56,134.4,135.225,36907029.0
2025-05-27 15:00:00+00:00,135.21,135.3999,134.84,135.06,20687188.0
2025-05-27 16:00:00+00:00,135.065,135.66,135.0238,135.21,16840992.0
2025-05-27 17:00:00+00:00,135.2,135.65,135.2,135.515,13684897.0
2025-05-27 18:00:00+00:00,135.515,135.63,135.0316,135.3718,15463495.0
2025-05-27 19:00:00+00:00,135.375,135.5,134.72,135.49,28781531.0
2025-05-27 20:00:00+00:00,135.4928,135.76,135.07,135.28,2417240.0
2025-05-27 21:00:00+00:00,135.26,135.42,135.25,135.32,500628.0
2025-05-27 22:00:00+00:00,135.31,135.4798,135.2,135.4798,402990.0
2025-05-27 23:00:00+00:00,135.48,135.6,135.42,135.6,543350.0
2025-05-28 08:00:00+00:00,135.8,136.28,135.02,135.11,635359.0
2025-05-28 09:00:00+00:00,135.12,135.8,135.02,135.75,485398.0
2025-05-28 10:00:00+00:00,135.74,136.48,135.73,136.41,725583.0
2025-05-28 11:00:00+00:00,136.41,136.59,136.11,136.55,875498.0
2025-05-28 12:00:00+00:00,136.43,136.77,135.0304,136.41,3412883.0
2025-05-28 13:00:00+00:00,136.439,136.47,135.05,135.05,32941636.0
2025-05-28 14:00:00+00:00,135.055,135.48,134.8,134.9917,28176817.0
2025-05-28 15:00:00+00:00,134.995,135.91,134.98,135.5255,21843447.0
2025-05-28 16:00:00+00:00,135.5217,136.115,135.52,135.765,20790772.0
2025-05-28 17:00:00+00:00,135.76,136.68,135.75,136.66,24085453.0
2025-05-28 18:00:00+00:00,136.6682,137.25,136.315,136.9015,31482345.0
2025-05-28 19:00:00+00:00,136.9,137.19,134.79,134.81,50767566.0
2025-05-28 20:00:00+00:00,134.81,141.8,133.25,141.77,42312098.0
2025-05-28 21:00:00+00:00,141.75,143.17,139.82,140.5,21665139.0
2025-05-28 22:00:00+00:00,140.51,141.2,140.2,140.76,4585765.0
2025-05-28 23:00:00+00:00,140.78,142.0,140.6701,141.4,5410649.0
2025-05-29 08:00:00+00:00,141.94,142.47,141.34,141.64,1621803.0
2025-05-29 09:00:00+00:00,141.68,143.84,141.63,143.55,2539834.0
2025-05-29 10:00:00+00:00,143.53,143.7,142.62,142.83,1528295.0
2025-05-29 11:00:00+00:00,142.8,143.37,141.78,142.08,2796631.0
2025-05-29 12:00:00+00:00,142.59,143.8153,141.4348,142.039,7474805.0
2025-05-29 13:00:00+00:00,142.04,143.49,140.85,141.59,91575070.0
2025-05-29 14:00:00+00:00,141.5908,141.89,139.29,141.79,70876589.0
2025-05-29 15:00:00+00:00,141.79,141.94,140.33,140.54,37510915.0
2025-05-29 16:00:00+00:00,140.54,141.51,140.055,140.455,27732114.0
2025-05-29 17:00:00+00:00,140.45,140.61,138.32,138.79,33755543.0
2025-05-29 18:00:00+00:00,138.795,139.485,137.91,139.025,32780724.0
2025-05-29 19:00:00+00:00,139.025,139.46,138.44,139.18,39665749.0
2025-05-29 20:00:00+00:00,139.19,139.28,138.62,138.69,3812241.0
2025-05-29 21:00:00+00:00,138.7,138.79,138.01,138.06,851166.0
2025-05-29 22:00:00+00:00,138.08,138.34,137.82,137.86,736766.0
2025-05-29 23:00:00+00:00,137.85,138.09,137.8,137.8,787093.0
2025-05-30 08:00:00+00:00,137.9,139.07,137.61,138.19,785221.0
2025-05-30 09:00:00+00:00,138.18,138.49,138.1,138.12,369952.0
2025-05-30 10:00:00+00:00,138.11,138.81,138.04,138.8,448692.0
2025-05-30 11:00:00+00:00,138.8,139.35,138.56,138.93,631795.0
2025-05-30 12:00:00+00:00,138.58,139.34,137.63,138.3401,3945641.0
2025-05-30 13:00:00+00:00,138.37,139.62,135.8,136.15,42014294.0
2025-05-30 14:00:00+00:00,136.15,137.45,136.03,136.4677,38312903.0
2025-05-30 15:00:00+00:00,136.47,136.62,134.74,135.38,41378042.0
2025-05-30 16:00:00+00:00,135.39,135.415,132.92,133.7414,42300151.0
2025-05-30 17:00:00+00:00,133.745,134.91,133.6,133.935,27854835.0
2025-05-30 18:00:00+00:00,133.94,135.1,133.79,134.525,24436983.0
2025-05-30 19:00:00+00:00,134.52,135.74,134.38,134.84,44890135.0
2025-05-30 20:00:00+00:00,134.88,135.14,134.8003,135.0,9154964.0
2025-05-30 21:00:00+00:00,134.99,135.2489,134.94,135.2394,622622.0
2025-05-30 22:00:00+00:00,135.24,135.25,134.75,134.77,331679.0
2025-05-30 23:00:00+00:00,134.84,134.93,134.4,134.5112,493077.0
2025-06-02 08:00:00+00:00,133.77,134.18,133.44,133.94,628468.0
2025-06-02 09:00:00+00:00,133.93,134.02,133.7,133.9,285555.0
2025-06-02 10:00:00+00:00,133.9,134.69,133.65,134.36,514401.0
2025-06-02 11:00:00+00:00,134.35,134.53,134.14,134.18,546431.0
2025-06-02 12:00:00+00:00,134.18,134.97,132.93,134.95,1967485.0
2025-06-02 13:00:00+00:00,134.9501,137.66,134.8,136.34,33835867.0
2025-06-02 14:00:00+00:00,136.32,137.18,135.86,136.4,33010961.0
2025-06-02 15:00:00+00:00,136.405,137.4299,136.18,137.2897,21361697.0
2025-06-02 16:00:00+00:00,137.285,137.64,137.06,137.4014,16580584.0
2025-06-02 17:00:00+00:00,137.405,137.82,137.33,137.58,14162807.0
2025-06-02 18:00:00+00:00,137.58,138.12,137.12,137.945,16626972.0
2025-06-02 19:00:00+00:00,137.94,137.97,136.96,137.37,23984876.0
2025-06-02 20:00:00+00:00,137.38,137.73,137.37,137.6901,4367937.0
2025-06-02 21:00:00+00:00,137.69,137.88,137.69,137.73,465263.0
2025-06-02 22:00:00+00:00,137.73,137.74,137.47,137.5297,239183.0
2025-06-02 23:00:00+00:00,137.52,137.69,137.35,137.48,319524.0
2025-06-03 08:00:00+00:00,137.13,137.41,136.51,137.0,309862.0
2025-06-03 09:00:00+00:00,137.02,137.33,136.93,137.11,315193.0
2025-06-03 10:00:00+00:00,137.11,137.78,136.93,137.78,371091.0
2025-06-03 11:00:00+00:00,137.76,138.3,137.59,138.17,635225.0
2025-06-03 12:00:00+00:00,138.18,138.3,136.5104,138.1903,2045482.0
2025-06-03 13:00:00+00:00,138.2,140.45,137.95,140.3274,35810125.0
2025-06-03 14:00:00+00:00,140.33,141.97,140.33,141.9446,52781585.0
2025-06-03 15:00:00+00:00,141.94,142.0,140.32,141.465,27261428.0
2025-06-03 16:00:00+00:00,141.46,141.86,141.325,141.735,15253838.0
2025-06-03 17:00:00+00:00,141.74,141.77,141.08,141.1056,15653177.0
2025-06-03 18:00:00+00:00,141.11,141.44,140.26,141.425,21390335.0
2025-06-03 19:00:00+00:00,141.425,141.53,141.04,141.27,25978704.0
2025-06-03 20:00:00+00:00,141.23,141.34,140.85,141.08,8554636.0
2025-06-03 21:00:00+00:00,141.09,141.28,141.03,141.1794,316187.0
2025-06-03 22:00:00+00:00,141.16,141.5,141.1,141.4793,399443.0
2025-06-03 23:00:00+00:00,141.45,141.5295,141.33,141.49,391706.0
2025-06-04 08:00:00+00:00,141.8,142.36,141.5,142.14,614654.0
2025-06-04 09:00:00+00:00,142.16,142.62,142.1,142.49,391764.0
2025-06-04 10:00:00+00:00,142.48,142.57,142.13,142.4,344051.0
2025-06-04 11:00:00+00:00,142.36,142.56,142.06,142.45,645816.0
2025-06-04 12:00:00+00:00,142.25,142.6012,141.3,142.14,3321527.0
2025-06-04 13:00:00+00:00,142.14,142.39,140.78,141.16,29045531.0
2025-06-04 14:00:00+00:00,141.1,141.38,139.545,141.36,31656821.0
2025-06-04 15:00:00+00:00,141.37,141.55,140.925,140.95,20289015.0
2025-06-04 16:00:00+00:00,140.9598,141.045,140.35,140.6,15316675.0
2025-06-04 17:00:00+00:00,140.5999,141.18,140.54,141.04,11322372.0
2025-06-04 18:00:00+00:00,141.045,141.78,141.04,141.44,15836804.0
2025-06-04 19:00:00+00:00,141.445,141.97,141.39,141.84,22025814.0
2025-06-04 20:00:00+00:00,141.84,141.92,141.45,141.53,2721046.0
2025-06-04 21:00:00+00:00,141.56,141.68,141.47,141.65,248729.0
2025-06-04 22:00:00+00:00,141.63,141.69,141.4701,141.52,231748.0
2025-06-04 23:00:00+00:00,141.48,141.59,141.3,141.31,305785.0
2025-06-05 08:00:00+00:00,142.01,142.36,141.55,141.9,445642.0
2025-06-05 09:00:00+00:00,141.92,141.92,141.63,141.71,249021.0
2025-06-05 10:00:00+00:00,141.79,141.95,141.35,141.65,315330.0
2025-06-05 11:00:00+00:00,141.64,141.69,141.11,141.34,374025.0
2025-06-05 12:00:00+00:00,141.34,142.35,141.01,141.66,2596586.0
2025-06-05 13:00:00+00:00,141.65,143.2,140.74,140.97,28960988.0
2025-06-05 14:00:00+00:00,140.97,142.6,140.82,142.525,30638492.0
2025-06-05 15:00:00+00:00,142.525,144.0,142.37,143.755,33072144.0
2025-06-05 16:00:00+00:00,143.7405,143.7699,140.97,141.185,29855596.0
2025-06-05 17:00:00+00:00,141.18,141.8799,140.78,140.99,19519596.0
2025-06-05 18:00:00+00:00,140.98,141.125,139.79,140.6101,20566318.0
2025-06-05 19:00:00+00:00,140.615,141.0,138.83,139.95,34311695.0
2025-06-05 20:00:00+00:00,139.99,140.3,138.05,138.14,2905651.0
2025-06-05 21:00:00+00:00,138.14,139.18,137.88,138.04,1445522.0
2025-06-05 22:00:00+00:00,138.05,139.0,138.05,138.98,624227.0
2025-06-05 23:00:00+00:00,138.98,139.3299,138.9,138.9201,538286.0
2025-06-06 08:00:00+00:00,140.49,140.49,139.77,140.35,395600.0
2025-06-06 09:00:00+00:00,140.38,140.93,140.24,140.88,272534.0
2025-06-06 10:00:00+00:00,140.89,140.92,140.35,140.42,224008.0
2025-06-06 11:00:00+00:00,140.41,140.68,140.23,140.5,390998.0
2025-06-06 12:00:00+00:00,140.5,141.97,139.91,141.8499,3344090.0
2025-06-06 13:00:00+00:00,141.83,143.27,141.8,142.365,29920789.0
2025-06-06 14:00:00+00:00,142.3689,142.6499,141.51,142.39,25413052.0
2025-06-06 15:00:00+00:00,142.395,142.83,141.56,142.11,18130178.0
2025-06-06 16:00:00+00:00,142.115,142.88,141.54,141.881,15703388.0
2025-06-06 17:00:00+00:00,141.885,142.49,141.75,142.44,10459182.0
2025-06-06 18:00:00+00:00,142.45,142.86,142.21,142.2455,13798501.0
2025-06-06 19:00:00+00:00,142.24,142.34,141.64,141.69,21080300.0
2025-06-06 20:00:00+00:00,141.7,142.04,141.5,141.97,1730152.0
2025-06-06 21:00:00+00:00,141.95,142.0,141.62,141.68,341898.0
2025-06-06 22:00:00+00:00,141.69,141.84,141.68,141.76,141315.0
2025-06-06 23:00:00+00:00,141.77,141.9,141.7,141.8997,262373.0
2025-06-09 08:00:00+00:00,142.3,142.65,142.05,142.45,464620.0
2025-06-09 09:00:00+00:00,142.46,142.5,142.31,142.44,183408.0
2025-06-09 10:00:00+00:00,142.43,142.44,142.13,142.23,238488.0
2025-06-09 11:00:00+00:00,142.23,142.8,142.18,142.72,578277.0
2025-06-09 12:00:00+00:00,142.26,143.58,141.366,143.28,2849344.0
2025-06-09 13:00:00+00:00,143.28,144.7,142.9,143.624,29314811.0
2025-06-09 14:00:00+00:00,143.63,145.0,143.4001,144.235,32408954.0
2025-06-09 15:00:00+00:00,144.24,144.61,142.3978,142.835,35531099.0
2025-06-09 16:00:00+00:00,142.84,143.05,141.94,142.6946,21252986.0
2025-06-09 17:00:00+00:00,142.69,143.0451,141.97,142.315,13210075.0
2025-06-09 18:00:00+00:00,142.315,143.03,142.16,142.815,12420539.0
2025-06-09 19:00:00+00:00,142.815,142.97,142.19,142.55,20753761.0
2025-06-09 20:00:00+00:00,142.55,142.73,142.48,142.66,871967.0
2025-06-09 21:00:00+00:00,142.66,142.76,142.57,142.74,325647.0
2025-06-09 22:00:00+00:00,142.73,142.84,142.69,142.7699,224689.0
2025-06-09 23:00:00+00:00,142.77,142.95,142.62,142.678,360506.0
2025-06-10 08:00:00+00:00,142.6,143.41,142.05,142.35,468026.0
2025-06-10 09:00:00+00:00,142.35,142.97,142.3,142.91,239891.0
2025-06-10 10:00:00+00:00,142.91,143.29,142.85,143.08,267137.0
2025-06-10 11:00:00+00:00,143.08,143.33,142.84,143.25,412704.0
2025-06-10 12:00:00+00:00,143.11,143.68,142.02,143.34,1396791.0
2025-06-10 13:00:00+00:00,143.34,143.4,141.81,142.41,21008090.0
2025-06-10 14:00:00+00:00,142.405,143.13,142.16,142.43,22381057.0
2025-06-10 15:00:00+00:00,142.42,143.14,141.525,142.7482,20326844.0
2025-06-10 16:00:00+00:00,142.74,143.285,142.71,143.205,12333113.0
2025-06-10 17:00:00+00:00,143.205,143.215,142.47,142.5584,9998628.0
2025-06-10 18:00:00+00:00,142.56,144.05,142.105,143.9101,17132340.0
2025-06-10 19:00:00+00:00,143.91,144.29,143.23,143.955,27129960.0
2025-06-10 20:00:00+00:00,143.9532,144.2,143.82,143.89,3144131.0
2025-06-10 21:00:00+00:00,143.89,143.95,143.77,143.8298,317339.0
2025-06-10 22:00:00+00:00,143.83,143.96,143.74,143.86,222896.0
2025-06-10 23:00:00+00:00,143.86,143.98,143.64,143.77,336799.0
2025-06-11 08:00:00+00:00,143.55,143.97,143.08,143.85,324347.0
2025-06-11 09:00:00+00:00,143.85,143.93,143.67,143.81,220534.0
2025-06-11 10:00:00+00:00,143.8,143.94,143.72,143.87,258752.0
2025-06-11 11:00:00+00:00,143.87,144.27,143.7,144.17,538123.0
2025-06-11 12:00:00+00:00,143.88,145.25,143.57,145.11,4969998.0
2025-06-11 13:00:00+00:00,145.1,145.27,143.02,143.755,28653748.0
2025-06-11 14:00:00+00:00,143.75,144.6899,143.53,144.32,25778118.0
2025-06-11 15:00:00+00:00,144.32,144.49,143.27,143.7799,19834363.0
2025-06-11 16:00:00+00:00,143.78,143.93,142.773,143.4001,16819814.0
2025-06-11 17:00:00+00:00,143.405,143.85,142.975,143.045,11549944.0
2025-06-11 18:00:00+00:00,143.04,143.19,142.02,142.3069,20050659.0
2025-06-11 19:00:00+00:00,142.315,143.0,141.87,142.84,23269118.0
2025-06-11 20:00:00+00:00,142.84,143.69,142.76,143.03,2739655.0
2025-06-11 21:00:00+00:00,143.0201,143.32,142.81,142.97,427662.0
2025-06-11 22:00:00+00:00,142.95,143.08,142.3601,142.41,416846.0
2025-06-11 23:00:00+00:00,142.43,142.5699,142.18,142.21,361184.0
2025-06-12 08:00:00+00:00,142.0,142.47,141.0,141.87,579955.0
2025-06-12 09:00:00+00:00,141.85,142.01,141.41,141.55,347269.0
2025-06-12 10:00:00+00:00,141.53,141.73,140.92,141.28,551492.0
2025-06-12 11:00:00+00:00,141.3,141.41,140.46,140.57,789343.0
2025-06-12 12:00:00+00:00,141.29,142.5,140.46,141.6899,2598922.0
2025-06-12 13:00:00+00:00,141.69,143.94,141.5,143.26,24242412.0
2025-06-12 14:00:00+00:00,143.26,145.0,143.1718,144.7102,33247751.0
2025-06-12 15:00:00+00:00,144.72,145.0,144.11,144.26,22681258.0
2025-06-12 16:00:00+00:00,144.2519,144.6,143.97,144.195,13630458.0
2025-06-12 17:00:00+00:00,144.2,144.67,144.03,144.485,10343920.0
2025-06-12 18:00:00+00:00,144.49,144.835,144.25,144.63,13244797.0
2025-06-12 19:00:00+00:00,144.62,145.0,144.5,145.0,24087172.0
2025-06-12 20:00:00+00:00,145.0,145.0,144.63,144.8199,1588655.0
2025-06-12 21:00:00+00:00,144.82,145.0,144.78,144.88,668950.0
2025-06-12 22:00:00+00:00,144.87,144.8897,144.5,144.52,328756.0
2025-06-12 23:00:00+00:00,144.53,144.8,144.36,144.5,377034.0
2025-06-13 08:00:00+00:00,142.13,143.19,141.4,142.14,1093939.0
2025-06-13 09:00:00+00:00,142.15,142.49,141.74,142.31,668191.0
2025-06-13 10:00:00+00:00,142.31,142.45,141.9,142.44,418846.0
2025-06-13 11:00:00+00:00,142.44,143.24,142.28,143.11,1333211.0
2025-06-13 12:00:00+00:00,142.36,143.46,141.51,142.9,3327226.0
2025-06-13 13:00:00+00:00,142.89,143.58,142.19,142.918,26160863.0
2025-06-13 14:00:00+00:00,142.93,143.3602,141.07,142.31,33181294.0
2025-06-13 15:00:00+00:00,142.315,143.32,142.17,143.064,16611640.0
2025-06-13 16:00:00+00:00,143.065,143.37,142.8719,143.255,12957914.0
2025-06-13 17:00:00+00:00,143.25,143.34,142.38,142.7345,13115466.0
2025-06-13 18:00:00+00:00,142.74,142.8499,140.855,141.78,23645321.0
2025-06-13 19:00:00+00:00,141.775,142.08,141.44,141.96,30148301.0
2025-06-13 20:00:00+00:00,141.96,142.13,141.8,141.84,2492742.0
2025-06-13 21:00:00+00:00,141.83,141.97,141.72,141.85,344844.0
2025-06-13 22:00:00+00:00,141.82,141.88,141.75,141.82,195525.0
2025-06-13 23:00:00+00:00,141.82,141.8498,141.71,141.8,311025.0
2025-06-16 08:00:00+00:00,142.8,143.25,142.59,143.05,346313.0
2025-06-16 09:00:00+00:00,143.06,143.08,142.64,142.89,262972.0
2025-06-16 10:00:00+00:00,142.87,143.3,142.81,143.28,284508.0
2025-06-16 11:00:00+00:00,143.25,143.3,143.0,143.29,518187.0
2025-06-16 12:00:00+00:00,143.15,143.53,142.41,143.39,2081998.0
2025-06-16 13:00:00+00:00,143.39,144.77,141.97,144.735,26711408.0
2025-06-16 14:00:00+00:00,144.738,144.89,144.02,144.75,26815087.0
2025-06-16 15:00:00+00:00,144.745,146.175,144.71,145.495,39329100.0
2025-06-16 16:00:00+00:00,145.4993,146.06,145.4801,145.67,17327965.0
2025-06-16 17:00:00+00:00,145.665,145.8,145.03,145.2,13825815.0
2025-06-16 18:00:00+00:00,145.2,145.35,144.85,145.0028,12728130.0
2025-06-16 19:00:00+00:00,145.0,145.25,144.27,144.68,24499258.0
2025-06-16 20:00:00+00:00,144.69,144.69,144.38,144.52,2193443.0
2025-06-16 21:00:00+00:00,144.52,144.8,144.44,144.63,374686.0
2025-06-16 22:00:00+00:00,144.62,144.78,144.03,144.12,527490.0
2025-06-16 23:00:00+00:00,144.12,144.37,143.65,143.66,655243.0
2025-06-17 08:00:00+00:00,144.06,145.27,143.79,144.97,765737.0
2025-06-17 09:00:00+00:00,145.02,145.2,144.52,144.71,387001.0
2025-06-17 10:00:00+00:00,144.7,144.8,143.8,144.41,556197.0
2025-06-17 11:00:00+00:00,144.36,144.93,144.24,144.88,533354.0
2025-06-17 12:00:00+00:00,144.32,145.44,143.7,144.849,2361089.0
2025-06-17 13:00:00+00:00,144.8498,145.22,144.0201,144.755,20522440.0
2025-06-17 14:00:00+00:00,144.755,145.04,144.24,144.3889,18296324.0
2025-06-17 15:00:00+00:00,144.375,144.96,144.22,144.735,15262871.0
2025-06-17 16:00:00+00:00,144.74,145.165,144.4,144.5,14383875.0
2025-06-17 17:00:00+00:00,144.5,145.13,144.18,144.3386,15999366.0
2025-06-17 18:00:00+00:00,144.33,144.67,143.78,144.3814,14447288.0
2025-06-17 19:00:00+00:00,144.39,144.77,144.0001,144.04,17962236.0
2025-06-17 20:00:00+00:00,144.04,144.22,143.91,144.06,3193828.0
2025-06-17 21:00:00+00:00,144.06,144.0899,143.57,143.7328,509322.0
2025-06-17 22:00:00+00:00,143.74,143.75,143.34,143.35,403182.0
2025-06-17 23:00:00+00:00,143.34,143.6599,143.2601,143.63,454478.0
2025-06-18 08:00:00+00:00,144.2,144.8,143.89,144.7,300723.0
2025-06-18 09:00:00+00:00,144.73,144.97,144.68,144.74,226809.0
2025-06-18 10:00:00+00:00,144.73,144.79,144.17,144.28,283839.0
2025-06-18 11:00:00+00:00,144.25,144.77,144.11,144.54,437321.0
2025-06-18 12:00:00+00:00,144.21,144.94,143.9,144.45,971110.0
2025-06-18 13:00:00+00:00,144.46,144.64,143.12,144.51,18726853.0
2025-06-18 14:00:00+00:00,144.52,145.62,144.33,145.0899,25807937.0
2025-06-18 15:00:00+00:00,145.085,145.4782,144.73,145.1488,14828302.0
2025-06-18 16:00:00+00:00,145.145,145.6,144.895,145.4301,11893682.0
2025-06-18 17:00:00+00:00,145.435,145.6,144.745,145.17,11503574.0
2025-06-18 18:00:00+00:00,145.19,145.5,144.05,144.28,18510375.0
2025-06-18 19:00:00+00:00,144.29,145.65,143.9,145.47,35247114.0
2025-06-18 20:00:00+00:00,145.48,145.5,145.08,145.21,6115015.0
2025-06-18 21:00:00+00:00,145.2,145.28,144.97,144.98,316859.0
2025-06-18 22:00:00+00:00,144.99,145.12,144.9,145.04,252960.0
2025-06-18 23:00:00+00:00,145.0209,145.1,145.0,145.07,264464.0
2025-06-20 08:00:00+00:00,145.0,145.19,144.5,144.56,418413.0
2025-06-20 09:00:00+00:00,144.56,145.01,144.55,144.82,271735.0
2025-06-20 10:00:00+00:00,144.85,144.98,144.7,144.9,186356.0
2025-06-20 11:00:00+00:00,144.9,145.3,144.8,145.1,882140.0
2025-06-20 12:00:00+00:00,144.92,145.5899,144.54,145.57,1915232.0
2025-06-20 13:00:00+00:00,145.58,146.2,144.96,145.675,42631163.0
2025-06-20 14:00:00+00:00,145.67,145.75,142.71,143.1482,37185693.0
2025-06-20 15:00:00+00:00,143.14,144.47,142.65,143.82,26756021.0
2025-06-20 16:00:00+00:00,143.81,144.34,143.79,144.15,17891721.0
2025-06-20 17:00:00+00:00,144.145,144.33,143.22,143.8601,13301305.0
2025-06-20 18:00:00+00:00,143.865,144.32,143.6,143.6745,12119175.0
2025-06-20 19:00:00+00:00,143.68,144.0,143.07,143.78,24437802.0
2025-06-20 20:00:00+00:00,143.85,144.13,143.71,143.73,4898954.0
2025-06-20 21:00:00+00:00,143.7492,143.85,143.48,143.5801,1847533.0
2025-06-20 22:00:00+00:00,143.58,143.73,143.56,143.62,130190.0
2025-06-20 23:00:00+00:00,143.6101,143.75,143.58,143.611,226441.0
2025-06-23 08:00:00+00:00,143.15,143.8,142.45,143.38,531237.0
2025-06-23 09:00:00+00:00,143.39,143.56,142.95,142.95,283797.0
2025-06-23 10:00:00+00:00,142.96,143.38,142.68,142.88,370350.0
2025-06-23 11:00:00+00:00,142.91,143.1,142.1,142.52,598966.0
2025-06-23 12:00:00+00:00,142.52,143.69,142.1,142.82,2188364.0
2025-06-23 13:00:00+00:00,142.8001,143.85,142.01,143.5796,22546884.0
2025-06-23 14:00:00+00:00,143.585,144.3,143.53,143.795,20370676.0
2025-06-23 15:00:00+00:00,143.8,144.24,143.57,143.795,14832846.0
2025-06-23 16:00:00+00:00,143.8,143.905,142.03,143.21,23126995.0
2025-06-23 17:00:00+00:00,143.22,144.78,143.04,144.32,21858743.0
2025-06-23 18:00:00+00:00,144.315,144.515,143.88,144.04,11833918.0
2025-06-23 19:00:00+00:00,144.04,144.46,143.66,144.175,19539981.0
2025-06-23 20:00:00+00:00,144.17,144.28,143.86,143.9491,2546137.0
2025-06-23 21:00:00+00:00,143.95,144.05,143.9,144.05,214936.0
2025-06-23 22:00:00+00:00,143.98,145.22,143.96,145.07,1629612.0
2025-06-23 23:00:00+00:00,145.05,145.5,145.0401,145.4998,883983.0
2025-06-24 08:00:00+00:00,145.82,145.95,145.5,145.73,420987.0
2025-06-24 09:00:00+00:00,145.73,145.95,145.69,145.75,199878.0
2025-06-24 10:00:00+00:00,145.73,145.78,145.54,145.69,261406.0
2025-06-24 11:00:00+00:00,145.66,145.77,145.25,145.5,596520.0
2025-06-24 12:00:00+00:00,145.51,146.36,145.23,145.44,1755837.0
2025-06-24 13:00:00+00:00,145.42,147.91,145.33,147.1292,37111589.0
2025-06-24 14:00:00+00:00,147.125,147.43,146.05,147.055,28707911.0
2025-06-24 15:00:00+00:00,147.06,147.28,146.55,146.669,18853294.0
2025-06-24 16:00:00+00:00,146.665,147.43,146.6533,147.1013,14637263.0
2025-06-24 17:00:00+00:00,147.105,147.59,147.02,147.455,13303688.0
2025-06-24 18:00:00+00:00,147.4586,147.6,147.17,147.3902,11569740.0
2025-06-24 19:00:00+00:00,147.3982,147.96,147.185,147.83,24336842.0
2025-06-24 20:00:00+00:00,147.82,147.93,147.61,147.61,4543251.0
2025-06-24 21:00:00+00:00,147.62,147.63,147.4,147.5999,327733.0
2025-06-24 22:00:00+00:00,147.59,147.59,147.42,147.52,216097.0
2025-06-24 23:00:00+00:00,147.53,147.8,147.51,147.8,315694.0
2025-06-25 08:00:00+00:00,148.0,148.0,147.5,147.67,353907.0
2025-06-25 09:00:00+00:00,147.66,147.95,147.55,147.75,192577.0
2025-06-25 10:00:00+00:00,147.76,148.74,147.55,148.67,743256.0
2025-06-25 11:00:00+00:00,148.65,149.55,148.37,149.45,1366981.0
2025-06-25 12:00:00+00:00,148.69,149.65,147.531,149.61,2866565.0
2025-06-25 13:00:00+00:00,149.6099,151.8755,147.9,151.4,56445703.0
2025-06-25 14:00:00+00:00,151.38,153.0,150.9,152.8199,45154011.0
2025-06-25 15:00:00+00:00,152.82,152.85,151.47,151.525,24763277.0
2025-06-25 16:00:00+00:00,151.52,152.88,151.39,152.855,17567307.0
2025-06-25 17:00:00+00:00,152.86,153.95,152.69,153.595,33627572.0
2025-06-25 18:00:00+00:00,153.6,154.01,153.36,153.71,23395838.0
2025-06-25 19:00:00+00:00,153.715,154.45,153.335,154.31,41005884.0
2025-06-25 20:00:00+00:00,154.31,155.0,154.1861,154.6,4128307.0
2025-06-25 21:00:00+00:00,154.6101,154.76,154.18,154.28,821612.0
2025-06-25 22:00:00+00:00,154.29,154.64,154.2814,154.54,430727.0
2025-06-25 23:00:00+00:00,154.53,154.67,154.35,154.5902,498000.0
2025-06-26 08:00:00+00:00,155.87,155.94,155.49,155.88,827734.0
2025-06-26 09:00:00+00:00,155.88,156.27,155.86,155.98,785474.0
2025-06-26 10:00:00+00:00,156.0,156.2,155.8,155.9,536202.0
2025-06-26 11:00:00+00:00,155.89,156.81,155.58,156.81,1454770.0
2025-06-26 12:00:00+00:00,155.82,157.0,153.74,156.34,5145514.0
2025-06-26 13:00:00+00:00,156.34,156.36,153.49,155.77,40154099.0
2025-06-26 14:00:00+00:00,155.77,156.715,155.22,155.49,38181061.0
2025-06-26 15:00:00+00:00,155.49,156.05,154.79,155.3735,22098773.0
2025-06-26 16:00:00+00:00,155.37,155.7299,155.115,155.49,13731742.0
2025-06-26 17:00:00+00:00,155.48,156.19,155.31,155.945,16403272.0
2025-06-26 18:00:00+00:00,155.94,156.5,155.66,155.8301,15964814.0
2025-06-26 19:00:00+00:00,155.835,155.95,154.85,155.08,27583784.0
2025-06-26 20:00:00+00:00,155.04,155.11,154.7,154.9685,2391926.0
2025-06-26 21:00:00+00:00,154.95,155.33,154.91,155.22,438839.0
2025-06-26 22:00:00+00:00,155.2,155.36,155.15,155.35,251559.0
2025-06-26 23:00:00+00:00,155.32,155.42,155.21,155.35,422608.0
2025-06-27 08:00:00+00:00,155.69,155.94,155.4,155.94,349571.0
2025-06-27 09:00:00+00:00,155.92,155.93,155.74,155.85,174632.0
2025-06-27 10:00:00+00:00,155.88,155.9,155.66,155.84,174537.0
2025-06-27 11:00:00+00:00,155.81,156.49,155.78,156.39,605556.0
2025-06-27 12:00:00+00:00,155.79,156.49,155.32,155.87,2271734.0
2025-06-27 13:00:00+00:00,155.86,157.0,155.255,156.1332,26995796.0
2025-06-27 14:00:00+00:00,156.14,157.67,156.05,157.16,35187523.0
2025-06-27 15:00:00+00:00,157.17,158.71,156.78,158.2148,29215036.0
2025-06-27 16:00:00+00:00,158.21,158.3499,156.96,157.365,20581806.0
2025-06-27 17:00:00+00:00,157.36,157.8,156.5,157.03,19854175.0
2025-06-27 18:00:00+00:00,157.04,157.35,155.45,155.62,23365014.0
2025-06-27 19:00:00+00:00,155.615,158.2,155.535,157.74,35371867.0
2025-06-27 20:00:00+00:00,157.74,157.7513,156.27,157.51,6542708.0
2025-06-27 21:00:00+00:00,157.48,157.64,157.2505,157.38,557436.0
2025-06-27 22:00:00+00:00,157.38,157.7,157.37,157.56,349726.0
2025-06-27 23:00:00+00:00,157.58,157.64,157.49,157.59,290367.0
2025-06-30 08:00:00+00:00,158.8,159.28,158.45,158.72,469565.0
2025-06-30 09:00:00+00:00,158.72,159.09,158.72,158.81,311618.0
2025-06-30 10:00:00+00:00,158.81,159.0,158.67,158.67,217571.0
2025-06-30 11:00:00+00:00,158.65,158.85,158.35,158.45,532201.0
2025-06-30 12:00:00+00:00,158.44,159.42,158.33,158.4002,1942587.0
2025-06-30 13:00:00+00:00,158.41,158.9,155.96,156.63,29038600.0
2025-06-30 14:00:00+00:00,156.62,157.5,156.53,157.42,24063623.0
2025-06-30 15:00:00+00:00,157.43,158.27,156.755,158.0799,20166660.0
2025-06-30 16:00:00+00:00,158.07,158.11,157.5642,157.99,15288317.0
2025-06-30 17:00:00+00:00,158.0,158.17,157.59,157.83,11223421.0
2025-06-30 18:00:00+00:00,157.82,158.025,156.84,157.745,14311666.0
2025-06-30 19:00:00+00:00,157.75,158.66,157.67,157.87,26770205.0
2025-06-30 20:00:00+00:00,157.86,158.23,157.4,157.79,3887734.0
2025-06-30 21:00:00+00:00,157.751,157.85,157.71,157.79,221790.0
2025-06-30 22:00:00+00:00,157.75,157.8,157.5,157.53,219009.0
2025-06-30 23:00:00+00:00,157.52,157.62,157.49,157.52,210200.0
2025-07-01 08:00:00+00:00,156.93,157.33,156.88,157.2,316347.0
2025-07-01 09:00:00+00:00,157.18,157.22,156.65,156.84,222644.0
2025-07-01 10:00:00+00:00,156.85,157.04,156.65,156.74,166854.0
2025-07-01 11:00:00+00:00,156.74,156.97,156.5,156.6,256573.0
2025-07-01 12:00:00+00:00,156.8,157.55,155.7,156.42,2322453.0
2025-07-01 13:00:00+00:00,156.41,157.2,155.76,156.0508,20278642.0
2025-07-01 14:00:00+00:00,156.04,156.3,152.83,153.125,43029944.0
2025-07-01 15:00:00+00:00,153.12,153.47,151.49,152.8184,37643876.0
2025-07-01 16:00:00+00:00,152.82,154.7883,152.35,154.365,24132477.0
2025-07-01 17:00:00+00:00,154.37,154.98,154.01,154.545,17913490.0
2025-07-01 18:00:00+00:00,154.55,154.72,153.47,153.595,13578031.0
2025-07-01 19:00:00+00:00,153.59,154.5,152.9101,153.29,31335418.0
2025-07-01 20:00:00+00:00,153.3,153.52,152.91,153.1,3606187.0
2025-07-01 21:00:00+00:00,153.1335,153.3,152.85,152.9638,362869.0
2025-07-01 22:00:00+00:00,153.02,153.1,152.87,153.01,283323.0
2025-07-01 23:00:00+00:00,153.03,153.11,152.84,152.8998,263507.0
2025-07-02 08:00:00+00:00,153.38,153.61,153.1,153.2,272031.0
2025-07-02 09:00:00+00:00,153.22,153.25,152.89,153.15,174350.0
2025-07-02 10:00:00+00:00,153.15,153.18,152.18,152.46,365120.0
2025-07-02 11:00:00+00:00,152.49,152.63,152.1,152.31,403814.0
2025-07-02 12:00:00+00:00,152.52,153.9,151.1,151.52,2673081.0
2025-07-02 13:00:00+00:00,151.54,155.3,151.46,154.33,25384416.0
2025-07-02 14:00:00+00:00,154.33,157.435,154.29,157.1052,34822202.0
2025-07-02 15:00:00+00:00,157.11,157.6,156.0602,156.655,21708771.0
2025-07-02 16:00:00+00:00,156.66,157.57,156.53,157.2467,18160769.0
2025-07-02 17:00:00+00:00,157.24,157.47,156.9,157.1699,11041757.0
2025-07-02 18:00:00+00:00,157.17,157.18,156.66,156.69,11762529.0
2025-07-02 19:00:00+00:00,156.69,157.52,156.51,157.24,24239413.0
2025-07-02 20:00:00+00:00,157.25,157.45,156.92,157.1064,1743271.0
2025-07-02 21:00:00+00:00,157.09,157.13,156.82,157.0,325431.0
2025-07-02 22:00:00+00:00,156.96,157.09,156.92,157.07,167835.0
2025-07-02 23:00:00+00:00,157.08,157.25,157.04,157.25,201839.0
2025-07-03 08:00:00+00:00,157.58,157.66,156.94,157.05,288267.0
2025-07-03 09:00:00+00:00,157.0,157.19,156.72,156.73,177443.0
2025-07-03 10:00:00+00:00,156.74,157.16,156.6,157.08,219228.0
2025-07-03 11:00:00+00:00,157.06,157.25,156.98,157.16,269614.0
2025-07-03 12:00:00+00:00,157.05,158.2,156.6,158.03,2472078.0
2025-07-03 13:00:00+00:00,158.0401,158.99,157.77,158.8045,26876424.0
2025-07-03 14:00:00+00:00,158.78,160.98,158.76,159.725,51379455.0
2025-07-03 15:00:00+00:00,159.7299,159.97,159.18,159.3913,22013129.0
2025-07-03 16:00:00+00:00,159.4,159.7,158.5762,159.2711,25246789.0
2025-07-03 17:00:00+00:00,159.34,159.34,159.288,159.288,9632974.0
2025-07-03 20:00:00+00:00,159.37,159.43,159.16,159.25,203765.0
2025-07-07 08:00:00+00:00,158.4,159.34,157.51,157.61,616465.0
2025-07-07 09:00:00+00:00,157.6,158.36,157.54,158.33,265751.0
2025-07-07 10:00:00+00:00,158.34,158.56,158.15,158.2,315883.0
2025-07-07 11:00:00+00:00,158.21,158.41,157.89,158.27,403043.0
2025-07-07 12:00:00+00:00,158.11,159.0,157.54,157.86,1825264.0
2025-07-07 13:00:00+00:00,157.8501,159.31,157.78,158.5,23284686.0
2025-07-07 14:00:00+00:00,158.485,158.84,157.342,157.71,21699566.0
2025-07-07 15:00:00+00:00,157.7,158.34,157.515,158.235,20382936.0
2025-07-07 16:00:00+00:00,158.23,158.7,157.69,158.185,15618152.0
2025-07-07 17:00:00+00:00,158.18,158.78,158.14,158.2852,10687920.0
2025-07-07 18:00:00+00:00,158.285,158.63,157.73,158.4303,12398443.0
2025-07-07 19:00:00+00:00,158.435,158.67,158.08,158.25,16789986.0
2025-07-07 20:00:00+00:00,158.25,158.5,157.96,157.9857,1934219.0
2025-07-07 21:00:00+00:00,158.0,158.24,157.86,157.97,246657.0
2025-07-07 22:00:00+00:00,157.97,158.05,157.86,157.98,120432.0
2025-07-07 23:00:00+00:00,157.98,158.2,157.96,158.0101,248258.0
2025-07-08 08:00:00+00:00,159.0,159.76,158.25,159.7,396240.0
2025-07-08 09:00:00+00:00,159.67,159.85,159.35,159.42,265327.0
2025-07-08 10:00:00+00:00,159.45,159.75,159.3,159.58,165075.0
2025-07-08 11:00:00+00:00,159.55,159.63,159.37,159.42,507360.0
2025-07-08 12:00:00+00:00,159.4,159.83,158.41,159.3199,1269357.0
2025-07-08 13:00:00+00:00,159.32,159.74,158.39,158.83,19070027.0
2025-07-08 14:00:00+00:00,158.82,159.54,158.58,159.14,25055736.0
2025-07-08 15:00:00+00:00,159.13,159.29,158.83,159.135,12895803.0
2025-07-08 16:00:00+00:00,159.135,159.87,159.09,159.54,14632969.0
2025-07-08 17:00:00+00:00,159.545,160.05,159.3,159.945,12664917.0
2025-07-08 18:00:00+00:00,159.94,160.22,159.25,159.675,13662885.0
2025-07-08 19:00:00+00:00,159.675,160.08,159.365,160.0001,18732320.0
2025-07-08 20:00:00+00:00,160.0,160.11,159.93,160.0898,2599030.0
2025-07-08 21:00:00+00:00,160.0899,160.27,160.02,160.17,422755.0
2025-07-08 22:00:00+00:00,160.17,160.24,160.11,160.19,163600.0
2025-07-08 23:00:00+00:00,160.19,160.3,160.17,160.2999,330971.0
2025-07-09 08:00:00+00:00,160.0,160.21,159.7,159.84,215020.0
2025-07-09 09:00:00+00:00,159.87,160.33,159.82,160.17,186582.0
2025-07-09 10:00:00+00:00,160.18,160.32,160.03,160.14,155100.0
2025-07-09 11:00:00+00:00,160.15,160.73,160.15,160.68,362071.0
2025-07-09 12:00:00+00:00,160.16,161.11,159.67,160.87,2578371.0
2025-07-09 13:00:00+00:00,160.8795,164.42,160.85,164.14,41829489.0
2025-07-09 14:00:00+00:00,164.14,164.32,162.44,163.12,34246729.0
2025-07-09 15:00:00+00:00,163.11,163.45,162.82,163.23,18960498.0
2025-07-09 16:00:00+00:00,163.23,163.38,162.9,163.105,14802453.0
2025-07-09 17:00:00+00:00,163.105,163.37,162.49,162.71,15408240.0
2025-07-09 18:00:00+00:00,162.7,163.0384,162.51,162.88,11041192.0
2025-07-09 19:00:00+00:00,162.88,163.21,162.5701,162.83,23668003.0
2025-07-09 20:00:00+00:00,162.84,163.1185,162.72,162.86,2106029.0
2025-07-09 21:00:00+00:00,162.86,163.12,162.84,163.04,360199.0
2025-07-09 22:00:00+00:00,163.04,163.3725,163.0111,163.35,380266.0
2025-07-09 23:00:00+00:00,163.31,163.36,163.18,163.36,293945.0
2025-07-10 08:00:00+00:00,163.26,164.35,163.2,164.06,778177.0
2025-07-10 09:00:00+00:00,164.05,164.1,163.54,163.75,282356.0
2025-07-10 10:00:00+00:00,163.74,164.08,163.72,163.91,269068.0
2025-07-10 11:00:00+00:00,163.89,164.499,163.82,164.409,600691.0
2025-07-10 12:00:00+00:00,164.39,164.59,162.9,164.3302,2544691.0
2025-07-10 13:00:00+00:00,164.34,164.84,162.31,162.905,31415162.0
2025-07-10 14:00:00+00:00,162.905,163.0,161.89,162.4651,27630300.0
2025-07-10 15:00:00+00:00,162.46,163.25,161.61,163.025,21555386.0
2025-07-10 16:00:00+00:00,163.025,163.53,162.57,163.23,14556787.0
2025-07-10 17:00:00+00:00,163.22,164.19,163.2,164.0333,15934455.0
2025-07-10 18:00:00+00:00,164.035,164.5,163.65,163.755,15247216.0
2025-07-10 19:00:00+00:00,163.765,164.4,163.73,164.105,23047783.0
2025-07-10 20:00:00+00:00,164.1,164.14,163.88,164.06,1010960.0
2025-07-10 21:00:00+00:00,164.06,164.13,163.81,163.82,291041.0
2025-07-10 22:00:00+00:00,163.81,163.9,163.67,163.9,224747.0
2025-07-10 23:00:00+00:00,163.9,164.1,163.8906,164.07,243496.0
2025-07-11 08:00:00+00:00,163.16,163.61,162.62,162.81,462112.0
2025-07-11 09:00:00+00:00,162.79,163.04,162.62,162.68,185215.0
2025-07-11 10:00:00+00:00,162.68,162.93,162.61,162.88,166634.0
2025-07-11 11:00:00+00:00,162.88,163.33,162.88,163.25,302555.0
2025-07-11 12:00:00+00:00,163.03,163.52,162.6,163.16,1401621.0
2025-07-11 13:00:00+00:00,163.16,166.6,163.0101,166.165,33065483.0
2025-07-11 14:00:00+00:00,166.15,167.89,165.715,167.005,43699734.0
2025-07-11 15:00:00+00:00,167.01,167.12,166.11,166.31,26812682.0
2025-07-11 16:00:00+00:00,166.32,166.69,165.93,166.26,16737908.0
2025-07-11 17:00:00+00:00,166.27,166.54,165.64,166.11,13959634.0
2025-07-11 18:00:00+00:00,166.11,166.17,165.35,165.3999,15722005.0
2025-07-11 19:00:00+00:00,165.39,165.44,164.83,164.8815,24204886.0
2025-07-11 20:00:00+00:00,164.885,166.037,164.87,165.02,1948587.0
2025-07-11 21:00:00+00:00,165.01,165.06,164.97,165.04,259351.0
2025-07-11 22:00:00+00:00,165.0301,165.05,164.91,164.96,127903.0
2025-07-11 23:00:00+00:00,164.95,164.9997,164.83,164.9,251298.0
2025-07-14 08:00:00+00:00,164.76,165.74,164.04,165.58,456265.0
2025-07-14 09:00:00+00:00,165.6,166.0,165.32,165.89,255544.0
2025-07-14 10:00:00+00:00,165.94,165.96,164.86,164.95,537921.0
2025-07-14 11:00:00+00:00,164.99,165.31,164.8,164.87,614613.0
2025-07-14 12:00:00+00:00,165.59,165.96,164.31,165.42,2309589.0
2025-07-14 13:00:00+00:00,165.43,165.9,162.02,163.14,31527372.0
2025-07-14 14:00:00+00:00,163.14,164.31,163.1001,164.2847,23999317.0
2025-07-14 15:00:00+00:00,164.285,165.285,164.225,165.1481,20949739.0
2025-07-14 16:00:00+00:00,165.14,165.18,164.57,165.02,10569270.0
2025-07-14 17:00:00+00:00,165.03,165.36,164.7898,164.8206,8533618.0
2025-07-14 18:00:00+00:00,164.825,165.07,164.49,164.91,8663231.0
2025-07-14 19:00:00+00:00,164.905,164.935,164.0,164.07,18257918.0
2025-07-14 20:00:00+00:00,164.07,164.19,163.7104,164.16,969984.0
2025-07-14 21:00:00+00:00,164.17,164.19,164.0,164.02,199616.0
2025-07-14 22:00:00+00:00,164.02,164.05,163.9,163.9699,165294.0
2025-07-14 23:00:00+00:00,163.97,164.0,163.86,163.8699,205706.0
2025-07-15 08:00:00+00:00,170.48,172.0,169.05,171.55,2118733.0
2025-07-15 09:00:00+00:00,171.55,172.87,171.42,172.47,1407941.0
2025-07-15 10:00:00+00:00,172.47,172.52,171.56,171.78,1068096.0
2025-07-15 11:00:00+00:00,171.76,171.8,170.92,171.449,2021960.0
2025-07-15 12:00:00+00:00,171.44,172.81,169.67,172.3,8486087.0
2025-07-15 13:00:00+00:00,172.3,172.34,169.195,169.61,57423468.0
2025-07-15 14:00:00+00:00,169.613,172.4,169.47,171.005,47443999.0
2025-07-15 15:00:00+00:00,171.01,171.5906,170.6847,171.255,19816725.0
2025-07-15 16:00:00+00:00,171.255,171.605,170.37,170.65,15361662.0
2025-07-15 17:00:00+00:00,170.65,171.0,170.25,170.93,14884020.0
2025-07-15 18:00:00+00:00,170.925,171.11,170.24,170.29,13999788.0
2025-07-15 19:00:00+00:00,170.27,171.0,169.94,170.55,26470809.0
2025-07-15 20:00:00+00:00,170.7,170.95,169.87,170.06,1727249.0
2025-07-15 21:00:00+00:00,170.04,170.7,169.93,170.16,395952.0
2025-07-15 22:00:00+00:00,170.15,170.22,169.85,170.19,337186.0
2025-07-15 23:00:00+00:00,170.2,170.3191,170.11,170.2,323206.0
2025-07-16 08:00:00+00:00,169.78,170.37,168.96,169.41,648362.0
2025-07-16 09:00:00+00:00,169.44,169.72,169.2,169.69,292928.0
2025-07-16 10:00:00+00:00,169.71,170.5,169.55,170.34,544500.0
2025-07-16 11:00:00+00:00,170.31,170.89,170.22,170.85,633081.0
2025-07-16 12:00:00+00:00,170.85,171.49,169.0,171.25,3678832.0
2025-07-16 13:00:00+00:00,171.26,171.75,169.92,170.2012,26246523.0
2025-07-16 14:00:00+00:00,170.21,170.64,169.28,169.8054,27627016.0
2025-07-16 15:00:00+00:00,169.81,171.0,168.9,170.29,29223689.0
2025-07-16 16:00:00+00:00,170.28,171.2,170.09,171.1049,14350035.0
2025-07-16 17:00:00+00:00,171.1,171.42,170.6241,170.795,11469148.0
2025-07-16 18:00:00+00:00,170.795,171.15,170.64,171.0482,10162380.0
2025-07-16 19:00:00+00:00,171.04,171.45,170.675,171.34,18709041.0
2025-07-16 20:00:00+00:00,171.34,171.3906,171.1,171.2,1204744.0
2025-07-16 21:00:00+00:00,171.23,171.35,171.15,171.3201,261993.0
2025-07-16 22:00:00+00:00,171.31,171.31,171.13,171.17,181033.0
2025-07-16 23:00:00+00:00,171.1599,171.26,171.15,171.2099,190891.0
2025-07-17 08:00:00+00:00,172.65,173.2,171.77,172.93,807731.0
2025-07-17 09:00:00+00:00,172.95,173.1,172.6,172.74,316131.0
2025-07-17 10:00:00+00:00,172.74,172.87,172.44,172.44,329108.0
2025-07-17 11:00:00+00:00,172.42,172.56,172.17,172.55,564808.0
2025-07-17 12:00:00+00:00,172.32,173.46,171.18,172.77,3151443.0
2025-07-17 13:00:00+00:00,172.76,173.44,170.83,173.175,30982400.0
2025-07-17 14:00:00+00:00,173.175,173.6402,172.53,172.805,25409574.0
2025-07-17 15:00:00+00:00,172.815,173.55,172.77,173.375,16853138.0
2025-07-17 16:00:00+00:00,173.375,174.16,173.27,173.61,19978934.0
2025-07-17 17:00:00+00:00,173.61,173.98,173.08,173.312,14581329.0
2025-07-17 18:00:00+00:00,173.32,173.6885,173.0901,173.465,12011048.0
2025-07-17 19:00:00+00:00,173.47,173.63,173.0,173.1114,21032841.0
2025-07-17 20:00:00+00:00,173.11,173.2,173.0,173.15,1899664.0
2025-07-17 21:00:00+00:00,173.17,173.26,173.0,173.13,291083.0
2025-07-17 22:00:00+00:00,173.13,173.24,173.11,173.18,146202.0
2025-07-17 23:00:00+00:00,173.17,173.5,173.17,173.4612,295068.0
2025-07-18 08:00:00+00:00,173.95,173.95,173.67,173.81,220912.0
2025-07-18 09:00:00+00:00,173.81,173.99,173.75,173.92,130962.0
2025-07-18 10:00:00+00:00,173.92,173.96,173.61,173.79,213626.0
2025-07-18 11:00:00+00:00,173.8,173.93,173.65,173.78,253802.0
2025-07-18 12:00:00+00:00,173.77,174.16,173.59,173.67,1257157.0
2025-07-18 13:00:00+00:00,173.66,174.53,173.24,173.36,27700741.0
2025-07-18 14:00:00+00:00,173.43,173.6,171.8,171.8399,30365396.0
2025-07-18 15:00:00+00:00,171.84,172.58,171.26,172.5,20014835.0
2025-07-18 16:00:00+00:00,172.495,172.56,171.8,172.195,12496973.0
2025-07-18 17:00:00+00:00,172.195,172.75,172.0,172.3901,9967303.0
2025-07-18 18:00:00+00:00,172.4,172.52,171.98,171.99,8984134.0
2025-07-18 19:00:00+00:00,171.9897,173.0,171.5,172.38,19901243.0
2025-07-18 20:00:00+00:00,172.38,172.44,172.31,172.39,3466159.0
2025-07-18 21:00:00+00:00,172.39,172.55,172.34,172.46,282735.0
2025-07-18 22:00:00+00:00,172.46,172.5,172.4112,172.4592,99948.0
2025-07-18 23:00:00+00:00,172.44,172.45,172.2501,172.36,269830.0
2025-07-21 08:00:00+00:00,172.93,173.0,172.52,172.59,292369.0
2025-07-21 09:00:00+00:00,172.6,172.89,172.59,172.75,178508.0
2025-07-21 10:00:00+00:00,172.74,173.25,172.62,172.85,278474.0
2025-07-21 11:00:00+00:00,172.86,172.89,172.4,172.48,313034.0
2025-07-21 12:00:00+00:00,172.83,173.2,172.4,172.5,1362050.0
2025-07-21 13:00:00+00:00,172.49,173.38,171.68,172.4318,20687615.0
2025-07-21 14:00:00+00:00,172.43,173.165,172.09,172.905,19462457.0
2025-07-21 15:00:00+00:00,172.9,173.03,172.23,172.3552,12024608.0
2025-07-21 16:00:00+00:00,172.355,172.49,171.45,172.345,15331304.0
2025-07-21 17:00:00+00:00,172.35,172.76,172.2,172.64,8126615.0
2025-07-21 18:00:00+00:00,172.6499,172.81,172.1847,172.2914,7631213.0
2025-07-21 19:00:00+00:00,172.3,172.355,171.0,171.46,17932364.0
2025-07-21 20:00:00+00:00,171.38,171.52,170.9,171.19,1485061.0
2025-07-21 21:00:00+00:00,171.24,171.38,170.23,170.6801,1039067.0
2025-07-21 22:00:00+00:00,170.75,171.05,170.61,171.0101,332713.0
2025-07-21 23:00:00+00:00,171.02,171.12,170.83,171.0,280053.0
2025-07-22 08:00:00+00:00,170.85,171.09,169.04,169.07,693358.0
2025-07-22 09:00:00+00:00,169.09,169.61,169.09,169.53,498426.0
2025-07-22 10:00:00+00:00,169.55,170.24,169.54,169.98,555059.0
2025-07-22 11:00:00+00:00,169.96,170.5,169.8,170.36,602833.0
2025-07-22 12:00:00+00:00,170.34,171.16,169.05,170.83,1681330.0
2025-07-22 13:00:00+00:00,170.8003,171.4,164.58,165.625,45903861.0
2025-07-22 14:00:00+00:00,165.63,167.855,165.37,167.76,40464710.0
2025-07-22 15:00:00+00:00,167.76,168.64,167.63,168.155,21405199.0
2025-07-22 16:00:00+00:00,168.16,168.43,167.35,167.755,18762051.0
2025-07-22 17:00:00+00:00,167.755,168.42,167.735,168.12,10479899.0
2025-07-22 18:00:00+00:00,168.12,168.16,167.3601,168.0952,10901721.0
2025-07-22 19:00:00+00:00,168.095,168.29,165.92,167.01,19651026.0
2025-07-22 20:00:00+00:00,167.01,167.19,166.28,166.43,2490755.0
2025-07-22 21:00:00+00:00,166.46,167.03,166.03,166.5597,702928.0
2025-07-22 22:00:00+00:00,166.56,166.6,166.3,166.3401,316751.0
2025-07-22 23:00:00+00:00,166.32,167.87,166.32,167.77,711734.0
2025-07-23 08:00:00+00:00,168.25,168.6,167.9,168.51,429722.0
2025-07-23 09:00:00+00:00,168.52,168.6,168.27,168.44,203537.0
2025-07-23 10:00:00+00:00,168.44,168.88,168.4,168.46,331306.0
2025-07-23 11:00:00+00:00,168.45,168.99,168.1,168.92,675226.0
2025-07-23 12:00:00+00:00,168.5,169.29,167.57,168.88,2716454.0
2025-07-23 13:00:00+00:00,168.88,170.4,168.23,168.345,28013543.0
2025-07-23 14:00:00+00:00,168.34,169.42,167.97,169.3671,23089832.0
2025-07-23 15:00:00+00:00,169.3525,169.88,168.96,169.5548,15947223.0
2025-07-23 16:00:00+00:00,169.55,169.56,168.53,169.12,12054661.0
2025-07-23 17:00:00+00:00,169.1252,169.81,168.83,169.75,11148679.0
2025-07-23 18:00:00+00:00,169.75,171.26,169.7414,170.815,23249100.0
2025-07-23 19:00:00+00:00,170.82,171.06,170.1707,170.83,18231883.0
2025-07-23 20:00:00+00:00,170.78,172.99,170.46,172.52,4544742.0
2025-07-23 21:00:00+00:00,172.42,172.75,172.1,172.5899,1024935.0
2025-07-23 22:00:00+00:00,172.59,172.7,172.4,172.54,487637.0
2025-07-23 23:00:00+00:00,172.54,172.95,172.5,172.89,659384.0
2025-07-24 08:00:00+00:00,172.79,173.0,172.17,172.83,344437.0
2025-07-24 09:00:00+00:00,172.83,172.83,172.53,172.74,125527.0
2025-07-24 10:00:00+00:00,172.74,172.83,172.61,172.7,184013.0
2025-07-24 11:00:00+00:00,172.71,172.98,172.2,172.62,481424.0
2025-07-24 12:00:00+00:00,172.28,172.97,172.01,172.35,1622190.0
2025-07-24 13:00:00+00:00,172.35,173.45,171.71,172.34,21944403.0
2025-07-24 14:00:00+00:00,172.33,172.98,171.3,172.88,22342874.0
2025-07-24 15:00:00+00:00,172.89,173.2,172.4,172.7452,16207008.0
2025-07-24 16:00:00+00:00,172.74,173.33,172.41,173.178,11519803.0
2025-07-24 17:00:00+00:00,173.1799,173.68,173.04,173.255,14823638.0
2025-07-24 18:00:00+00:00,173.25,173.83,173.22,173.615,10395386.0
2025-07-24 19:00:00+00:00,173.61,173.82,173.315,173.78,15824958.0
2025-07-24 20:00:00+00:00,173.74,173.78,173.45,173.48,1015959.0
2025-07-24 21:00:00+00:00,173.4702,173.66,173.4,173.55,230503.0
2025-07-24 22:00:00+00:00,173.55,173.72,173.49,173.53,297982.0
2025-07-24 23:00:00+00:00,173.54,173.65,173.5,173.57,184182.0
2025-07-25 08:00:00+00:00,173.09,173.74,173.09,173.5,287367.0
2025-07-25 09:00:00+00:00,173.51,173.53,173.05,173.38,187630.0
2025-07-25 10:00:00+00:00,173.4,173.52,173.3,173.44,166269.0
2025-07-25 11:00:00+00:00,173.41,173.46,173.13,173.18,213825.0
2025-07-25 12:00:00+00:00,173.3,173.86,172.94,173.17,1033666.0
2025-07-25 13:00:00+00:00,173.15,174.55,172.96,174.285,20432095.0
2025-07-25 14:00:00+00:00,174.28,174.72,173.79,174.045,23767164.0
2025-07-25 15:00:00+00:00,174.05,174.18,173.64,174.0101,13720504.0
2025-07-25 16:00:00+00:00,174.01,174.53,173.9801,174.195,14685361.0
2025-07-25 17:00:00+00:00,174.19,174.2,173.3,173.435,9113157.0
2025-07-25 18:00:00+00:00,173.4352,173.9,173.01,173.645,10953932.0
2025-07-25 19:00:00+00:00,173.645,174.06,173.0,173.48,17065589.0
2025-07-25 20:00:00+00:00,173.5,173.68,173.15,173.4689,1860053.0
2025-07-25 21:00:00+00:00,173.41,173.57,173.35,173.48,192277.0
2025-07-25 22:00:00+00:00,173.4701,173.55,173.4001,173.49,99393.0
2025-07-25 23:00:00+00:00,173.49,173.5,173.2901,173.45,167481.0
2025-07-28 08:00:00+00:00,174.75,174.98,174.01,174.7,421000.0
2025-07-28 09:00:00+00:00,174.73,174.79,174.59,174.64,135019.0
2025-07-28 10:00:00+00:00,174.63,174.79,174.38,174.45,208356.0
2025-07-28 11:00:00+00:00,174.44,174.64,174.37,174.58,284428.0
2025-07-28 12:00:00+00:00,174.38,174.96,173.067,174.64,1189382.0
2025-07-28 13:00:00+00:00,174.64,175.46,173.97,175.42,25056772.0
2025-07-28 14:00:00+00:00,175.41,175.57,174.57,175.005,20058600.0
2025-07-28 15:00:00+00:00,175.01,175.19,174.255,174.955,13663825.0
2025-07-28 16:00:00+00:00,174.955,175.14,174.68,174.8829,7897687.0
2025-07-28 17:00:00+00:00,174.8801,175.6951,174.84,175.5,11452623.0
2025-07-28 18:00:00+00:00,175.495,175.92,175.21,175.8499,11333071.0
2025-07-28 19:00:00+00:00,175.85,177.0,175.75,176.75,27732416.0
2025-07-28 20:00:00+00:00,176.75,176.99,176.5,176.85,2247044.0
2025-07-28 21:00:00+00:00,176.8301,177.0,176.82,176.88,265397.0
2025-07-28 22:00:00+00:00,176.85,176.93,176.76,176.93,207006.0
2025-07-28 23:00:00+00:00,176.93,177.166,176.85,177.1499,359658.0
2025-07-29 08:00:00+00:00,179.0,179.31,178.0,179.15,616437.0
2025-07-29 09:00:00+00:00,179.16,179.62,179.15,179.44,490315.0
2025-07-29 10:00:00+00:00,179.48,179.58,179.11,179.3,446187.0
2025-07-29 11:00:00+00:00,179.3,179.52,178.881,179.18,814932.0
2025-07-29 12:00:00+00:00,179.07,179.5894,177.58,179.0,2897320.0
2025-07-29 13:00:00+00:00,178.99,179.38,176.75,179.28,28532095.0
2025-07-29 14:00:00+00:00,179.29,179.35,177.1721,177.485,25032663.0
2025-07-29 15:00:00+00:00,177.485,177.6684,175.17,176.515,29091099.0
2025-07-29 16:00:00+00:00,176.51,176.735,175.8317,176.485,13258144.0
2025-07-29 17:00:00+00:00,176.48,176.66,175.8,176.3401,10203453.0
2025-07-29 18:00:00+00:00,176.345,176.63,175.98,176.11,9130628.0
2025-07-29 19:00:00+00:00,176.1,176.5,175.02,175.51,20501312.0
2025-07-29 20:00:00+00:00,175.52,176.725,175.43,175.8101,1872121.0
2025-07-29 21:00:00+00:00,175.85,176.09,175.75,175.95,302918.0
2025-07-29 22:00:00+00:00,175.98,176.1,175.78,176.02,191038.0
2025-07-29 23:00:00+00:00,176.0,176.1,175.95,176.08,231768.0
2025-07-30 08:00:00+00:00,176.55,176.73,176.06,176.42,296133.0
2025-07-30 09:00:00+00:00,176.43,176.62,176.3,176.49,101000.0
2025-07-30 10:00:00+00:00,176.5,176.56,175.28,176.12,389445.0
2025-07-30 11:00:00+00:00,176.1,176.92,176.08,176.69,428571.0
2025-07-30 12:00:00+00:00,176.86,176.88,175.5,176.84,1499522.0
2025-07-30 13:00:00+00:00,176.83,178.12,175.98,177.66,21111841.0
2025-07-30 14:00:00+00:00,177.68,179.28,177.6282,178.865,23839745.0
2025-07-30 15:00:00+00:00,178.86,179.12,178.1447,178.87,16248547.0
2025-07-30 16:00:00+00:00,178.8602,179.31,178.64,179.2,14570802.0
2025-07-30 17:00:00+00:00,179.2067,179.4,178.88,179.2101,10878145.0
2025-07-30 18:00:00+00:00,179.23,179.89,177.87,178.1399,22432901.0
2025-07-30 19:00:00+00:00,178.13,179.4,177.56,179.29,31391553.0
2025-07-30 20:00:00+00:00,179.27,181.65,179.27,180.95,6384114.0
2025-07-30 21:00:00+00:00,180.97,183.0,180.75,182.78,2097689.0
2025-07-30 22:00:00+00:00,182.78,184.12,182.7,183.1801,2343606.0
2025-07-30 23:00:00+00:00,183.198,183.39,182.71,183.3797,858728.0
2025-07-31 08:00:00+00:00,182.86,183.88,182.3,182.72,897108.0
2025-07-31 09:00:00+00:00,182.75,182.79,181.8,182.01,481978.0
2025-07-31 10:00:00+00:00,182.01,182.88,181.8,182.53,628077.0
2025-07-31 11:00:00+00:00,182.55,183.75,182.34,183.09,1287130.0
2025-07-31 12:00:00+00:00,182.62,185.22,181.85,183.32,4050845.0
2025-07-31 13:00:00+00:00,183.3,183.33,180.4,181.9,37618111.0
2025-07-31 14:00:00+00:00,181.91,182.25,179.45,179.805,32049397.0
2025-07-31 15:00:00+00:00,179.8,180.63,178.68,180.595,23962446.0
2025-07-31 16:00:00+00:00,180.59,181.495,180.49,180.655,16099266.0
2025-07-31 17:00:00+00:00,180.66,180.81,177.26,177.595,23404203.0
2025-07-31 18:00:00+00:00,177.59,178.18,175.93,177.645,23241171.0
2025-07-31 19:00:00+00:00,177.645,178.17,177.0,177.85,25451799.0
2025-07-31 20:00:00+00:00,177.87,178.59,176.91,177.7,4577315.0
2025-07-31 21:00:00+00:00,177.69,177.79,175.63,176.02,1036112.0
2025-07-31 22:00:00+00:00,176.08,176.8938,175.9,175.955,604207.0
2025-07-31 23:00:00+00:00,175.97,176.8,175.77,176.6899,636225.0
2025-08-01 08:00:00+00:00,174.69,176.11,172.24,173.19,1868175.0
2025-08-01 09:00:00+00:00,173.2,173.94,172.92,173.89,739094.0
2025-08-01 10:00:00+00:00,173.86,173.94,173.08,173.52,538551.0
2025-08-01 11:00:00+00:00,173.55,175.01,173.35,174.98,1143355.0
2025-08-01 12:00:00+00:00,173.5,177.19,172.29,173.9519,3839652.0
2025-08-01 13:00:00+00:00,173.99,174.27,170.89,172.19,34934939.0
2025-08-01 14:00:00+00:00,172.15,176.0,171.41,174.9188,40384503.0
2025-08-01 15:00:00+00:00,174.93,176.34,174.34,176.305,20256629.0
2025-08-01 16:00:00+00:00,176.3,176.54,174.03,174.16,16278227.0
2025-08-01 17:00:00+00:00,174.14,174.42,172.665,173.04,20253414.0
2025-08-01 18:00:00+00:00,173.03,174.15,171.7919,172.9548,22012681.0
2025-08-01 19:00:00+00:00,172.95,174.88,172.83,173.58,23981410.0
2025-08-01 20:00:00+00:00,173.5879,173.8872,173.1,173.35,2134548.0
2025-08-01 21:00:00+00:00,173.34,173.4,173.1,173.15,395181.0
2025-08-01 22:00:00+00:00,173.15,173.15,172.56,172.64,391351.0
2025-08-01 23:00:00+00:00,172.64,172.8388,172.5,172.5099,372943.0
2025-08-04 08:00:00+00:00,174.8,175.63,174.0,175.32,786224.0
2025-08-04 09:00:00+00:00,175.3,175.67,175.22,175.57,303440.0
2025-08-04 10:00:00+00:00,175.57,176.15,175.52,175.81,447382.0
2025-08-04 11:00:00+00:00,175.8,175.83,175.14,175.27,535771.0
2025-08-04 12:00:00+00:00,175.81,176.1,173.23,175.62,1715933.0
2025-08-04 13:00:00+00:00,175.64,177.27,174.52,177.07,23427122.0
2025-08-04 14:00:00+00:00,177.09,178.1,176.6061,177.63,22853066.0
2025-08-04 15:00:00+00:00,177.63,178.5499,176.93,178.4752,15736864.0
2025-08-04 16:00:00+00:00,178.475,179.1,178.37,178.845,12267617.0
2025-08-04 17:00:00+00:00,178.832,179.47,178.69,179.4204,11548560.0
2025-08-04 18:00:00+00:00,179.43,179.815,178.94,179.0384,13186061.0
2025-08-04 19:00:00+00:00,179.03,180.2,178.94,179.97,21190330.0
2025-08-04 20:00:00+00:00,179.98,180.85,178.8583,180.85,4341174.0
2025-08-04 21:00:00+00:00,180.8018,180.98,180.0,180.75,520555.0
2025-08-04 22:00:00+00:00,180.78,180.78,180.55,180.76,253543.0
2025-08-04 23:00:00+00:00,180.75,180.8,180.48,180.6702,344183.0
2025-08-05 08:00:00+00:00,181.0,181.1,180.09,180.61,556269.0
2025-08-05 09:00:00+00:00,180.63,180.76,180.39,180.66,188711.0
2025-08-05 10:00:00+00:00,180.73,181.1,180.66,180.83,261558.0
2025-08-05 11:00:00+00:00,180.85,181.47,180.8,181.15,486971.0
2025-08-05 12:00:00+00:00,181.3,181.56,180.11,180.54,2300524.0
2025-08-05 13:00:00+00:00,180.54,180.6819,178.58,179.94,23108225.0
2025-08-05 14:00:00+00:00,179.92,179.935,175.9,177.345,32918192.0
2025-08-05 15:00:00+00:00,177.345,177.96,176.215,177.09,20709999.0
2025-08-05 16:00:00+00:00,177.09,178.265,177.01,177.5199,16203153.0
2025-08-05 17:00:00+00:00,177.51,179.06,177.02,178.915,12246548.0
2025-08-05 18:00:00+00:00,178.91,179.12,177.65,178.2,14331555.0
2025-08-05 19:00:00+00:00,178.19,179.17,178.0201,178.26,17459118.0
2025-08-05 20:00:00+00:00,178.26,178.76,176.69,177.1,2394270.0
2025-08-05 21:00:00+00:00,177.06,178.5995,176.96,177.2,791444.0
2025-08-05 22:00:00+00:00,177.17,177.4,176.75,177.15,414703.0
2025-08-05 23:00:00+00:00,177.1594,177.16,176.55,176.81,328909.0
2025-08-06 08:00:00+00:00,178.4,178.85,177.31,177.58,493240.0
2025-08-06 09:00:00+00:00,177.6,177.7,176.71,177.0,355269.0
2025-08-06 10:00:00+00:00,177.0,177.02,175.68,176.25,649081.0
2025-08-06 11:00:00+00:00,176.24,177.19,175.82,176.86,751102.0
2025-08-06 12:00:00+00:00,176.87,178.85,175.7,176.9302,1721281.0
2025-08-06 13:00:00+00:00,176.9201,178.83,176.18,178.4981,20105767.0
2025-08-06 14:00:00+00:00,178.5,179.43,176.8019,177.845,25068600.0
2025-08-06 15:00:00+00:00,177.85,179.1373,177.3,179.025,16704959.0
2025-08-06 16:00:00+00:00,179.025,179.38,177.6581,177.925,14043748.0
2025-08-06 17:00:00+00:00,177.9251,178.67,177.925,178.55,8091747.0
2025-08-06 18:00:00+00:00,178.55,179.47,178.5319,179.08,11530860.0
2025-08-06 19:00:00+00:00,179.08,179.9,179.03,179.41,19694636.0
2025-08-06 20:00:00+00:00,179.4041,179.44,178.94,179.43,1568745.0
2025-08-06 21:00:00+00:00,179.44,179.89,176.76,179.86,2143738.0
2025-08-06 22:00:00+00:00,179.85,181.0,179.41,180.55,1451162.0
2025-08-06 23:00:00+00:00,180.54,180.65,180.2414,180.48,464239.0
2025-08-07 08:00:00+00:00,180.7,181.31,180.2,181.1,514889.0
2025-08-07 09:00:00+00:00,181.08,181.4,181.01,181.32,280366.0
2025-08-07 10:00:00+00:00,181.32,181.72,181.27,181.58,453146.0
2025-08-07 11:00:00+00:00,181.61,182.13,181.5,181.84,944003.0
2025-08-07 12:00:00+00:00,181.97,182.13,180.22,181.75,1911349.0
2025-08-07 13:00:00+00:00,181.75,183.7515,181.3,183.39,29772538.0
2025-08-07 14:00:00+00:00,183.4,183.88,181.38,181.7125,25702539.0
2025-08-07 15:00:00+00:00,181.7001,182.29,181.15,181.6617,15799134.0
2025-08-07 16:00:00+00:00,181.67,181.77,179.79,180.4527,17662908.0
2025-08-07 17:00:00+00:00,180.45,180.9,179.31,179.96,14133266.0
2025-08-07 18:00:00+00:00,179.955,180.24,178.795,180.08,14391274.0
2025-08-07 19:00:00+00:00,180.09,180.89,179.17,180.88,17816284.0
2025-08-07 20:00:00+00:00,180.77,181.77,180.73,181.31,1757611.0
2025-08-07 21:00:00+00:00,181.2999,181.75,181.14,181.4,346067.0
2025-08-07 22:00:00+00:00,181.39,181.69,181.35,181.6,304340.0
2025-08-07 23:00:00+00:00,181.56,181.64,181.41,181.5999,282416.0
2025-08-08 08:00:00+00:00,181.62,182.16,181.61,182.14,230543.0
2025-08-08 09:00:00+00:00,182.14,182.2,181.98,182.11,143356.0
2025-08-08 10:00:00+00:00,182.11,182.25,181.8,181.83,170200.0
2025-08-08 11:00:00+00:00,181.86,182.17,181.85,182.12,261824.0
2025-08-08 12:00:00+00:00,182.11,182.2,181.33,181.75,1422676.0
2025-08-08 13:00:00+00:00,181.75,182.77,180.4,182.1,19879370.0
2025-08-08 14:00:00+00:00,182.11,182.65,181.5347,182.385,21524657.0
2025-08-08 15:00:00+00:00,182.38,183.3,182.25,183.1586,18957534.0
2025-08-08 16:00:00+00:00,183.15,183.29,182.15,182.255,11330141.0
2025-08-08 17:00:00+00:00,182.255,182.61,181.61,182.53,12376694.0
2025-08-08 18:00:00+00:00,182.53,183.06,182.36,182.8818,10400917.0
2025-08-08 19:00:00+00:00,182.88,183.06,182.165,182.75,15857879.0
2025-08-08 20:00:00+00:00,182.78,182.79,182.5499,182.7392,991904.0
2025-08-08 21:00:00+00:00,182.7,182.75,182.63,182.6911,195426.0
2025-08-08 22:00:00+00:00,182.7,183.2,182.68,182.7999,468624.0
2025-08-08 23:00:00+00:00,182.8,183.05,182.7197,182.8306,242459.0
2025-08-11 08:00:00+00:00,181.5,182.77,179.03,180.42,1270174.0
2025-08-11 09:00:00+00:00,180.42,181.12,180.4,180.94,395342.0
2025-08-11 10:00:00+00:00,180.9,181.38,180.79,181.11,276185.0
2025-08-11 11:00:00+00:00,181.13,182.239,181.08,182.22,682330.0
2025-08-11 12:00:00+00:00,182.21,183.2,179.1248,181.67,2578113.0
2025-08-11 13:00:00+00:00,181.66,183.02,180.25,182.58,25030594.0
2025-08-11 14:00:00+00:00,182.58,183.68,181.482,182.895,23946659.0
2025-08-11 15:00:00+00:00,182.89,183.83,182.37,183.475,17552554.0
2025-08-11 16:00:00+00:00,183.475,183.84,182.86,182.8799,12010283.0
2025-08-11 17:00:00+00:00,182.875,183.4679,182.855,183.045,8220592.0
2025-08-11 18:00:00+00:00,183.05,183.18,182.45,183.0051,9310209.0
2025-08-11 19:00:00+00:00,183.01,183.05,181.5,182.085,21709704.0
2025-08-11 20:00:00+00:00,182.11,182.5,181.9,182.0,1294175.0
2025-08-11 21:00:00+00:00,181.99,182.29,181.93,182.05,241320.0
2025-08-11 22:00:00+00:00,182.08,182.3,182.0499,182.1102,117629.0
2025-08-11 23:00:00+00:00,182.15,182.24,182.07,182.08,158903.0
2025-08-12 08:00:00+00:00,181.84,181.95,181.23,181.38,317497.0
2025-08-12 09:00:00+00:00,181.36,181.61,181.3,181.5,131356.0
2025-08-12 10:00:00+00:00,181.5,182.97,181.25,182.08,731812.0
2025-08-12 11:00:00+00:00,182.08,182.11,181.63,182.07,280217.0
2025-08-12 12:00:00+00:00,182.08,183.8699,180.51,183.33,4052310.0
2025-08-12 13:00:00+00:00,183.34,183.65,179.86,180.055,30908865.0
2025-08-12 14:00:00+00:00,180.07,181.61,179.46,181.5445,26440799.0
2025-08-12 15:00:00+00:00,181.54,182.75,181.0989,182.4186,16508837.0
2025-08-12 16:00:00+00:00,182.415,182.49,181.75,182.4284,10223563.0
2025-08-12 17:00:00+00:00,182.425,182.86,182.175,182.8249,10130395.0
2025-08-12 18:00:00+00:00,182.83,183.335,182.76,182.945,11542904.0
2025-08-12 19:00:00+00:00,182.94,184.48,182.26,183.1,18611111.0
2025-08-12 20:00:00+00:00,183.13,183.22,182.08,182.89,1218579.0
2025-08-12 21:00:00+00:00,182.89,182.97,182.76,182.84,201669.0
2025-08-12 22:00:00+00:00,182.84,182.85,182.77,182.78,99308.0
2025-08-12 23:00:00+00:00,182.7707,182.94,182.75,182.93,165273.0
2025-08-13 08:00:00+00:00,183.15,183.57,182.93,183.36,348525.0
2025-08-13 09:00:00+00:00,183.37,183.37,182.53,182.94,397552.0
2025-08-13 10:00:00+00:00,182.97,182.97,181.75,181.97,788491.0
2025-08-13 11:00:00+00:00,182.0,183.2,181.98,182.95,688849.0
2025-08-13 12:00:00+00:00,182.51,183.57,181.795,182.89,1929784.0
2025-08-13 13:00:00+00:00,182.9,183.97,182.175,182.62,31942854.0
2025-08-13 14:00:00+00:00,182.625,182.71,180.885,181.54,34659445.0
2025-08-13 15:00:00+00:00,181.535,181.64,179.35,180.4335,28206800.0
2025-08-13 16:00:00+00:00,180.435,180.76,179.4,179.8042,16230501.0
2025-08-13 17:00:00+00:00,179.8,181.34,179.775,181.29,14690914.0
2025-08-13 18:00:00+00:00,181.295,181.92,181.061,181.8605,13570818.0
2025-08-13 19:00:00+00:00,181.865,181.92,180.63,181.57,20835356.0
2025-08-13 20:00:00+00:00,181.547,181.89,180.8,181.33,1235805.0
2025-08-13 21:00:00+00:00,181.31,181.5,181.18,181.33,250838.0
2025-08-13 22:00:00+00:00,181.3152,181.33,181.11,181.29,247645.0
2025-08-13 23:00:00+00:00,181.29,181.36,181.11,181.28,247013.0
2025-08-14 08:00:00+00:00,181.28,181.74,181.23,181.33,217708.0
2025-08-14 09:00:00+00:00,181.32,181.5,181.27,181.4,84427.0
2025-08-14 10:00:00+00:00,181.44,181.5,181.26,181.48,100641.0
2025-08-14 11:00:00+00:00,181.47,182.07,181.3,181.97,361256.0
2025-08-14 12:00:00+00:00,181.35,182.058,180.05,180.2,2749210.0
2025-08-14 13:00:00+00:00,180.2,182.38,179.46,181.9573,25578701.0
2025-08-14 14:00:00+00:00,181.9596,183.02,181.72,182.25,23574055.0
2025-08-14 15:00:00+00:00,182.25,182.43,181.01,181.9444,17313273.0
2025-08-14 16:00:00+00:00,181.95,182.05,180.96,182.005,13187845.0
2025-08-14 17:00:00+00:00,182.01,182.2,181.59,182.0172,8799896.0
2025-08-14 18:00:00+00:00,182.01,182.055,181.4217,181.96,8987063.0
2025-08-14 19:00:00+00:00,181.965,182.24,181.695,182.0,17260724.0
2025-08-14 20:00:00+00:00,182.02,182.02,181.52,181.68,1121390.0
2025-08-14 21:00:00+00:00,181.68,181.71,181.55,181.64,151664.0
2025-08-14 22:00:00+00:00,181.67,181.8,181.63,181.76,125142.0
2025-08-14 23:00:00+00:00,181.7792,181.88,181.72,181.87,158379.0
2025-08-15 08:00:00+00:00,182.14,182.23,181.53,181.65,192695.0
2025-08-15 09:00:00+00:00,181.68,181.8,181.55,181.55,117798.0
2025-08-15 10:00:00+00:00,181.56,181.83,181.45,181.64,109297.0
2025-08-15 11:00:00+00:00,181.66,182.09,181.59,182.0,212209.0
2025-08-15 12:00:00+00:00,181.98,182.25,181.5,182.12,1181338.0
2025-08-15 13:00:00+00:00,182.12,182.27,178.0417,179.0226,35996585.0
2025-08-15 14:00:00+00:00,179.01,180.58,178.66,178.965,27459322.0
2025-08-15 15:00:00+00:00,178.965,179.76,178.41,179.3501,18208718.0
2025-08-15 16:00:00+00:00,179.355,179.66,178.83,179.5599,12063526.0
2025-08-15 17:00:00+00:00,179.555,180.3,179.29,180.1857,10045462.0
2025-08-15 18:00:00+00:00,180.18,180.31,179.66,179.86,9316211.0
2025-08-15 19:00:00+00:00,179.845,181.0,179.485,180.4401,21534892.0
2025-08-15 20:00:00+00:00,180.45,180.48,180.2,180.2,909127.0
2025-08-15 21:00:00+00:00,180.2001,180.45,180.13,180.19,202563.0
2025-08-15 22:00:00+00:00,180.18,180.28,180.15,180.25,117560.0
2025-08-15 23:00:00+00:00,180.2693,180.33,179.74,179.74,249217.0
2025-08-18 08:00:00+00:00,180.0,180.35,179.19,179.54,336185.0
2025-08-18 09:00:00+00:00,179.55,179.6,179.09,179.54,248863.0
2025-08-18 10:00:00+00:00,179.52,180.15,179.51,180.0,306126.0
2025-08-18 11:00:00+00:00,180.0,180.08,179.65,179.94,248658.0
2025-08-18 12:00:00+00:00,179.94,180.9,179.08,180.17,1523009.0
2025-08-18 13:00:00+00:00,180.17,182.78,180.12,182.1733,24058058.0
2025-08-18 14:00:00+00:00,182.19,182.9375,180.94,181.4181,28391234.0
2025-08-18 15:00:00+00:00,181.41,181.7181,181.03,181.415,13017899.0
2025-08-18 16:00:00+00:00,181.41,181.91,180.95,180.998,11201797.0
2025-08-18 17:00:00+00:00,180.995,181.69,180.96,181.4599,8547347.0
2025-08-18 18:00:00+00:00,181.455,182.4042,181.35,182.24,11771575.0
2025-08-18 19:00:00+00:00,182.2551,182.61,181.97,181.97,15629491.0
2025-08-18 20:00:00+00:00,181.97,182.14,181.89,182.026,2262151.0
2025-08-18 21:00:00+00:00,182.05,182.06,181.96,181.97,117018.0
2025-08-18 22:00:00+00:00,181.98,182.2,181.97,182.06,158487.0
2025-08-18 23:00:00+00:00,182.08,182.12,181.88,181.9999,161352.0
2025-08-19 08:00:00+00:00,182.41,182.6,182.1,182.53,199231.0
2025-08-19 09:00:00+00:00,182.52,182.8,182.48,182.59,177911.0
2025-08-19 10:00:00+00:00,182.6,182.6,182.23,182.42,228424.0
2025-08-19 11:00:00+00:00,182.38,182.55,182.23,182.5,273045.0
2025-08-19 12:00:00+00:00,182.28,182.7,181.61,182.21,1093719.0
2025-08-19 13:00:00+00:00,182.18,182.75,179.6,180.685,25592442.0
2025-08-19 14:00:00+00:00,180.68,181.1,177.3,178.058,36050546.0
2025-08-19 15:00:00+00:00,178.055,178.788,177.69,178.219,18851957.0
2025-08-19 16:00:00+00:00,178.21,178.41,176.2,176.4339,24458972.0
2025-08-19 17:00:00+00:00,176.44,177.23,175.75,177.13,18145077.0
2025-08-19 18:00:00+00:00,177.135,177.22,176.035,176.3722,14638221.0
2025-08-19 19:00:00+00:00,176.38,177.35,175.49,175.65,26532551.0
2025-08-19 20:00:00+00:00,175.6471,176.14,175.59,176.07,1764160.0
2025-08-19 21:00:00+00:00,176.05,176.08,175.0,175.11,917874.0
2025-08-19 22:00:00+00:00,175.13,175.64,175.13,175.26,411548.0
2025-08-19 23:00:00+00:00,175.2508,175.34,175.0,175.04,557885.0
2025-08-20 08:00:00+00:00,175.0,176.22,174.0,175.61,593295.0
2025-08-20 09:00:00+00:00,175.62,176.59,175.6,176.47,422837.0
2025-08-20 10:00:00+00:00,176.45,176.46,175.7,175.92,228234.0
2025-08-20 11:00:00+00:00,175.89,176.18,175.0,175.24,513045.0
2025-08-20 12:00:00+00:00,175.71,176.55,173.61,176.0004,2058686.0
2025-08-20 13:00:00+00:00,175.99,176.02,170.12,170.54,39512913.0
2025-08-20 14:00:00+00:00,170.52,171.8,168.801,169.55,49732989.0
2025-08-20 15:00:00+00:00,169.5487,173.0964,169.41,171.935,32317497.0
2025-08-20 16:00:00+00:00,171.93,174.11,171.8,172.905,20031916.0
2025-08-20 17:00:00+00:00,172.9097,174.42,172.79,173.56,15552564.0
2025-08-20 18:00:00+00:00,173.58,173.83,172.56,173.405,15296083.0
2025-08-20 19:00:00+00:00,173.4,176.0,173.4,175.39,24330092.0
2025-08-20 20:00:00+00:00,175.398,175.88,175.26,175.79,2486777.0
2025-08-20 21:00:00+00:00,175.79,175.92,175.69,175.86,307389.0
2025-08-20 22:00:00+00:00,175.85,176.05,175.74,175.96,371895.0
2025-08-20 23:00:00+00:00,175.96,175.99,175.6,175.81,333090.0
2025-08-21 08:00:00+00:00,175.74,176.62,175.03,176.05,628605.0
2025-08-21 09:00:00+00:00,176.07,177.0,175.9,176.62,451464.0
2025-08-21 10:00:00+00:00,176.62,176.88,176.39,176.58,441208.0
2025-08-21 11:00:00+00:00,176.56,176.78,175.73,175.76,542099.0
2025-08-21 12:00:00+00:00,175.75,176.98,174.05,174.34,2314023.0
2025-08-21 13:00:00+00:00,174.34,176.9,173.82,174.34,25166924.0
2025-08-21 14:00:00+00:00,174.37,176.49,173.98,175.815,21198192.0
2025-08-21 15:00:00+00:00,175.82,176.06,174.4801,174.7501,17548057.0
2025-08-21 16:00:00+00:00,174.76,174.98,174.04,174.1618,13025613.0
2025-08-21 17:00:00+00:00,174.165,175.0899,173.81,175.03,14300374.0
2025-08-21 18:00:00+00:00,175.03,175.19,174.27,174.745,10144621.0
2025-08-21 19:00:00+00:00,174.74,175.95,174.52,174.971,15496091.0
2025-08-21 20:00:00+00:00,174.98,174.98,174.66,174.89,1625603.0
2025-08-21 21:00:00+00:00,174.88,174.9,174.65,174.77,252699.0
2025-08-21 22:00:00+00:00,174.78,174.99,174.78,174.95,194332.0
2025-08-21 23:00:00+00:00,174.96,174.979,174.7,174.7998,214531.0
2025-08-22 08:00:00+00:00,172.45,173.53,168.0,173.38,693396.0
2025-08-22 09:00:00+00:00,173.36,173.42,172.23,172.92,480359.0
2025-08-22 10:00:00+00:00,172.96,173.41,172.8,172.98,296756.0
2025-08-22 11:00:00+00:00,173.0,173.4,172.83,172.96,402303.0
2025-08-22 12:00:00+00:00,172.98,173.53,171.11,172.3996,2135973.0
2025-08-22 13:00:00+00:00,172.4,175.05,171.2,173.79,26858598.0
2025-08-22 14:00:00+00:00,173.775,177.86,173.3625,177.4128,43158130.0
2025-08-22 15:00:00+00:00,177.415,178.59,177.272,177.7999,22429586.0
2025-08-22 16:00:00+00:00,177.8,178.0599,176.88,177.2199,16516301.0
2025-08-22 17:00:00+00:00,177.21,178.42,177.19,178.045,13207025.0
2025-08-22 18:00:00+00:00,178.05,178.54,177.75,177.87,11598774.0
2025-08-22 19:00:00+00:00,177.88,178.5,177.64,178.02,19351146.0
2025-08-22 20:00:00+00:00,178.0222,178.1,177.55,178.04,1444866.0
2025-08-22 21:00:00+00:00,178.04,178.1,178.01,178.04,240651.0
2025-08-22 22:00:00+00:00,178.05,178.29,178.0,178.24,251930.0
2025-08-22 23:00:00+00:00,178.25,178.45,178.2099,178.38,303357.0
2025-08-25 08:00:00+00:00,178.25,178.9,178.25,178.46,438123.0
2025-08-25 09:00:00+00:00,178.48,178.5,178.01,178.36,233574.0
2025-08-25 10:00:00+00:00,178.38,178.39,177.61,177.66,432897.0
2025-08-25 11:00:00+00:00,177.67,178.31,177.23,178.29,559938.0
2025-08-25 12:00:00+00:00,177.56,179.37,177.28,177.6,1965861.0
2025-08-25 13:00:00+00:00,177.62,178.5,176.57,178.445,23565860.0
2025-08-25 14:00:00+00:00,178.44,179.91,178.25,179.882,27963813.0
2025-08-25 15:00:00+00:00,179.8799,181.68,179.87,181.57,27475694.0
2025-08-25 16:00:00+00:00,181.57,181.91,180.93,181.025,16558462.0
2025-08-25 17:00:00+00:00,181.03,181.385,180.62,181.29,13705718.0
2025-08-25 18:00:00+00:00,181.29,181.56,181.08,181.4097,11204374.0
2025-08-25 19:00:00+00:00,181.41,181.67,178.35,179.84,22198638.0
2025-08-25 20:00:00+00:00,179.82,180.18,179.3,180.0,2590399.0
2025-08-25 21:00:00+00:00,180.0,180.3,179.92,180.22,396275.0
2025-08-25 22:00:00+00:00,180.2299,180.63,180.2,180.57,326770.0
2025-08-25 23:00:00+00:00,180.58,180.58,180.2,180.2985,285222.0
2025-08-26 08:00:00+00:00,180.09,180.3,179.81,180.11,264804.0
2025-08-26 09:00:00+00:00,180.12,180.45,180.06,180.36,163780.0
2025-08-26 10:00:00+00:00,180.38,180.88,180.34,180.62,337124.0
2025-08-26 11:00:00+00:00,180.6,180.8,180.25,180.69,434607.0
2025-08-26 12:00:00+00:00,180.69,180.8365,179.5,180.6701,1305929.0
2025-08-26 13:00:00+00:00,180.67,181.23,178.81,179.6099,24690485.0
2025-08-26 14:00:00+00:00,179.56,181.76,179.545,181.53,26066600.0
2025-08-26 15:00:00+00:00,181.54,181.5799,180.78,181.29,17858273.0
2025-08-26 16:00:00+00:00,181.285,181.95,181.24,181.5282,12449568.0
2025-08-26 17:00:00+00:00,181.52,181.7,180.89,181.315,9405672.0
2025-08-26 18:00:00+00:00,181.32,182.27,181.29,182.1854,14068137.0
2025-08-26 19:00:00+00:00,182.185,182.39,181.25,181.7,22334167.0
2025-08-26 20:00:00+00:00,181.77,182.16,181.7,182.1206,5157301.0
2025-08-26 21:00:00+00:00,182.13,182.19,182.0,182.08,358711.0
2025-08-26 22:00:00+00:00,182.0992,182.38,182.02,182.29,510921.0
2025-08-26 23:00:00+00:00,182.3,182.35,182.2,182.35,387927.0
2025-08-27 08:00:00+00:00,182.3,182.63,182.1,182.6,465480.0
2025-08-27 09:00:00+00:00,182.59,182.8,182.52,182.73,280338.0
2025-08-27 10:00:00+00:00,182.74,183.2,182.72,182.92,498220.0
2025-08-27 11:00:00+00:00,182.92,183.06,182.731,183.0,594732.0
2025-08-27 12:00:00+00:00,182.92,183.19,182.05,182.43,2352312.0
2025-08-27 13:00:00+00:00,182.42,182.69,179.1,180.19,35438714.0
2025-08-27 14:00:00+00:00,180.18,182.44,180.01,182.0351,32840603.0
2025-08-27 15:00:00+00:00,182.04,182.23,181.53,181.9676,19404332.0
2025-08-27 16:00:00+00:00,181.965,182.2,181.11,181.88,16868639.0
2025-08-27 17:00:00+00:00,181.88,182.02,181.63,182.005,12858038.0
2025-08-27 18:00:00+00:00,182.005,182.49,181.87,181.92,15673582.0
2025-08-27 19:00:00+00:00,181.915,181.94,180.93,181.6,31976419.0
2025-08-27 20:00:00+00:00,181.6,183.4,171.86,176.74,31845652.0
2025-08-27 21:00:00+00:00,176.73,178.8,175.47,176.7394,9781019.0
2025-08-27 22:00:00+00:00,176.69,176.7391,175.58,176.04,3212226.0
2025-08-27 23:00:00+00:00,176.03,176.5,175.8,175.9,1816643.0
2025-08-28 08:00:00+00:00,178.11,179.43,177.03,178.33,1669036.0
2025-08-28 09:00:00+00:00,178.33,178.97,177.83,177.9,807742.0
2025-08-28 10:00:00+00:00,177.9,178.75,177.89,178.3,657171.0
2025-08-28 11:00:00+00:00,178.29,179.47,178.05,179.47,1357493.0
2025-08-28 12:00:00+00:00,178.25,181.94,176.51,181.17,10873789.0
2025-08-28 13:00:00+00:00,181.17,184.47,176.41,177.325,68692604.0
2025-08-28 14:00:00+00:00,177.325,180.35,176.92,179.855,52564424.0
2025-08-28 15:00:00+00:00,179.875,180.605,178.51,178.63,27833297.0
2025-08-28 16:00:00+00:00,178.635,179.96,178.38,179.46,17748882.0
2025-08-28 17:00:00+00:00,179.4135,180.35,178.69,179.9842,19949248.0
2025-08-28 18:00:00+00:00,179.985,181.55,179.87,181.135,23075298.0
2025-08-28 19:00:00+00:00,181.13,181.31,179.97,180.2,33379952.0
2025-08-28 20:00:00+00:00,180.17,180.33,179.5,179.65,2256736.0
2025-08-28 21:00:00+00:00,179.66,179.99,179.5,179.62,394976.0
2025-08-28 22:00:00+00:00,179.6491,179.95,179.57,179.8,304122.0
2025-08-28 23:00:00+00:00,179.7601,179.91,179.54,179.5809,345799.0
2025-08-29 08:00:00+00:00,179.45,179.71,177.84,178.13,808460.0
2025-08-29 09:00:00+00:00,178.16,178.58,177.45,178.13,584010.0
2025-08-29 10:00:00+00:00,178.14,178.37,177.61,178.0,409992.0
2025-08-29 11:00:00+00:00,178.03,178.53,177.93,178.25,560070.0
2025-08-29 12:00:00+00:00,178.25,179.99,177.5,178.37,2370249.0
2025-08-29 13:00:00+00:00,178.41,178.65,173.76,174.78,50360933.0
2025-08-29 14:00:00+00:00,174.79,175.49,173.37,173.665,45920688.0
2025-08-29 15:00:00+00:00,173.65,175.1399,173.51,173.7651,28499325.0
2025-08-29 16:00:00+00:00,173.77,174.77,173.72,174.445,16425217.0
2025-08-29 17:00:00+00:00,174.445,174.445,173.145,174.07,22723025.0
2025-08-29 18:00:00+00:00,174.0701,174.24,173.48,174.215,15196401.0
2025-08-29 19:00:00+00:00,174.215,174.51,173.25,174.28,31405346.0
2025-08-29 20:00:00+00:00,174.18,174.1944,173.6,173.83,2932567.0
2025-08-29 21:00:00+00:00,173.8099,174.18,173.74,173.88,331862.0
2025-08-29 22:00:00+00:00,173.88,173.99,173.8,173.8601,281074.0
2025-08-29 23:00:00+00:00,173.87,173.89,173.67,173.6705,294960.0
2025-09-02 08:00:00+00:00,172.4,173.6,171.26,171.83,854388.0
2025-09-02 09:00:00+00:00,171.84,172.25,171.6,171.82,414383.0
2025-09-02 10:00:00+00:00,171.78,172.04,171.31,171.41,440443.0
2025-09-02 11:00:00+00:00,171.43,171.79,169.89,170.24,1722819.0
2025-09-02 12:00:00+00:00,171.48,173.76,168.55,169.97,5482386.0
2025-09-02 13:00:00+00:00,169.99,172.379,168.65,171.65,37369715.0
2025-09-02 14:00:00+00:00,171.64,172.01,168.7132,169.5153,39167195.0
2025-09-02 15:00:00+00:00,169.515,169.7658,167.34,167.83,36979217.0
2025-09-02 16:00:00+00:00,167.8399,169.03,167.22,169.015,25915397.0
2025-09-02 17:00:00+00:00,169.01,169.63,168.315,169.2175,18771965.0
2025-09-02 18:00:00+00:00,169.21,170.05,168.98,169.618,16748708.0
2025-09-02 19:00:00+00:00,169.61,171.12,169.56,170.75,29598408.0
2025-09-02 20:00:00+00:00,170.75,171.2097,169.0428,170.249,2805433.0
2025-09-02 21:00:00+00:00,170.22,170.48,169.95,170.3964,474477.0
2025-09-02 22:00:00+00:00,170.35,170.4,170.1,170.11,277007.0
2025-09-02 23:00:00+00:00,170.11,170.19,169.5,169.6637,488538.0
2025-09-03 08:00:00+00:00,170.42,171.48,169.98,171.39,550118.0
2025-09-03 09:00:00+00:00,171.4,172.1,171.2,171.86,513125.0
2025-09-03 10:00:00+00:00,171.86,172.2,171.45,171.8,482058.0
2025-09-03 11:00:00+00:00,171.76,171.94,171.35,171.46,509747.0
2025-09-03 12:00:00+00:00,171.48,172.0901,169.4,171.55,1794848.0
2025-09-03 13:00:00+00:00,171.57,171.69,169.52,171.14,25654543.0
2025-09-03 14:00:00+00:00,171.14,172.41,170.26,171.9118,26465422.0
2025-09-03 15:00:00+00:00,171.91,171.98,170.335,171.135,19652733.0
2025-09-03 16:00:00+00:00,171.13,171.78,170.57,170.9183,13437072.0
2025-09-03 17:00:00+00:00,170.92,171.4258,170.03,170.175,11758699.0
2025-09-03 18:00:00+00:00,170.185,170.19,168.875,169.3519,18875897.0
2025-09-03 19:00:00+00:00,169.355,170.64,169.15,170.62,22382765.0
2025-09-03 20:00:00+00:00,170.61,171.15,170.32,170.38,6321480.0
2025-09-03 21:00:00+00:00,170.3994,170.53,170.3,170.45,157173.0
2025-09-03 22:00:00+00:00,170.43,170.43,170.2602,170.2701,165574.0
2025-09-03 23:00:00+00:00,170.2803,170.4,170.25,170.4,186339.0
2025-09-04 08:00:00+00:00,171.0,172.0,170.53,171.62,451842.0
2025-09-04 09:00:00+00:00,171.67,171.77,171.46,171.72,123706.0
2025-09-04 10:00:00+00:00,171.71,171.83,171.49,171.49,171496.0
2025-09-04 11:00:00+00:00,171.47,171.5,170.3,171.23,537922.0
2025-09-04 12:00:00+00:00,171.33,171.95,170.05,170.85,5084643.0
2025-09-04 13:00:00+00:00,170.85,171.86,169.5,170.1,21457133.0
2025-09-04 14:00:00+00:00,170.03,171.3083,169.41,170.835,23075007.0
2025-09-04 15:00:00+00:00,170.84,171.07,170.08,170.55,14972182.0
2025-09-04 16:00:00+00:00,170.55,171.19,170.3935,170.52,11743595.0
2025-09-04 17:00:00+00:00,170.515,170.88,170.35,170.625,10005853.0
2025-09-04 18:00:00+00:00,170.625,170.9,170.39,170.835,11420979.0
2025-09-04 19:00:00+00:00,170.835,171.74,170.67,171.64,20184578.0
2025-09-04 20:00:00+00:00,171.6633,172.0,171.25,171.55,9537523.0
2025-09-04 21:00:00+00:00,171.5312,171.99,171.15,171.18,872389.0
2025-09-04 22:00:00+00:00,171.18,171.4783,171.01,171.37,319188.0
2025-09-04 23:00:00+00:00,171.3501,171.57,171.25,171.3,260929.0
2025-09-05 08:00:00+00:00,170.88,171.49,170.88,171.11,448926.0
2025-09-05 09:00:00+00:00,171.14,171.14,170.57,170.77,366821.0
2025-09-05 10:00:00+00:00,170.8,170.88,169.92,170.28,618549.0
2025-09-05 11:00:00+00:00,170.3,170.32,169.77,169.79,707066.0
2025-09-05 12:00:00+00:00,169.78,171.4401,168.3,168.7,5565923.0
2025-09-05 13:00:00+00:00,168.7,169.77,165.99,167.6403,40975223.0
2025-09-05 14:00:00+00:00,167.65,167.66,164.2248,164.575,57060208.0
2025-09-05 15:00:00+00:00,164.56,166.925,164.07,166.4001,30327707.0
2025-09-05 16:00:00+00:00,166.4,167.14,166.01,166.88,17522931.0
2025-09-05 17:00:00+00:00,166.88,166.96,165.87,166.1228,14654945.0
2025-09-05 18:00:00+00:00,166.12,166.91,165.94,166.34,13416656.0
2025-09-05 19:00:00+00:00,166.335,167.195,166.12,167.04,25468591.0
2025-09-05 20:00:00+00:00,167.02,167.05,166.6,166.8006,2729322.0
2025-09-05 21:00:00+00:00,166.8018,167.0,166.6,166.6001,298940.0
2025-09-05 22:00:00+00:00,166.6,166.64,166.5,166.54,234106.0
2025-09-05 23:00:00+00:00,166.54,166.55,166.05,166.09,297667.0
2025-09-08 08:00:00+00:00,167.25,167.6,166.89,167.42,407187.0
2025-09-08 09:00:00+00:00,167.41,167.89,167.3,167.83,353658.0
2025-09-08 10:00:00+00:00,167.8,168.25,167.7,167.77,416123.0
2025-09-08 11:00:00+00:00,167.77,168.02,167.6,167.62,428290.0
2025-09-08 12:00:00+00:00,167.63,168.21,166.2,167.62,1727128.0
2025-09-08 13:00:00+00:00,167.64,170.96,167.01,170.2557,32514567.0
2025-09-08 14:00:00+00:00,170.29,170.53,169.2,169.8851,27999661.0
2025-09-08 15:00:00+00:00,169.88,170.23,169.25,169.95,16210971.0
2025-09-08 16:00:00+00:00,169.965,170.25,169.5,169.965,13290253.0
2025-09-08 17:00:00+00:00,169.9698,170.16,169.53,169.8,10165039.0
2025-09-08 18:00:00+00:00,169.8,170.04,169.22,169.265,12922105.0
2025-09-08 19:00:00+00:00,169.265,169.86,168.0,168.37,28518543.0
2025-09-08 20:00:00+00:00,168.38,169.5242,167.86,168.1001,1569486.0
2025-09-08 21:00:00+00:00,168.1,168.35,168.1,168.28,289279.0
2025-09-08 22:00:00+00:00,168.28,168.43,168.18,168.35,225344.0
2025-09-08 23:00:00+00:00,168.36,168.42,168.11,168.2,256916.0
2025-09-09 08:00:00+00:00,169.2,169.98,168.79,169.85,496398.0
2025-09-09 09:00:00+00:00,169.85,169.97,169.51,169.51,214287.0
2025-09-09 10:00:00+00:00,169.54,169.81,169.42,169.52,199507.0
2025-09-09 11:00:00+00:00,169.54,169.55,168.49,169.03,446247.0
2025-09-09 12:00:00+00:00,168.8,169.97,168.23,169.0501,1429775.0
2025-09-09 13:00:00+00:00,169.0597,169.64,167.94,168.38,20401940.0
2025-09-09 14:00:00+00:00,168.38,168.74,166.7401,167.405,27528694.0
2025-09-09 15:00:00+00:00,167.405,168.36,167.2226,168.09,15815884.0
2025-09-09 16:00:00+00:00,168.09,168.93,168.0401,168.25,12114431.0
2025-09-09 17:00:00+00:00,168.26,168.46,167.845,168.085,12260484.0
2025-09-09 18:00:00+00:00,168.085,169.05,167.96,169.035,15630896.0
2025-09-09 19:00:00+00:00,169.04,170.98,169.0101,170.7585,29297349.0
2025-09-09 20:00:00+00:00,170.76,174.77,170.62,173.45,6808701.0
2025-09-09 21:00:00+00:00,173.42,174.49,173.24,174.0,1790030.0
2025-09-09 22:00:00+00:00,173.98,174.0299,173.5,173.7,681684.0
2025-09-09 23:00:00+00:00,173.74,174.22,173.2401,174.22,703285.0
2025-09-10 08:00:00+00:00,173.22,174.2,173.15,174.05,666309.0
2025-09-10 09:00:00+00:00,174.06,174.4,173.9,173.92,375535.0
2025-09-10 10:00:00+00:00,173.93,174.81,173.82,174.61,519910.0
2025-09-10 11:00:00+00:00,174.6,175.65,174.35,175.51,1349255.0
2025-09-10 12:00:00+00:00,174.58,176.62,172.5,176.56,4690582.0
2025-09-10 13:00:00+00:00,176.57,178.95,175.47,177.1801,53354030.0
2025-09-10 14:00:00+00:00,177.18,179.19,176.8126,178.885,43562191.0
2025-09-10 15:00:00+00:00,178.89,179.29,177.7,177.8502,24263826.0
2025-09-10 16:00:00+00:00,177.8525,178.0758,177.37,177.675,18042175.0
2025-09-10 17:00:00+00:00,177.67,178.32,177.41,177.68,14135076.0
2025-09-10 18:00:00+00:00,177.68,177.7,176.15,176.635,20090935.0
2025-09-10 19:00:00+00:00,176.635,177.98,175.96,177.3,28702425.0
2025-09-10 20:00:00+00:00,177.33,177.4618,176.84,176.87,1609833.0
2025-09-10 21:00:00+00:00,176.87,177.06,176.5401,176.79,814519.0
2025-09-10 22:00:00+00:00,176.82,177.2735,176.79,177.1999,208531.0
2025-09-10 23:00:00+00:00,177.15,177.28,177.0,177.17,237499.0
2025-09-11 08:00:00+00:00,177.8,178.2,177.65,177.75,312736.0
2025-09-11 09:00:00+00:00,177.77,178.0,177.32,177.6,188838.0
2025-09-11 10:00:00+00:00,177.64,178.68,177.63,178.39,513979.0
2025-09-11 11:00:00+00:00,178.38,178.52,178.12,178.31,298935.0
2025-09-11 12:00:00+00:00,178.39,178.95,177.35,178.95,2285765.0
2025-09-11 13:00:00+00:00,178.94,180.28,177.61,177.845,29243404.0
2025-09-11 14:00:00+00:00,177.84,178.2799,176.925,177.84,24755267.0
2025-09-11 15:00:00+00:00,177.835,178.53,177.15,177.975,20694257.0
2025-09-11 16:00:00+00:00,177.98,178.1,177.02,177.305,12156567.0
2025-09-11 17:00:00+00:00,177.31,177.52,176.48,177.1218,13245858.0
2025-09-11 18:00:00+00:00,177.13,177.74,176.91,177.505,13591689.0
2025-09-11 19:00:00+00:00,177.5,177.95,176.9,177.09,16921895.0
2025-09-11 20:00:00+00:00,177.1,177.7234,176.95,177.1,1549875.0
2025-09-11 21:00:00+00:00,177.1,177.3,177.02,177.15,780333.0
2025-09-11 22:00:00+00:00,177.16,177.3,177.02,177.1991,215597.0
2025-09-11 23:00:00+00:00,177.18,177.29,177.1111,177.22,174347.0
2025-09-12 08:00:00+00:00,177.2,177.75,177.0,177.73,280762.0
2025-09-12 09:00:00+00:00,177.74,177.93,177.53,177.57,267111.0
2025-09-12 10:00:00+00:00,177.53,177.65,177.13,177.24,241517.0
2025-09-12 11:00:00+00:00,177.28,177.81,177.25,177.81,305551.0
2025-09-12 12:00:00+00:00,177.81,177.92,177.0,177.6,912795.0
2025-09-12 13:00:00+00:00,177.61,178.44,176.45,177.53,18922118.0
2025-09-12 14:00:00+00:00,177.49,178.595,177.055,178.295,21069530.0
2025-09-12 15:00:00+00:00,178.3,178.55,177.325,177.63,17985879.0
2025-09-12 16:00:00+00:00,177.63,178.2184,177.46,177.91,12067867.0
2025-09-12 17:00:00+00:00,177.91,178.015,177.5,177.82,8207617.0
2025-09-12 18:00:00+00:00,177.815,177.94,177.4,177.81,9783990.0
2025-09-12 19:00:00+00:00,177.8,178.0,177.4,177.79,16805793.0
2025-09-12 20:00:00+00:00,177.7933,177.99,177.6213,177.77,3962859.0
2025-09-12 21:00:00+00:00,177.77,177.79,177.75,177.75,145867.0
2025-09-12 22:00:00+00:00,177.75,177.8,177.63,177.68,113049.0
2025-09-12 23:00:00+00:00,177.68,177.69,177.501,177.53,196537.0
2025-09-15 08:00:00+00:00,177.48,178.0,173.0,173.6,1935467.0
2025-09-15 09:00:00+00:00,173.61,173.69,172.47,173.37,1120507.0
2025-09-15 10:00:00+00:00,173.41,174.38,172.94,174.11,1013567.0
2025-09-15 11:00:00+00:00,174.13,175.32,174.05,175.06,1253287.0
2025-09-15 12:00:00+00:00,173.45,178.05,172.5471,175.88,3125598.0
2025-09-15 13:00:00+00:00,175.889,176.58,174.51,175.855,22898757.0
2025-09-15 14:00:00+00:00,175.85,176.1424,174.58,175.305,23526396.0
2025-09-15 15:00:00+00:00,175.31,178.09,175.08,177.83,23546495.0
2025-09-15 16:00:00+00:00,177.84,178.28,177.06,177.695,15832669.0
2025-09-15 17:00:00+00:00,177.695,177.7121,177.145,177.605,9891857.0
2025-09-15 18:00:00+00:00,177.605,177.885,176.97,177.1151,11147412.0
2025-09-15 19:00:00+00:00,177.11,178.85,176.915,177.79,19599706.0
2025-09-15 20:00:00+00:00,177.79,177.79,177.35,177.36,2765868.0
2025-09-15 21:00:00+00:00,177.3527,177.48,177.28,177.36,149885.0
2025-09-15 22:00:00+00:00,177.38,177.75,177.15,177.22,141173.0
2025-09-15 23:00:00+00:00,177.22,177.4,177.2,177.32,139318.0
2025-09-16 08:00:00+00:00,177.06,177.82,177.03,177.29,380384.0
2025-09-16 09:00:00+00:00,177.28,177.47,177.16,177.23,170971.0
2025-09-16 10:00:00+00:00,177.24,177.37,177.08,177.21,186013.0
2025-09-16 11:00:00+00:00,177.22,177.45,177.2,177.43,181490.0
2025-09-16 12:00:00+00:00,177.3,177.83,176.88,177.23,1151503.0
2025-09-16 13:00:00+00:00,177.24,177.5,175.71,176.13,20992534.0
2025-09-16 14:00:00+00:00,176.13,176.85,176.0986,176.5255,17726132.0
2025-09-16 15:00:00+00:00,176.53,176.5451,175.25,175.3188,17423455.0
2025-09-16 16:00:00+00:00,175.315,175.3799,174.81,174.95,14674921.0
2025-09-16 17:00:00+00:00,174.96,175.4,174.77,174.9688,12553439.0
2025-09-16 18:00:00+00:00,174.9692,175.13,174.65,174.9645,12763237.0
2025-09-16 19:00:00+00:00,174.965,175.22,174.38,174.86,23192232.0
2025-09-16 20:00:00+00:00,174.86,175.5419,174.86,175.1,1885687.0
2025-09-16 21:00:00+00:00,175.09,175.19,174.88,175.15,267220.0
2025-09-16 22:00:00+00:00,175.1805,175.31,175.14,175.28,260199.0
2025-09-16 23:00:00+00:00,175.25,175.34,175.1,175.1126,260117.0
2025-09-17 08:00:00+00:00,175.6,175.67,171.67,173.1,1186445.0
2025-09-17 09:00:00+00:00,173.15,173.78,172.8,173.29,578534.0
2025-09-17 10:00:00+00:00,173.27,173.44,171.75,172.22,763319.0
2025-09-17 11:00:00+00:00,172.29,172.95,172.17,172.75,648218.0
2025-09-17 12:00:00+00:00,172.4,175.98,171.76,173.25,2436990.0
2025-09-17 13:00:00+00:00,173.26,173.32,170.1,170.845,33221375.0
2025-09-17 14:00:00+00:00,170.845,170.9999,169.67,170.0926,30986303.0
2025-09-17 15:00:00+00:00,170.095,170.78,169.39,169.5698,21646814.0
2025-09-17 16:00:00+00:00,169.57,169.97,169.27,169.8904,16636217.0
2025-09-17 17:00:00+00:00,169.895,171.16,169.83,171.0904,15940384.0
2025-09-17 18:00:00+00:00,171.09,171.6,168.41,169.705,36641281.0
2025-09-17 19:00:00+00:00,169.705,171.4,169.12,170.21,32152033.0
2025-09-17 20:00:00+00:00,170.21,170.87,170.207,170.6516,4714580.0
2025-09-17 21:00:00+00:00,170.65,170.84,170.29,170.6401,301337.0
2025-09-17 22:00:00+00:00,170.63,171.25,170.63,171.19,444690.0
2025-09-17 23:00:00+00:00,171.2,171.35,171.14,171.35,466526.0
2025-09-18 08:00:00+00:00,172.03,173.38,171.92,173.27,849789.0
2025-09-18 09:00:00+00:00,173.27,174.65,173.23,174.21,807883.0
2025-09-18 10:00:00+00:00,174.24,174.58,174.0,174.32,709573.0
2025-09-18 11:00:00+00:00,174.34,176.169,174.05,175.5,3275598.0
2025-09-18 12:00:00+00:00,174.23,176.1675,171.54,174.69,4305594.0
2025-09-18 13:00:00+00:00,174.71,175.38,172.96,173.535,32043757.0
2025-09-18 14:00:00+00:00,173.535,176.24,173.5,175.2743,35254109.0
2025-09-18 15:00:00+00:00,175.28,176.57,175.255,176.0051,22357842.0
2025-09-18 16:00:00+00:00,176.0,176.71,175.805,176.5857,13974444.0
2025-09-18 17:00:00+00:00,176.585,176.93,176.1,176.285,14191145.0
2025-09-18 18:00:00+00:00,176.28,177.09,176.0,176.855,16047172.0
2025-09-18 19:00:00+00:00,176.855,177.1,174.21,176.28,26380017.0
2025-09-18 20:00:00+00:00,176.24,176.42,175.8,176.24,3440876.0
2025-09-18 21:00:00+00:00,176.2301,176.31,176.0,176.17,221574.0
2025-09-18 22:00:00+00:00,176.19,176.44,176.1005,176.3501,217379.0
2025-09-18 23:00:00+00:00,176.3236,176.4,176.25,176.39,206270.0
2025-09-19 08:00:00+00:00,175.75,176.11,175.5,175.59,289895.0
2025-09-19 09:00:00+00:00,175.57,175.79,175.37,175.56,189945.0
2025-09-19 10:00:00+00:00,175.56,176.04,175.5,175.81,155951.0
2025-09-19 11:00:00+00:00,175.83,175.9,175.55,175.72,267825.0
2025-09-19 12:00:00+00:00,175.68,176.18,175.41,175.64,2609036.0
2025-09-19 13:00:00+00:00,175.62,177.02,175.18,176.6099,36515304.0
2025-09-19 14:00:00+00:00,176.61,178.08,176.52,177.155,26269976.0
2025-09-19 15:00:00+00:00,177.155,177.275,175.8,176.385,20227317.0
2025-09-19 16:00:00+00:00,176.3854,176.47,175.715,175.79,12172186.0
2025-09-19 17:00:00+00:00,175.79,176.225,175.56,175.78,13101795.0
2025-09-19 18:00:00+00:00,175.78,176.21,175.55,176.11,13043383.0
2025-09-19 19:00:00+00:00,176.105,178.0,175.55,176.51,26413375.0
2025-09-19 20:00:00+00:00,176.52,176.7177,176.3146,176.42,9113536.0
2025-09-19 21:00:00+00:00,176.41,176.42,176.06,176.2125,185831.0
2025-09-19 22:00:00+00:00,176.2199,176.3499,176.09,176.14,146130.0
2025-09-19 23:00:00+00:00,176.14,176.2,176.0,176.0,198637.0
2025-09-22 08:00:00+00:00,175.44,175.95,175.15,175.27,392895.0
2025-09-22 09:00:00+00:00,175.26,175.33,174.65,174.81,377801.0
2025-09-22 10:00:00+00:00,174.81,175.36,174.65,175.23,249304.0
2025-09-22 11:00:00+00:00,175.23,175.69,175.18,175.53,309501.0
2025-09-22 12:00:00+00:00,175.37,176.229,174.33,175.83,1279083.0
2025-09-22 13:00:00+00:00,175.79,176.12,174.7053,175.46,18582078.0
2025-09-22 14:00:00+00:00,175.47,176.08,174.98,175.75,19905346.0
2025-09-22 15:00:00+00:00,175.74,175.99,175.275,175.5,12794831.0
2025-09-22 16:00:00+00:00,175.5,184.55,175.49,183.84,99821761.0
2025-09-22 17:00:00+00:00,183.84,184.0658,182.335,183.08,33235391.0
2025-09-22 18:00:00+00:00,183.08,183.36,182.51,183.33,21242382.0
2025-09-22 19:00:00+00:00,183.32,183.9574,182.64,183.61,38048408.0
2025-09-22 20:00:00+00:00,183.61,183.88,182.95,183.42,2804920.0
2025-09-22 21:00:00+00:00,183.42,183.61,183.02,183.06,543873.0
2025-09-22 22:00:00+00:00,183.06,183.1,182.15,182.59,738977.0
2025-09-22 23:00:00+00:00,182.6,182.7,182.3,182.6,455439.0
2025-09-23 08:00:00+00:00,182.62,183.0,182.15,182.17,803373.0
2025-09-23 09:00:00+00:00,182.18,182.53,181.78,182.425,609797.0
2025-09-23 10:00:00+00:00,182.44,182.57,182.09,182.18,462647.0
2025-09-23 11:00:00+00:00,182.17,182.26,181.36,182.0,1070033.0
2025-09-23 12:00:00+00:00,182.02,183.61,181.39,181.98,3338117.0
2025-09-23 13:00:00+00:00,181.98,182.42,179.35,179.565,35548232.0
2025-09-23 14:00:00+00:00,179.57,180.8199,179.145,179.845,32667245.0
2025-09-23 15:00:00+00:00,179.85,180.55,179.67,179.96,15623755.0
2025-09-23 16:00:00+00:00,179.965,180.14,178.84,179.1901,18327639.0
2025-09-23 17:00:00+00:00,179.1951,179.36,177.3,178.255,23892771.0
2025-09-23 18:00:00+00:00,178.26,178.3874,177.445,178.145,15129418.0
2025-09-23 19:00:00+00:00,178.145,178.92,176.21,178.44,22430736.0
2025-09-23 20:00:00+00:00,178.4622,178.75,177.8,178.2999,3233921.0
2025-09-23 21:00:00+00:00,178.2806,179.25,178.12,178.15,1065150.0
2025-09-23 22:00:00+00:00,178.17,178.4,178.12,178.13,341853.0
2025-09-23 23:00:00+00:00,178.1217,178.26,177.8,177.92,377578.0
2025-09-24 08:00:00+00:00,179.4,180.21,178.54,179.77,488794.0
2025-09-24 09:00:00+00:00,179.78,179.82,179.34,179.69,291324.0
2025-09-24 10:00:00+00:00,179.7,179.92,179.47,179.6,265854.0
2025-09-24 11:00:00+00:00,179.58,179.85,179.1,179.28,474730.0
2025-09-24 12:00:00+00:00,177.6,180.21,177.58,179.2014,2275846.0
2025-09-24 13:00:00+00:00,179.2,179.8,177.6,178.3393,20926300.0
2025-09-24 14:00:00+00:00,178.33,179.11,177.98,178.065,19658308.0
2025-09-24 15:00:00+00:00,178.0644,178.51,176.18,176.25,21052297.0
2025-09-24 16:00:00+00:00,176.26,176.51,175.4,176.375,20384722.0
2025-09-24 17:00:00+00:00,176.38,177.34,176.3416,176.915,13042235.0
2025-09-24 18:00:00+00:00,176.91,177.34,176.4801,177.155,11758606.0
2025-09-24 19:00:00+00:00,177.155,177.34,176.705,176.88,15159739.0
2025-09-24 20:00:00+00:00,176.97,176.97,176.44,176.6514,1427439.0
2025-09-24 21:00:00+00:00,176.65,176.97,176.53,176.71,216244.0
2025-09-24 22:00:00+00:00,176.72,176.7399,176.62,176.6806,128505.0
2025-09-24 23:00:00+00:00,176.6988,176.6999,176.48,176.52,181007.0
2025-09-25 08:00:00+00:00,176.85,177.6,176.85,176.87,413920.0
2025-09-25 09:00:00+00:00,176.9,176.99,176.08,176.27,356742.0
2025-09-25 10:00:00+00:00,176.23,176.27,175.62,176.0,343772.0
2025-09-25 11:00:00+00:00,176.0,176.26,174.88,175.01,909274.0
2025-09-25 12:00:00+00:00,176.09,177.52,174.53,174.67,2822400.0
2025-09-25 13:00:00+00:00,174.6604,175.6,173.125,174.9499,26905130.0
2025-09-25 14:00:00+00:00,174.95,178.32,174.94,177.845,32387938.0
2025-09-25 15:00:00+00:00,177.84,179.97,177.23,179.925,25231199.0
2025-09-25 16:00:00+00:00,179.93,180.26,178.47,178.6199,24244367.0
2025-09-25 17:00:00+00:00,178.62,178.73,176.28,176.3801,21683295.0
2025-09-25 18:00:00+00:00,176.39,177.75,175.5483,177.305,21822178.0
2025-09-25 19:00:00+00:00,177.3,178.85,176.77,177.68,19947266.0
2025-09-25 20:00:00+00:00,177.69,177.8,177.33,177.34,2669984.0
2025-09-25 21:00:00+00:00,177.34,177.45,177.19,177.28,181649.0
2025-09-25 22:00:00+00:00,177.29,177.47,177.2028,177.25,171308.0
2025-09-25 23:00:00+00:00,177.2138,177.25,177.02,177.0937,267569.0
2025-09-26 08:00:00+00:00,177.1,177.1,176.01,176.11,411757.0
2025-09-26 09:00:00+00:00,176.07,176.46,175.82,176.33,261331.0
2025-09-26 10:00:00+00:00,176.36,176.44,175.6,176.04,316474.0
2025-09-26 11:00:00+00:00,176.05,178.13,175.95,177.85,709631.0
2025-09-26 12:00:00+00:00,176.07,178.88,175.65,178.26,2698593.0
2025-09-26 13:00:00+00:00,178.27,178.64,176.5,177.02,19969149.0
2025-09-26 14:00:00+00:00,177.025,177.48,174.93,175.85,30895043.0
2025-09-26 15:00:00+00:00,175.84,176.8,175.785,175.92,19306013.0
2025-09-26 16:00:00+00:00,175.92,177.45,175.78,177.3283,14719704.0
2025-09-26 17:00:00+00:00,177.33,177.57,176.945,177.3577,13128630.0
2025-09-26 18:00:00+00:00,177.3522,177.92,177.225,177.375,12759248.0
2025-09-26 19:00:00+00:00,177.38,179.77,177.18,178.19,19603078.0
2025-09-26 20:00:00+00:00,178.19,178.3,177.8634,177.9,1339304.0
2025-09-26 21:00:00+00:00,177.9,177.9,177.6201,177.67,160271.0
2025-09-26 22:00:00+00:00,177.6224,177.74,177.5201,177.6502,106541.0
2025-09-26 23:00:00+00:00,177.65,177.75,177.55,177.64,193490.0
2025-09-29 08:00:00+00:00,178.95,179.96,178.59,179.87,400530.0
2025-09-29 09:00:00+00:00,179.9,179.97,179.19,179.3,433103.0
2025-09-29 10:00:00+00:00,179.3,179.58,179.01,179.27,283142.0
2025-09-29 11:00:00+00:00,179.27,180.21,179.21,179.98,833664.0
2025-09-29 12:00:00+00:00,179.5,180.2,178.51,180.14,2235835.0
2025-09-29 13:00:00+00:00,180.14,184.0,179.67,183.095,42066345.0
2025-09-29 14:00:00+00:00,183.105,183.88,182.54,183.615,34338220.0
2025-09-29 15:00:00+00:00,183.61,183.76,181.8,182.125,25745482.0
2025-09-29 16:00:00+00:00,182.13,182.308,181.44,181.7219,15048056.0
2025-09-29 17:00:00+00:00,181.728,182.22,181.28,182.17,14195642.0
2025-09-29 18:00:00+00:00,182.16,182.2674,181.48,181.715,10846038.0
2025-09-29 19:00:00+00:00,181.72,183.0,180.67,181.83,23594427.0
2025-09-29 20:00:00+00:00,181.83,182.0,181.47,181.48,1053051.0
2025-09-29 21:00:00+00:00,181.47,181.85,181.31,181.32,472788.0
2025-09-29 22:00:00+00:00,181.32,181.85,181.26,181.39,208262.0
2025-09-29 23:00:00+00:00,181.4058,181.42,180.98,181.11,224576.0
2025-09-30 08:00:00+00:00,181.26,181.57,180.22,181.37,464064.0
2025-09-30 09:00:00+00:00,181.34,181.83,181.09,181.56,229217.0
2025-09-30 10:00:00+00:00,181.55,182.65,181.53,182.29,303018.0
2025-09-30 11:00:00+00:00,182.27,182.49,182.02,182.07,420472.0
2025-09-30 12:00:00+00:00,181.85,182.85,180.57,182.76,2477486.0
2025-09-30 13:00:00+00:00,182.78,183.58,181.48,183.55,24359946.0
2025-09-30 14:00:00+00:00,183.5501,187.225,183.35,186.865,66752973.0
2025-09-30 15:00:00+00:00,186.86,187.35,185.6,186.665,30629531.0
2025-09-30 16:00:00+00:00,186.66,187.12,185.9,186.1651,20619143.0
2025-09-30 17:00:00+00:00,186.16,186.28,185.23,185.945,18906400.0
2025-09-30 18:00:00+00:00,185.94,186.5,185.72,185.985,13418570.0
2025-09-30 19:00:00+00:00,185.985,186.8,185.01,186.58,32581246.0
2025-09-30 20:00:00+00:00,186.58,186.8,186.0513,186.08,2514596.0
2025-09-30 21:00:00+00:00,186.0988,186.42,186.02,186.25,293845.0
2025-09-30 22:00:00+00:00,186.27,186.43,186.07,186.2,230939.0
2025-09-30 23:00:00+00:00,186.18,186.2,185.7348,185.7492,342035.0
2025-10-01 08:00:00+00:00,184.3,185.63,184.1,185.13,736359.0
2025-10-01 09:00:00+00:00,185.11,185.74,184.98,185.4,453251.0
2025-10-01 10:00:00+00:00,185.41,185.56,185.12,185.17,268069.0
2025-10-01 11:00:00+00:00,185.16,185.77,185.12,185.55,534555.0
2025-10-01 12:00:00+00:00,185.21,185.98,183.98,184.91,4159872.0
2025-10-01 13:00:00+00:00,184.93,186.1,183.9,184.207,28010465.0
2025-10-01 14:00:00+00:00,184.19,187.865,184.02,187.21,36480654.0
2025-10-01 15:00:00+00:00,187.2,187.86,186.42,187.2699,20096545.0
2025-10-01 16:00:00+00:00,187.27,187.53,186.48,187.0856,12919230.0
2025-10-01 17:00:00+00:00,187.085,188.14,187.02,187.525,18046733.0
2025-10-01 18:00:00+00:00,187.52,187.9,187.3,187.4093,9704390.0
2025-10-01 19:00:00+00:00,187.405,187.605,186.36,187.17,20889622.0
2025-10-01 20:00:00+00:00,187.18,187.4,186.86,186.88,4516554.0
2025-10-01 21:00:00+00:00,186.88,187.24,186.77,186.8299,238353.0
2025-10-01 22:00:00+00:00,186.83,187.09,186.8001,187.04,191698.0
2025-10-01 23:00:00+00:00,187.03,187.16,186.91,186.9497,234679.0
2025-10-02 08:00:00+00:00,187.87,189.29,187.59,189.26,623168.0
2025-10-02 09:00:00+00:00,189.25,189.64,189.02,189.27,616780.0
2025-10-02 10:00:00+00:00,189.25,189.98,189.25,189.55,539739.0
2025-10-02 11:00:00+00:00,189.55,189.89,189.11,189.82,769677.0
2025-10-02 12:00:00+00:00,189.3,190.23,187.24,189.89,2939047.0
2025-10-02 13:00:00+00:00,189.8999,191.05,188.265,189.28,29916831.0
2025-10-02 14:00:00+00:00,189.28,190.44,188.98,189.26,26709963.0
2025-10-02 15:00:00+00:00,189.27,189.99,188.9,189.63,17268948.0
2025-10-02 16:00:00+00:00,189.625,189.63,188.77,189.425,11757386.0
2025-10-02 17:00:00+00:00,189.42,189.435,188.75,188.76,8286572.0
2025-10-02 18:00:00+00:00,188.76,189.215,188.61,188.9074,9159952.0
2025-10-02 19:00:00+00:00,188.9,189.305,188.06,188.92,16347330.0
2025-10-02 20:00:00+00:00,188.89,189.2977,188.42,188.63,1228380.0
2025-10-02 21:00:00+00:00,188.63,188.89,188.39,188.4699,262294.0
2025-10-02 22:00:00+00:00,188.47,188.65,188.22,188.49,201200.0
2025-10-02 23:00:00+00:00,188.51,189.0,188.453,188.9785,232895.0
2025-10-03 08:00:00+00:00,189.82,189.82,187.5,189.68,327555.0
2025-10-03 09:00:00+00:00,189.72,189.95,189.57,189.95,135085.0
2025-10-03 10:00:00+00:00,189.95,189.99,189.61,189.66,162950.0
2025-10-03 11:00:00+00:00,189.63,189.75,189.4,189.48,278907.0
2025-10-03 12:00:00+00:00,189.55,189.99,189.02,189.41,1265129.0
2025-10-03 13:00:00+00:00,189.41,190.36,188.76,188.9001,18390829.0
2025-10-03 14:00:00+00:00,188.91,189.575,188.33,189.34,19464379.0
2025-10-03 15:00:00+00:00,189.33,189.8,188.72,189.0,13702108.0
2025-10-03 16:00:00+00:00,188.9801,189.0,187.595,187.98,14323151.0
2025-10-03 17:00:00+00:00,187.98,187.98,185.38,186.4,19938639.0
2025-10-03 18:00:00+00:00,186.4,187.745,185.675,187.66,15939426.0
2025-10-03 19:00:00+00:00,187.655,188.07,186.23,187.621,16894457.0
2025-10-03 20:00:00+00:00,187.62,187.62,187.36,187.4734,2162336.0
2025-10-03 21:00:00+00:00,187.471,187.68,187.46,187.68,985626.0
2025-10-03 22:00:00+00:00,187.6791,187.8,187.62,187.65,111051.0
2025-10-03 23:00:00+00:00,187.6792,187.79,187.6,187.66,158927.0
2025-10-06 08:00:00+00:00,188.46,188.89,187.89,188.79,275138.0
2025-10-06 09:00:00+00:00,188.81,188.99,188.75,188.99,227299.0
2025-10-06 10:00:00+00:00,189.0,190.0,185.5,186.25,1290026.0
2025-10-06 11:00:00+00:00,186.25,186.39,182.88,185.04,4225971.0
2025-10-06 12:00:00+00:00,185.03,189.96,182.88,184.53,5903950.0
2025-10-06 13:00:00+00:00,184.54,187.2299,183.33,186.2951,32135045.0
2025-10-06 14:00:00+00:00,186.295,186.54,184.205,184.787,28712803.0
2025-10-06 15:00:00+00:00,184.791,187.1,184.64,186.835,18781693.0
2025-10-06 16:00:00+00:00,186.83,187.23,186.2201,186.3402,12376352.0
2025-10-06 17:00:00+00:00,186.34,186.47,185.46,185.775,10434199.0
2025-10-06 18:00:00+00:00,185.78,186.1,185.39,185.86,10210566.0
2025-10-06 19:00:00+00:00,185.86,186.05,185.43,185.53,16334501.0
2025-10-06 20:00:00+00:00,185.5202,185.88,185.41,185.88,2379792.0
2025-10-06 21:00:00+00:00,185.87,185.94,185.6436,185.85,237685.0
2025-10-06 22:00:00+00:00,185.84,185.99,185.55,185.61,246035.0
2025-10-06 23:00:00+00:00,185.6,185.8996,185.55,185.65,215892.0
2025-10-07 08:00:00+00:00,186.04,186.49,185.92,186.03,269931.0
2025-10-07 09:00:00+00:00,186.02,186.92,185.91,186.46,358955.0
2025-10-07 10:00:00+00:00,186.5,186.55,185.92,186.08,248363.0
2025-10-07 11:00:00+00:00,186.11,186.37,185.9,186.27,242340.0
2025-10-07 12:00:00+00:00,186.27,186.84,185.7,186.6799,1315095.0
2025-10-07 13:00:00+00:00,186.66,188.96,186.18,188.825,21970143.0
2025-10-07 14:00:00+00:00,188.8218,189.06,187.565,187.83,21819219.0
2025-10-07 15:00:00+00:00,187.83,187.87,184.405,185.465,36060020.0
2025-10-07 16:00:00+00:00,185.47,186.415,185.0783,185.75,15622502.0
2025-10-07 17:00:00+00:00,185.75,186.19,185.32,185.36,9077845.0
2025-10-07 18:00:00+00:00,185.36,186.04,185.15,185.63,7894968.0
2025-10-07 19:00:00+00:00,185.62,185.8,184.0,184.95,13961242.0
2025-10-07 20:00:00+00:00,185.04,185.29,184.68,185.1894,1289278.0
2025-10-07 21:00:00+00:00,185.19,185.4809,185.19,185.31,268419.0
2025-10-07 22:00:00+00:00,185.33,185.539,185.24,185.3802,190803.0
2025-10-07 23:00:00+00:00,185.4026,186.18,184.8891,184.9868,495774.0
2025-10-08 08:00:00+00:00,185.93,186.59,185.59,186.11,408630.0
2025-10-08 09:00:00+00:00,186.15,186.29,185.76,186.04,224858.0
2025-10-08 10:00:00+00:00,186.05,186.46,185.86,186.35,258838.0
2025-10-08 11:00:00+00:00,186.34,186.38,185.85,186.27,434809.0
2025-10-08 12:00:00+00:00,186.32,186.72,185.39,186.32,1955674.0
2025-10-08 13:00:00+00:00,186.3,189.09,186.16,188.6501,27786414.0
2025-10-08 14:00:00+00:00,188.655,189.42,188.23,188.635,22850087.0
2025-10-08 15:00:00+00:00,188.64,188.8799,187.6138,187.91,14150701.0
2025-10-08 16:00:00+00:00,187.9101,188.4898,187.69,188.2514,10320610.0
2025-10-08 17:00:00+00:00,188.255,188.89,187.765,188.5907,10890421.0
2025-10-08 18:00:00+00:00,188.59,188.81,187.985,188.32,9336376.0
2025-10-08 19:00:00+00:00,188.32,189.6,188.25,189.06,17488056.0
2025-10-08 20:00:00+00:00,189.11,189.24,188.8,188.88,1575321.0
2025-10-08 21:00:00+00:00,188.91,189.11,188.77,188.98,221402.0
2025-10-08 22:00:00+00:00,188.95,189.18,188.88,189.08,171536.0
2025-10-08 23:00:00+00:00,189.1,189.25,189.0301,189.25,257168.0
2025-10-09 08:00:00+00:00,191.25,192.0,190.33,190.44,786489.0
2025-10-09 09:00:00+00:00,190.37,190.93,190.2,190.74,321754.0
2025-10-09 10:00:00+00:00,190.73,192.05,190.67,191.36,801196.0
2025-10-09 11:00:00+00:00,191.33,192.49,191.0,192.3,1326097.0
2025-10-09 12:00:00+00:00,191.19,193.0,190.18,192.84,4228155.0
2025-10-09 13:00:00+00:00,192.82,195.3,191.06,194.4,44966482.0
2025-10-09 14:00:00+00:00,194.38,194.59,192.185,194.075,33052716.0
2025-10-09 15:00:00+00:00,194.08,194.72,193.365,194.18,21211740.0
2025-10-09 16:00:00+00:00,194.17,194.58,192.7,192.75,15207185.0
2025-10-09 17:00:00+00:00,192.73,193.28,192.27,193.005,13210727.0
2025-10-09 18:00:00+00:00,193.005,193.17,192.13,192.56,13629689.0
2025-10-09 19:00:00+00:00,192.56,193.54,191.61,192.54,20522545.0
2025-10-09 20:00:00+00:00,192.57,193.27,192.04,192.26,1524953.0
2025-10-09 21:00:00+00:00,192.31,192.33,192.07,192.27,351859.0
2025-10-09 22:00:00+00:00,192.27,192.78,192.24,192.7,339335.0
2025-10-09 23:00:00+00:00,192.72,192.9,192.7,192.8994,229443.0
2025-10-10 08:00:00+00:00,192.66,193.71,191.9,193.59,483460.0
2025-10-10 09:00:00+00:00,193.57,194.0,192.88,192.88,693299.0
2025-10-10 10:00:00+00:00,192.85,193.62,192.85,193.35,272128.0
2025-10-10 11:00:00+00:00,193.36,193.93,193.29,193.87,331925.0
2025-10-10 12:00:00+00:00,193.34,193.99,191.93,193.46,1856531.0
2025-10-10 13:00:00+00:00,193.46,194.3,192.21,194.11,23364266.0
2025-10-10 14:00:00+00:00,194.0801,195.62,193.53,194.1512,34838466.0
2025-10-10 15:00:00+00:00,194.15,194.1984,186.38,189.52,65369600.0
2025-10-10 16:00:00+00:00,189.5,189.86,187.38,187.52,24273714.0
2025-10-10 17:00:00+00:00,187.505,188.46,186.64,187.69,18875877.0
2025-10-10 18:00:00+00:00,187.71,188.2874,186.53,186.99,14622121.0
2025-10-10 19:00:00+00:00,186.99,187.55,182.05,183.12,46510803.0
2025-10-10 20:00:00+00:00,183.13,184.0,180.91,181.2,4636962.0
2025-10-10 21:00:00+00:00,181.2,181.44,179.0,180.0,3655220.0
2025-10-10 22:00:00+00:00,180.0,183.67,179.9601,182.81,2165187.0
2025-10-10 23:00:00+00:00,182.88,183.83,182.57,183.2,851814.0
2025-10-13 08:00:00+00:00,189.18,190.14,188.45,189.85,1376437.0
2025-10-13 09:00:00+00:00,189.85,190.05,189.32,189.43,557205.0
2025-10-13 10:00:00+00:00,189.42,189.78,188.91,189.02,534187.0
2025-10-13 11:00:00+00:00,188.99,189.03,187.38,188.24,1654703.0
2025-10-13 12:00:00+00:00,187.5,190.26,186.92,188.71,4332101.0
2025-10-13 13:00:00+00:00,188.71,189.64,186.78,189.605,28810261.0
2025-10-13 14:00:00+00:00,189.6,190.1099,185.96,186.26,28298313.0
2025-10-13 15:00:00+00:00,186.2513,188.775,186.18,188.3101,19311580.0
2025-10-13 16:00:00+00:00,188.32,189.23,188.0,189.19,12598203.0
2025-10-13 17:00:00+00:00,189.19,189.43,188.1709,188.555,10188843.0
2025-10-13 18:00:00+00:00,188.55,188.5699,187.25,187.635,10803445.0
2025-10-13 19:00:00+00:00,187.635,189.0,187.37,188.32,19174559.0
2025-10-13 20:00:00+00:00,188.32,188.72,188.2,188.34,1191028.0
2025-10-13 21:00:00+00:00,188.34,188.3795,188.3,188.32,1366151.0
2025-10-13 22:00:00+00:00,188.33,188.65,188.25,188.6,212232.0
2025-10-13 23:00:00+00:00,188.61,188.67,188.43,188.53,198257.0
2025-10-14 08:00:00+00:00,184.95,187.2,184.1,185.57,794206.0
2025-10-14 09:00:00+00:00,185.52,185.65,184.65,184.82,419270.0
2025-10-14 10:00:00+00:00,184.84,184.85,183.44,184.47,712935.0
2025-10-14 11:00:00+00:00,184.45,185.47,183.4,185.35,911760.0
2025-10-14 12:00:00+00:00,186.96,188.65,183.38,185.35,3361279.0
2025-10-14 13:00:00+00:00,185.3699,185.67,179.7,181.155,37154368.0
2025-10-14 14:00:00+00:00,181.14,182.72,180.75,181.33,32303571.0
2025-10-14 15:00:00+00:00,181.34,183.165,181.19,182.63,22560359.0
2025-10-14 16:00:00+00:00,182.63,184.2,182.075,183.16,21935360.0
2025-10-14 17:00:00+00:00,183.15,183.625,181.79,181.8299,17349957.0
2025-10-14 18:00:00+00:00,181.83,182.37,181.52,182.03,14890467.0
2025-10-14 19:00:00+00:00,182.03,182.27,179.83,180.07,33564437.0
2025-10-14 20:00:00+00:00,180.03,182.09,180.03,181.0698,2535225.0
2025-10-14 21:00:00+00:00,181.0688,181.42,181.05,181.2199,521660.0
2025-10-14 22:00:00+00:00,181.23,181.6098,181.15,181.3,406414.0
2025-10-14 23:00:00+00:00,181.4,181.43,181.16,181.2066,284757.0
2025-10-15 08:00:00+00:00,183.12,184.0,182.8,183.75,600853.0
2025-10-15 09:00:00+00:00,183.74,184.9,183.71,184.72,760058.0
2025-10-15 10:00:00+00:00,184.73,184.83,184.22,184.3,375119.0
2025-10-15 11:00:00+00:00,184.28,184.3,183.6,184.06,894156.0
2025-10-15 12:00:00+00:00,184.06,185.07,181.85,185.03,3785869.0
2025-10-15 13:00:00+00:00,185.0289,185.57,181.02,182.145,31609151.0
2025-10-15 14:00:00+00:00,182.15,183.01,181.5,182.7699,31670424.0
2025-10-15 15:00:00+00:00,182.76,183.21,179.8609,180.52,29869024.0
2025-10-15 16:00:00+00:00,180.53,181.02,179.9,179.98,18380009.0
2025-10-15 17:00:00+00:00,179.99,180.02,177.29,179.553,29912250.0
2025-10-15 18:00:00+00:00,179.54,180.68,178.99,180.555,15232970.0
2025-10-15 19:00:00+00:00,180.55,180.5798,178.5,179.875,26396919.0
2025-10-15 20:00:00+00:00,179.83,180.44,179.6,180.28,2411188.0
2025-10-15 21:00:00+00:00,180.25,180.85,180.25,180.6,614560.0
2025-10-15 22:00:00+00:00,180.62,180.9,180.53,180.8698,560113.0
2025-10-15 23:00:00+00:00,180.87,180.87,180.63,180.82,378241.0
2025-10-16 08:00:00+00:00,181.9,182.23,181.5,181.71,495183.0
2025-10-16 09:00:00+00:00,181.76,182.07,181.62,182.03,366132.0
2025-10-16 10:00:00+00:00,182.03,182.37,181.98,182.06,441951.0
2025-10-16 11:00:00+00:00,182.03,182.23,181.85,182.17,518079.0
2025-10-16 12:00:00+00:00,182.17,182.68,180.55,182.48,3071324.0
2025-10-16 13:00:00+00:00,182.48,182.7,181.24,181.695,22904260.0
2025-10-16 14:00:00+00:00,181.7,183.28,181.4793,182.48,26414534.0
2025-10-16 15:00:00+00:00,182.48,182.93,181.546,181.9,20609843.0
2025-10-16 16:00:00+00:00,181.89,182.18,179.77,181.49,23345586.0
2025-10-16 17:00:00+00:00,181.48,182.52,180.65,182.1196,18366422.0
2025-10-16 18:00:00+00:00,182.11,182.1899,179.82,181.4682,20648416.0
2025-10-16 19:00:00+00:00,181.465,182.49,180.26,181.811,23368236.0
2025-10-16 20:00:00+00:00,181.81,182.0,181.21,181.4,2134689.0
2025-10-16 21:00:00+00:00,181.3908,181.49,181.0983,181.25,280245.0
2025-10-16 22:00:00+00:00,181.3,181.75,180.9,180.91,314933.0
2025-10-16 23:00:00+00:00,181.0424,181.0424,180.51,180.6816,378320.0
2025-10-17 08:00:00+00:00,177.58,179.81,176.21,177.135,1366076.0
2025-10-17 09:00:00+00:00,177.1,177.92,176.99,177.22,628443.0
2025-10-17 10:00:00+00:00,177.28,178.4,177.28,178.35,598333.0
2025-10-17 11:00:00+00:00,178.38,179.97,178.07,179.95,1070216.0
2025-10-17 12:00:00+00:00,178.28,180.87,176.23,179.94,3517293.0
2025-10-17 13:00:00+00:00,179.92,182.42,179.5339,181.8,25810071.0
2025-10-17 14:00:00+00:00,181.79,183.53,181.07,181.25,34903108.0
2025-10-17 15:00:00+00:00,181.24,182.32,180.02,182.065,23203895.0
2025-10-17 16:00:00+00:00,182.065,182.97,182.055,182.44,16187823.0
2025-10-17 17:00:00+00:00,182.44,183.01,181.93,182.8551,13988226.0
2025-10-17 18:00:00+00:00,182.85,183.865,182.78,183.4799,16588340.0
2025-10-17 19:00:00+00:00,183.48,184.1,182.84,183.235,19814725.0
2025-10-17 20:00:00+00:00,183.24,183.3213,183.0585,183.26,1260302.0
2025-10-17 21:00:00+00:00,183.25,183.25,183.05,183.16,160752.0
2025-10-17 22:00:00+00:00,183.1503,183.18,183.04,183.09,115280.0
2025-10-17 23:00:00+00:00,183.0801,183.39,183.01,183.37,217005.0
2025-10-20 08:00:00+00:00,184.3,185.0,183.58,183.63,544873.0
2025-10-20 09:00:00+00:00,183.61,184.05,182.97,183.71,422466.0
2025-10-20 10:00:00+00:00,183.73,184.25,183.19,183.31,444445.0
2025-10-20 11:00:00+00:00,183.26,183.8,182.57,182.751,689907.0
2025-10-20 12:00:00+00:00,184.16,184.95,182.56,182.81,2272847.0
2025-10-20 13:00:00+00:00,182.81,183.39,181.73,182.94,19305650.0
2025-10-20 14:00:00+00:00,182.947,185.2,182.3,183.9056,28575021.0
2025-10-20 15:00:00+00:00,183.905,184.03,183.03,183.6252,16554316.0
2025-10-20 16:00:00+00:00,183.635,184.13,183.28,184.075,10376621.0
2025-10-20 17:00:00+00:00,184.07,184.26,183.5,183.5642,8884838.0
2025-10-20 18:00:00+00:00,183.56,183.795,183.39,183.45,8116108.0
2025-10-20 19:00:00+00:00,183.444,183.515,182.05,182.57,19323661.0
2025-10-20 20:00:00+00:00,182.57,182.97,182.5,182.84,663766.0
2025-10-20 21:00:00+00:00,182.84,182.98,182.82,182.95,174201.0
2025-10-20 22:00:00+00:00,182.95,182.96,182.64,182.86,150034.0
2025-10-20 23:00:00+00:00,182.87,182.88,182.65,182.78,229218.0
2025-10-21 08:00:00+00:00,182.45,182.93,182.14,182.28,287564.0
2025-10-21 09:00:00+00:00,182.29,182.53,182.0,182.25,236543.0
2025-10-21 10:00:00+00:00,182.22,182.52,182.22,182.52,118831.0
2025-10-21 11:00:00+00:00,182.5,183.02,182.48,182.96,360689.0
2025-10-21 12:00:00+00:00,182.95,183.2994,182.08,183.07,1159779.0
2025-10-21 13:00:00+00:00,183.05,183.15,180.66,180.94,18887445.0
2025-10-21 14:00:00+00:00,180.955,181.41,179.8,181.315,26939582.0
2025-10-21 15:00:00+00:00,181.32,182.305,181.14,182.185,15609045.0
2025-10-21 16:00:00+00:00,182.18,182.651,181.365,181.41,11471853.0
2025-10-21 17:00:00+00:00,181.43,181.6874,181.0601,181.6499,10034651.0
2025-10-21 18:00:00+00:00,181.645,181.66,180.93,181.28,8958175.0
2025-10-21 19:00:00+00:00,181.285,181.6199,181.02,181.16,12382103.0
2025-10-21 20:00:00+00:00,181.16,181.2809,180.7,181.02,1132578.0
2025-10-21 21:00:00+00:00,181.04,181.25,180.91,181.19,192334.0
2025-10-21 22:00:00+00:00,181.21,181.24,181.01,181.0246,110417.0
2025-10-21 23:00:00+00:00,181.0701,181.09,180.7,180.8065,230534.0
2025-10-22 08:00:00+00:00,181.34,181.46,181.0,181.36,208527.0
2025-10-22 09:00:00+00:00,181.32,181.93,180.96,181.81,242302.0
2025-10-22 10:00:00+00:00,181.82,181.9,181.53,181.57,175214.0
2025-10-22 11:00:00+00:00,181.62,181.7,180.98,181.01,298640.0
2025-10-22 12:00:00+00:00,181.65,181.93,180.9,181.1389,1087545.0
2025-10-22 13:00:00+00:00,181.1398,183.44,180.29,182.65,18603248.0
2025-10-22 14:00:00+00:00,182.6765,183.12,179.32,180.685,31604509.0
2025-10-22 15:00:00+00:00,180.68,180.7259,177.9,179.48,23584407.0
2025-10-22 16:00:00+00:00,179.47,179.96,177.76,178.79,18180692.0
2025-10-22 17:00:00+00:00,178.77,179.0,176.76,177.557,16585157.0
2025-10-22 18:00:00+00:00,177.555,178.9,176.93,178.8701,15979904.0
2025-10-22 19:00:00+00:00,178.875,180.39,178.6301,180.29,19403753.0
2025-10-22 20:00:00+00:00,180.283,180.58,179.4485,179.78,2498445.0
2025-10-22 21:00:00+00:00,179.8,179.89,179.53,179.59,303766.0
2025-10-22 22:00:00+00:00,179.59,180.1,179.5713,179.93,323267.0
2025-10-22 23:00:00+00:00,179.92,180.2,179.62,179.7,220525.0
2025-10-23 08:00:00+00:00,180.61,180.98,180.28,180.78,228733.0
2025-10-23 09:00:00+00:00,180.79,180.79,180.09,180.55,203157.0
2025-10-23 10:00:00+00:00,180.58,180.67,180.15,180.3,135404.0
2025-10-23 11:00:00+00:00,180.33,180.33,179.6,179.66,307099.0
2025-10-23 12:00:00+00:00,180.3,180.98,179.22,179.91,2022564.0
2025-10-23 13:00:00+00:00,179.87,181.605,179.0,181.335,17957386.0
2025-10-23 14:00:00+00:00,181.35,182.325,180.62,182.295,20020327.0
2025-10-23 15:00:00+00:00,182.295,182.5,181.35,182.12,13812897.0
2025-10-23 16:00:00+00:00,182.11,182.28,181.68,182.01,8792179.0
2025-10-23 17:00:00+00:00,182.01,182.67,181.5,182.52,9750167.0
2025-10-23 18:00:00+00:00,182.53,183.02,182.255,182.935,9305518.0
2025-10-23 19:00:00+00:00,182.94,183.03,181.38,182.2,13861976.0
2025-10-23 20:00:00+00:00,182.16,182.62,182.05,182.46,2259615.0
2025-10-23 21:00:00+00:00,182.47,182.5,182.0,182.18,354145.0
2025-10-23 22:00:00+00:00,182.18,182.29,182.173,182.22,114809.0
2025-10-23 23:00:00+00:00,182.2107,182.33,182.1716,182.33,188330.0
2025-10-24 08:00:00+00:00,182.72,183.3,182.6,183.13,304563.0
2025-10-24 09:00:00+00:00,183.16,183.3,183.05,183.19,149456.0
2025-10-24 10:00:00+00:00,183.22,183.45,182.99,183.02,207465.0
2025-10-24 11:00:00+00:00,182.99,183.4,182.99,183.21,266153.0
2025-10-24 12:00:00+00:00,183.07,184.49,182.46,183.95,2222310.0
2025-10-24 13:00:00+00:00,183.96,186.03,183.5,185.54,22698595.0
2025-10-24 14:00:00+00:00,185.56,185.7,184.2701,184.855,20824604.0
2025-10-24 15:00:00+00:00,184.855,185.6,184.53,185.325,13257232.0
2025-10-24 16:00:00+00:00,185.32,185.42,184.92,185.175,9033405.0
2025-10-24 17:00:00+00:00,185.17,185.65,184.9,185.485,8390197.0
2025-10-24 18:00:00+00:00,185.4801,185.8,185.015,185.8,10729699.0
2025-10-24 19:00:00+00:00,185.8,187.47,185.7801,186.27,30105884.0
2025-10-24 20:00:00+00:00,186.25,187.21,186.1833,186.81,1942134.0
2025-10-24 21:00:00+00:00,186.8,186.83,186.45,186.59,214301.0
2025-10-24 22:00:00+00:00,186.57,186.58,186.3,186.37,143863.0
2025-10-24 23:00:00+00:00,186.36,186.5,186.32,186.45,239242.0
2025-10-27 08:00:00+00:00,189.0,190.19,188.12,190.17,863851.0
2025-10-27 09:00:00+00:00,190.2,190.94,190.16,190.88,633345.0
2025-10-27 10:00:00+00:00,190.87,191.16,190.52,190.8,646974.0
2025-10-27 11:00:00+00:00,190.81,190.99,190.58,190.65,782306.0
2025-10-27 12:00:00+00:00,190.63,191.14,189.4,190.4799,2054185.0
2025-10-27 13:00:00+00:00,190.4797,191.27,189.75,191.055,23408669.0
2025-10-27 14:00:00+00:00,191.055,191.11,188.4318,190.3045,29139507.0
2025-10-27 15:00:00+00:00,190.31,191.47,190.24,190.875,16567412.0
2025-10-27 16:00:00+00:00,190.88,191.49,190.78,191.4742,11733171.0
2025-10-27 17:00:00+00:00,191.4701,191.775,191.0,191.095,12609878.0
2025-10-27 18:00:00+00:00,191.1,191.24,190.27,190.767,11872507.0
2025-10-27 19:00:00+00:00,190.76,192.0,190.28,191.43,22260025.0
2025-10-27 20:00:00+00:00,191.46,191.77,191.42,191.64,2004962.0
2025-10-27 21:00:00+00:00,191.6497,191.68,191.49,191.59,213925.0
2025-10-27 22:00:00+00:00,191.57,191.58,191.31,191.4,209292.0
2025-10-27 23:00:00+00:00,191.4,191.69,191.4,191.5678,252970.0
2025-10-28 08:00:00+00:00,191.2,191.47,190.6,191.15,287230.0
2025-10-28 09:00:00+00:00,191.16,191.61,191.07,191.44,298466.0
2025-10-28 10:00:00+00:00,191.43,191.58,191.3,191.33,243034.0
2025-10-28 11:00:00+00:00,191.33,192.67,191.3,192.63,743068.0
2025-10-28 12:00:00+00:00,191.27,193.36,190.62,193.1287,2659122.0
2025-10-28 13:00:00+00:00,193.1295,195.469,192.65,193.82,29771445.0
2025-10-28 14:00:00+00:00,193.87,193.97,192.2,193.18,20507909.0
2025-10-28 15:00:00+00:00,193.185,193.34,191.91,193.33,18262426.0
2025-10-28 16:00:00+00:00,193.34,195.55,193.3,193.875,24889871.0
2025-10-28 17:00:00+00:00,193.875,198.47,193.2682,198.0401,56189990.0
2025-10-28 18:00:00+00:00,198.045,200.0,197.48,199.985,46218016.0
2025-10-28 19:00:00+00:00,199.985,203.15,199.57,201.03,72728261.0
2025-10-28 20:00:00+00:00,201.0,204.75,200.6,204.6,5987595.0
2025-10-28 21:00:00+00:00,204.6,204.85,201.03,204.14,3185736.0
2025-10-28 22:00:00+00:00,204.1,204.15,203.1,203.27,1285036.0
2025-10-28 23:00:00+00:00,203.28,204.44,203.16,204.43,1274293.0
2025-10-29 08:00:00+00:00,206.02,208.05,205.3,207.36,2479619.0
2025-10-29 09:00:00+00:00,207.35,207.95,207.06,207.25,1316601.0
2025-10-29 10:00:00+00:00,207.31,208.88,207.2,207.72,1714295.0
2025-10-29 11:00:00+00:00,207.72,209.37,207.41,208.04,2518207.0
2025-10-29 12:00:00+00:00,207.73,209.37,205.2,208.1,7721240.0
2025-10-29 13:00:00+00:00,208.1,212.01,207.09,211.975,69395844.0
2025-10-29 14:00:00+00:00,211.975,212.1899,208.57,208.9,51315459.0
2025-10-29 15:00:00+00:00,208.895,209.18,206.36,207.49,33825214.0
2025-10-29 16:00:00+00:00,207.49,207.5,205.03,206.927,29598138.0
2025-10-29 17:00:00+00:00,206.93,208.025,206.23,207.36,19582376.0
2025-10-29 18:00:00+00:00,207.355,207.65,204.775,206.59,32631916.0
2025-10-29 19:00:00+00:00,206.595,208.05,205.4,207.05,32247121.0
2025-10-29 20:00:00+00:00,207.04,208.5,206.33,207.7394,4109439.0
2025-10-29 21:00:00+00:00,207.62,207.75,204.58,204.9782,1597498.0
2025-10-29 22:00:00+00:00,204.99,207.5,204.99,207.47,1020758.0
2025-10-29 23:00:00+00:00,207.47,207.98,207.12,207.65,752328.0
2025-10-30 08:00:00+00:00,207.04,208.73,206.7,207.36,619371.0
2025-10-30 09:00:00+00:00,207.41,207.72,205.0,205.56,586427.0
2025-10-30 10:00:00+00:00,205.57,206.22,205.05,205.94,444562.0
2025-10-30 11:00:00+00:00,205.92,207.38,205.91,206.71,664449.0
2025-10-30 12:00:00+00:00,205.88,210.0,202.76,203.1991,5980208.0
2025-10-30 13:00:00+00:00,203.2,206.16,201.45,203.965,35591844.0
2025-10-30 14:00:00+00:00,203.96,204.71,201.41,202.92,30220837.0
2025-10-30 15:00:00+00:00,202.91,203.85,202.06,202.555,19044282.0
2025-10-30 16:00:00+00:00,202.565,203.84,202.41,203.58,14245285.0
2025-10-30 17:00:00+00:00,203.57,204.4799,202.4407,204.18,13852406.0
2025-10-30 18:00:00+00:00,204.17,204.28,203.3652,203.505,12432140.0
2025-10-30 19:00:00+00:00,203.505,203.61,201.88,202.78,23220811.0
2025-10-30 20:00:00+00:00,202.89,204.27,201.7,204.05,3795497.0
2025-10-30 21:00:00+00:00,204.02,204.5,203.5,204.0158,872768.0
2025-10-30 22:00:00+00:00,204.01,204.84,203.91,204.43,482458.0
2025-10-30 23:00:00+00:00,204.41,204.7,204.01,204.5499,374018.0
2025-10-31 08:00:00+00:00,205.89,207.03,205.39,206.61,780872.0
2025-10-31 09:00:00+00:00,206.61,207.12,206.41,207.12,397565.0
2025-10-31 10:00:00+00:00,207.15,207.44,206.72,206.75,634839.0
2025-10-31 11:00:00+00:00,206.72,207.23,206.19,207.12,688858.0
2025-10-31 12:00:00+00:00,206.8,207.5,204.51,206.7968,2384213.0
2025-10-31 13:00:00+00:00,206.75,207.97,205.1,205.22,21515704.0
2025-10-31 14:00:00+00:00,205.225,206.62,204.62,206.4751,23307648.0
2025-10-31 15:00:00+00:00,206.47,206.6,203.76,203.775,22011254.0
2025-10-31 16:00:00+00:00,203.77,204.38,202.5601,202.755,18659834.0
2025-10-31 17:00:00+00:00,202.75,203.95,202.07,203.255,16062763.0
2025-10-31 18:00:00+00:00,203.26,204.38,203.2401,203.76,18392030.0
2025-10-31 19:00:00+00:00,203.76,204.77,202.381,202.41,27255980.0
2025-10-31 20:00:00+00:00,202.4018,202.93,202.289,202.5,3392877.0
2025-10-31 21:00:00+00:00,202.49,202.88,202.45,202.8503,370224.0
2025-10-31 22:00:00+00:00,202.85,202.86,202.65,202.76,122557.0
2025-10-31 23:00:00+00:00,202.77,202.8,202.52,202.62,202128.0
2025-11-03 09:00:00+00:00,203.99,205.8,203.5,205.48,807368.0
2025-11-03 10:00:00+00:00,205.46,205.53,204.95,205.15,300088.0
2025-11-03 11:00:00+00:00,205.18,206.35,205.18,205.73,718388.0
2025-11-03 12:00:00+00:00,205.7,206.9,205.61,206.4,1009682.0
2025-11-03 13:00:00+00:00,205.74,206.99,203.1,206.9,2538399.0
2025-11-03 14:00:00+00:00,206.8701,209.45,206.8701,207.61,27455561.0
2025-11-03 15:00:00+00:00,207.64,208.44,206.8,208.0818,23252645.0
2025-11-03 16:00:00+00:00,208.0999,209.51,207.7,209.1769,17000785.0
2025-11-03 17:00:00+00:00,209.17,210.5595,208.77,210.455,22186302.0
2025-11-03 18:00:00+00:00,210.455,211.335,209.33,209.42,21772440.0
2025-11-03 19:00:00+00:00,209.41,209.56,206.9241,208.2445,25048203.0
2025-11-03 20:00:00+00:00,208.25,208.43,205.56,207.02,21732553.0
2025-11-03 21:00:00+00:00,206.88,208.3849,206.88,207.31,2023225.0
2025-11-03 22:00:00+00:00,207.2301,207.5,207.19,207.2,250035.0
2025-11-03 23:00:00+00:00,207.16,207.3002,206.88,207.22,251540.0
2025-11-04 00:00:00+00:00,207.23,207.23,206.31,206.6,469526.0
2025-11-04 09:00:00+00:00,204.05,205.02,202.21,202.3,698549.0
2025-11-04 10:00:00+00:00,202.22,203.1,201.44,202.66,771060.0
2025-11-04 11:00:00+00:00,202.63,203.33,202.45,203.16,421385.0
2025-11-04 12:00:00+00:00,203.23,203.54,202.27,202.8,1036409.0
2025-11-04 13:00:00+00:00,203.01,205.76,201.44,202.4,3872284.0
2025-11-04 14:00:00+00:00,202.44,203.9699,200.9,203.8,26164471.0
2025-11-04 15:00:00+00:00,203.8,203.8599,201.155,201.6299,26372720.0
2025-11-04 16:00:00+00:00,201.625,202.3,200.9241,201.5,19891398.0
2025-11-04 17:00:00+00:00,201.49,201.55,199.8,200.625,21052854.0
2025-11-04 18:00:00+00:00,200.62,200.85,199.2001,200.37,17889770.0
2025-11-04 19:00:00+00:00,200.36,200.76,198.58,199.065,18045458.0
2025-11-04 20:00:00+00:00,199.0799,200.26,197.93,198.71,28082892.0
2025-11-04 21:00:00+00:00,198.71,200.0,196.49,197.9306,3942799.0
2025-11-04 22:00:00+00:00,197.93,198.69,196.8582,197.0,841580.0
2025-11-04 23:00:00+00:00,196.97,197.5,195.38,195.93,1284724.0
2025-11-05 00:00:00+00:00,195.92,195.93,195.0,195.0,1009768.0
2025-11-05 09:00:00+00:00,197.09,198.4,196.59,197.37,622345.0
2025-11-05 10:00:00+00:00,197.33,197.55,195.93,195.93,428646.0
2025-11-05 11:00:00+00:00,195.91,196.58,195.55,196.41,423696.0
2025-11-05 12:00:00+00:00,196.47,197.98,196.0,197.7,618151.0
2025-11-05 13:00:00+00:00,197.76,199.98,195.58,199.6848,3386647.0
2025-11-05 14:00:00+00:00,199.6699,200.34,196.98,200.01,23570643.0
2025-11-05 15:00:00+00:00,199.99,202.79,199.35,202.55,26897937.0
2025-11-05 16:00:00+00:00,202.56,202.92,201.31,202.02,17176218.0
2025-11-05 17:00:00+00:00,202.02,202.08,200.96,201.18,11825211.0
2025-11-05 18:00:00+00:00,201.18,202.275,200.68,201.7,11355897.0
2025-11-05 19:00:00+00:00,201.6901,201.6967,200.87,201.3301,9688394.0
2025-11-05 20:00:00+00:00,201.33,201.47,194.65,195.15,40437823.0
2025-11-05 21:00:00+00:00,195.15,196.35,193.95,195.94,4650767.0
2025-11-05 22:00:00+00:00,195.88,197.26,195.88,197.16,862419.0
2025-11-05 23:00:00+00:00,197.2,197.35,196.52,197.35,596950.0
2025-11-06 00:00:00+00:00,197.35,197.38,196.11,196.3,639257.0
2025-11-06 09:00:00+00:00,196.94,197.96,196.92,197.5,480530.0
2025-11-06 10:00:00+00:00,197.52,198.3,197.36,197.87,388497.0
2025-11-06 11:00:00+00:00,197.85,198.33,197.83,198.08,353177.0
2025-11-06 12:00:00+00:00,198.0,198.54,197.84,197.92,574271.0
2025-11-06 13:00:00+00:00,197.78,198.52,195.21,196.71,2774510.0
2025-11-06 14:00:00+00:00,196.72,197.62,193.165,193.6159,27212215.0
2025-11-06 15:00:00+00:00,193.61,193.75,189.0,190.36,40166372.0
2025-11-06 16:00:00+00:00,190.36,191.44,187.94,189.01,30726622.0
2025-11-06 17:00:00+00:00,189.02,189.76,186.38,189.1701,29451308.0
2025-11-06 18:00:00+00:00,189.17,189.97,187.85,188.758,19315741.0
2025-11-06 19:00:00+00:00,188.76,190.69,188.5,190.39,19667690.0
2025-11-06 20:00:00+00:00,190.37,190.5094,187.07,188.17,29003475.0
2025-11-06 21:00:00+00:00,188.08,189.31,187.96,189.25,2119802.0
2025-11-06 22:00:00+00:00,189.25,189.33,188.5,188.5234,497876.0
2025-11-06 23:00:00+00:00,188.55,189.05,188.48,188.9697,341493.0
2025-11-07 00:00:00+00:00,188.9503,189.89,188.7,189.6792,512878.0
2025-11-07 09:00:00+00:00,189.39,189.45,188.12,188.45,415915.0
2025-11-07 10:00:00+00:00,188.37,188.55,186.91,187.16,386234.0
2025-11-07 11:00:00+00:00,187.17,187.17,185.47,186.72,874144.0
2025-11-07 12:00:00+00:00,186.79,186.98,185.03,185.66,1097754.0
2025-11-07 13:00:00+00:00,185.66,189.67,184.58,184.92,4143405.0
2025-11-07 14:00:00+00:00,184.92,185.7,182.09,183.11,35451337.0
2025-11-07 15:00:00+00:00,183.085,183.69,180.49,180.5003,40174980.0
2025-11-07 16:00:00+00:00,180.51,180.985,178.91,180.26,38645856.0
2025-11-07 17:00:00+00:00,180.25,182.95,179.98,182.875,25831136.0
2025-11-07 18:00:00+00:00,182.885,185.1599,182.5701,184.48,27668378.0
2025-11-07 19:00:00+00:00,184.47,187.15,184.15,187.1,30486983.0
2025-11-07 20:00:00+00:00,187.08,188.32,185.64,188.26,33438963.0
2025-11-07 21:00:00+00:00,188.15,189.94,188.15,189.8964,3203500.0
2025-11-07 22:00:00+00:00,189.86,189.9,189.46,189.78,655192.0
2025-11-07 23:00:00+00:00,189.78,190.0,189.7,189.985,409286.0
2025-11-08 00:00:00+00:00,189.99,190.2,189.94,190.2,413835.0
2025-11-10 09:00:00+00:00,192.85,194.85,192.85,194.71,754095.0
2025-11-10 10:00:00+00:00,194.78,194.9,193.81,194.43,462893.0
2025-11-10 11:00:00+00:00,194.44,194.55,193.84,194.12,392119.0
2025-11-10 12:00:00+00:00,194.14,194.35,193.76,194.005,759925.0
2025-11-10 13:00:00+00:00,194.21,194.9,193.11,194.4,2936513.0
2025-11-10 14:00:00+00:00,194.4,195.61,193.92,195.025,30627984.0
2025-11-10 15:00:00+00:00,195.015,197.67,194.495,194.61,34691615.0
2025-11-10 16:00:00+00:00,194.62,195.29,193.79,195.055,22736466.0
2025-11-10 17:00:00+00:00,195.05,196.91,194.94,196.59,15047032.0
2025-11-10 18:00:00+00:00,196.58,197.88,196.58,196.9812,15171002.0
2025-11-10 19:00:00+00:00,196.98,198.33,196.585,198.195,16500967.0
2025-11-10 20:00:00+00:00,198.195,199.94,197.96,199.03,32360290.0
2025-11-10 21:00:00+00:00,199.05,199.5383,198.9,199.3301,1943603.0
2025-11-10 22:00:00+00:00,199.35,199.59,199.01,199.2205,466480.0
2025-11-10 23:00:00+00:00,199.24,199.55,199.05,199.53,253212.0
2025-11-11 00:00:00+00:00,199.5464,200.05,199.48,199.9903,768896.0
2025-11-11 09:00:00+00:00,198.6,198.91,196.13,196.25,792231.0
2025-11-11 10:00:00+00:00,196.25,196.55,195.38,195.64,644130.0
2025-11-11 11:00:00+00:00,195.64,196.35,195.54,196.21,545837.0
2025-11-11 12:00:00+00:00,196.22,196.45,194.66,195.24,1170619.0
2025-11-11 13:00:00+00:00,196.25,199.35,194.6201,195.44,3871235.0
2025-11-11 14:00:00+00:00,195.4399,195.9,192.561,193.55,29803569.0
2025-11-11 15:00:00+00:00,193.56,193.87,191.56,192.2851,30222405.0
2025-11-11 16:00:00+00:00,192.29,193.2899,191.3,191.4533,19581793.0
2025-11-11 17:00:00+00:00,191.4551,193.8,191.4307,193.38,19002770.0
2025-11-11 18:00:00+00:00,193.375,194.63,193.08,194.46,17970731.0
2025-11-11 19:00:00+00:00,194.46,194.46,193.56,193.875,13688601.0
2025-11-11 20:00:00+00:00,193.875,194.34,192.7,193.24,21270160.0
2025-11-11 21:00:00+00:00,193.27,194.25,192.9,193.2491,2010105.0
2025-11-11 22:00:00+00:00,193.21,194.1,193.01,194.0398,532180.0
2025-11-11 23:00:00+00:00,194.02,194.1299,193.6,193.92,402003.0
2025-11-12 00:00:00+00:00,193.9,194.24,193.9,194.0,344793.0
2025-11-12 09:00:00+00:00,195.74,196.37,195.3,196.2,387022.0
2025-11-12 10:00:00+00:00,196.18,196.39,195.51,195.94,269219.0
2025-11-12 11:00:00+00:00,196.0,196.14,194.81,195.01,337985.0
2025-11-12 12:00:00+00:00,195.01,197.15,194.88,196.15,912684.0
2025-11-12 13:00:00+00:00,195.16,196.39,193.16,195.72,2084427.0
2025-11-12 14:00:00+00:00,195.74,195.9383,191.5901,192.71,23013324.0
2025-11-12 15:00:00+00:00,192.715,193.98,191.64,192.43,29248347.0
2025-11-12 16:00:00+00:00,192.44,193.56,191.45,192.045,20917181.0
2025-11-12 17:00:00+00:00,192.045,193.115,191.7,192.51,16397368.0
2025-11-12 18:00:00+00:00,192.54,193.2659,192.23,192.36,14073012.0
2025-11-12 19:00:00+00:00,192.35,192.64,191.77,192.025,10779118.0
2025-11-12 20:00:00+00:00,192.025,193.98,191.13,193.85,22382393.0
2025-11-12 21:00:00+00:00,193.8,194.0,193.25,193.3302,2069968.0
2025-11-12 22:00:00+00:00,193.37,193.54,193.23,193.2472,250098.0
2025-11-12 23:00:00+00:00,193.25,193.26,191.9,192.2519,513313.0
2025-11-13 00:00:00+00:00,192.3,192.74,191.98,191.98,357231.0
2025-11-13 09:00:00+00:00,193.49,194.0,191.78,192.33,422942.0
2025-11-13 10:00:00+00:00,192.33,193.19,192.33,192.74,179188.0
2025-11-13 11:00:00+00:00,192.74,193.13,192.3,192.59,182355.0
2025-11-13 12:00:00+00:00,192.59,192.8,192.15,192.4,282149.0
2025-11-13 13:00:00+00:00,192.4,194.1,191.0118,191.0118,1635407.0
2025-11-13 14:00:00+00:00,191.01,191.44,186.95,188.2199,28522610.0
2025-11-13 15:00:00+00:00,188.23,189.915,185.79,186.598,34407160.0
2025-11-13 16:00:00+00:00,186.59,187.0225,185.35,185.68,26691556.0
2025-11-13 17:00:00+00:00,185.65,187.23,185.55,185.6509,19073761.0
2025-11-13 18:00:00+00:00,185.65,186.1355,183.85,184.76,22019995.0
2025-11-13 19:00:00+00:00,184.76,186.4867,183.96,185.63,22632974.0
2025-11-13 20:00:00+00:00,185.64,187.2,185.17,186.9637,28196609.0
2025-11-13 21:00:00+00:00,186.94,187.5,185.8,186.0,2213405.0
2025-11-13 22:00:00+00:00,185.91,186.86,185.73,186.37,434507.0
2025-11-13 23:00:00+00:00,186.39,187.15,186.39,186.61,428513.0
2025-11-14 00:00:00+00:00,186.63,186.8882,185.91,185.92,408673.0
2025-11-14 09:00:00+00:00,184.5,185.19,183.78,184.23,495109.0
2025-11-14 10:00:00+00:00,184.14,185.0,184.06,184.55,325622.0
2025-11-14 11:00:00+00:00,184.46,184.58,182.04,182.88,1208652.0
2025-11-14 12:00:00+00:00,182.89,182.95,180.4,180.91,2182442.0
2025-11-14 13:00:00+00:00,184.8,186.27,180.4,181.29,4697236.0
2025-11-14 14:00:00+00:00,181.28,187.82,180.58,186.97,37736857.0
2025-11-14 15:00:00+00:00,186.96,189.5269,185.47,188.58,31637151.0
2025-11-14 16:00:00+00:00,188.58,190.6818,187.55,190.01,22290605.0
2025-11-14 17:00:00+00:00,190.0,190.4,188.84,189.42,15183948.0
2025-11-14 18:00:00+00:00,189.41,189.82,188.4,189.49,14817601.0
2025-11-14 19:00:00+00:00,189.48,191.01,188.57,190.73,15946266.0
2025-11-14 20:00:00+00:00,190.73,190.95,189.36,190.28,21476273.0
2025-11-14 21:00:00+00:00,190.17,190.41,189.8,189.99,4725168.0
2025-11-14 22:00:00+00:00,189.98,190.3199,189.92,190.3199,264109.0
2025-11-14 23:00:00+00:00,190.31,190.85,190.11,190.85,293386.0
2025-11-15 00:00:00+00:00,190.85,191.07,190.8496,191.06,337199.0
2025-11-17 09:00:00+00:00,192.16,192.33,191.08,191.15,431625.0
2025-11-17 10:00:00+00:00,191.15,191.23,188.56,189.48,616432.0
2025-11-17 11:00:00+00:00,189.39,189.88,188.7,189.4,489144.0
2025-11-17 12:00:00+00:00,189.4,189.6,187.69,188.1,1025051.0
2025-11-17 13:00:00+00:00,189.46,192.44,186.55,187.71,3603259.0
2025-11-17 14:00:00+00:00,187.66,189.0,184.92,188.0922,25564298.0
2025-11-17 15:00:00+00:00,188.085,188.4782,186.15,187.22,23644629.0
2025-11-17 16:00:00+00:00,187.23,188.3,185.74,188.21,22341591.0
2025-11-17 17:00:00+00:00,188.21,188.24,186.51,186.55,14018249.0
2025-11-17 18:00:00+00:00,186.57,187.55,185.58,185.825,14264034.0
2025-11-17 19:00:00+00:00,185.81,185.97,184.4201,184.71,17897767.0
2025-11-17 20:00:00+00:00,184.7,186.8,184.32,186.59,26297095.0
2025-11-17 21:00:00+00:00,186.66,187.1878,186.24,186.55,4157008.0
2025-11-17 22:00:00+00:00,186.58,186.83,186.01,186.12,284390.0
2025-11-17 23:00:00+00:00,186.13,186.72,186.01,186.1422,321590.0
2025-11-18 00:00:00+00:00,186.1016,186.3287,184.911,185.3299,595114.0
2025-11-18 09:00:00+00:00,185.3,185.82,184.52,185.24,284337.0
2025-11-18 10:00:00+00:00,185.22,185.32,184.45,185.11,227291.0
2025-11-18 11:00:00+00:00,185.05,185.21,183.88,185.02,460456.0
2025-11-18 12:00:00+00:00,185.0,185.29,184.01,184.39,804722.0
2025-11-18 13:00:00+00:00,185.06,186.17,182.45,184.0,3825444.0
2025-11-18 14:00:00+00:00,183.95,184.36,180.13,180.425,33151555.0
2025-11-18 15:00:00+00:00,180.39,182.67,179.65,181.1,41813731.0
2025-11-18 16:00:00+00:00,181.1,183.635,180.1701,183.1201,28634786.0
2025-11-18 17:00:00+00:00,183.12,184.8,181.4,184.295,21133927.0
2025-11-18 18:00:00+00:00,184.3,184.5,183.13,183.48,16361062.0
2025-11-18 19:00:00+00:00,183.47,184.65,183.015,184.005,16295601.0
2025-11-18 20:00:00+00:00,184.01,184.22,181.06,181.37,27759511.0
2025-11-18 21:00:00+00:00,181.36,182.342,180.52,181.17,2434724.0
2025-11-18 22:00:00+00:00,181.12,181.17,180.66,180.8501,505703.0
2025-11-18 23:00:00+00:00,180.85,181.5,180.85,181.15,642092.0
2025-11-19 00:00:00+00:00,181.13,181.2,180.65,180.7197,638137.0
2025-11-19 09:00:00+00:00,181.52,182.41,181.2,182.37,474287.0
2025-11-19 10:00:00+00:00,182.44,182.9,182.0,182.83,417151.0
2025-11-19 11:00:00+00:00,182.8,183.77,182.6,183.28,677004.0
2025-11-19 12:00:00+00:00,183.26,184.81,183.17,184.19,1293495.0
2025-11-19 13:00:00+00:00,183.54,184.85,180.88,184.66,3978976.0
2025-11-19 14:00:00+00:00,184.66,187.6951,183.28,187.58,30911147.0
2025-11-19 15:00:00+00:00,187.6,187.855,185.5,185.86,29195576.0
2025-11-19 16:00:00+00:00,185.87,186.4748,184.5989,185.145,23668849.0
2025-11-19 17:00:00+00:00,185.14,185.21,182.8301,184.81,21925153.0
2025-11-19 18:00:00+00:00,184.8,185.9,184.12,185.425,19230493.0
2025-11-19 19:00:00+00:00,185.42,186.105,184.36,185.4323,18430829.0
2025-11-19 20:00:00+00:00,185.41,187.3459,185.37,186.775,33423993.0
2025-11-19 21:00:00+00:00,186.52,195.83,185.7171,194.7,24798344.0
2025-11-19 22:00:00+00:00,194.59,198.6,186.52,194.3,16587868.0
2025-11-19 23:00:00+00:00,194.4555,196.99,194.3002,196.2,3913514.0
2025-11-20 00:00:00+00:00,196.16,197.0,195.69,195.9997,2362260.0
2025-11-20 09:00:00+00:00,196.06,198.0,195.7,195.93,1387626.0
2025-11-20 10:00:00+00:00,195.95,196.3,194.5,196.0,1259812.0
2025-11-20 11:00:00+00:00,196.02,196.2,194.83,195.73,719371.0
2025-11-20 12:00:00+00:00,195.76,196.0,195.13,195.91,1329348.0
2025-11-20 13:00:00+00:00,195.93,198.49,194.6,196.01,7235115.0
2025-11-20 14:00:00+00:00,196.01,196.7,192.29,195.29,55161486.0
2025-11-20 15:00:00+00:00,195.29,195.59,192.01,192.3572,41618590.0
2025-11-20 16:00:00+00:00,192.36,192.38,184.41,185.2635,60198827.0
2025-11-20 17:00:00+00:00,185.24,186.842,181.72,183.7002,48544789.0
2025-11-20 18:00:00+00:00,183.71,185.89,181.5,182.2,32735524.0
2025-11-20 19:00:00+00:00,182.18,183.75,180.94,183.6104,28377623.0
2025-11-20 20:00:00+00:00,183.615,183.69,179.85,180.91,40143594.0
2025-11-20 21:00:00+00:00,180.89,185.697,179.17,179.9157,3420929.0
2025-11-20 22:00:00+00:00,179.87,180.0999,178.41,178.9703,2323487.0
2025-11-20 23:00:00+00:00,179.0,180.95,178.63,180.64,1720863.0
2025-11-21 00:00:00+00:00,180.6422,181.3,180.15,181.1,1158230.0
2025-11-21 09:00:00+00:00,181.02,181.9,175.81,176.02,1879479.0
2025-11-21 10:00:00+00:00,175.99,177.86,174.43,177.6,2146584.0
2025-11-21 11:00:00+00:00,177.62,178.77,176.88,177.45,1107170.0
2025-11-21 12:00:00+00:00,177.47,180.99,176.1,180.27,2653033.0
2025-11-21 13:00:00+00:00,177.33,182.82,174.48,182.01,7740143.0
2025-11-21 14:00:00+00:00,182.0,182.57,176.72,178.585,49308713.0
2025-11-21 15:00:00+00:00,178.65,179.86,172.93,175.26,69398219.0
2025-11-21 16:00:00+00:00,175.24,181.3,174.66,181.12,47001611.0
2025-11-21 17:00:00+00:00,181.12,181.955,179.705,180.78,30594648.0
2025-11-21 18:00:00+00:00,180.76,184.29,178.61,182.88,35693378.0
2025-11-21 19:00:00+00:00,182.89,184.56,180.73,181.2,35974650.0
2025-11-21 20:00:00+00:00,181.19,181.99,178.06,178.94,37472589.0
2025-11-21 21:00:00+00:00,178.88,180.3552,178.45,180.15,6326855.0
2025-11-21 22:00:00+00:00,180.15,180.1998,179.56,180.1,530260.0
2025-11-21 23:00:00+00:00,180.11,180.49,180.0,180.22,364867.0
2025-11-22 00:00:00+00:00,180.26,180.3827,180.0,180.05,465074.0
2025-11-24 09:00:00+00:00,181.25,181.51,179.23,179.94,644908.0
2025-11-24 10:00:00+00:00,179.94,180.09,178.78,179.54,398552.0
2025-11-24 11:00:00+00:00,179.6,179.77,179.02,179.7,298327.0
2025-11-24 12:00:00+00:00,179.71,180.28,179.5,179.999,621764.0
2025-11-24 13:00:00+00:00,179.7,181.5,178.7903,179.56,2627395.0
2025-11-24 14:00:00+00:00,179.55,180.87,176.48,178.1075,34609826.0
2025-11-24 15:00:00+00:00,178.04,180.0,177.64,178.65,34123523.0
2025-11-24 16:00:00+00:00,178.66,183.13,178.605,182.15,33004698.0
2025-11-24 17:00:00+00:00,182.17,183.37,181.98,182.465,18711863.0
2025-11-24 18:00:00+00:00,182.46,182.85,181.28,182.1099,15833991.0
2025-11-24 19:00:00+00:00,182.08,182.56,181.084,181.53,15853246.0
2025-11-24 20:00:00+00:00,181.54,183.5,181.21,182.55,32292755.0
2025-11-24 21:00:00+00:00,182.56,183.0989,181.88,181.9,22977270.0
2025-11-24 22:00:00+00:00,181.91,182.35,178.75,179.57,2213167.0
2025-11-24 23:00:00+00:00,179.61,180.2,177.71,179.8544,2942931.0
2025-11-25 00:00:00+00:00,179.78,179.85,179.06,179.81,1018110.0
2025-11-25 09:00:00+00:00,178.5,178.95,175.72,176.7,1509036.0
2025-11-25 10:00:00+00:00,176.7,176.84,174.16,175.17,1473009.0
2025-11-25 11:00:00+00:00,175.24,176.28,174.43,175.47,1172201.0
2025-11-25 12:00:00+00:00,175.5,176.819,175.2,175.45,2252032.0
2025-11-25 13:00:00+00:00,175.3,179.1,173.67,173.9998,8634399.0
2025-11-25 14:00:00+00:00,174.0,175.18,170.4,172.32,61819801.0
2025-11-25 15:00:00+00:00,172.33,173.08,169.55,172.5699,62293035.0
2025-11-25 16:00:00+00:00,172.56,175.29,171.95,174.71,38251631.0
2025-11-25 17:00:00+00:00,174.7,176.48,174.38,175.23,24789144.0
2025-11-25 18:00:00+00:00,175.23,176.84,175.2,176.05,20209689.0
2025-11-25 19:00:00+00:00,176.05,176.2799,173.62,175.1741,26241491.0
2025-11-25 20:00:00+00:00,175.18,178.16,175.17,177.79,39415975.0
2025-11-25 21:00:00+00:00,177.8,177.88,176.2967,176.75,6944719.0
2025-11-25 22:00:00+00:00,176.73,177.7,176.5,177.3,1799364.0
2025-11-25 23:00:00+00:00,177.31,177.37,176.67,176.9,463785.0
2025-11-26 00:00:00+00:00,176.91,177.05,176.714,176.89,509195.0
2025-11-26 09:00:00+00:00,177.0,177.3,174.51,175.4,678791.0
2025-11-26 10:00:00+00:00,175.4,177.13,175.35,176.98,471732.0
2025-11-26 11:00:00+00:00,176.9,177.41,176.51,176.85,356256.0
2025-11-26 12:00:00+00:00,176.89,177.3,175.45,177.06,1018014.0
2025-11-26 13:00:00+00:00,176.76,181.75,174.5297,181.4,6796302.0
2025-11-26 14:00:00+00:00,181.39,182.91,178.41,178.73,36139439.0
2025-11-26 15:00:00+00:00,178.7,180.76,178.24,180.6601,29496959.0
2025-11-26 16:00:00+00:00,180.665,181.73,179.97,180.8688,19959790.0
2025-11-26 17:00:00+00:00,180.87,181.5,180.125,181.01,16337077.0
2025-11-26 18:00:00+00:00,181.01,181.23,179.7937,180.4701,15119883.0
2025-11-26 19:00:00+00:00,180.4803,181.0,179.93,180.2255,13646395.0
2025-11-26 20:00:00+00:00,180.23,180.75,179.875,180.175,20709919.0
2025-11-26 21:00:00+00:00,180.14,180.3471,179.6,179.7,2307042.0
2025-11-26 22:00:00+00:00,179.7519,179.8644,179.5,179.835,354128.0
2025-11-26 23:00:00+00:00,179.85,179.98,179.65,179.707,321805.0
2025-11-27 00:00:00+00:00,179.65,179.72,179.37,179.5,423623.0
2025-11-28 09:00:00+00:00,180.8,180.8,179.8,180.25,268633.0
2025-11-28 10:00:00+00:00,180.25,180.67,180.17,180.66,94747.0
2025-11-28 11:00:00+00:00,180.65,180.76,180.35,180.64,108336.0
2025-11-28 12:00:00+00:00,180.63,181.0,180.58,180.91,255727.0
2025-11-28 13:00:00+00:00,180.93,181.0,179.64,179.9396,1715363.0
2025-11-28 14:00:00+00:00,179.9,180.0,176.97,177.985,23916651.0
2025-11-28 15:00:00+00:00,177.99,178.25,176.93,177.97,28471709.0
2025-11-28 16:00:00+00:00,177.975,178.01,176.5314,176.95,24852715.0
2025-11-28 17:00:00+00:00,176.94,177.34,176.5,176.99,23324866.0
2025-11-28 18:00:00+00:00,177.0,177.0,176.93,176.98,10382336.0
2025-11-28 21:00:00+00:00,176.63,176.8,176.56,176.63,321756.0
2025-12-01 09:00:00+00:00,175.65,176.4,174.81,175.06,391148.0
2025-12-01 10:00:00+00:00,175.07,175.9,175.0,175.7,280905.0
2025-12-01 11:00:00+00:00,175.69,175.7,174.93,175.19,282742.0
2025-12-01 12:00:00+00:00,175.18,175.47,173.24,173.38,1443778.0
2025-12-01 13:00:00+00:00,173.4,177.0,173.2203,174.97,3899675.0
2025-12-01 14:00:00+00:00,174.98,178.69,173.68,178.1465,32276858.0
2025-12-01 15:00:00+00:00,178.13,180.01,177.57,179.415,31461126.0
2025-12-01 16:00:00+00:00,179.42,179.85,178.4,179.635,19341427.0
2025-12-01 17:00:00+00:00,179.6348,180.3,179.335,179.395,16508729.0
2025-12-01 18:00:00+00:00,179.4,179.9854,179.17,179.93,12453469.0
2025-12-01 19:00:00+00:00,179.93,179.95,178.6249,178.91,15715480.0
2025-12-01 20:00:00+00:00,178.905,180.02,178.8,179.93,23441737.0
2025-12-01 21:00:00+00:00,179.92,180.7,179.8,179.9,5181617.0
2025-12-01 22:00:00+00:00,179.88,179.98,179.73,179.95,3057832.0
2025-12-01 23:00:00+00:00,179.96,179.99,179.641,179.7646,231084.0
2025-12-02 00:00:00+00:00,179.76,179.85,179.64,179.7,231349.0
2025-12-02 09:00:00+00:00,179.94,180.4,179.94,180.23,174675.0
2025-12-02 10:00:00+00:00,180.25,181.0,180.07,180.84,184412.0
2025-12-02 11:00:00+00:00,180.84,181.58,180.66,181.23,345793.0
2025-12-02 12:00:00+00:00,181.26,181.55,181.07,181.34,409847.0
2025-12-02 13:00:00+00:00,181.1,182.36,178.97,182.34,2549781.0
2025-12-02 14:00:00+00:00,182.3345,185.66,181.58,184.75,34160708.0
2025-12-02 15:00:00+00:00,184.76,185.555,182.9401,183.6833,30277035.0
2025-12-02 16:00:00+00:00,183.7,183.9,180.0,181.3774,34832662.0
2025-12-02 17:00:00+00:00,181.37,182.38,181.17,181.174,15654688.0
2025-12-02 18:00:00+00:00,181.165,182.07,181.03,181.205,13085872.0
2025-12-02 19:00:00+00:00,181.205,181.78,180.75,181.59,12311126.0
2025-12-02 20:00:00+00:00,181.595,181.77,181.0,181.31,15960178.0
2025-12-02 21:00:00+00:00,181.37,182.6281,180.9,181.4994,1557580.0
2025-12-02 22:00:00+00:00,181.46,181.68,181.2,181.44,3120410.0
2025-12-02 23:00:00+00:00,181.47,181.49,181.32,181.42,173414.0
2025-12-03 00:00:00+00:00,181.4,181.5,180.75,181.03,367488.0
2025-12-03 09:00:00+00:00,182.19,182.3,181.68,182.2,247719.0
2025-12-03 10:00:00+00:00,182.22,182.36,182.05,182.16,129377.0
2025-12-03 11:00:00+00:00,182.1,182.67,182.09,182.51,142079.0
2025-12-03 12:00:00+00:00,182.49,183.9,182.4,183.63,620911.0
2025-12-03 13:00:00+00:00,183.65,184.49,181.69,183.3,2529674.0
2025-12-03 14:00:00+00:00,183.29,183.44,179.1101,179.99,24964680.0
2025-12-03 15:00:00+00:00,180.02,182.45,179.85,180.9266,29924099.0
2025-12-03 16:00:00+00:00,180.93,181.4,179.82,179.99,15140980.0
2025-12-03 17:00:00+00:00,180.0,180.74,179.9,180.6551,13474683.0
2025-12-03 18:00:00+00:00,180.6685,181.22,180.4205,180.58,12252218.0
2025-12-03 19:00:00+00:00,180.57,181.28,180.53,180.65,10975939.0
2025-12-03 20:00:00+00:00,180.645,180.86,179.27,179.64,26342636.0
2025-12-03 21:00:00+00:00,179.59,180.3796,179.45,179.818,8153864.0
2025-12-03 22:00:00+00:00,179.8208,180.21,179.59,179.92,2212161.0
2025-12-03 23:00:00+00:00,179.9699,180.0647,179.9,180.0647,219307.0
2025-12-04 00:00:00+00:00,180.07,180.08,179.9,179.9199,267449.0
2025-12-04 09:00:00+00:00,180.24,180.79,180.0,180.78,302396.0
2025-12-04 10:00:00+00:00,180.77,180.85,180.21,180.37,191541.0
2025-12-04 11:00:00+00:00,180.33,180.51,180.14,180.4,128848.0
2025-12-04 12:00:00+00:00,180.4,180.52,180.13,180.34,182850.0
2025-12-04 13:00:00+00:00,180.38,180.91,180.0,180.43,1797008.0
2025-12-04 14:00:00+00:00,180.4686,183.11,179.96,180.705,28321900.0
2025-12-04 15:00:00+00:00,180.71,183.02,180.065,181.74,29060476.0
2025-12-04 16:00:00+00:00,181.73,184.27,181.15,184.24,23348721.0
2025-12-04 17:00:00+00:00,184.22,184.515,183.27,183.483,17878427.0
2025-12-04 18:00:00+00:00,183.48,183.79,183.06,183.4599,11439474.0
2025-12-04 19:00:00+00:00,183.455,183.4856,182.0,182.85,15331055.0
2025-12-04 20:00:00+00:00,182.84,183.7,182.28,183.4,15789430.0
2025-12-04 21:00:00+00:00,183.38,183.98,182.5835,183.5464,1926179.0
2025-12-04 22:00:00+00:00,183.51,183.56,183.08,183.17,320814.0
2025-12-04 23:00:00+00:00,183.16,183.4313,183.12,183.18,189699.0
2025-12-05 00:00:00+00:00,183.21,183.49,183.2,183.4699,223602.0
2025-12-05 09:00:00+00:00,184.6,184.89,184.29,184.63,255479.0
2025-12-05 10:00:00+00:00,184.62,184.73,184.3,184.3,110503.0
2025-12-05 11:00:00+00:00,184.31,184.59,184.18,184.5,155900.0
2025-12-05 12:00:00+00:00,184.5,184.6,183.91,184.26,265738.0
2025-12-05 13:00:00+00:00,184.26,184.95,183.13,183.38,2744294.0
2025-12-05 14:00:00+00:00,183.38,184.66,180.91,181.96,24589601.0
2025-12-05 15:00:00+00:00,181.95,183.345,181.57,181.98,25560771.0
2025-12-05 16:00:00+00:00,181.97,182.51,181.495,182.0964,16869848.0
2025-12-05 17:00:00+00:00,182.08,182.34,181.51,182.25,11390108.0
2025-12-05 18:00:00+00:00,182.24,182.49,181.67,181.85,10911120.0
2025-12-05 19:00:00+00:00,181.87,181.92,181.15,181.855,11325125.0
2025-12-05 20:00:00+00:00,181.86,182.98,181.3,182.35,18467059.0
2025-12-05 21:00:00+00:00,182.34,182.56,182.31,182.44,1280763.0
2025-12-05 22:00:00+00:00,182.41,182.47,182.35,182.37,292496.0
2025-12-05 23:00:00+00:00,182.36,182.41,182.24,182.2499,182604.0
2025-12-06 00:00:00+00:00,182.25,182.39,182.21,182.35,185535.0
2025-12-08 09:00:00+00:00,182.5,182.5,181.85,182.28,228031.0
2025-12-08 10:00:00+00:00,182.34,183.0,182.1,182.97,167033.0
2025-12-08 11:00:00+00:00,182.96,183.07,182.66,182.84,156954.0
2025-12-08 12:00:00+00:00,182.83,182.95,182.65,182.85,205014.0
2025-12-08 13:00:00+00:00,182.0,183.14,181.86,182.43,1516743.0
2025-12-08 14:00:00+00:00,182.43,185.7,182.23,183.325,28432792.0
2025-12-08 15:00:00+00:00,183.325,184.5399,182.4,183.6401,26143663.0
2025-12-08 16:00:00+00:00,183.64,183.815,183.12,183.575,13454611.0
2025-12-08 17:00:00+00:00,183.57,186.49,182.9,185.83,20164946.0
2025-12-08 18:00:00+00:00,185.85,188.0,184.23,184.43,40622826.0
2025-12-08 19:00:00+00:00,184.44,185.08,183.73,184.375,17524112.0
2025-12-08 20:00:00+00:00,184.38,185.6,184.23,185.58,22000341.0
2025-12-08 21:00:00+00:00,185.58,189.99,185.5,189.1999,7654741.0
2025-12-08 22:00:00+00:00,189.15,190.99,189.1,190.16,4309897.0
2025-12-08 23:00:00+00:00,190.21,190.28,185.55,189.48,2376194.0
2025-12-09 00:00:00+00:00,189.4932,189.98,189.4301,189.8987,865704.0
2025-12-09 09:00:00+00:00,189.01,189.87,188.2,188.48,479187.0
2025-12-09 10:00:00+00:00,188.48,189.25,186.26,186.41,1096880.0
2025-12-09 11:00:00+00:00,186.41,187.0,184.78,186.65,1380321.0
2025-12-09 12:00:00+00:00,186.66,187.65,186.61,187.29,969964.0
2025-12-09 13:00:00+00:00,187.4,189.93,184.96,186.56,5049080.0
2025-12-09 14:00:00+00:00,186.53,186.67,183.32,184.07,26922980.0
2025-12-09 15:00:00+00:00,184.09,185.3,183.95,185.195,25461883.0
2025-12-09 16:00:00+00:00,185.19,185.7167,184.28,184.63,16947007.0
2025-12-09 17:00:00+00:00,184.625,185.18,184.5,185.085,10423120.0
2025-12-09 18:00:00+00:00,185.08,185.1295,184.48,184.76,8849591.0
2025-12-09 19:00:00+00:00,184.77,184.8,184.11,184.225,10337204.0
2025-12-09 20:00:00+00:00,184.22,185.26,184.02,184.97,16668308.0
2025-12-09 21:00:00+00:00,184.97,185.11,184.28,184.5484,6683411.0
2025-12-09 22:00:00+00:00,184.55,184.88,184.51,184.5752,258022.0
2025-12-09 23:00:00+00:00,184.58,184.7,184.5,184.5,175579.0
2025-12-10 00:00:00+00:00,184.501,184.53,184.2,184.32,272674.0
2025-12-10 09:00:00+00:00,185.0,185.0,184.3,184.82,118163.0
2025-12-10 10:00:00+00:00,184.8,185.7,184.28,184.61,373949.0
2025-12-10 11:00:00+00:00,184.55,186.0,184.36,185.47,588641.0
2025-12-10 12:00:00+00:00,185.47,185.71,184.98,185.46,372379.0
2025-12-10 13:00:00+00:00,185.44,186.0,184.16,185.3,1641653.0
2025-12-10 14:00:00+00:00,185.3,185.48,183.66,184.325,18242262.0
2025-12-10 15:00:00+00:00,184.31,184.49,182.61,182.765,22270495.0
2025-12-10 16:00:00+00:00,182.78,182.96,182.035,182.6,18184315.0
2025-12-10 17:00:00+00:00,182.59,183.43,182.38,183.22,10515976.0
2025-12-10 18:00:00+00:00,183.22,183.27,182.36,182.815,11303909.0
2025-12-10 19:00:00+00:00,182.815,184.61,182.495,184.55,23972977.0
2025-12-10 20:00:00+00:00,184.555,184.7,183.465,183.74,23874008.0
2025-12-10 21:00:00+00:00,183.78,183.78,181.44,182.08,5227198.0
2025-12-10 22:00:00+00:00,182.1,182.54,181.3,181.41,2820556.0
2025-12-10 23:00:00+00:00,181.41,181.7,181.25,181.45,524732.0
2025-12-11 00:00:00+00:00,181.49,181.5,181.2,181.28,468641.0
2025-12-11 09:00:00+00:00,180.4,181.1,180.25,180.34,400856.0
2025-12-11 10:00:00+00:00,180.45,180.85,180.16,180.77,275225.0
2025-12-11 11:00:00+00:00,180.79,180.88,180.4,180.76,194793.0
2025-12-11 12:00:00+00:00,180.75,181.51,180.62,181.35,568940.0
2025-12-11 13:00:00+00:00,180.68,181.55,179.68,180.92,2108051.0
2025-12-11 14:00:00+00:00,180.93,181.25,176.8018,176.865,31570650.0
2025-12-11 15:00:00+00:00,176.87,178.68,176.62,177.495,34013749.0
2025-12-11 16:00:00+00:00,177.49,178.0,176.925,177.62,18075342.0
2025-12-11 17:00:00+00:00,177.62,179.135,177.23,178.765,16122142.0
2025-12-11 18:00:00+00:00,178.76,180.15,178.68,179.86,17212201.0
2025-12-11 19:00:00+00:00,179.85,181.32,179.7,180.47,17453885.0
2025-12-11 20:00:00+00:00,180.46,181.29,178.99,180.9355,19861961.0
2025-12-11 21:00:00+00:00,180.96,181.86,180.28,181.0,3227405.0
2025-12-11 22:00:00+00:00,180.99,181.1,179.2,180.51,2527154.0
2025-12-11 23:00:00+00:00,180.56,181.0,180.16,180.22,374427.0
2025-12-12 00:00:00+00:00,180.24,180.24,179.79,179.83,315786.0
2025-12-12 09:00:00+00:00,180.2,180.89,178.98,179.42,278447.0
2025-12-12 10:00:00+00:00,179.41,179.9,179.15,179.85,159585.0
2025-12-12 11:00:00+00:00,179.83,180.83,179.6,180.55,306313.0
2025-12-12 12:00:00+00:00,180.5,183.23,180.24,182.45,1070860.0
2025-12-12 13:00:00+00:00,179.67,183.23,179.0026,181.97,2736355.0
2025-12-12 14:00:00+00:00,181.96,182.82,180.38,181.145,21509047.0
2025-12-12 15:00:00+00:00,181.14,181.14,177.08,177.24,29493877.0
2025-12-12 16:00:00+00:00,177.25,178.29,175.21,175.83,35435237.0
2025-12-12 17:00:00+00:00,175.82,177.6,175.6,176.865,19927504.0
2025-12-12 18:00:00+00:00,176.87,178.18,176.405,176.905,20955678.0
2025-12-12 19:00:00+00:00,176.92,177.01,176.035,176.295,13019470.0
2025-12-12 20:00:00+00:00,176.3,176.675,174.62,174.99,30899852.0
2025-12-12 21:00:00+00:00,175.0033,175.18,174.7702,175.11,3290233.0
2025-12-12 22:00:00+00:00,175.1097,175.16,174.93,174.99,813407.0
2025-12-12 23:00:00+00:00,175.0,175.0,174.8,174.97,301194.0
2025-12-13 00:00:00+00:00,174.9754,175.38,174.93,175.17,422339.0
2025-12-15 09:00:00+00:00,176.11,177.23,176.0,177.1,333529.0
2025-12-15 10:00:00+00:00,177.08,177.11,176.51,176.86,254897.0
2025-12-15 11:00:00+00:00,176.88,177.29,176.75,176.84,204367.0
2025-12-15 12:00:00+00:00,176.86,177.27,176.6,177.27,393059.0
2025-12-15 13:00:00+00:00,176.83,177.45,175.75,177.24,1684347.0
2025-12-15 14:00:00+00:00,177.23,178.39,175.68,177.24,26357245.0
2025-12-15 15:00:00+00:00,177.23,178.34,175.03,177.02,28528616.0
2025-12-15 16:00:00+00:00,177.015,178.415,176.85,177.8356,17686324.0
2025-12-15 17:00:00+00:00,177.835,178.07,177.02,177.32,12103338.0
2025-12-15 18:00:00+00:00,177.31,177.578,176.68,177.45,12430021.0
2025-12-15 19:00:00+00:00,177.445,177.66,176.27,176.925,13378897.0
2025-12-15 20:00:00+00:00,176.92,176.9255,175.91,176.28,24401839.0
2025-12-15 21:00:00+00:00,176.29,176.6598,175.945,176.57,2041451.0
2025-12-15 22:00:00+00:00,176.57,176.7,176.42,176.43,137747.0
2025-12-15 23:00:00+00:00,176.5,176.73,176.01,176.06,229649.0
2025-12-16 00:00:00+00:00,176.06,176.12,175.61,175.78,360834.0
2025-12-16 09:00:00+00:00,174.7,175.55,174.65,175.01,275464.0
2025-12-16 10:00:00+00:00,174.99,175.95,174.81,175.66,165577.0
2025-12-16 11:00:00+00:00,175.62,176.29,175.44,176.17,156292.0
2025-12-16 12:00:00+00:00,176.17,177.07,176.03,176.78,386444.0
2025-12-16 13:00:00+00:00,176.79,177.8,173.81,176.7,2196063.0
2025-12-16 14:00:00+00:00,176.66,177.35,174.9,177.31,21066455.0
2025-12-16 15:00:00+00:00,177.32,177.49,175.51,176.85,22989002.0
2025-12-16 16:00:00+00:00,176.85,177.305,175.6901,176.985,18048043.0
2025-12-16 17:00:00+00:00,177.0,177.0916,176.225,176.325,11888020.0
2025-12-16 18:00:00+00:00,176.3251,177.68,176.1,177.475,12832704.0
2025-12-16 19:00:00+00:00,177.47,177.486,176.02,176.775,12687646.0
2025-12-16 20:00:00+00:00,176.77,178.49,176.71,177.515,20246755.0
2025-12-16 21:00:00+00:00,177.61,177.72,176.6829,177.22,2002986.0
2025-12-16 22:00:00+00:00,177.25,177.72,177.1,177.28,179629.0
2025-12-16 23:00:00+00:00,177.28,177.41,177.0,177.09,377124.0
2025-12-17 00:00:00+00:00,177.1,177.4,176.9,177.17,265572.0
2025-12-17 09:00:00+00:00,177.68,178.0,177.25,177.76,197585.0
2025-12-17 10:00:00+00:00,177.78,178.34,177.66,178.23,195902.0
2025-12-17 11:00:00+00:00,178.3,178.33,177.77,177.92,190140.0
2025-12-17 12:00:00+00:00,177.92,178.35,177.78,178.24,279627.0
2025-12-17 13:00:00+00:00,177.91,178.3574,176.44,177.38,2605497.0
2025-12-17 14:00:00+00:00,177.38,177.63,173.385,174.615,29806283.0
2025-12-17 15:00:00+00:00,174.6,174.63,171.11,171.5244,37406078.0
2025-12-17 16:00:00+00:00,171.52,172.1894,170.31,171.08,31380316.0
2025-12-17 17:00:00+00:00,171.0898,172.43,170.38,172.09,21803760.0
2025-12-17 18:00:00+00:00,172.085,172.82,171.33,171.6971,18172128.0
2025-12-17 19:00:00+00:00,171.685,171.81,170.6601,171.5924,15862080.0
2025-12-17 20:00:00+00:00,171.59,171.82,170.73,170.92,28136794.0
2025-12-17 21:00:00+00:00,170.92,172.46,170.61,170.91,3672587.0
2025-12-17 22:00:00+00:00,170.94,171.67,170.72,171.61,643618.0
2025-12-17 23:00:00+00:00,171.6,171.65,171.0,171.0001,624440.0
2025-12-18 00:00:00+00:00,171.0965,171.49,170.8525,171.4401,426116.0
2025-12-18 09:00:00+00:00,172.39,173.01,172.3,172.95,273836.0
2025-12-18 10:00:00+00:00,172.93,173.3,172.69,173.2,222268.0
2025-12-18 11:00:00+00:00,173.16,173.56,172.97,173.15,247254.0
2025-12-18 12:00:00+00:00,173.14,173.21,172.75,172.8,371706.0
2025-12-18 13:00:00+00:00,173.07,174.45,171.24,173.68,2861874.0
2025-12-18 14:00:00+00:00,173.7,174.89,171.82,173.85,26937518.0
2025-12-18 15:00:00+00:00,173.85,176.15,172.72,175.415,31810516.0
2025-12-18 16:00:00+00:00,175.415,176.04,174.81,175.68,18269939.0
2025-12-18 17:00:00+00:00,175.68,175.73,173.73,175.28,17900621.0
2025-12-18 18:00:00+00:00,175.28,175.38,174.71,174.9199,11485964.0
2025-12-18 19:00:00+00:00,174.91,175.04,173.76,173.9,12894539.0
2025-12-18 20:00:00+00:00,173.8915,175.0,172.05,174.01,22098604.0
2025-12-18 21:00:00+00:00,174.0,174.39,173.6501,174.0568,2366128.0
2025-12-18 22:00:00+00:00,174.1,174.95,174.06,174.81,406035.0
2025-12-18 23:00:00+00:00,174.8,175.13,174.5207,175.12,326559.0
2025-12-19 00:00:00+00:00,175.11,175.17,174.78,174.81,295752.0
2025-12-19 09:00:00+00:00,176.5,176.56,175.87,176.46,176049.0
2025-12-19 10:00:00+00:00,176.42,176.79,176.13,176.4,193126.0
2025-12-19 11:00:00+00:00,176.38,177.3,176.15,176.51,304844.0
2025-12-19 12:00:00+00:00,176.47,176.96,175.51,175.7,410415.0
2025-12-19 13:00:00+00:00,175.7,177.2,175.57,175.91,1346120.0
2025-12-19 14:00:00+00:00,175.9,180.39,175.5998,180.27,48221766.0
2025-12-19 15:00:00+00:00,180.265,180.71,178.23,178.85,38297287.0
2025-12-19 16:00:00+00:00,178.84,180.245,178.55,179.74,21474436.0
2025-12-19 17:00:00+00:00,179.74,181.07,179.735,180.5575,20483606.0
2025-12-19 18:00:00+00:00,180.565,180.73,179.43,179.6951,14102689.0
2025-12-19 19:00:00+00:00,179.69,180.98,179.69,180.29,16582437.0
2025-12-19 20:00:00+00:00,180.29,181.45,179.9401,180.99,32824906.0
2025-12-19 21:00:00+00:00,180.97,181.2743,180.72,181.0,13425781.0
2025-12-19 22:00:00+00:00,180.9898,181.0,180.75,180.9597,479378.0
2025-12-19 23:00:00+00:00,180.97,181.28,180.81,181.2328,604317.0
2025-12-20 00:00:00+00:00,181.26,181.38,181.22,181.38,266209.0
2025-12-22 09:00:00+00:00,182.0,183.13,182.0,183.02,338358.0
2025-12-22 10:00:00+00:00,183.02,183.29,182.91,183.25,237240.0
2025-12-22 11:00:00+00:00,183.26,183.69,183.11,183.13,342190.0
2025-12-22 12:00:00+00:00,183.12,184.6,182.78,184.47,1064902.0
2025-12-22 13:00:00+00:00,182.79,184.6,180.538,184.33,2193358.0
2025-12-22 14:00:00+00:00,184.32,184.39,182.35,183.83,25785325.0
2025-12-22 15:00:00+00:00,183.85,184.16,182.67,183.7,21085309.0
2025-12-22 16:00:00+00:00,183.71,183.8,183.01,183.19,13561800.0
2025-12-22 17:00:00+00:00,183.19,183.42,182.79,183.18,10062361.0
2025-12-22 18:00:00+00:00,183.175,183.4532,183.0,183.175,7625579.0
2025-12-22 19:00:00+00:00,183.175,183.5768,182.99,183.4056,8531823.0
2025-12-22 20:00:00+00:00,183.4,183.81,183.2,183.6,15584165.0
2025-12-22 21:00:00+00:00,183.61,183.77,183.4099,183.44,1115505.0
2025-12-22 22:00:00+00:00,183.45,183.5,183.39,183.42,149677.0
2025-12-22 23:00:00+00:00,183.41,183.4889,183.2508,183.31,1902921.0
2025-12-23 00:00:00+00:00,183.32,183.35,183.25,183.3,192736.0
2025-12-23 09:00:00+00:00,183.34,183.82,183.0,183.59,163001.0
2025-12-23 10:00:00+00:00,183.6,183.65,182.9,183.23,175066.0
2025-12-23 11:00:00+00:00,183.21,183.23,182.96,183.15,82840.0
2025-12-23 12:00:00+00:00,183.15,183.35,182.8,183.0,176491.0
2025-12-23 13:00:00+00:00,183.22,183.8,181.82,182.1507,2317583.0
2025-12-23 14:00:00+00:00,182.1542,184.9197,181.92,184.3,19191561.0
2025-12-23 15:00:00+00:00,184.265,186.64,183.5,186.49,30407757.0
2025-12-23 16:00:00+00:00,186.4817,188.33,186.26,188.305,28057976.0
2025-12-23 17:00:00+00:00,188.305,188.63,187.78,188.06,17237207.0
2025-12-23 18:00:00+00:00,188.06,188.65,187.9,188.6132,13804371.0
2025-12-23 19:00:00+00:00,188.61,188.8,188.36,188.61,14745919.0
2025-12-23 20:00:00+00:00,188.6,189.33,188.545,189.22,25720746.0
2025-12-23 21:00:00+00:00,189.19,189.3897,188.5,188.75,1724281.0
2025-12-23 22:00:00+00:00,188.74,188.88,188.51,188.62,309781.0
2025-12-23 23:00:00+00:00,188.61,188.61,188.3,188.49,1009367.0
2025-12-24 00:00:00+00:00,188.49,188.81,188.45,188.7,279998.0
2025-12-24 09:00:00+00:00,188.86,189.0,188.53,188.63,156763.0
2025-12-24 10:00:00+00:00,188.61,188.61,188.25,188.32,122810.0
2025-12-24 11:00:00+00:00,188.32,188.42,188.15,188.41,129384.0
2025-12-24 12:00:00+00:00,188.42,188.8,188.369,188.62,252265.0
2025-12-24 13:00:00+00:00,188.61,188.96,188.14,188.6999,1170039.0
2025-12-24 14:00:00+00:00,188.71,188.75,187.43,187.785,15453870.0
2025-12-24 15:00:00+00:00,187.785,188.2899,186.59,187.36,17825404.0
2025-12-24 16:00:00+00:00,187.364,188.48,187.26,188.285,12682323.0
2025-12-24 17:00:00+00:00,188.28,188.91,187.95,188.62,12024756.0
2025-12-24 18:00:00+00:00,188.61,188.61,188.61,188.61,3703784.0
2025-12-24 21:00:00+00:00,188.33,188.43,188.0,188.05,185645.0
2025-12-26 09:00:00+00:00,189.37,189.93,189.37,189.83,161708.0
2025-12-26 10:00:00+00:00,189.84,189.96,189.79,189.89,87826.0
2025-12-26 11:00:00+00:00,189.89,189.95,189.63,189.67,105576.0
2025-12-26 12:00:00+00:00,189.66,189.779,189.5,189.64,231315.0
2025-12-26 13:00:00+00:00,189.57,190.4895,188.139,190.26,1795091.0
2025-12-26 14:00:00+00:00,190.27,192.29,189.58,191.21,26801938.0
2025-12-26 15:00:00+00:00,191.22,192.19,190.16,191.92,25231358.0
2025-12-26 16:00:00+00:00,191.92,192.11,190.81,190.9462,13964060.0
2025-12-26 17:00:00+00:00,190.95,191.2,190.46,191.105,12524240.0
2025-12-26 18:00:00+00:00,191.105,192.54,191.02,192.5332,14202589.0
2025-12-26 19:00:00+00:00,192.5201,192.69,191.83,191.955,13591586.0
2025-12-26 20:00:00+00:00,191.955,191.97,188.0,190.53,19492373.0
2025-12-26 21:00:00+00:00,190.53,190.85,189.98,190.2548,1023019.0
2025-12-26 22:00:00+00:00,190.2729,190.53,190.1,190.23,291999.0
2025-12-26 23:00:00+00:00,190.24,190.26,190.1,190.1307,124127.0
2025-12-27 00:00:00+00:00,190.14,190.18,190.01,190.08,226651.0
2025-12-29 09:00:00+00:00,188.55,189.95,187.45,187.94,525633.0
2025-12-29 10:00:00+00:00,187.9,188.43,187.69,188.115,192806.0
2025-12-29 11:00:00+00:00,188.1,188.45,187.7,188.45,212205.0
2025-12-29 12:00:00+00:00,188.48,188.6,188.05,188.07,313408.0
2025-12-29 13:00:00+00:00,188.07,190.85,187.48,187.9818,1981979.0
2025-12-29 14:00:00+00:00,187.97,188.755,185.91,186.6499,26469445.0
2025-12-29 15:00:00+00:00,186.64,187.735,186.03,186.93,21383270.0
2025-12-29 16:00:00+00:00,186.925,187.58,186.48,187.32,15534199.0
2025-12-29 17:00:00+00:00,187.3251,187.57,186.79,187.525,9383954.0
2025-12-29 18:00:00+00:00,187.52,187.84,187.1331,187.245,8596706.0
2025-12-29 19:00:00+00:00,187.2494,188.1,187.05,187.97,9436038.0
2025-12-29 20:00:00+00:00,187.97,188.4,187.5618,188.23,13968034.0
2025-12-29 21:00:00+00:00,188.21,188.25,187.91,188.04,672039.0
2025-12-29 22:00:00+00:00,188.01,188.05,187.82,187.95,129601.0
2025-12-29 23:00:00+00:00,187.95,187.98,187.68,187.71,127163.0
2025-12-30 00:00:00+00:00,187.7198,187.8,187.6,187.6184,198572.0
2025-12-30 09:00:00+00:00,187.9,188.17,187.58,187.96,94484.0
2025-12-30 10:00:00+00:00,187.99,188.13,187.9,188.07,69837.0
2025-12-30 11:00:00+00:00,188.02,188.39,188.01,188.31,102064.0
2025-12-30 12:00:00+00:00,188.3,188.7,188.24,188.55,178466.0
2025-12-30 13:00:00+00:00,188.31,188.7,187.27,188.41,895007.0
2025-12-30 14:00:00+00:00,188.4001,188.99,187.08,187.5439,15347698.0
2025-12-30 15:00:00+00:00,187.54,187.945,186.93,187.865,16967154.0
2025-12-30 16:00:00+00:00,187.86,188.51,187.71,188.01,12835989.0
2025-12-30 17:00:00+00:00,188.0,188.1399,187.7,188.06,8735283.0
2025-12-30 18:00:00+00:00,188.065,188.32,187.8,188.2698,7504206.0
2025-12-30 19:00:00+00:00,188.25,188.355,187.68,187.91,8509248.0
2025-12-30 20:00:00+00:00,187.9,187.94,187.41,187.55,13310812.0
2025-12-30 21:00:00+00:00,187.54,188.0,187.21,187.23,1222040.0
2025-12-30 22:00:00+00:00,187.24,187.47,187.1,187.28,290614.0
2025-12-30 23:00:00+00:00,187.27,187.35,187.15,187.22,161210.0
2025-12-31 00:00:00+00:00,187.22,187.26,187.03,187.08,204135.0
2025-12-31 09:00:00+00:00,187.07,187.72,186.66,186.69,80978.0
2025-12-31 10:00:00+00:00,186.66,187.29,186.59,187.28,73259.0
2025-12-31 11:00:00+00:00,187.3,187.89,187.29,187.72,146667.0
2025-12-31 12:00:00+00:00,187.69,188.35,187.63,188.26,317245.0
2025-12-31 13:00:00+00:00,187.72,190.2,186.5,189.65,2270754.0
2025-12-31 14:00:00+00:00,189.65,190.56,188.09,188.6157,20204852.0
2025-12-31 15:00:00+00:00,188.61,189.14,188.1582,188.3,16204833.0
2025-12-31 16:00:00+00:00,188.3,189.065,188.215,189.015,12031001.0
2025-12-31 17:00:00+00:00,189.0192,189.28,188.5,188.715,9087047.0
2025-12-31 18:00:00+00:00,188.72,189.055,188.64,188.68,8917770.0
2025-12-31 19:00:00+00:00,188.68,188.86,187.36,187.795,11532356.0
2025-12-31 20:00:00+00:00,187.79,187.82,186.49,186.49,17786960.0
2025-12-31 21:00:00+00:00,186.5,188.1427,186.25,186.53,2185810.0
2025-12-31 22:00:00+00:00,186.55,186.6997,186.51,186.58,186456.0
2025-12-31 23:00:00+00:00,186.6,186.61,186.51,186.54,155917.0
2026-01-01 00:00:00+00:00,186.5398,186.55,186.35,186.4593,227580.0
2026-01-02 09:00:00+00:00,189.45,190.27,188.38,190.18,347610.0
2026-01-02 10:00:00+00:00,190.16,190.18,189.75,189.88,219729.0
2026-01-02 11:00:00+00:00,189.87,190.04,189.8,189.86,125376.0
2026-01-02 12:00:00+00:00,189.85,189.86,189.13,189.13,482284.0
2026-01-02 13:00:00+00:00,189.62,190.27,186.5,189.1,1473510.0
2026-01-02 14:00:00+00:00,189.08,192.9299,188.74,191.73,29254666.0
2026-01-02 15:00:00+00:00,191.735,192.24,188.82,188.96,28945030.0
2026-01-02 16:00:00+00:00,188.975,190.065,188.29,189.34,19618694.0
2026-01-02 17:00:00+00:00,189.34,189.94,189.08,189.4586,11688708.0
2026-01-02 18:00:00+00:00,189.45,189.77,188.26,188.5835,10999669.0
2026-01-02 19:00:00+00:00,188.59,189.62,188.52,188.68,12865232.0
2026-01-02 20:00:00+00:00,188.67,189.25,188.48,188.8099,16013123.0
2026-01-02 21:00:00+00:00,188.78,189.0016,188.45,188.67,734968.0
2026-01-02 22:00:00+00:00,188.6668,188.82,188.6,188.79,221502.0
2026-01-02 23:00:00+00:00,188.78,188.95,188.75,188.92,192259.0
2026-01-03 00:00:00+00:00,188.94,188.97,188.85,188.97,152853.0
2026-01-05 09:00:00+00:00,189.97,190.41,189.5,190.06,265553.0
2026-01-05 10:00:00+00:00,190.09,191.13,190.08,191.1,286535.0
2026-01-05 11:00:00+00:00,191.08,191.22,190.89,191.04,212419.0
2026-01-05 12:00:00+00:00,191.01,191.84,190.91,191.61,746932.0
2026-01-05 13:00:00+00:00,191.0,191.99,188.378,191.78,2042465.0
2026-01-05 14:00:00+00:00,191.78,193.63,189.39,190.11,29154808.0
2026-01-05 15:00:00+00:00,190.11,190.46,189.25,190.245,22377416.0
2026-01-05 16:00:00+00:00,190.25,190.89,189.28,189.3,19122926.0
2026-01-05 17:00:00+00:00,189.31,189.325,187.05,187.905,24929755.0
2026-01-05 18:00:00+00:00,187.9,188.24,186.995,187.445,15875783.0
2026-01-05 19:00:00+00:00,187.4599,187.48,186.15,186.7401,19693124.0
2026-01-05 20:00:00+00:00,186.74,188.16,186.51,188.11,23371485.0
2026-01-05 21:00:00+00:00,188.13,188.7629,187.32,187.57,2636393.0
2026-01-05 22:00:00+00:00,187.54,189.3,187.22,187.6332,1698235.0
2026-01-05 23:00:00+00:00,187.67,188.12,187.45,187.9,1921098.0
2026-01-06 00:00:00+00:00,187.88,188.2,187.83,187.99,472611.0
2026-01-06 09:00:00+00:00,189.0,189.39,188.17,189.2,373164.0
2026-01-06 10:00:00+00:00,189.19,189.49,188.99,189.27,188691.0
2026-01-06 11:00:00+00:00,189.3,189.48,189.0,189.17,170564.0
2026-01-06 12:00:00+00:00,189.22,189.46,189.02,189.42,452087.0
2026-01-06 13:00:00+00:00,188.95,189.8,188.13,189.72,1986990.0
2026-01-06 14:00:00+00:00,189.7168,192.174,188.98,191.9042,30368994.0
2026-01-06 15:00:00+00:00,191.9,192.09,188.89,189.12,29769655.0
2026-01-06 16:00:00+00:00,189.11,190.03,187.6401,189.49,28051656.0
2026-01-06 17:00:00+00:00,189.5,189.72,188.525,188.7099,15303328.0
2026-01-06 18:00:00+00:00,188.705,188.77,187.3,188.2394,14305384.0
2026-01-06 19:00:00+00:00,188.24,188.28,187.51,187.69,12475024.0
2026-01-06 20:00:00+00:00,187.7,187.93,186.82,187.27,22501161.0
2026-01-06 21:00:00+00:00,187.25,187.85,187.03,187.73,2524506.0
2026-01-06 22:00:00+00:00,187.7107,187.99,187.62,187.9899,402528.0
2026-01-06 23:00:00+00:00,187.97,188.25,187.91,188.17,538524.0
2026-01-07 00:00:00+00:00,188.17,188.38,188.1,188.16,395060.0
2026-01-07 09:00:00+00:00,187.75,188.2,187.15,187.74,205609.0
2026-01-07 10:00:00+00:00,187.65,187.75,186.86,187.36,198260.0
2026-01-07 11:00:00+00:00,187.34,188.0,187.28,187.86,134383.0
2026-01-07 12:00:00+00:00,187.86,188.52,187.82,188.2,355951.0
2026-01-07 13:00:00+00:00,188.2,188.52,186.86,188.0,1274575.0
2026-01-07 14:00:00+00:00,188.01,190.2,186.56,190.1,24796954.0
2026-01-07 15:00:00+00:00,190.1,191.37,188.47,189.615,40590054.0
2026-01-07 16:00:00+00:00,189.62,190.345,189.18,190.16,15434015.0
2026-01-07 17:00:00+00:00,190.165,190.6,189.68,189.94,14905824.0
2026-01-07 18:00:00+00:00,189.93,190.16,189.37,189.775,9724020.0
2026-01-07 19:00:00+00:00,189.78,190.0,189.18,189.25,10865507.0
2026-01-07 20:00:00+00:00,189.26,189.42,188.75,189.24,15935111.0
2026-01-07 21:00:00+00:00,189.24,189.39,189.0,189.12,809573.0
2026-01-07 22:00:00+00:00,189.0964,189.2331,189.0648,189.1492,167934.0
2026-01-07 23:00:00+00:00,189.15,189.19,189.0,189.07,143295.0
2026-01-08 00:00:00+00:00,189.02,189.39,188.97,189.3699,222481.0
2026-01-08 09:00:00+00:00,189.81,190.23,189.43,189.81,191546.0
2026-01-08 10:00:00+00:00,189.8,190.08,189.43,189.77,157832.0
2026-01-08 11:00:00+00:00,189.74,190.28,189.49,189.95,213091.0
2026-01-08 12:00:00+00:00,189.94,190.17,189.53,189.631,244709.0
2026-01-08 13:00:00+00:00,189.63,190.87,187.73,189.78,1595521.0
2026-01-08 14:00:00+00:00,189.79,189.8,185.01,185.05,25821839.0
2026-01-08 15:00:00+00:00,185.05,186.95,184.6601,185.4629,35551777.0
2026-01-08 16:00:00+00:00,185.47,185.78,184.43,184.825,21764102.0
2026-01-08 17:00:00+00:00,184.82,184.885,183.83,184.49,17779987.0
2026-01-08 18:00:00+00:00,184.4802,184.89,184.075,184.19,13414910.0
2026-01-08 19:00:00+00:00,184.18,185.01,183.71,184.64,15320878.0
2026-01-08 20:00:00+00:00,184.65,185.34,184.53,185.09,18139969.0
2026-01-08 21:00:00+00:00,185.04,185.36,184.99,185.1491,3451890.0
2026-01-08 22:00:00+00:00,185.11,185.24,185.04,185.2384,217773.0
2026-01-08 23:00:00+00:00,185.2397,185.29,185.03,185.04,211702.0
2026-01-09 00:00:00+00:00,185.0307,185.17,185.0,185.0201,241882.0
2026-01-09 09:00:00+00:00,185.05,185.82,185.05,185.66,151860.0
2026-01-09 10:00:00+00:00,185.71,185.92,185.66,185.76,148909.0
2026-01-09 11:00:00+00:00,185.72,187.0,185.45,185.85,360237.0
2026-01-09 12:00:00+00:00,185.85,185.9,185.5,185.77,240657.0
2026-01-09 13:00:00+00:00,185.75,186.97,185.0,186.02,1395375.0
2026-01-09 14:00:00+00:00,186.0168,186.24,183.6701,184.79,18706560.0
2026-01-09 15:00:00+00:00,184.77,185.61,183.73,184.885,24012971.0
2026-01-09 16:00:00+00:00,184.88,185.7,184.85,185.345,14985405.0
2026-01-09 17:00:00+00:00,185.345,185.5,184.64,185.05,12078787.0
2026-01-09 18:00:00+00:00,185.04,185.42,184.77,185.36,10188358.0
2026-01-09 19:00:00+00:00,185.36,186.34,185.245,185.54,14807166.0
2026-01-09 20:00:00+00:00,185.55,186.07,184.6,184.85,16670429.0
2026-01-09 21:00:00+00:00,184.86,185.05,184.81,185.01,2965573.0
2026-01-09 22:00:00+00:00,185.02,185.04,184.95,184.99,153736.0
2026-01-09 23:00:00+00:00,184.98,185.02,184.9,184.94,130778.0
2026-01-10 00:00:00+00:00,184.94,184.985,184.87,184.9701,163237.0
2026-01-12 09:00:00+00:00,182.8,183.46,182.45,182.66,277669.0
2026-01-12 10:00:00+00:00,182.67,182.78,182.4,182.48,153293.0
2026-01-12 11:00:00+00:00,182.48,182.93,182.4,182.87,128618.0
2026-01-12 12:00:00+00:00,182.9,183.16,182.75,183.07,323501.0
2026-01-12 13:00:00+00:00,183.08,183.6,182.38,183.43,1484765.0
2026-01-12 14:00:00+00:00,183.39,186.2,182.95,184.92,19101240.0
2026-01-12 15:00:00+00:00,184.9,185.21,183.73,184.5001,19428714.0
2026-01-12 16:00:00+00:00,184.505,185.615,184.315,185.38,14394061.0
2026-01-12 17:00:00+00:00,185.38,186.895,185.28,186.2,16756421.0
2026-01-12 18:00:00+00:00,186.21,187.01,186.12,186.775,12850628.0
2026-01-12 19:00:00+00:00,186.78,187.12,186.56,186.595,10550361.0
2026-01-12 20:00:00+00:00,186.595,186.62,184.5,184.89,16664995.0
2026-01-12 21:00:00+00:00,184.94,185.1199,184.79,184.83,1241532.0
2026-01-12 22:00:00+00:00,184.83,185.1,184.82,184.96,193313.0
2026-01-12 23:00:00+00:00,184.95,185.02,184.71,184.731,217570.0
2026-01-13 00:00:00+00:00,184.72,184.7818,184.6,184.6899,214516.0
2026-01-13 09:00:00+00:00,184.95,185.66,184.79,185.51,191303.0
2026-01-13 10:00:00+00:00,185.51,185.57,185.16,185.36,104902.0
2026-01-13 11:00:00+00:00,185.39,185.73,185.17,185.2,118967.0
2026-01-13 12:00:00+00:00,185.24,185.29,184.64,184.8,306497.0
2026-01-13 13:00:00+00:00,184.8,186.08,184.478,185.7499,1866849.0
2026-01-13 14:00:00+00:00,185.71,185.75,183.6313,184.1,20364639.0
2026-01-13 15:00:00+00:00,184.12,184.805,183.4,184.7993,22153254.0
2026-01-13 16:00:00+00:00,184.7993,188.1099,184.32,187.6779,31501808.0
2026-01-13 17:00:00+00:00,187.67,187.81,184.7128,184.92,20111316.0
2026-01-13 18:00:00+00:00,184.93,185.35,184.44,184.615,13369367.0
2026-01-13 19:00:00+00:00,184.62,184.95,184.215,184.43,12471166.0
2026-01-13 20:00:00+00:00,184.43,185.85,184.23,185.81,20147075.0
2026-01-13 21:00:00+00:00,185.81,186.0,185.4,185.52,1525345.0
2026-01-13 22:00:00+00:00,185.5,185.85,185.48,185.8364,294432.0
2026-01-13 23:00:00+00:00,185.85,185.9,185.65,185.78,205167.0
2026-01-14 00:00:00+00:00,185.76,185.95,185.72,185.8,244644.0
2026-01-14 09:00:00+00:00,185.5,185.59,184.81,184.99,146553.0
2026-01-14 10:00:00+00:00,185.01,185.02,184.03,184.23,224030.0
2026-01-14 11:00:00+00:00,184.26,184.58,184.15,184.46,157663.0
2026-01-14 12:00:00+00:00,184.47,184.7,184.01,184.68,291322.0
2026-01-14 13:00:00+00:00,185.21,185.6,184.01,184.5502,1366186.0
2026-01-14 14:00:00+00:00,184.5571,184.7612,181.45,181.685,26858418.0
2026-01-14 15:00:00+00:00,181.69,182.63,180.91,181.53,27798372.0
2026-01-14 16:00:00+00:00,181.53,182.15,181.235,181.735,18062850.0
2026-01-14 17:00:00+00:00,181.73,182.18,181.38,182.0801,13699037.0
2026-01-14 18:00:00+00:00,182.08,182.32,181.5501,182.025,13188690.0
2026-01-14 19:00:00+00:00,182.02,182.0585,181.08,181.3501,13011173.0
2026-01-14 20:00:00+00:00,181.36,183.33,180.8,183.21,26487915.0
2026-01-14 21:00:00+00:00,183.16,183.45,182.62,182.86,1810709.0
2026-01-14 22:00:00+00:00,182.9361,182.95,182.7202,182.79,206246.0
2026-01-14 23:00:00+00:00,182.81,182.8754,182.68,182.85,184606.0
2026-01-15 00:00:00+00:00,182.85,182.8738,182.6109,182.75,186113.0
2026-01-15 09:00:00+00:00,184.39,186.5,183.5,185.32,651946.0
2026-01-15 10:00:00+00:00,185.39,186.0,185.39,185.84,452014.0
2026-01-15 11:00:00+00:00,185.79,186.64,185.79,186.25,699749.0
2026-01-15 12:00:00+00:00,186.25,186.26,184.67,185.47,1113245.0
2026-01-15 13:00:00+00:00,184.77,186.6,182.16,185.9921,3279696.0
2026-01-15 14:00:00+00:00,186.02,189.18,185.52,188.33,39101493.0
2026-01-15 15:00:00+00:00,188.3,188.87,186.8301,187.69,30669557.0
2026-01-15 16:00:00+00:00,187.695,189.05,187.33,188.885,19589563.0
2026-01-15 17:00:00+00:00,188.88,189.29,188.15,188.37,19290357.0
2026-01-15 18:00:00+00:00,188.36,189.7,188.19,189.515,18244783.0
2026-01-15 19:00:00+00:00,189.51,189.5166,187.96,188.68,18320700.0
2026-01-15 20:00:00+00:00,188.69,188.77,186.33,187.14,28253715.0
2026-01-15 21:00:00+00:00,187.05,187.28,186.87,187.25,2146254.0
2026-01-15 22:00:00+00:00,187.2611,187.5,187.22,187.3605,1118121.0
2026-01-15 23:00:00+00:00,187.37,187.55,187.22,187.5,193619.0
2026-01-16 00:00:00+00:00,187.53,187.78,187.5,187.7169,243315.0
2026-01-16 09:00:00+00:00,188.45,188.99,188.09,188.45,216640.0
2026-01-16 10:00:00+00:00,188.46,189.28,188.34,188.96,179481.0
2026-01-16 11:00:00+00:00,188.97,189.0,188.47,188.5,145659.0
2026-01-16 12:00:00+00:00,188.5,188.78,188.3,188.44,268278.0
2026-01-16 13:00:00+00:00,188.55,189.27,187.97,188.4,1254685.0
2026-01-16 14:00:00+00:00,188.4,190.44,188.0,189.24,31724664.0
2026-01-16 15:00:00+00:00,189.2199,189.301,187.09,188.05,25408974.0
2026-01-16 16:00:00+00:00,188.0599,188.26,187.5,188.07,18407800.0
2026-01-16 17:00:00+00:00,188.06,188.375,187.43,187.6873,15682498.0
2026-01-16 18:00:00+00:00,187.7,188.27,187.655,188.0733,12600269.0
2026-01-16 19:00:00+00:00,188.075,188.4137,187.615,187.935,14525801.0
2026-01-16 20:00:00+00:00,187.92,188.025,186.08,186.22,24334843.0
2026-01-16 21:00:00+00:00,186.23,186.45,186.11,186.3491,2612389.0
2026-01-16 22:00:00+00:00,186.3301,186.43,186.22,186.36,705501.0
2026-01-16 23:00:00+00:00,186.38,186.5,186.3,186.41,203927.0
2026-01-17 00:00:00+00:00,186.35,186.47,186.2487,186.2518,185047.0
2026-01-20 09:00:00+00:00,181.8,183.69,180.0,180.8,981443.0
2026-01-20 10:00:00+00:00,180.83,181.64,180.69,181.3,370902.0
2026-01-20 11:00:00+00:00,181.34,181.92,181.34,181.88,288945.0
2026-01-20 12:00:00+00:00,181.95,182.89,181.7,182.31,745451.0
2026-01-20 13:00:00+00:00,182.4,185.765,180.01,181.595,3146124.0
2026-01-20 14:00:00+00:00,181.58,182.3786,179.58,179.95,39566035.0
2026-01-20 15:00:00+00:00,179.92,181.85,179.6,180.595,34277559.0
2026-01-20 16:00:00+00:00,180.5995,181.26,179.56,180.0701,25603393.0
2026-01-20 17:00:00+00:00,180.07,180.22,179.27,179.8,21883610.0
2026-01-20 18:00:00+00:00,179.8,180.09,178.9,179.75,16910903.0
2026-01-20 19:00:00+00:00,179.75,179.98,179.15,179.5699,13557492.0
2026-01-20 20:00:00+00:00,179.57,179.605,177.61,178.21,33001389.0
2026-01-20 21:00:00+00:00,178.22,179.0,177.86,178.7335,1786474.0
2026-01-20 22:00:00+00:00,178.75,178.95,178.07,178.87,3184954.0
2026-01-20 23:00:00+00:00,178.87,179.24,178.61,178.74,456346.0
2026-01-21 00:00:00+00:00,178.74,179.25,178.7346,179.22,314557.0
2026-01-21 09:00:00+00:00,179.68,180.0,178.86,178.88,301076.0
2026-01-21 10:00:00+00:00,178.88,179.7,178.87,179.22,171687.0
2026-01-21 11:00:00+00:00,179.19,180.28,178.45,178.51,380231.0
2026-01-21 12:00:00+00:00,178.6,178.81,177.93,178.78,799267.0
2026-01-21 13:00:00+00:00,178.47,181.955,177.95,178.57,1756712.0
2026-01-21 14:00:00+00:00,178.52,180.87,178.4,180.41,27276501.0
2026-01-21 15:00:00+00:00,180.395,183.185,179.995,182.725,26718301.0
2026-01-21 16:00:00+00:00,182.72,183.74,180.02,180.125,28750354.0
2026-01-21 17:00:00+00:00,180.14,180.585,179.195,180.2908,17217652.0
2026-01-21 18:00:00+00:00,180.29,181.23,179.7,181.1401,13158928.0
2026-01-21 19:00:00+00:00,181.145,185.37,180.93,185.2601,28531630.0
2026-01-21 20:00:00+00:00,185.27,185.379,183.0,183.34,31526204.0
2026-01-21 21:00:00+00:00,183.32,183.5495,181.9843,183.4001,2468169.0
2026-01-21 22:00:00+00:00,183.43,184.0,183.32,183.97,407557.0
2026-01-21 23:00:00+00:00,183.9592,184.0897,183.5,183.75,297916.0
2026-01-22 00:00:00+00:00,183.81,183.87,183.7,183.87,261542.0
2026-01-22 09:00:00+00:00,185.1,185.5,184.4,185.2,270752.0
2026-01-22 10:00:00+00:00,185.2,185.24,184.68,185.06,169963.0
2026-01-22 11:00:00+00:00,185.02,185.18,184.52,184.63,177781.0
2026-01-22 12:00:00+00:00,184.62,185.05,184.61,184.96,297402.0
2026-01-22 13:00:00+00:00,184.64,185.46,183.34,184.83,1428215.0
2026-01-22 14:00:00+00:00,184.81,186.16,184.0,184.34,26025690.0
2026-01-22 15:00:00+00:00,184.34,185.405,183.93,185.085,22166662.0
2026-01-22 16:00:00+00:00,185.08,186.17,184.953,185.5265,17647139.0
2026-01-22 17:00:00+00:00,185.52,185.62,184.415,184.56,15392565.0
2026-01-22 18:00:00+00:00,184.56,185.235,184.37,184.4699,12006158.0
2026-01-22 19:00:00+00:00,184.46,184.86,184.2806,184.445,11080479.0
2026-01-22 20:00:00+00:00,184.45,184.87,183.93,184.85,17221027.0
2026-01-22 21:00:00+00:00,184.813,184.87,184.14,184.26,4470224.0
2026-01-22 22:00:00+00:00,184.27,184.84,184.03,184.12,266905.0
2026-01-22 23:00:00+00:00,184.14,184.25,183.91,184.09,258142.0
2026-01-23 00:00:00+00:00,184.1,184.4,184.0,184.3331,205487.0
2026-01-23 09:00:00+00:00,184.5,184.63,183.5,183.81,231532.0
2026-01-23 10:00:00+00:00,183.78,184.01,183.66,184.01,113392.0
2026-01-23 11:00:00+00:00,184.09,189.0,184.03,187.28,1919073.0
2026-01-23 12:00:00+00:00,187.23,187.83,186.88,187.3,808121.0
2026-01-23 13:00:00+00:00,187.0,188.98,183.5,186.9301,2884071.0
2026-01-23 14:00:00+00:00,186.9591,189.6,186.82,187.79,29822623.0
2026-01-23 15:00:00+00:00,187.79,188.35,187.25,187.77,19958720.0
2026-01-23 16:00:00+00:00,187.77,188.09,187.13,187.7675,16861806.0
2026-01-23 17:00:00+00:00,187.77,188.2361,187.145,187.375,13597478.0
2026-01-23 18:00:00+00:00,187.36,188.22,187.22,188.07,11683348.0
2026-01-23 19:00:00+00:00,188.07,188.41,187.35,187.57,12600244.0
2026-01-23 20:00:00+00:00,187.565,187.915,187.11,187.67,17585814.0
2026-01-23 21:00:00+00:00,187.648,187.8,187.2,187.47,1319355.0
2026-01-23 22:00:00+00:00,187.46,187.67,187.23,187.23,762324.0
2026-01-23 23:00:00+00:00,187.23,187.3,187.21,187.23,116206.0
2026-01-24 00:00:00+00:00,187.23,187.3,187.21,187.25,148630.0
2026-01-26 09:00:00+00:00,187.0,187.16,185.68,186.16,245519.0
2026-01-26 10:00:00+00:00,186.2,186.5,186.04,186.27,135138.0
2026-01-26 11:00:00+00:00,186.29,186.35,186.01,186.22,108214.0
2026-01-26 12:00:00+00:00,186.22,186.56,186.06,186.43,272025.0
2026-01-26 13:00:00+00:00,186.43,187.07,185.69,186.73,1541822.0
2026-01-26 14:00:00+00:00,186.68,189.12,186.68,187.515,23239749.0
2026-01-26 15:00:00+00:00,187.505,187.77,186.85,187.27,17394847.0
2026-01-26 16:00:00+00:00,187.27,187.285,186.01,187.015,16983530.0
2026-01-26 17:00:00+00:00,187.015,187.25,186.2,186.4755,10757956.0
2026-01-26 18:00:00+00:00,186.4799,187.075,185.99,187.04,10532829.0
2026-01-26 19:00:00+00:00,187.04,187.08,186.2,186.265,8931819.0
2026-01-26 20:00:00+00:00,186.27,186.8,186.0,186.38,14035988.0
2026-01-26 21:00:00+00:00,186.47,186.47,186.18,186.26,1677240.0
2026-01-26 22:00:00+00:00,186.27,186.42,186.18,186.39,171986.0
2026-01-26 23:00:00+00:00,186.3362,186.5,186.27,186.4499,144728.0
2026-01-27 00:00:00+00:00,186.4491,186.5,186.37,186.4191,193045.0
2026-01-27 09:00:00+00:00,187.35,187.58,187.12,187.54,200222.0
2026-01-27 10:00:00+00:00,187.56,187.79,187.53,187.58,109707.0
2026-01-27 11:00:00+00:00,187.6,187.66,187.34,187.46,122200.0
2026-01-27 12:00:00+00:00,187.42,187.96,187.08,187.08,340775.0
2026-01-27 13:00:00+00:00,187.3,187.9015,187.01,187.29,1085599.0
2026-01-27 14:00:00+00:00,187.3,187.79,185.7,187.64,18513293.0
2026-01-27 15:00:00+00:00,187.64,189.795,187.49,189.35,29394437.0
2026-01-27 16:00:00+00:00,189.36,190.0,189.19,189.6599,17624917.0
2026-01-27 17:00:00+00:00,189.65,190.0,189.06,189.2099,13309667.0
2026-01-27 18:00:00+00:00,189.2099,189.78,188.9,189.35,11874272.0
2026-01-27 19:00:00+00:00,189.345,189.48,188.95,189.28,13652657.0
2026-01-27 20:00:00+00:00,189.27,189.72,188.47,188.533,18219472.0
2026-01-27 21:00:00+00:00,188.52,189.68,188.12,188.82,1983392.0
2026-01-27 22:00:00+00:00,188.849,189.05,188.52,188.87,4516658.0
2026-01-27 23:00:00+00:00,188.83,188.96,188.8,188.86,161942.0
2026-01-28 00:00:00+00:00,188.85,189.5869,188.85,189.5,362304.0
2026-01-28 09:00:00+00:00,191.54,192.67,190.8,191.14,728918.0
2026-01-28 10:00:00+00:00,191.17,192.0,190.95,191.93,287365.0
2026-01-28 11:00:00+00:00,191.91,192.0,191.42,191.5,276079.0
2026-01-28 12:00:00+00:00,191.54,192.51,191.01,192.25,1129702.0
2026-01-28 13:00:00+00:00,192.42,192.6,188.52,191.8192,2774355.0
2026-01-28 14:00:00+00:00,191.8,192.329,190.12,191.86,24668692.0
2026-01-28 15:00:00+00:00,191.85,192.35,190.723,190.91,22545501.0
2026-01-28 16:00:00+00:00,190.92,192.04,189.84,190.2798,21415499.0
2026-01-28 17:00:00+00:00,190.27,191.705,190.17,191.6,12952090.0
2026-01-28 18:00:00+00:00,191.595,191.99,191.26,191.92,10903499.0
2026-01-28 19:00:00+00:00,191.93,192.32,190.9037,191.5847,17437636.0
2026-01-28 20:00:00+00:00,191.58,192.12,190.84,191.53,19035348.0
2026-01-28 21:00:00+00:00,191.52,193.11,191.3,192.21,2892564.0
2026-01-28 22:00:00+00:00,192.3,192.5,191.52,192.06,563721.0
2026-01-28 23:00:00+00:00,192.08,192.18,190.6,190.63,680332.0
2026-01-29 00:00:00+00:00,190.64,190.69,190.0,190.29,696914.0
2026-01-29 09:00:00+00:00,191.38,191.43,190.39,190.4,193074.0
2026-01-29 10:00:00+00:00,190.42,191.0,190.2,190.72,190036.0
2026-01-29 11:00:00+00:00,190.74,191.5,190.7,191.26,265488.0
2026-01-29 12:00:00+00:00,191.2,191.48,191.0,191.03,321611.0
2026-01-29 13:00:00+00:00,191.25,191.78,190.21,191.555,1348765.0
2026-01-29 14:00:00+00:00,191.53,193.48,190.15,190.8,23564578.0
2026-01-29 15:00:00+00:00,190.81,190.84,186.06,186.4298,34554391.0
2026-01-29 16:00:00+00:00,186.43,188.48,186.0635,188.105,22353682.0
2026-01-29 17:00:00+00:00,188.105,190.005,188.02,189.3399,17004681.0
2026-01-29 18:00:00+00:00,189.34,190.69,189.3299,190.515,14937570.0
2026-01-29 19:00:00+00:00,190.51,190.78,190.02,190.58,12637469.0
2026-01-29 20:00:00+00:00,190.58,192.84,190.37,192.43,26146175.0
2026-01-29 21:00:00+00:00,192.51,192.87,190.0577,192.04,1558898.0
2026-01-29 22:00:00+00:00,192.02,192.05,191.1,191.22,350851.0
2026-01-29 23:00:00+00:00,191.16,191.7,190.58,191.29,414150.0
2026-01-30 00:00:00+00:00,191.33,191.49,191.0,191.15,331631.0
2026-01-30 09:00:00+00:00,190.0,192.51,188.26,188.81,319064.0
2026-01-30 10:00:00+00:00,188.85,189.96,188.8,189.61,172697.0
2026-01-30 11:00:00+00:00,189.65,190.51,189.59,190.31,188689.0
2026-01-30 12:00:00+00:00,190.39,191.11,190.2,190.56,360647.0
2026-01-30 13:00:00+00:00,190.47,191.1183,188.3,190.57,1659556.0
2026-01-30 14:00:00+00:00,190.57,192.98,190.44,191.62,18832616.0
2026-01-30 15:00:00+00:00,191.62,194.49,191.225,193.69,31653931.0
2026-01-30 16:00:00+00:00,193.71,193.91,191.9,192.34,18789341.0
2026-01-30 17:00:00+00:00,192.35,193.03,191.58,191.8294,15668547.0
2026-01-30 18:00:00+00:00,191.82,191.85,190.49,191.52,15832478.0
2026-01-30 19:00:00+00:00,191.52,191.92,190.68,190.81,13459330.0
2026-01-30 20:00:00+00:00,190.83,191.74,189.47,191.285,27292522.0
2026-01-30 21:00:00+00:00,191.33,191.54,190.2,190.44,1411706.0
2026-01-30 22:00:00+00:00,190.41,190.46,190.1,190.1,194796.0
2026-01-30 23:00:00+00:00,190.1,190.41,189.8,189.95,273316.0
2026-01-31 00:00:00+00:00,189.94,190.2482,189.51,190.2,309895.0
2026-02-02 09:00:00+00:00,187.9,188.24,187.04,187.71,395236.0
2026-02-02 10:00:00+00:00,187.71,188.08,187.14,187.39,201492.0
2026-02-02 11:00:00+00:00,187.36,188.0,187.21,187.89,209957.0
2026-02-02 12:00:00+00:00,187.88,189.45,187.81,189.05,638752.0
2026-02-02 13:00:00+00:00,191.13,191.13,185.0,188.36,2263976.0
2026-02-02 14:00:00+00:00,188.37,188.6507,186.5,186.66,22312798.0
2026-02-02 15:00:00+00:00,186.63,189.38,186.42,188.6425,23005365.0
2026-02-02 16:00:00+00:00,188.6495,189.51,187.87,189.445,15619898.0
2026-02-02 17:00:00+00:00,189.435,190.12,189.09,189.8779,13244151.0
2026-02-02 18:00:00+00:00,189.875,190.3,189.47,189.99,11407746.0
2026-02-02 19:00:00+00:00,189.995,190.1,187.41,187.44,13647463.0
2026-02-02 20:00:00+00:00,187.44,187.64,184.88,185.69,34531656.0
2026-02-02 21:00:00+00:00,185.68,186.6,183.19,185.02,4372170.0
2026-02-02 22:00:00+00:00,185.0,187.25,184.95,186.68,1186434.0
2026-02-02 23:00:00+00:00,186.66,186.94,186.11,186.22,562100.0
2026-02-03 00:00:00+00:00,186.21,186.6592,186.1,186.25,434011.0
2026-02-03 09:00:00+00:00,186.97,187.1,186.03,186.5,268935.0
2026-02-03 10:00:00+00:00,186.55,186.77,186.22,186.32,127899.0
2026-02-03 11:00:00+00:00,186.32,186.52,186.0,186.425,139362.0
2026-02-03 12:00:00+00:00,186.43,187.17,186.38,186.92,353850.0
2026-02-03 13:00:00+00:00,186.7,187.46,186.05,186.87,1426549.0
2026-02-03 14:00:00+00:00,186.9,186.98,181.5,181.83,28881110.0
2026-02-03 15:00:00+00:00,181.84,182.0,179.56,180.7599,36159668.0
2026-02-03 16:00:00+00:00,180.76,180.83,179.08,180.075,23049947.0
2026-02-03 17:00:00+00:00,180.07,180.4,178.65,178.87,20583215.0
2026-02-03 18:00:00+00:00,178.87,179.72,178.41,178.43,16372076.0
2026-02-03 19:00:00+00:00,178.42,179.52,176.23,177.87,27815519.0
2026-02-03 20:00:00+00:00,177.87,180.7,177.5293,180.33,27367402.0
2026-02-03 21:00:00+00:00,180.39,180.92,178.6,179.81,2081723.0
2026-02-03 22:00:00+00:00,179.76,179.8,178.65,178.92,666776.0
2026-02-03 23:00:00+00:00,178.96,179.5734,178.83,179.2718,372684.0
2026-02-04 00:00:00+00:00,179.26,179.3,179.0,179.3,315408.0
2026-02-04 09:00:00+00:00,179.8,179.95,178.67,179.5,219715.0
2026-02-04 10:00:00+00:00,179.55,180.91,179.5,180.7,223520.0
2026-02-04 11:00:00+00:00,180.7,181.7,180.35,181.51,295265.0
2026-02-04 12:00:00+00:00,181.47,181.5,180.5,180.61,322795.0
2026-02-04 13:00:00+00:00,180.61,181.68,177.0,179.47,1347986.0
2026-02-04 14:00:00+00:00,179.47,180.06,177.2,177.77,18881261.0
2026-02-04 15:00:00+00:00,177.75,178.13,175.66,175.88,31719129.0
2026-02-04 16:00:00+00:00,175.88,176.03,173.26,174.65,27524398.0
2026-02-04 17:00:00+00:00,174.64,175.18,171.91,173.2902,25800282.0
2026-02-04 18:00:00+00:00,173.295,174.32,172.42,174.1,20272808.0
2026-02-04 19:00:00+00:00,174.09,175.98,173.6699,175.955,21408039.0
2026-02-04 20:00:00+00:00,175.95,176.14,174.19,174.2,27107180.0
2026-02-04 21:00:00+00:00,174.19,177.95,174.19,177.44,5591830.0
2026-02-04 22:00:00+00:00,177.45,178.71,177.3,177.32,1472338.0
2026-02-04 23:00:00+00:00,177.3,177.83,177.15,177.23,363843.0
2026-02-05 00:00:00+00:00,177.23,177.95,177.06,177.65,296427.0
2026-02-05 09:00:00+00:00,177.2,178.14,176.8,177.59,354906.0
2026-02-05 10:00:00+00:00,177.59,178.37,177.57,177.71,162178.0
2026-02-05 11:00:00+00:00,177.61,177.84,176.29,176.9,324970.0
2026-02-05 12:00:00+00:00,177.0,177.11,172.45,173.94,1650223.0
2026-02-05 13:00:00+00:00,177.57,178.33,172.4,174.0723,2685592.0
2026-02-05 14:00:00+00:00,174.07,176.815,173.0,173.89,28790288.0
2026-02-05 15:00:00+00:00,173.9,174.23,171.31,173.18,35882544.0
2026-02-05 16:00:00+00:00,173.19,175.6,171.82,175.21,25510786.0
2026-02-05 17:00:00+00:00,175.21,175.7748,174.37,174.96,16504841.0
2026-02-05 18:00:00+00:00,174.95,175.37,173.07,173.21,23655731.0
2026-02-05 19:00:00+00:00,173.2,174.425,172.74,173.19,15394024.0
2026-02-05 20:00:00+00:00,173.175,174.22,171.03,171.89,26999445.0
2026-02-05 21:00:00+00:00,171.93,173.62,170.15,171.42,3622191.0
2026-02-05 22:00:00+00:00,171.39,172.2,170.75,171.17,2809299.0
2026-02-05 23:00:00+00:00,171.17,171.87,170.03,170.28,586144.0
2026-02-06 00:00:00+00:00,170.25,171.0545,170.0,170.6497,806392.0
2026-02-06 09:00:00+00:00,172.8,176.17,172.26,176.17,755515.0
2026-02-06 10:00:00+00:00,176.14,177.4,175.5,177.39,595991.0
2026-02-06 11:00:00+00:00,177.41,177.94,177.02,177.46,722342.0
2026-02-06 12:00:00+00:00,177.46,177.53,176.09,176.32,1039185.0
2026-02-06 13:00:00+00:00,173.17,177.9,171.44,177.1,2933585.0
2026-02-06 14:00:00+00:00,177.11,181.72,174.6,180.5569,39016849.0
2026-02-06 15:00:00+00:00,180.57,182.99,179.45,182.845,40187452.0
2026-02-06 16:00:00+00:00,182.85,184.35,182.55,183.24,31029755.0
2026-02-06 17:00:00+00:00,183.25,185.17,182.93,184.485,22677000.0
2026-02-06 18:00:00+00:00,184.49,185.02,184.21,184.57,15341552.0
2026-02-06 19:00:00+00:00,184.56,185.1,184.135,184.9834,15057543.0
2026-02-06 20:00:00+00:00,184.99,187.0,184.68,185.41,36420445.0
2026-02-06 21:00:00+00:00,185.41,186.05,184.87,185.41,3024677.0
2026-02-06 22:00:00+00:00,185.47,185.47,184.81,185.15,880884.0
2026-02-06 23:00:00+00:00,185.15,185.34,185.0,185.28,236936.0
2026-02-07 00:00:00+00:00,185.297,185.38,184.97,185.1801,282798.0
2026-02-09 09:00:00+00:00,185.0,185.43,183.78,183.9,357619.0
2026-02-09 10:00:00+00:00,183.9,184.03,182.83,183.72,375919.0
2026-02-09 11:00:00+00:00,183.72,184.08,183.33,183.86,200969.0
2026-02-09 12:00:00+00:00,183.93,184.2,183.5,183.86,400545.0
2026-02-09 13:00:00+00:00,183.71,185.99,182.82,183.99,5154789.0
2026-02-09 14:00:00+00:00,184.057,193.66,183.76,191.16,49251760.0
2026-02-09 15:00:00+00:00,191.15,192.44,190.58,191.975,34646201.0
2026-02-09 16:00:00+00:00,191.98,192.15,191.405,191.48,17691879.0
2026-02-09 17:00:00+00:00,191.475,192.52,191.305,191.43,17376561.0
2026-02-09 18:00:00+00:00,191.43,191.64,190.675,190.765,12472609.0
2026-02-09 19:00:00+00:00,190.76,191.42,190.64,190.93,12867709.0
2026-02-09 20:00:00+00:00,190.92,191.15,189.535,189.79,25389833.0
2026-02-09 21:00:00+00:00,189.81,190.9892,189.81,190.0,1440702.0
2026-02-09 22:00:00+00:00,190.0,190.09,189.89,190.0,188555.0
2026-02-09 23:00:00+00:00,190.02,190.09,189.88,189.93,209603.0
2026-02-10 00:00:00+00:00,189.91,190.0,189.5,189.69,168828.0
2026-02-10 09:00:00+00:00,190.5,191.43,190.37,191.05,163079.0
2026-02-10 10:00:00+00:00,191.04,191.21,190.85,191.06,94892.0
2026-02-10 11:00:00+00:00,191.01,191.36,190.73,191.29,138254.0
2026-02-10 12:00:00+00:00,191.24,192.19,191.22,191.38,571995.0
2026-02-10 13:00:00+00:00,191.07,192.2,189.74,191.34,1660825.0
2026-02-10 14:00:00+00:00,191.34,192.48,188.365,189.29,25236828.0
2026-02-10 15:00:00+00:00,189.3,190.25,188.12,190.05,23885701.0
2026-02-10 16:00:00+00:00,190.06,190.33,188.91,189.28,20228750.0
2026-02-10 17:00:00+00:00,189.27,190.44,189.2107,190.217,12605489.0
2026-02-10 18:00:00+00:00,190.225,190.26,189.07,189.48,9315141.0
2026-02-10 19:00:00+00:00,189.48,189.6,188.77,189.04,8777340.0
2026-02-10 20:00:00+00:00,189.03,189.555,188.38,188.61,17718809.0
2026-02-10 21:00:00+00:00,188.54,188.82,188.32,188.6196,1457419.0
2026-02-10 22:00:00+00:00,188.63,188.7,188.42,188.56,172798.0
2026-02-10 23:00:00+00:00,188.59,189.0,188.53,188.95,213069.0
2026-02-11 00:00:00+00:00,188.9305,188.97,188.75,188.8685,173458.0
2026-02-11 09:00:00+00:00,188.74,189.22,188.0,188.3,119507.0
2026-02-11 10:00:00+00:00,188.3,188.47,188.0,188.47,112574.0
2026-02-11 11:00:00+00:00,188.48,189.94,188.48,189.2,236863.0
2026-02-11 12:00:00+00:00,189.16,190.0,189.0,189.69,270566.0
2026-02-11 13:00:00+00:00,189.25,192.41,188.0,191.77,2898488.0
2026-02-11 14:00:00+00:00,191.76,193.26,190.99,191.22,26673471.0
2026-02-11 15:00:00+00:00,191.25,191.96,188.77,191.5908,30640798.0
2026-02-11 16:00:00+00:00,191.6,192.185,190.69,190.94,18075630.0
2026-02-11 17:00:00+00:00,190.945,192.28,190.37,191.82,14439310.0
2026-02-11 18:00:00+00:00,191.8101,192.0,190.97,191.77,10703644.0
2026-02-11 19:00:00+00:00,191.77,192.21,191.3,191.52,10623173.0
2026-02-11 20:00:00+00:00,191.525,191.57,189.95,190.04,16852629.0
2026-02-11 21:00:00+00:00,190.05,190.52,189.48,190.4723,1166763.0
2026-02-11 22:00:00+00:00,190.45,190.48,190.05,190.3767,201065.0
2026-02-11 23:00:00+00:00,190.38,190.54,190.28,190.4,279045.0
2026-02-12 00:00:00+00:00,190.4,190.64,190.15,190.62,170874.0
2026-02-12 09:00:00+00:00,190.87,191.69,190.75,191.51,174437.0
2026-02-12 10:00:00+00:00,191.49,191.59,191.2,191.52,84167.0
2026-02-12 11:00:00+00:00,191.53,192.1,191.52,191.76,174324.0
2026-02-12 12:00:00+00:00,191.75,192.45,191.66,192.14,291078.0
2026-02-12 13:00:00+00:00,191.5,192.68,189.575,192.55,1407009.0
2026-02-12 14:00:00+00:00,192.56,193.61,191.22,191.45,23980602.0
2026-02-12 15:00:00+00:00,191.425,191.98,189.155,189.23,29703197.0
2026-02-12 16:00:00+00:00,189.23,189.8,187.23,189.29,28192353.0
2026-02-12 17:00:00+00:00,189.29,190.53,188.92,189.6665,18146359.0
2026-02-12 18:00:00+00:00,189.655,189.96,188.54,189.8599,16792823.0
2026-02-12 19:00:00+00:00,189.86,190.0,188.14,188.2595,14332815.0
2026-02-12 20:00:00+00:00,188.26,188.525,186.51,186.91,25356116.0
2026-02-12 21:00:00+00:00,187.0,189.6826,186.59,187.88,3059608.0
2026-02-12 22:00:00+00:00,187.94,188.0,187.58,187.99,184373.0
2026-02-12 23:00:00+00:00,187.98,188.4498,187.5,187.99,395907.0
2026-02-13 00:00:00+00:00,187.95,188.4,187.0,187.19,376084.0
2026-02-13 09:00:00+00:00,186.94,188.29,186.5,187.62,168951.0
2026-02-13 10:00:00+00:00,187.7,188.3,186.8,187.01,117907.0
2026-02-13 11:00:00+00:00,186.96,187.09,186.17,186.85,175186.0
2026-02-13 12:00:00+00:00,186.87,187.4,186.58,186.77,224725.0
2026-02-13 13:00:00+00:00,187.01,188.28,185.78,187.51,2243959.0
2026-02-13 14:00:00+00:00,187.45,188.15,182.26,182.41,31854976.0
2026-02-13 15:00:00+00:00,182.4,185.18,182.18,183.29,30280656.0
2026-02-13 16:00:00+00:00,183.315,184.16,182.8,183.84,16462965.0
2026-02-13 17:00:00+00:00,183.84,184.98,183.66,183.985,12014533.0
2026-02-13 18:00:00+00:00,183.98,184.86,183.46,184.2051,10789482.0
2026-02-13 19:00:00+00:00,184.205,184.285,182.83,182.8699,11271777.0
2026-02-13 20:00:00+00:00,182.86,183.41,181.59,182.78,27594257.0
2026-02-13 21:00:00+00:00,182.81,183.2,182.73,183.09,2946604.0
2026-02-13 22:00:00+00:00,183.1,183.14,182.85,182.9915,185285.0
2026-02-13 23:00:00+00:00,183.0,183.05,182.81,182.81,120240.0
2026-02-14 00:00:00+00:00,182.9,182.97,182.81,182.88,141455.0
2026-02-17 09:00:00+00:00,182.1,182.25,181.27,181.99,181098.0
2026-02-17 10:00:00+00:00,182.01,182.1,180.8,180.88,178902.0
2026-02-17 11:00:00+00:00,181.0,181.65,180.45,181.29,230178.0
2026-02-17 12:00:00+00:00,181.29,181.9,181.02,181.06,372519.0
2026-02-17 13:00:00+00:00,181.72,182.64,180.0,181.04,1668652.0
2026-02-17 14:00:00+00:00,181.0185,183.42,179.29,179.29,23467470.0
2026-02-17 15:00:00+00:00,179.3,181.96,179.18,181.7975,24964211.0
2026-02-17 16:00:00+00:00,181.83,184.59,181.75,184.05,24316572.0
2026-02-17 17:00:00+00:00,184.09,184.9,183.575,184.88,16240845.0
2026-02-17 18:00:00+00:00,184.88,185.94,184.17,185.49,14478138.0
2026-02-17 19:00:00+00:00,185.47,187.15,185.45,185.97,15643021.0
2026-02-17 20:00:00+00:00,185.965,186.2,184.35,185.0299,20363022.0
2026-02-17 21:00:00+00:00,185.02,188.5,183.5024,186.81,3994354.0
2026-02-17 22:00:00+00:00,186.8,186.95,186.41,186.7,315186.0
2026-02-17 23:00:00+00:00,186.7,186.74,185.51,185.62,350713.0
2026-02-18 00:00:00+00:00,185.71,186.59,185.6508,186.43,354534.0
2026-02-18 09:00:00+00:00,187.61,188.66,187.5,188.25,359549.0
2026-02-18 10:00:00+00:00,188.22,188.78,187.84,187.95,160575.0
2026-02-18 11:00:00+00:00,187.98,188.63,187.84,188.43,207236.0
2026-02-18 12:00:00+00:00,188.42,189.25,188.22,188.66,599125.0
2026-02-18 13:00:00+00:00,188.64,189.31,186.89,188.32,1663120.0
2026-02-18 14:00:00+00:00,188.33,189.19,187.35,188.75,25262235.0
2026-02-18 15:00:00+00:00,188.75,190.23,188.7,189.865,28815108.0
2026-02-18 16:00:00+00:00,189.86,190.37,188.7325,188.7901,15814697.0
2026-02-18 17:00:00+00:00,188.79,189.465,188.66,189.13,12394240.0
2026-02-18 18:00:00+00:00,189.13,189.695,188.2,188.8,12230440.0
2026-02-18 19:00:00+00:00,188.8,189.1299,186.965,187.0751,17279468.0
2026-02-18 20:00:00+00:00,187.07,188.51,186.76,187.84,26528621.0
2026-02-18 21:00:00+00:00,187.98,188.6855,187.65,187.75,1086743.0
2026-02-18 22:00:00+00:00,187.75,188.41,187.68,188.33,219937.0
2026-02-18 23:00:00+00:00,188.28,188.5,187.98,188.07,176850.0
2026-02-19 00:00:00+00:00,188.08,188.15,187.79,187.9587,222732.0
2026-02-19 09:00:00+00:00,188.25,188.41,187.14,187.59,165173.0
2026-02-19 10:00:00+00:00,187.6,187.7,186.95,187.32,144895.0
2026-02-19 11:00:00+00:00,187.32,187.47,187.01,187.34,110717.0
2026-02-19 12:00:00+00:00,187.35,187.7,186.9,187.38,199857.0
2026-02-19 13:00:00+00:00,187.53,189.24,186.9019,187.04,933780.0
2026-02-19 14:00:00+00:00,187.02,187.39,185.66,186.755,16391581.0
2026-02-19 15:00:00+00:00,186.7225,188.43,186.37,187.92,22693617.0
2026-02-19 16:00:00+00:00,187.93,187.99,186.44,186.6839,16735310.0
2026-02-19 17:00:00+00:00,186.69,187.0,185.79,185.95,13428465.0
2026-02-19 18:00:00+00:00,185.94,186.75,185.85,186.715,10539680.0
2026-02-19 19:00:00+00:00,186.71,187.06,186.33,186.5501,11136838.0
2026-02-19 20:00:00+00:00,186.5503,187.94,186.545,187.89,15389378.0
2026-02-19 21:00:00+00:00,187.9,188.2,187.21,187.39,4400169.0
2026-02-19 22:00:00+00:00,187.35,187.4986,187.13,187.1713,181151.0
2026-02-19 23:00:00+00:00,187.18,187.55,187.18,187.399,150687.0
2026-02-20 00:00:00+00:00,187.4,188.03,187.17,187.91,341628.0
2026-02-20 09:00:00+00:00,187.9,188.95,187.89,188.6,155838.0
2026-02-20 10:00:00+00:00,188.62,188.9,188.2,188.21,91665.0
2026-02-20 11:00:00+00:00,188.2,188.2,187.39,187.42,158296.0
2026-02-20 12:00:00+00:00,187.66,187.66,186.7,187.33,270043.0
2026-02-20 13:00:00+00:00,187.33,188.95,186.35,186.72,1137003.0
2026-02-20 14:00:00+00:00,186.7102,188.7,185.9378,187.65,21480166.0
2026-02-20 15:00:00+00:00,187.655,190.18,186.58,190.045,37353621.0
2026-02-20 16:00:00+00:00,190.03,190.33,188.57,189.79,24259769.0
2026-02-20 17:00:00+00:00,189.79,189.88,187.63,188.72,21960416.0
2026-02-20 18:00:00+00:00,188.7,189.92,188.16,189.8126,19531580.0
2026-02-20 19:00:00+00:00,189.82,190.09,188.94,189.2651,13869617.0
2026-02-20 20:00:00+00:00,189.27,190.0,189.195,189.81,19398974.0
2026-02-20 21:00:00+00:00,189.82,189.97,189.3,189.5003,1200508.0
2026-02-20 22:00:00+00:00,189.54,190.0,189.52,189.97,414949.0
2026-02-20 23:00:00+00:00,189.97,189.98,189.81,189.86,128320.0
2026-02-21 00:00:00+00:00,189.8554,190.0,189.8,189.9985,193430.0
2026-02-23 09:00:00+00:00,188.81,190.59,188.79,190.33,382459.0
2026-02-23 10:00:00+00:00,190.36,190.45,189.26,190.11,297616.0
2026-02-23 11:00:00+00:00,190.11,190.14,189.1,189.16,222684.0
2026-02-23 12:00:00+00:00,189.21,189.77,189.18,189.58,306691.0
2026-02-23 13:00:00+00:00,190.23,190.99,187.87,190.7338,1725167.3718959999
2026-02-23 14:00:00+00:00,190.71,193.95,190.45,193.11,30951901.179880995
2026-02-23 15:00:00+00:00,193.11,193.46,190.1801,190.22,29606574.169562
2026-02-23 16:00:00+00:00,190.23,191.51,189.575,190.695,22147108.816948
2026-02-23 17:00:00+00:00,190.69,191.28,189.725,191.035,15965232.294645997
2026-02-23 18:00:00+00:00,191.045,191.75,190.78,190.9,14305539.927219994
2026-02-23 19:00:00+00:00,190.91,191.257,190.19,190.48,14087252.958881995
2026-02-23 20:00:00+00:00,190.48,191.66,190.23,191.64,20837949.852399
2026-02-23 21:00:00+00:00,191.64,191.88,191.4,191.72,1673324.1742179997
2026-02-23 22:00:00+00:00,191.74,191.9,191.55,191.63,251051.70826900005
2026-02-23 23:00:00+00:00,191.67,191.88,191.56,191.7,271762.83238800004
2026-02-24 00:00:00+00:00,191.67,191.9998,191.5,191.92,329486.32031899993
2026-02-24 09:00:00+00:00,192.3,192.99,191.98,192.45,266375.0
2026-02-24 10:00:00+00:00,192.45,192.63,192.17,192.33,126846.0
2026-02-24 11:00:00+00:00,192.37,192.85,192.21,192.29,209960.0
2026-02-24 12:00:00+00:00,192.27,192.28,189.03,190.09,2085956.0
2026-02-24 13:00:00+00:00,192.6,193.1,189.03,190.6626,2706998.9709100006
2026-02-24 14:00:00+00:00,190.6583,192.07,187.4,189.75,30165527.968146004
2026-02-24 15:00:00+00:00,189.73,192.7,189.56,192.2,25714928.697954
2026-02-24 16:00:00+00:00,192.2,193.35,191.88,192.925,21779939.778798003
2026-02-24 17:00:00+00:00,192.93,193.75,192.8,193.1,16717828.788053
2026-02-24 18:00:00+00:00,193.09,193.43,192.52,192.615,11322591.746509003
2026-02-24 19:00:00+00:00,192.615,193.05,192.16,192.72,13028511.269449001
2026-02-24 20:00:00+00:00,192.7298,193.77,192.535,192.805,21568527.916204
2026-02-24 21:00:00+00:00,192.85,192.85,192.0139,192.59,2553252.783975
2026-02-24 22:00:00+00:00,192.6001,192.65,192.46,192.64,236740.37222400008
2026-02-24 23:00:00+00:00,192.6399,192.83,192.48,192.8,268983.448747
2026-02-25 00:00:00+00:00,192.8,193.14,192.7,192.92,333135.26968100003
2026-02-25 09:00:00+00:00,193.57,193.86,193.38,193.7,184011.0
2026-02-25 10:00:00+00:00,193.75,194.0,193.67,193.99,138459.0
2026-02-25 11:00:00+00:00,193.99,194.68,193.96,194.53,356627.0
2026-02-25 12:00:00+00:00,194.52,194.55,194.06,194.27,512211.0
2026-02-25 13:00:00+00:00,194.25,194.68,193.18,194.4299,1912388.0763419995
2026-02-25 14:00:00+00:00,194.44,195.96,193.79,195.83,32031531.016411997
2026-02-25 15:00:00+00:00,195.83,196.56,195.15,196.215,32266618.895128004
2026-02-25 16:00:00+00:00,196.21,197.32,195.81,197.065,26486169.761759996
2026-02-25 17:00:00+00:00,197.065,197.6299,196.865,197.07,18522314.547649004
2026-02-25 18:00:00+00:00,197.08,197.17,196.481,196.625,13760044.188812003
2026-02-25 19:00:00+00:00,196.62,197.45,196.61,197.18,18582865.496005
2026-02-25 20:00:00+00:00,197.175,197.24,195.52,195.88,35440042.865774006
2026-02-25 21:00:00+00:00,195.56,203.49,193.79,201.14,25898241.09306
2026-02-25 22:00:00+00:00,201.1,201.71,195.63,197.46,12031410.228524001
2026-02-25 23:00:00+00:00,197.46,197.92,192.7,196.01,6067427.448398999
2026-02-26 00:00:00+00:00,196.0,196.25,194.0799,195.92,2244607.0357580003
2026-02-26 09:00:00+00:00,197.6,198.99,196.83,198.84,820550.0
2026-02-26 10:00:00+00:00,198.86,198.9,196.5,197.15,720497.0
2026-02-26 11:00:00+00:00,197.2,198.25,196.4,197.72,689063.0
2026-02-26 12:00:00+00:00,197.67,198.75,197.24,197.69,1399762.0
2026-02-26 13:00:00+00:00,197.95,198.99,195.41,197.2724,5189049.591516
2026-02-26 14:00:00+00:00,197.27,197.52,188.28,189.39,71081194.91477
2026-02-26 15:00:00+00:00,189.39,189.71,184.58,186.329,79463449.17480803
2026-02-26 16:00:00+00:00,186.33,187.97,185.85,185.8965,40960539.193399996
2026-02-26 17:00:00+00:00,185.89,188.12,185.89,186.765,28753651.743063003
2026-02-26 18:00:00+00:00,186.75,186.77,184.82,185.22,32039657.739517
2026-02-26 19:00:00+00:00,185.22,186.7,184.945,185.4,29292225.829066
2026-02-26 20:00:00+00:00,185.39,185.55,184.315,184.87,45452992.095345005
2026-02-26 21:00:00+00:00,184.89,186.1076,184.5,185.3,4277352.711811
2026-02-26 22:00:00+00:00,185.26,185.71,184.85,185.16,1174833.321077
2026-02-26 23:00:00+00:00,185.17,185.28,184.31,185.1588,1047580.0859170003
2026-02-27 00:00:00+00:00,185.1587,185.25,184.8,185.0,635032.0227120001
2026-02-27 09:00:00+00:00,186.27,186.65,185.68,185.92,338265.0
2026-02-27 10:00:00+00:00,185.89,186.18,185.41,185.65,256236.0
2026-02-27 11:00:00+00:00,185.66,185.73,184.43,184.8,422717.0
2026-02-27 12:00:00+00:00,184.8,184.88,183.5,183.74,922957.0
2026-02-27 13:00:00+00:00,184.5,186.65,181.46,182.46,5826411.970610002
2026-02-27 14:00:00+00:00,182.45,182.5,179.57,179.795,44822770.733281
2026-02-27 15:00:00+00:00,179.79,182.59,179.73,181.515,40159869.23804
2026-02-27 16:00:00+00:00,181.52,181.94,180.13,180.355,24055503.467024997
2026-02-27 17:00:00+00:00,180.35,180.695,179.05,179.7551,26555895.894188993
2026-02-27 18:00:00+00:00,179.75,179.82,178.17,178.39,24641779.335268
2026-02-27 19:00:00+00:00,178.38,179.7,178.1,179.365,23607089.960869003
2026-02-27 20:00:00+00:00,179.36,179.4008,176.38,177.15,55595202.29095701
2026-02-27 21:00:00+00:00,177.14,178.92,177.0,177.48,7726247.784416001
2026-02-27 22:00:00+00:00,177.47,178.22,177.19,177.98,2603703.998698
2026-02-27 23:00:00+00:00,177.9899,178.05,177.73,178.04,435591.47323599993
2026-02-28 00:00:00+00:00,178.0385,178.18,177.71,177.8,583058.13629
2026-03-02 09:00:00+00:00,174.19,175.74,174.08,174.22,990529.0
2026-03-02 10:00:00+00:00,174.19,175.0,174.14,174.35,499209.0
2026-03-02 11:00:00+00:00,174.37,176.1,174.37,175.72,779968.0
2026-03-02 12:00:00+00:00,175.81,175.96,173.7,173.97,1603867.0
2026-03-02 13:00:00+00:00,175.17,177.19,173.11,174.35,5360695.848549999
2026-03-02 14:00:00+00:00,174.39,180.15,173.91,179.7,37248744.139272995
2026-03-02 15:00:00+00:00,179.69,181.38,179.05,180.67,34552835.09446101
2026-03-02 16:00:00+00:00,180.68,183.18,180.105,182.63,27985727.656712007
2026-03-02 17:00:00+00:00,182.6262,183.46,182.17,182.705,18038010.078302
2026-03-02 18:00:00+00:00,182.71,182.94,182.044,182.065,12601887.277652003
2026-03-02 19:00:00+00:00,182.07,183.05,181.95,182.8073,13863240.147685006
2026-03-02 20:00:00+00:00,182.81,182.85,181.645,182.35,26255540.737630013
2026-03-02 21:00:00+00:00,182.48,182.94,181.0,182.05,4986883.177150998
2026-03-02 22:00:00+00:00,182.05,182.48,181.95,182.12,852583.3144109998
2026-03-02 23:00:00+00:00,182.1,182.2,181.7,181.8769,341198.53688499995
2026-03-03 00:00:00+00:00,181.87,181.89,181.4,181.4131,281954.24433200003
2026-03-03 09:00:00+00:00,176.63,179.87,176.16,176.48,822742.0
2026-03-03 10:00:00+00:00,176.5,177.1,176.0,177.08,585328.0
2026-03-03 11:00:00+00:00,177.08,177.4,176.31,176.95,553318.0
2026-03-03 12:00:00+00:00,176.98,178.61,176.85,178.48,1118876.0
2026-03-03 13:00:00+00:00,177.34,180.0,176.05,177.43,3509391.7707080008
2026-03-03 14:00:00+00:00,177.4039,180.53,176.91,178.84,26695402.917465996
2026-03-03 15:00:00+00:00,178.84,180.04,176.92,177.5171,32650538.728737
2026-03-03 16:00:00+00:00,177.5101,180.65,177.39,180.035,27158667.33096
2026-03-03 17:00:00+00:00,180.05,180.245,178.98,179.59,15338517.164876003
2026-03-03 18:00:00+00:00,179.58,180.9,179.45,180.515,14221137.215908002
2026-03-03 19:00:00+00:00,180.515,180.87,179.15,180.06,16624630.660189
2026-03-03 20:00:00+00:00,180.07,180.565,179.5,180.05,19160461.346183
2026-03-03 21:00:00+00:00,180.05,180.11,179.55,179.58,3874387.864394001
2026-03-03 22:00:00+00:00,179.55,179.78,179.5,179.6298,194523.41778900006
2026-03-03 23:00:00+00:00,179.62,179.88,179.21,179.41,303583.03705600003
2026-03-04 00:00:00+00:00,179.4,180.27,179.32,179.8606,357013.4729820001
2026-03-04 09:00:00+00:00,179.5,181.47,179.0,181.14,412214.0
2026-03-04 10:00:00+00:00,181.15,183.42,181.07,182.71,694062.0
2026-03-04 11:00:00+00:00,182.69,183.3,181.22,181.49,523870.0
2026-03-04 12:00:00+00:00,181.48,181.98,180.76,181.65,560388.0
2026-03-04 13:00:00+00:00,181.7,183.43,177.35,182.2993,2753603.634692999
2026-03-04 14:00:00+00:00,182.31,182.96,180.06,180.97,27993653.018188003
2026-03-04 15:00:00+00:00,180.98,183.64,180.95,182.8001,28442684.613904998
2026-03-04 16:00:00+00:00,182.82,183.34,181.8,182.6899,17947979.670195997
2026-03-04 17:00:00+00:00,182.7,183.36,182.19,182.99,14360761.593738
2026-03-04 18:00:00+00:00,182.99,184.62,182.385,184.52,19358285.815766998
2026-03-04 19:00:00+00:00,184.53,184.7,183.55,183.825,15830560.592249004
2026-03-04 20:00:00+00:00,183.82,183.86,182.6,182.9,27019610.270867996
2026-03-04 21:00:00+00:00,182.9,183.24,182.51,182.7475,4138175.3949969984
2026-03-04 22:00:00+00:00,182.74,183.3391,182.4,183.22,709353.5863339999
2026-03-04 23:00:00+00:00,183.17,183.33,182.79,183.13,287920.33730799996
2026-03-05 00:00:00+00:00,183.1306,183.7499,183.1,183.64,383083.8024700001
2026-03-05 09:00:00+00:00,182.01,183.42,182.01,182.9,347636.0
2026-03-05 10:00:00+00:00,182.8,183.0,182.45,182.66,142796.0
2026-03-05 11:00:00+00:00,182.7,182.98,182.15,182.23,165147.0
2026-03-05 12:00:00+00:00,182.35,182.7,182.1,182.35,321931.0
2026-03-05 13:00:00+00:00,182.33,183.28,181.27,181.75,1886689.5601069997
2026-03-05 14:00:00+00:00,181.75,182.8,180.8,182.4625,22806784.446608998
2026-03-05 15:00:00+00:00,182.46,183.92,180.85,183.92,28858059.01244899
2026-03-05 16:00:00+00:00,183.91,184.06,182.72,183.02,19206842.38297499
2026-03-05 17:00:00+00:00,183.02,183.83,177.88,178.69,33546728.620015003
2026-03-05 18:00:00+00:00,178.67,180.19,178.645,179.975,21544532.533796
2026-03-05 19:00:00+00:00,179.97,181.02,179.8723,180.57,18354385.799275
2026-03-05 20:00:00+00:00,180.58,183.42,180.41,183.33,31864439.894892
2026-03-05 21:00:00+00:00,183.34,183.36,181.5556,182.46,2080510.5368710002
2026-03-05 22:00:00+00:00,182.48,182.52,182.1001,182.3,434838.296904
2026-03-05 23:00:00+00:00,182.34,183.04,182.2,182.44,347733.51374500006
2026-03-06 00:00:00+00:00,182.42,182.76,182.01,182.1,365262.92176100006
2026-03-06 09:00:00+00:00,182.89,182.89,181.45,181.6,240048.0
2026-03-06 10:00:00+00:00,181.64,182.07,181.57,181.825,116804.0
2026-03-06 11:00:00+00:00,181.8,181.8,180.5,180.8,336580.0
2026-03-06 12:00:00+00:00,180.81,181.32,180.61,180.655,408079.0
2026-03-06 13:00:00+00:00,181.7,183.0,179.6,179.62,2384191.255785
2026-03-06 14:00:00+00:00,179.6,182.34,178.8,181.87,25288464.871053003
2026-03-06 15:00:00+00:00,181.89,182.7561,180.9,181.9494,24580715.571425006
2026-03-06 16:00:00+00:00,181.95,182.4571,181.02,182.3101,17402844.736189004
2026-03-06 17:00:00+00:00,182.32,182.49,180.52,180.825,15988043.745645
2026-03-06 18:00:00+00:00,180.82,181.825,180.62,180.87,14644041.801985001
2026-03-06 19:00:00+00:00,180.87,181.005,179.89,180.05,14565958.415450003
2026-03-06 20:00:00+00:00,180.05,180.3174,176.8201,177.69,45203738.190485984
2026-03-06 21:00:00+00:00,177.69,177.97,177.4,177.8694,6880232.760972999
2026-03-06 22:00:00+00:00,177.8698,178.3,177.76,178.02,442122.24728799996
2026-03-06 23:00:00+00:00,178.0571,178.29,178.02,178.0839,260384.84123700004
2026-03-07 00:00:00+00:00,178.1261,178.21,178.0,178.03,352014.5661579999
2026-03-09 08:00:00+00:00,175.7,176.37,175.01,175.76,318825.0
2026-03-09 09:00:00+00:00,175.81,177.61,175.45,177.03,398016.0
2026-03-09 10:00:00+00:00,176.94,176.94,175.96,175.99,296356.0
2026-03-09 11:00:00+00:00,176.0,176.58,175.72,176.1,632617.0
2026-03-09 12:00:00+00:00,175.64,177.65,173.8,176.2,1917979.594935
2026-03-09 13:00:00+00:00,176.2,178.1583,175.56,176.935,23496536.911032002
2026-03-09 14:00:00+00:00,176.93,179.35,176.25,178.74,28244311.579384997
2026-03-09 15:00:00+00:00,178.755,180.13,178.65,179.74,17356384.147461
2026-03-09 16:00:00+00:00,179.74,180.91,179.56,180.1594,16105505.471970001
2026-03-09 17:00:00+00:00,180.16,180.16,179.02,179.66,12919370.1975
2026-03-09 18:00:00+00:00,179.66,180.49,179.31,179.33,14463203.474117998
2026-03-09 19:00:00+00:00,179.339,182.91,179.29,182.64,36358921.491398
2026-03-09 20:00:00+00:00,182.65,182.85,181.7,181.98,2021031.6541200003
2026-03-09 21:00:00+00:00,181.98,182.0,181.6514,181.82,309108.5408870001
2026-03-09 22:00:00+00:00,181.83,181.93,181.12,181.4478,499798.090686
2026-03-09 23:00:00+00:00,181.45,181.8,181.3,181.35,326905.831747
2026-03-10 08:00:00+00:00,182.65,184.18,182.31,183.18,433607.0
2026-03-10 09:00:00+00:00,183.18,183.69,183.0,183.07,187852.0
2026-03-10 10:00:00+00:00,183.08,183.12,182.6,182.78,200912.0
2026-03-10 11:00:00+00:00,182.77,183.24,182.11,182.15,433836.0
2026-03-10 12:00:00+00:00,182.78,183.85,181.0,182.1,1583150.0953060004
2026-03-10 13:00:00+00:00,182.14,183.87,181.87,182.77,20232027.188011993
2026-03-10 14:00:00+00:00,182.78,185.71,182.2001,185.47,29779396.712187998
2026-03-10 15:00:00+00:00,185.47,186.44,185.24,185.925,26056017.768525
2026-03-10 16:00:00+00:00,185.93,185.935,185.045,185.635,15364798.049968004
2026-03-10 17:00:00+00:00,185.62,186.225,185.105,185.72,13904871.375332998
2026-03-10 18:00:00+00:00,185.72,185.82,184.1,184.38,18860318.108745
2026-03-10 19:00:00+00:00,184.385,185.03,183.25,184.76,29744043.190195996
2026-03-10 20:00:00+00:00,184.77,185.59,184.63,184.92,2242573.853542001
2026-03-10 21:00:00+00:00,184.92,185.0622,184.72,184.78,244497.326128
2026-03-10 22:00:00+00:00,184.75,184.8,184.45,184.6,265307.9899769999
2026-03-10 23:00:00+00:00,184.6,184.85,184.51,184.7603,228467.230893
2026-03-11 08:00:00+00:00,185.19,185.82,184.98,185.1,150543.0
2026-03-11 09:00:00+00:00,185.1,185.14,184.15,184.24,150669.0
2026-03-11 10:00:00+00:00,184.2,185.33,184.07,185.25,145638.0
2026-03-11 11:00:00+00:00,185.25,185.65,184.9,185.15,227840.0
2026-03-11 12:00:00+00:00,185.05,186.24,184.06,184.76,1184904.944538
2026-03-11 13:00:00+00:00,184.83,186.99,184.757,186.8975,22763801.40040001
2026-03-11 14:00:00+00:00,186.885,187.62,185.8701,186.435,24803366.643064
2026-03-11 15:00:00+00:00,186.44,186.77,184.84,185.605,18689713.318499003
2026-03-11 16:00:00+00:00,185.605,186.07,185.26,185.715,11398915.849243997
2026-03-11 17:00:00+00:00,185.71,185.87,184.45,185.13,12733495.415163001
2026-03-11 18:00:00+00:00,185.1396,185.74,184.7134,185.605,10713889.114943001
2026-03-11 19:00:00+00:00,185.605,186.04,185.23,186.01,15673211.072382
2026-03-11 20:00:00+00:00,186.03,186.08,185.45,185.55,708370.5219580003
2026-03-11 21:00:00+00:00,185.52,185.75,185.5005,185.7,572232.620453
2026-03-11 22:00:00+00:00,185.61,185.61,184.7,184.9999,446749.62769800005
2026-03-11 23:00:00+00:00,185.0,185.0,184.05,184.3,500822.5863390001
2026-03-12 08:00:00+00:00,185.0,185.39,184.45,185.09,145300.0
2026-03-12 09:00:00+00:00,185.0,185.35,184.64,185.23,112664.0
2026-03-12 10:00:00+00:00,185.23,185.3,184.93,185.11,72183.0
2026-03-12 11:00:00+00:00,185.07,185.47,184.9,185.11,198375.0
2026-03-12 12:00:00+00:00,185.02,185.47,183.4,184.6903,2606763.224576001
2026-03-12 13:00:00+00:00,184.6955,184.86,182.05,182.38,21191177.21903599
2026-03-12 14:00:00+00:00,182.385,183.23,181.75,182.385,24206794.081893995
2026-03-12 15:00:00+00:00,182.385,184.3791,181.8,184.3201,19949091.625738997
2026-03-12 16:00:00+00:00,184.34,184.94,183.7,183.995,18247735.268851995
2026-03-12 17:00:00+00:00,183.995,184.58,183.165,183.5461,12931179.202137
2026-03-12 18:00:00+00:00,183.55,184.005,182.93,183.09,12142078.20549
2026-03-12 19:00:00+00:00,183.09,183.67,182.7201,183.01,20737612.069486
2026-03-12 20:00:00+00:00,183.09,183.43,182.79,183.2,3000511.6777879987
2026-03-12 21:00:00+00:00,183.17,183.4,182.94,183.0,160955.69701699997
2026-03-12 22:00:00+00:00,183.0,183.4,182.93,183.16,201043.12686799996
2026-03-12 23:00:00+00:00,183.2,183.48,182.9,182.9,256620.04729700004
2026-03-13 08:00:00+00:00,182.65,183.34,182.06,183.12,153792.0
2026-03-13 09:00:00+00:00,183.21,183.53,183.08,183.36,95992.0
2026-03-13 10:00:00+00:00,183.34,184.07,183.34,183.9,136940.0
2026-03-13 11:00:00+00:00,183.9,184.88,183.85,184.61,443058.0
2026-03-13 12:00:00+00:00,184.0,185.77,182.03,185.1,2436691.865227001
2026-03-13 13:00:00+00:00,185.1,186.09,184.415,184.875,22082158.844336003
2026-03-13 14:00:00+00:00,184.8888,185.1,182.01,182.125,27517937.323006995
2026-03-13 15:00:00+00:00,182.1,182.845,180.75,181.0601,25398984.881869003
2026-03-13 16:00:00+00:00,181.05,181.76,180.72,181.07,17717009.843809
2026-03-13 17:00:00+00:00,181.075,181.6699,180.45,180.515,12193928.578616003
2026-03-13 18:00:00+00:00,180.515,181.14,180.0,181.02,14610858.639394
2026-03-13 19:00:00+00:00,181.015,181.0399,179.94,180.26,23848958.071754005
2026-03-13 20:00:00+00:00,180.25,180.2726,180.01,180.06,958957.9526789996
2026-03-13 21:00:00+00:00,180.06,180.3,180.06,180.25,267455.0829169999
2026-03-13 22:00:00+00:00,180.26,180.58,180.21,180.33,198853.63394899992
2026-03-13 23:00:00+00:00,180.36,180.39,180.1,180.1982,287932.89281399996
2026-03-16 08:00:00+00:00,181.83,182.32,181.58,182.04,228835.0
2026-03-16 09:00:00+00:00,182.05,182.3,181.53,181.6,135045.0
2026-03-16 10:00:00+00:00,181.64,182.6,181.58,182.5,295927.0
2026-03-16 11:00:00+00:00,182.45,182.7,182.13,182.7,379632.0
2026-03-16 12:00:00+00:00,182.22,183.92,180.25,183.52,2772528.130688
2026-03-16 13:00:00+00:00,183.51,185.05,182.66,184.52,22816947.194462992
2026-03-16 14:00:00+00:00,184.51,184.549,183.305,184.1,21168489.774154
2026-03-16 15:00:00+00:00,184.105,184.94,183.7,184.1115,17704975.961352997
2026-03-16 16:00:00+00:00,184.115,184.55,183.63,184.44,13824912.057611
2026-03-16 17:00:00+00:00,184.44,185.06,184.27,184.4865,15444853.564356996
2026-03-16 18:00:00+00:00,184.49,185.53,183.775,183.83,21759436.407417998
2026-03-16 19:00:00+00:00,183.835,188.88,181.41,183.13,79073340.60307497
2026-03-16 20:00:00+00:00,183.22,184.2743,182.27,182.58,3849547.0362879997
2026-03-16 21:00:00+00:00,182.55,182.87,182.27,182.65,809840.7286889999
2026-03-16 22:00:00+00:00,182.65,182.72,182.45,182.6501,386426.34993
2026-03-16 23:00:00+00:00,182.63,182.8,182.53,182.7846,463600.3037690002
2026-03-17 08:00:00+00:00,183.47,183.72,182.92,183.18,207759.0
2026-03-17 09:00:00+00:00,183.2,183.97,183.1,183.87,203189.0
2026-03-17 10:00:00+00:00,183.85,183.95,183.53,183.68,135384.0
2026-03-17 11:00:00+00:00,183.67,183.76,183.11,183.2,463673.0
2026-03-17 12:00:00+00:00,183.73,184.49,182.5,184.45,2307717.4858510005
2026-03-17 13:00:00+00:00,184.48,185.4,182.96,183.098,27745887.120615996
2026-03-17 14:00:00+00:00,183.1,183.59,181.9,183.02,30890242.709932007
2026-03-17 15:00:00+00:00,183.01,183.21,181.6804,182.17,20625503.951784
2026-03-17 16:00:00+00:00,182.18,183.1,181.74,182.06,20605330.941907987
2026-03-17 17:00:00+00:00,182.06,183.23,182.055,182.98,14711567.290096002
2026-03-17 18:00:00+00:00,183.0,183.47,182.31,182.34,14840058.024491997
2026-03-17 19:00:00+00:00,182.33,182.93,181.81,181.96,23176172.169638004
2026-03-17 20:00:00+00:00,181.97,182.11,181.65,182.05,2634901.3442970016
2026-03-17 21:00:00+00:00,182.04,182.09,181.93,182.0,3195199.726114
2026-03-17 22:00:00+00:00,182.0,182.4,181.9,182.3601,462085.31180599995
2026-03-17 23:00:00+00:00,182.37,182.37,182.13,182.3326,320259.75920900004
2026-03-18 08:00:00+00:00,183.64,183.72,182.9,183.55,231330.0
2026-03-18 09:00:00+00:00,183.56,183.85,183.45,183.59,160449.0
2026-03-18 10:00:00+00:00,183.6,183.98,183.01,183.22,239494.0
2026-03-18 11:00:00+00:00,183.2,183.66,183.01,183.2,464537.0
2026-03-18 12:00:00+00:00,183.46,183.98,181.56,181.87,2865819.3977099997
2026-03-18 13:00:00+00:00,181.9,182.82,180.72,182.4662,22820819.989019003
2026-03-18 14:00:00+00:00,182.47,183.38,181.84,182.76,25460085.76391
2026-03-18 15:00:00+00:00,182.765,183.24,182.27,182.47,18459719.791284997
2026-03-18 16:00:00+00:00,182.47,182.85,182.1,182.425,12938637.308872
2026-03-18 17:00:00+00:00,182.42,182.735,181.82,182.63,11936753.307389
2026-03-18 18:00:00+00:00,182.64,183.15,181.09,181.225,18688784.321580008
2026-03-18 19:00:00+00:00,181.22,181.68,180.33,180.35,24097073.209991995
2026-03-18 20:00:00+00:00,180.4,181.9488,179.91,180.2,3761926.9858769993
2026-03-18 21:00:00+00:00,180.201,180.55,180.17,180.3299,403956.5142489999
2026-03-18 22:00:00+00:00,180.31,180.32,179.76,180.17,478253.752474
2026-03-18 23:00:00+00:00,180.19,180.44,180.14,180.25,341539.128425
2026-03-19 08:00:00+00:00,179.95,180.42,179.17,179.28,322194.0
2026-03-19 09:00:00+00:00,179.31,180.22,179.01,180.11,249029.0
2026-03-19 10:00:00+00:00,180.08,180.21,179.74,180.04,149163.0
2026-03-19 11:00:00+00:00,180.04,180.19,178.48,178.64,730768.0
2026-03-19 12:00:00+00:00,179.88,180.66,178.08,178.55,2407837.8779309993
2026-03-19 13:00:00+00:00,178.56,178.6,175.785,177.673,31226020.855924003
2026-03-19 14:00:00+00:00,177.66,178.47,177.22,178.195,25834031.59105
2026-03-19 15:00:00+00:00,178.19,179.05,177.665,178.3098,19106073.771692995
2026-03-19 16:00:00+00:00,178.3001,178.94,178.06,178.156,14614929.313659
2026-03-19 17:00:00+00:00,178.16,178.75,177.56,178.2301,12662837.051042998
2026-03-19 18:00:00+00:00,178.22,179.24,178.08,178.65,12985418.933330005
2026-03-19 19:00:00+00:00,178.65,179.98,177.91,178.505,30361089.263598997
2026-03-19 20:00:00+00:00,178.56,179.199,178.39,179.07,1887389.0564869992
2026-03-19 21:00:00+00:00,179.05,179.1,178.91,179.08,1679170.3969019994
2026-03-19 22:00:00+00:00,179.08,179.6,178.86,179.39,389382.5679849999
2026-03-19 23:00:00+00:00,179.4,179.48,179.0,179.17,271500.288673
2026-03-20 08:00:00+00:00,178.5,179.34,178.49,178.49,151208.0
2026-03-20 09:00:00+00:00,178.52,178.79,177.6,178.05,153163.0
2026-03-20 10:00:00+00:00,178.05,178.11,177.01,177.6,176633.0
2026-03-20 11:00:00+00:00,177.67,177.89,177.5,177.72,273275.0
2026-03-20 12:00:00+00:00,179.04,179.3767,177.01,178.2473,1316939.0870250005
2026-03-20 13:00:00+00:00,178.33,179.08,175.84,175.84,32975017.161620997
2026-03-20 14:00:00+00:00,175.85,176.33,175.0,175.855,33237103.062349007
2026-03-20 15:00:00+00:00,175.8475,176.25,175.475,175.8599,18674080.276288003
2026-03-20 16:00:00+00:00,175.86,176.45,175.4,175.6,13352637.890935004
2026-03-20 17:00:00+00:00,175.61,175.93,174.51,174.94,17345682.055081997
2026-03-20 18:00:00+00:00,174.93,175.005,173.27,173.46,19116389.128747
2026-03-20 19:00:00+00:00,173.46,173.76,171.72,173.0,37579469.719438
2026-03-20 20:00:00+00:00,172.99,177.76,172.7,174.06,6788650.064807997
2026-03-20 21:00:00+00:00,174.11,175.38,173.8,175.08,1249724.1793509992
2026-03-20 22:00:00+00:00,175.07,175.48,174.73,175.16,1098228.377179
2026-03-20 23:00:00+00:00,175.16,175.29,174.82,174.9,436021.61567900004
2026-03-23 08:00:00+00:00,170.29,172.23,170.29,171.49,618837.0
2026-03-23 09:00:00+00:00,171.5,171.83,170.5,170.96,322395.0
2026-03-23 10:00:00+00:00,170.97,171.58,170.6,171.33,347135.0
2026-03-23 11:00:00+00:00,171.35,179.3,171.05,175.12,3948521.0
2026-03-23 12:00:00+00:00,175.09,178.4396,169.34,177.3,5489047.861251999
2026-03-23 13:00:00+00:00,177.312,177.93,175.8701,177.83,27398644.365207
2026-03-23 14:00:00+00:00,177.83,178.2279,176.685,177.665,29553537.284903992
2026-03-23 15:00:00+00:00,177.665,178.37,175.04,175.125,25941501.926574003
2026-03-23 16:00:00+00:00,175.12,175.89,174.76,175.53,19804395.513211
2026-03-23 17:00:00+00:00,175.535,176.22,174.97,176.19,14114391.533071999
2026-03-23 18:00:00+00:00,176.19,176.96,175.84,176.585,13865502.040883003
2026-03-23 19:00:00+00:00,176.58,176.7,175.5,175.51,22408002.829963006
2026-03-23 20:00:00+00:00,175.59,175.95,175.26,175.55,1705106.956756001
2026-03-23 21:00:00+00:00,175.59,175.86,175.5865,175.76,205359.87911799992
2026-03-23 22:00:00+00:00,175.74,176.2,175.66,176.1895,275553.889146
2026-03-23 23:00:00+00:00,176.15,176.19,175.9039,176.0,187393.67758100005
2026-03-24 08:00:00+00:00,176.49,176.55,175.61,175.72,156787.0
2026-03-24 09:00:00+00:00,175.64,176.01,175.05,175.87,138498.0
2026-03-24 10:00:00+00:00,175.85,176.06,175.64,175.93,93332.0
2026-03-24 11:00:00+00:00,175.97,176.3,175.25,175.88,205661.0
2026-03-24 12:00:00+00:00,175.75,176.89,174.38,174.9161,1354389.9684729995
2026-03-24 13:00:00+00:00,174.8905,175.9,174.09,174.935,17316391.919255
2026-03-24 14:00:00+00:00,174.94,175.375,173.98,174.7706,25666728.26039
2026-03-24 15:00:00+00:00,174.79,176.16,174.78,175.33,19804838.836194005
2026-03-24 16:00:00+00:00,175.34,175.715,174.67,175.145,13314458.211070996
2026-03-24 17:00:00+00:00,175.145,175.38,174.385,175.365,11487704.944683006
2026-03-24 18:00:00+00:00,175.37,176.22,175.06,175.495,13675931.653301999
2026-03-24 19:00:00+00:00,175.49,175.76,174.86,175.31,19777913.037224006
2026-03-24 20:00:00+00:00,175.3318,177.55,175.2,177.19,2454929.6270229984
2026-03-24 21:00:00+00:00,177.17,177.199,176.68,176.91,350353.432424
2026-03-24 22:00:00+00:00,176.93,176.99,176.62,176.96,387699.91421000013
2026-03-24 23:00:00+00:00,176.92,176.99,176.75,176.95,271078.320331
2026-03-25 08:00:00+00:00,176.86,178.04,176.86,177.27,313112.0
2026-03-25 09:00:00+00:00,177.3,177.89,177.18,177.55,171277.0
2026-03-25 10:00:00+00:00,177.56,177.75,177.34,177.53,157496.0
2026-03-25 11:00:00+00:00,177.55,177.99,177.3,177.99,453049.0
2026-03-25 12:00:00+00:00,178.06,178.37,176.5,177.49,2449563.215589
2026-03-25 13:00:00+00:00,177.48,179.84,176.85,178.155,25136504.621679988
2026-03-25 14:00:00+00:00,178.165,181.22,177.89,180.5,35343074.99961399
2026-03-25 15:00:00+00:00,180.5075,180.535,179.14,179.375,23614855.555867
2026-03-25 16:00:00+00:00,179.38,179.44,178.73,178.9275,14563527.901796998
2026-03-25 17:00:00+00:00,178.93,179.57,178.51,178.985,13690825.086519996
2026-03-25 18:00:00+00:00,178.98,179.32,178.07,178.3137,12726449.187151998
2026-03-25 19:00:00+00:00,178.305,179.12,177.83,178.67,18495202.732994
2026-03-25 20:00:00+00:00,178.68,178.68,178.24,178.46,1290284.2689289995
2026-03-25 21:00:00+00:00,178.45,178.46,178.35,178.37,133384.90083199998
2026-03-25 22:00:00+00:00,178.37,178.37,178.1,178.12,195334.867173
2026-03-25 23:00:00+00:00,178.16,178.3107,178.03,178.0474,208877.823276
2026-03-26 08:00:00+00:00,177.85,177.93,176.63,176.99,209324.0
2026-03-26 09:00:00+00:00,176.95,177.1,176.3,176.73,220982.0
2026-03-26 10:00:00+00:00,176.7,177.1,176.57,176.85,116506.0
2026-03-26 11:00:00+00:00,176.93,177.02,176.2,176.21,267141.0
2026-03-26 12:00:00+00:00,176.2,178.48,176.02,176.4537,1337055.3913340005
2026-03-26 13:00:00+00:00,176.43,176.74,175.17,175.68,20267925.476694003
2026-03-26 14:00:00+00:00,175.69,175.87,173.01,173.6123,31691115.675032
2026-03-26 15:00:00+00:00,173.62,174.83,173.6,174.6599,21084991.83119799
2026-03-26 16:00:00+00:00,174.655,174.735,173.47,173.83,16204450.933137
2026-03-26 17:00:00+00:00,173.82,174.0,171.84,171.93,17791029.283001
2026-03-26 18:00:00+00:00,171.92,172.505,171.915,172.2923,18357212.847006995
2026-03-26 19:00:00+00:00,172.295,172.39,171.14,171.22,27548812.901728004
2026-03-26 20:00:00+00:00,171.24,172.69,171.09,172.1,4053495.1476439983
2026-03-26 21:00:00+00:00,172.11,172.5102,172.09,172.2248,370068.21096700005
2026-03-26 22:00:00+00:00,172.19,172.28,172.1,172.23,405426.8443420002
2026-03-26 23:00:00+00:00,172.24,172.27,172.08,172.27,370760.40170900006
2026-03-27 08:00:00+00:00,172.7,173.05,171.8,171.96,340800.0
2026-03-27 09:00:00+00:00,171.98,172.08,171.3,171.54,255514.0
2026-03-27 10:00:00+00:00,171.55,171.93,170.73,170.98,374937.0
2026-03-27 11:00:00+00:00,171.08,171.5,170.6,171.16,721955.0
2026-03-27 12:00:00+00:00,171.39,173.79,170.58,170.67,2223589.4079199997
2026-03-27 13:00:00+00:00,170.66,170.97,168.16,168.4129,32705551.055878002
2026-03-27 14:00:00+00:00,168.41,169.39,167.55,168.67,34442159.04696101
2026-03-27 15:00:00+00:00,168.68,169.94,168.25,169.55,22591519.592952
2026-03-27 16:00:00+00:00,169.56,169.64,168.37,168.865,15496752.908613002
2026-03-27 17:00:00+00:00,168.865,169.27,167.605,167.875,16226798.223238
2026-03-27 18:00:00+00:00,167.87,168.28,167.31,167.465,15948882.357482003
2026-03-27 19:00:00+00:00,167.46,167.93,167.01,167.46,27488445.456331
2026-03-27 20:00:00+00:00,167.53,168.49,167.2,167.5,4593292.147707999
2026-03-27 21:00:00+00:00,167.5,167.5,167.25,167.29,346078.49842599995
2026-03-27 22:00:00+00:00,167.2936,167.2937,167.0,167.0291,399036.42871099996
2026-03-27 23:00:00+00:00,167.03,167.055,166.45,166.6,622826.637219
2026-03-30 08:00:00+00:00,167.82,169.44,166.73,169.29,1093318.3115819998
2026-03-30 09:00:00+00:00,169.3,169.6,168.83,169.1,397718.9019209999
2026-03-30 10:00:00+00:00,169.0,169.12,168.0,168.24,370864.02811400004
2026-03-30 11:00:00+00:00,168.24,169.5,167.91,168.61,1338937.4869539998
2026-03-30 12:00:00+00:00,168.68,169.32,168.42,169.28,936216.186199
2026-03-30 13:00:00+00:00,169.3,169.45,166.21,166.27,25161343.981198
2026-03-30 14:00:00+00:00,166.275,168.08,166.26,167.95,28259831.585351
2026-03-30 15:00:00+00:00,167.96,168.25,166.54,167.36,21991971.182079
2026-03-30 16:00:00+00:00,167.35,167.41,166.24,166.585,17205035.852384996
2026-03-30 17:00:00+00:00,166.585,166.82,165.59,166.185,16380973.886347003
2026-03-30 18:00:00+00:00,166.17,166.27,165.18,165.285,14047065.787828
2026-03-30 19:00:00+00:00,165.28,165.54,164.27,165.06,30367789.877854
2026-03-30 20:00:00+00:00,165.17,165.36,164.77,165.1489,3294211.0115719996
2026-03-30 21:00:00+00:00,165.15,165.17,164.7203,164.88,248276.36673599997
2026-03-30 22:00:00+00:00,164.9,165.17,164.52,164.52,319441.55190400017
2026-03-30 23:00:00+00:00,164.51,164.55,163.5,163.5187,694964.1521079999
2026-03-31 08:00:00+00:00,166.24,167.25,165.2,166.62,720859.3852150001
2026-03-31 09:00:00+00:00,166.6,166.98,166.37,166.51,146508.022343
2026-03-31 10:00:00+00:00,166.61,166.74,165.84,166.07,202753.643448
2026-03-31 11:00:00+00:00,166.07,167.56,165.82,167.3002,1092128.4836650002
2026-03-31 12:00:00+00:00,167.31,168.13,167.0,167.53,1381716.2070160003
2026-03-31 13:00:00+00:00,167.52,170.16,166.81,170.105,24412961.984473
2026-03-31 14:00:00+00:00,170.12,171.38,169.21,170.0451,32284418.376497008
2026-03-31 15:00:00+00:00,170.04,170.74,169.805,169.845,19106527.916417003
2026-03-31 16:00:00+00:00,169.84,173.88,169.755,172.915,30066338.885670003
2026-03-31 17:00:00+00:00,172.92,173.88,172.28,172.43,24239576.357728988
2026-03-31 18:00:00+00:00,172.43,174.01,172.4201,173.715,18163638.114212006
2026-03-31 19:00:00+00:00,173.71,174.62,173.58,174.31,32168520.545751996
2026-03-31 20:00:00+00:00,174.35,174.85,174.06,174.29,3173876.483613
2026-03-31 21:00:00+00:00,174.27,174.4,173.75,173.93,444993.0675659999
2026-03-31 22:00:00+00:00,173.85,174.5884,173.7519,174.25,509536.7501069999
2026-03-31 23:00:00+00:00,174.26,174.97,174.15,174.97,434376.1061930001
2026-04-01 08:00:00+00:00,176.3,176.97,174.8,175.64,1600046.7043120004
2026-04-01 09:00:00+00:00,175.62,175.7,174.8,175.43,263091.53079099994
2026-04-01 10:00:00+00:00,175.36,176.09,175.31,175.7,277352.404578
2026-04-01 11:00:00+00:00,175.68,177.3,174.4,176.87,1524489.1246069996
2026-04-01 12:00:00+00:00,176.86,177.2,174.4,175.6614,1868343.6735440001
2026-04-01 13:00:00+00:00,175.6903,176.78,174.75,175.89,26650184.234580997
2026-04-01 14:00:00+00:00,175.9,176.705,175.505,176.68,26072475.366119
2026-04-01 15:00:00+00:00,176.68,177.27,176.4,177.105,18314528.458077002
2026-04-01 16:00:00+00:00,177.11,177.37,176.61,176.655,13571343.757928003
2026-04-01 17:00:00+00:00,176.65,177.09,175.8501,175.95,11594470.362831997
2026-04-01 18:00:00+00:00,175.94,176.03,174.805,175.465,17119428.163137004
2026-04-01 19:00:00+00:00,175.46,176.32,175.4,175.8,20906432.494604006
2026-04-01 20:00:00+00:00,175.8131,176.1451,175.56,175.6756,3309416.0573629993
2026-04-01 21:00:00+00:00,175.7447,175.98,175.7447,175.85,234912.31948800004
2026-04-01 22:00:00+00:00,175.85,176.65,175.76,176.2218,397260.4616779998
2026-04-01 23:00:00+00:00,176.16,176.45,176.04,176.07,190374.80530999997
2026-04-02 08:00:00+00:00,172.14,172.75,170.9,171.655,1142145.2247340002
2026-04-02 09:00:00+00:00,171.69,171.95,171.55,171.77,162617.84587300004
2026-04-02 10:00:00+00:00,171.7,171.76,171.1,171.75,338877.21296499996
2026-04-02 11:00:00+00:00,171.78,171.96,170.33,170.33,1238383.6689059993
2026-04-02 12:00:00+00:00,170.3682,171.34,170.21,170.9488,1246018.976795
2026-04-02 13:00:00+00:00,170.98,174.18,170.5,174.07,26229447.708997995
2026-04-02 14:00:00+00:00,174.08,176.7,173.62,176.3301,29461510.208218
2026-04-02 15:00:00+00:00,176.35,177.15,175.765,176.51,17809703.986886002
2026-04-02 16:00:00+00:00,176.5101,176.85,175.72,176.4,11483508.34623
2026-04-02 17:00:00+00:00,176.4,176.92,176.1101,176.385,8663513.152758002
2026-04-02 18:00:00+00:00,176.385,177.15,176.385,176.845,9982577.166796003
2026-04-02 19:00:00+00:00,176.84,177.49,176.84,177.4,18619088.392502
2026-04-02 20:00:00+00:00,177.39,177.49,176.99,177.05,2999053.4831839995
2026-04-02 21:00:00+00:00,177.01,177.39,176.75,176.9,267899.379599
2026-04-02 22:00:00+00:00,176.94,177.0,176.7,176.73,196908.263837
2026-04-02 23:00:00+00:00,176.74,176.85,176.63,176.6999,275363.3202920001
2026-04-06 08:00:00+00:00,177.8,179.15,177.04,178.87,669226.4348589998
2026-04-06 09:00:00+00:00,178.76,179.0,178.22,178.325,143791.80504900002
2026-04-06 10:00:00+00:00,178.3,178.4,177.41,177.78,224291.08332900004
2026-04-06 11:00:00+00:00,177.73,178.14,177.5,178.07,508655.160973
2026-04-06 12:00:00+00:00,178.08,178.11,177.6,177.612,479068.2257219999
2026-04-06 13:00:00+00:00,177.665,177.79,175.76,177.04,17989679.515313003
2026-04-06 14:00:00+00:00,177.02,177.35,175.99,176.5801,20857277.835646998
2026-04-06 15:00:00+00:00,176.59,177.61,176.415,177.4401,11516887.645954996
2026-04-06 16:00:00+00:00,177.45,177.485,176.865,177.0,8964043.247969002
2026-04-06 17:00:00+00:00,177.0,177.14,176.045,176.595,10722083.320127998
2026-04-06 18:00:00+00:00,176.6,177.32,176.445,177.17,9115921.494145
2026-04-06 19:00:00+00:00,177.17,177.68,177.03,177.64,13019610.880678004
2026-04-06 20:00:00+00:00,177.64,177.64,177.33,177.48,864820.42785
2026-04-06 21:00:00+00:00,177.49,177.6,177.03,177.27,266405.3684280001
2026-04-06 22:00:00+00:00,177.24,177.3509,176.79,176.83,214207.924115
2026-04-06 23:00:00+00:00,176.82,177.0,176.73,176.73,163981.19866299996
2026-04-07 08:00:00+00:00,176.6,177.43,176.05,177.0,455724.876324
2026-04-07 09:00:00+00:00,177.0,177.08,176.6722,176.75,186387.15932400004
2026-04-07 10:00:00+00:00,176.77,176.87,175.2,175.6,511831.49995099986
2026-04-07 11:00:00+00:00,175.65,175.92,175.35,175.53,467279.97225399996
2026-04-07 12:00:00+00:00,175.5,175.65,174.8,175.09,1002423.9099200001
2026-04-07 13:00:00+00:00,175.11,176.99,175.01,175.3399,15716732.667350003
2026-04-07 14:00:00+00:00,175.32,175.63,174.24,174.26,21965710.025399998
2026-04-07 15:00:00+00:00,174.25,175.48,173.66,175.225,15758334.147369
2026-04-07 16:00:00+00:00,175.23,175.9499,174.965,175.535,12271219.054953998
2026-04-07 17:00:00+00:00,175.5399,176.18,175.3105,175.77,10629890.457853999
2026-04-07 18:00:00+00:00,175.7799,176.07,174.98,175.235,9625503.480589999
2026-04-07 19:00:00+00:00,175.24,178.23,175.1199,178.095,23799661.180391002
2026-04-07 20:00:00+00:00,178.1,178.48,177.8,178.31,2107897.599298999
2026-04-07 21:00:00+00:00,178.3,178.7,178.15,178.67,512074.69781999994
2026-04-07 22:00:00+00:00,178.67,182.44,177.54,182.41,2859916.411439
2026-04-07 23:00:00+00:00,182.42,183.66,182.0,183.2601,3345225.968031
2026-04-08 08:00:00+00:00,183.77,184.89,183.18,184.72,1705783.7102400006
2026-04-08 09:00:00+00:00,184.78,185.03,184.46,184.57,548556.1682349999
2026-04-08 10:00:00+00:00,184.55,185.21,184.35,184.375,569865.1076539998
2026-04-08 11:00:00+00:00,184.35,184.89,183.77,184.3394,2098946.308486
2026-04-08 12:00:00+00:00,184.3,184.81,184.05,184.58,1493813.73956
2026-04-08 13:00:00+00:00,184.6,185.26,182.58,182.62,30468621.691744007
2026-04-08 14:00:00+00:00,182.61,182.799,180.3,180.885,26694786.807343997
2026-04-08 15:00:00+00:00,180.88,181.92,180.88,181.65,15181352.658510998
2026-04-08 16:00:00+00:00,181.64,182.03,181.29,181.6,10165459.936113996
2026-04-08 17:00:00+00:00,181.595,181.865,181.29,181.74,8804007.295838999
2026-04-08 18:00:00+00:00,181.74,182.18,181.1,181.17,11458975.665478999
2026-04-08 19:00:00+00:00,181.165,182.3,181.1,182.12,17312738.364239
2026-04-08 20:00:00+00:00,182.1,182.15,181.5,181.74,1222491.1377130002
2026-04-08 21:00:00+00:00,181.74,181.7413,181.5,181.53,171457.45850599997
2026-04-08 22:00:00+00:00,181.51,181.64,181.0,181.09,300561.7000170001
2026-04-08 23:00:00+00:00,181.09,181.22,180.85,180.9499,218338.10345300002
2026-04-09 08:00:00+00:00,182.0,182.0,180.0,180.47,416139.932247
2026-04-09 09:00:00+00:00,180.44,180.93,180.37,180.92,88914.85823
2026-04-09 10:00:00+00:00,180.93,180.97,180.5,180.52,152825.83001399995
2026-04-09 11:00:00+00:00,180.55,181.34,180.51,181.27,487913.896384
2026-04-09 12:00:00+00:00,181.25,182.08,180.8708,181.23,551279.94794
2026-04-09 13:00:00+00:00,181.23,182.3,180.62,181.475,15767438.743449
2026-04-09 14:00:00+00:00,181.49,182.76,181.29,182.535,18308073.157430995
2026-04-09 15:00:00+00:00,182.535,183.58,182.36,183.42,16352740.727886003
2026-04-09 16:00:00+00:00,183.44,183.96,183.1,183.485,11645146.012213
2026-04-09 17:00:00+00:00,183.48,183.89,183.16,183.55,9475365.359618997
2026-04-09 18:00:00+00:00,183.55,183.69,182.92,183.47,8735396.095835999
2026-04-09 19:00:00+00:00,183.4701,184.08,183.44,183.86,16111648.976665001
2026-04-09 20:00:00+00:00,183.89,183.95,183.46,183.68,4118037.199436999
2026-04-09 21:00:00+00:00,183.68,183.75,183.47,183.52,156909.41978700002
2026-04-09 22:00:00+00:00,183.5,183.7,183.2,183.2,161580.16828200006
2026-04-09 23:00:00+00:00,183.21,183.37,182.9,183.05,266702.02806300006
2026-04-10 08:00:00+00:00,183.0,183.61,182.5397,182.61,480155.43096499983
2026-04-10 09:00:00+00:00,182.69,183.29,182.36,182.81,233548.136559
2026-04-10 10:00:00+00:00,182.85,183.26,182.68,183.11,99411.980258
2026-04-10 11:00:00+00:00,183.08,183.749,183.06,183.37,514960.97915299993
2026-04-10 12:00:00+00:00,183.37,184.24,183.3115,184.0499,866822.7592629998
2026-04-10 13:00:00+00:00,183.95,187.92,183.88,187.0606,25991436.854747
2026-04-10 14:00:00+00:00,187.08,188.945,186.31,188.895,30244490.529924
2026-04-10 15:00:00+00:00,188.895,190.0,188.155,188.435,26732403.699209005
2026-04-10 16:00:00+00:00,188.44,188.78,187.93,188.515,13429784.135152001
2026-04-10 17:00:00+00:00,188.515,188.7699,187.96,188.67,10513552.55667
2026-04-10 18:00:00+00:00,188.67,189.0,188.3,188.7799,10861866.794354
2026-04-10 19:00:00+00:00,188.78,189.75,188.11,188.64,23172146.356283
2026-04-10 20:00:00+00:00,188.72,189.0,188.4,188.74,1057897.0274570005
2026-04-10 21:00:00+00:00,188.73,188.73,188.34,188.4,194353.071232
2026-04-10 22:00:00+00:00,188.4261,188.4261,188.17,188.18,166675.37072599996
2026-04-10 23:00:00+00:00,188.19,188.44,188.1165,188.37,253248.20537399998
2026-04-13 08:00:00+00:00,185.8,186.35,185.14,186.31,837346.8040920002
2026-04-13 09:00:00+00:00,186.36,186.69,186.22,186.27,159350.67986200005
2026-04-13 10:00:00+00:00,186.24,186.67,185.82,186.57,209859.66365799998
2026-04-13 11:00:00+00:00,186.57,186.8,185.59,185.68,1104415.9768130006
2026-04-13 12:00:00+00:00,185.64,186.21,185.46,185.9674,703205.090769
2026-04-13 13:00:00+00:00,185.9755,188.05,185.65,188.025,21437641.120025
2026-04-13 14:00:00+00:00,188.02,189.63,187.62,189.36,21163566.644997
2026-04-13 15:00:00+00:00,189.375,189.66,188.0,188.257,16806979.511723995
2026-04-13 16:00:00+00:00,188.27,188.62,187.85,188.345,12595706.54209
2026-04-13 17:00:00+00:00,188.345,188.65,187.98,188.095,9683808.631158
2026-04-13 18:00:00+00:00,188.095,188.73,187.97,188.545,9714489.564453002
2026-04-13 19:00:00+00:00,188.545,189.455,188.39,189.21,18206369.535122
2026-04-13 20:00:00+00:00,189.22,189.5,188.3,189.0,2091622.123932999
2026-04-13 21:00:00+00:00,188.961,189.17,188.76,189.04,198242.85894999994
2026-04-13 22:00:00+00:00,188.99,189.27,188.96,189.26,221372.558542
2026-04-13 23:00:00+00:00,189.25,189.36,189.0065,189.05,223010.22252699995
2026-04-14 08:00:00+00:00,190.0,190.2,188.92,189.94,559790.1560540001
2026-04-14 09:00:00+00:00,189.96,190.0,189.73,189.79,160752.04127799996
2026-04-14 10:00:00+00:00,189.77,189.9,189.36,189.46,139656.17774999997
2026-04-14 11:00:00+00:00,189.485,190.72,189.44,190.5175,1001732.0895289999
2026-04-14 12:00:00+00:00,190.56,190.87,190.16,190.41,960779.01623
2026-04-14 13:00:00+00:00,190.4,193.31,190.0,192.24,28846911.347540002
2026-04-14 14:00:00+00:00,192.23,193.475,191.46,193.32,21554384.926024
2026-04-14 15:00:00+00:00,193.31,194.3899,192.66,194.025,20273600.530383
2026-04-14 16:00:00+00:00,194.02,194.94,194.0,194.565,15002036.88634501
2026-04-14 17:00:00+00:00,194.565,194.99,194.34,194.7801,10987101.296806997
2026-04-14 18:00:00+00:00,194.785,194.95,194.39,194.937,9522107.024367997
2026-04-14 19:00:00+00:00,194.935,196.5,194.9,196.49,30751252.727320004
2026-04-14 20:00:00+00:00,196.5,196.91,193.986,196.3601,2493663.2742919996
2026-04-14 21:00:00+00:00,196.35,196.47,195.61,195.8079,546491.7161989999
2026-04-14 22:00:00+00:00,195.8,196.15,195.62,195.83,269573.76198400004
2026-04-14 23:00:00+00:00,195.84,196.25,195.83,196.25,311330.906335
2026-04-15 08:00:00+00:00,195.67,196.24,195.04,196.0,565204.7346160001
2026-04-15 09:00:00+00:00,196.0,196.03,194.88,195.04,236383.04904
2026-04-15 10:00:00+00:00,195.03,195.86,194.75,195.73,398470.35920100013
2026-04-15 11:00:00+00:00,195.74,196.64,195.7,196.0804,910439.3612860002
2026-04-15 12:00:00+00:00,196.08,196.08,195.4,195.6,641787.0602960002
2026-04-15 13:00:00+00:00,195.6,198.68,195.39,198.53,27512670.131672002
2026-04-15 14:00:00+00:00,198.54,199.87,198.2201,199.36,29037948.98880001
2026-04-15 15:00:00+00:00,199.37,200.4,199.33,199.685,26979461.832379
2026-04-15 16:00:00+00:00,199.68,199.76,196.14,197.07,21763466.601995
2026-04-15 17:00:00+00:00,197.055,197.71,196.17,196.24,15347829.386919001
2026-04-15 18:00:00+00:00,196.24,197.52,195.74,197.315,15487262.157415997
2026-04-15 19:00:00+00:00,197.315,199.17,197.15,198.8678,24423437.896124005
2026-04-15 20:00:00+00:00,198.86,199.25,197.86,198.3,3056753.9207409974
2026-04-15 21:00:00+00:00,198.3,198.39,198.2,198.21,166164.624672
2026-04-15 22:00:00+00:00,198.18,198.48,198.12,198.41,224394.717744
2026-04-15 23:00:00+00:00,198.46,198.69,198.34,198.5,213931.95800900002
2026-04-16 08:00:00+00:00,199.85,200.22,198.95,199.6664,790630.7238779997
2026-04-16 09:00:00+00:00,199.63,199.84,199.55,199.6,146133.04906900003
2026-04-16 10:00:00+00:00,199.55,199.65,196.8,197.76,848838.2920489999
2026-04-16 11:00:00+00:00,197.76,198.32,197.5,197.905,980990.0662000001
2026-04-16 12:00:00+00:00,197.87,198.22,197.42,197.6799,743795.5500780001
2026-04-16 13:00:00+00:00,197.66,198.1,195.81,196.7298,20542271.3735
2026-04-16 14:00:00+00:00,196.73,198.75,196.41,198.675,19975186.046807
2026-04-16 15:00:00+00:00,198.675,199.85,198.4003,198.9599,18575094.34042499
2026-04-16 16:00:00+00:00,198.975,199.22,197.75,198.355,11803643.664527003
2026-04-16 17:00:00+00:00,198.36,198.7299,197.8,198.2099,11313160.822806997
2026-04-16 18:00:00+00:00,198.2,198.4,197.3,198.115,12045508.968921997
2026-04-16 19:00:00+00:00,198.115,198.8,198.025,198.24,18968199.410098996
2026-04-16 20:00:00+00:00,198.26,198.9528,197.79,197.97,883308.160104
2026-04-16 21:00:00+00:00,197.94,197.97,197.65,197.66,126995.83635399996
2026-04-16 22:00:00+00:00,197.67,198.05,197.67,197.8901,148043.678628
2026-04-16 23:00:00+00:00,197.8998,198.0,197.71,197.9,128567.64167900002
2026-04-17 08:00:00+00:00,198.28,198.65,197.63,198.62,339803.23756499996
2026-04-17 09:00:00+00:00,198.58,198.75,198.36,198.73,97172.439828
2026-04-17 10:00:00+00:00,198.72,198.92,198.53,198.595,118291.55048000002
2026-04-17 11:00:00+00:00,198.595,199.0,198.58,198.8,419235.980493
2026-04-17 12:00:00+00:00,198.81,200.69,198.8,200.64,1690992.3640679996
2026-04-17 13:00:00+00:00,200.63,201.6545,198.53,201.15,35880746.464779995
2026-04-17 14:00:00+00:00,201.155,201.68,199.7957,200.28,26478893.97700901
2026-04-17 15:00:00+00:00,200.3199,201.4,200.12,200.405,15337498.430303004
2026-04-17 16:00:00+00:00,200.41,201.09,200.23,200.735,15908403.428871999
2026-04-17 17:00:00+00:00,200.74,200.85,199.47,200.3102,12955579.405032005
2026-04-17 18:00:00+00:00,200.315,201.0,200.3,200.86,10677542.826296998
2026-04-17 19:00:00+00:00,200.87,201.7,200.73,201.67,18801338.313216
2026-04-17 20:00:00+00:00,201.67,201.88,200.689,201.4,1155585.8693269996
2026-04-17 21:00:00+00:00,201.41,201.44,201.19,201.26,186147.57972600003
2026-04-17 22:00:00+00:00,201.2587,201.2587,201.0,201.12,183616.91729900002
2026-04-17 23:00:00+00:00,201.0987,201.11,200.91,200.98,191694.939753
2026-04-20 08:00:00+00:00,199.1,199.55,198.35,199.01,877930.662718
2026-04-20 09:00:00+00:00,199.045,199.4,198.95,199.0,179748.95067799996
2026-04-20 10:00:00+00:00,199.0,199.61,198.99,199.43,208720.80533000003
2026-04-20 11:00:00+00:00,199.46,199.99,199.39,199.63,585740.774384
2026-04-20 12:00:00+00:00,199.6502,201.176,199.5217,200.3199,746727.5074959998
2026-04-20 13:00:00+00:00,200.28,200.53,198.42,200.25,19076574.126986
2026-04-20 14:00:00+00:00,200.25,200.34,198.37,198.55,18952834.372337997
2026-04-20 15:00:00+00:00,198.55,199.34,197.8397,198.645,16897636.351307005
2026-04-20 16:00:00+00:00,198.65,199.58,198.5701,199.29,9172698.300233997
2026-04-20 17:00:00+00:00,199.28,200.14,199.14,199.945,10631629.035961999
2026-04-20 18:00:00+00:00,199.96,200.95,199.9502,200.785,11773609.144194001
2026-04-20 19:00:00+00:00,200.79,202.17,200.74,202.12,17694204.410685003
2026-04-20 20:00:00+00:00,202.06,202.38,200.0422,201.93,1774957.6539249998
2026-04-20 21:00:00+00:00,201.92,201.99,201.5,201.65,399729.44969000004
2026-04-20 22:00:00+00:00,201.66,201.99,201.63,201.95,204640.39461899994
2026-04-20 23:00:00+00:00,201.93,201.94,201.6152,201.7,172648.32899
2026-04-21 08:00:00+00:00,202.0,202.05,201.56,201.91,361723.15580800007
2026-04-21 09:00:00+00:00,201.9,201.94,201.76,201.91,82706.515559
2026-04-21 10:00:00+00:00,201.91,202.42,201.91,202.2151,175208.300825
2026-04-21 11:00:00+00:00,202.24,202.92,202.2,202.83,816139.1466640002
2026-04-21 12:00:00+00:00,202.83,202.97,202.32,202.32,671498.3778470001
2026-04-21 13:00:00+00:00,202.33,202.75,200.84,201.42,15489455.751160001
2026-04-21 14:00:00+00:00,201.43,202.49,201.05,201.1201,15586124.288068997
2026-04-21 15:00:00+00:00,201.15,201.69,200.5709,200.72,11855863.835784003
2026-04-21 16:00:00+00:00,200.73,200.89,199.72,199.95,11054766.040833998
2026-04-21 17:00:00+00:00,199.93,200.38,199.0,199.59,11300926.849012995
2026-04-21 18:00:00+00:00,199.61,200.87,199.472,200.64,9332374.102378
2026-04-21 19:00:00+00:00,200.66,201.16,199.18,199.91,16751901.061334
2026-04-21 20:00:00+00:00,199.92,201.0,199.56,200.44,2447581.4067670004
2026-04-21 21:00:00+00:00,200.44,200.6009,200.13,200.3267,176266.30905100002
2026-04-21 22:00:00+00:00,200.35,200.6,200.3,200.3919,115160.37882700001
2026-04-21 23:00:00+00:00,200.4074,200.75,200.4,200.7003,298466.12513099995
2026-04-22 08:00:00+00:00,201.24,201.39,200.75,201.0,320651.2564519999
2026-04-22 09:00:00+00:00,201.09,201.3,200.91,200.98,92140.553124
2026-04-22 10:00:00+00:00,200.99,201.11,200.76,201.0,117869.522825
2026-04-22 11:00:00+00:00,201.03,201.2889,200.85,200.87,342930.634859
2026-04-22 12:00:00+00:00,200.88,201.44,200.45,200.5548,845913.2606949997
2026-04-22 13:00:00+00:00,200.54,201.1,199.5,199.87,14482886.990836998
2026-04-22 14:00:00+00:00,199.88,201.51,199.0,201.21,18987139.647898998
2026-04-22 15:00:00+00:00,201.215,201.88,200.9313,201.23,12030905.510832
2026-04-22 16:00:00+00:00,201.225,201.41,200.93,201.13,6607351.318606
2026-04-22 17:00:00+00:00,201.13,202.42,201.125,202.29,11233220.624749001
2026-04-22 18:00:00+00:00,202.28,202.4875,201.52,201.595,9693542.378998002
2026-04-22 19:00:00+00:00,201.6,202.5,201.23,202.42,16976862.816734
2026-04-22 20:00:00+00:00,202.36,202.54,202.03,202.2099,1190658.2246919998
2026-04-22 21:00:00+00:00,202.18,202.55,202.18,202.4,322092.50464799994
2026-04-22 22:00:00+00:00,202.37,202.55,202.13,202.18,196949.34832599995
2026-04-22 23:00:00+00:00,202.1961,202.3,202.1,202.2599,190147.10992000002
2026-04-23 08:00:00+00:00,201.85,201.99,200.34,200.86,462605.6805059997
2026-04-23 09:00:00+00:00,200.8,201.0,200.5,200.7,112879.78422899997
2026-04-23 10:00:00+00:00,200.73,201.33,200.6,201.11,133047.191727
2026-04-23 11:00:00+00:00,201.24,202.2,201.2,202.0988,522791.427641
2026-04-23 12:00:00+00:00,202.05,202.71,201.9,202.12,1058326.1855660002
2026-04-23 13:00:00+00:00,202.1,203.829,201.105,203.0614,16073083.781173002
2026-04-23 14:00:00+00:00,203.07,203.21,201.62,202.56,16686457.479514
2026-04-23 15:00:00+00:00,202.56,203.11,201.18,201.485,12002826.445356
2026-04-23 16:00:00+00:00,201.49,201.91,200.96,201.5,9385688.849274002
2026-04-23 17:00:00+00:00,201.52,201.63,197.2206,198.8899,19263731.623924
2026-04-23 18:00:00+00:00,198.88,199.65,198.25,198.37,9438616.091666004
2026-04-23 19:00:00+00:00,198.37,199.71,198.1853,199.71,12396957.938023
2026-04-23 20:00:00+00:00,199.7,199.99,198.74,198.76,1446613.067102
2026-04-23 21:00:00+00:00,198.8881,199.0,198.62,198.85,342487.79482599994
2026-04-23 22:00:00+00:00,198.81,199.5,198.78,199.1143,323167.13087999984
2026-04-23 23:00:00+00:00,199.13,199.54,199.02,199.4999,257931.05995499998
2026-04-24 08:00:00+00:00,200.0,200.3,199.26,199.8,470667.1877390001
2026-04-24 09:00:00+00:00,199.8,199.82,199.31,199.4,178212.89619
2026-04-24 10:00:00+00:00,199.35,199.86,199.01,199.63,273265.186917
2026-04-24 11:00:00+00:00,199.66,201.79,199.58,200.9122,1436140.645832001
2026-04-24 12:00:00+00:00,200.89,201.21,200.2,200.645,1139658.9736290001
2026-04-24 13:00:00+00:00,200.65,203.22,199.72,202.0,23064640.802493997
2026-04-24 14:00:00+00:00,202.01,208.88,201.92,208.69,39666724.587032005
2026-04-24 15:00:00+00:00,208.7,209.93,207.88,209.12,40835740.37600698
2026-04-24 16:00:00+00:00,209.12,210.95,208.33,209.68,28961738.170939
2026-04-24 17:00:00+00:00,209.69,210.03,209.0,209.315,14333030.644773003
2026-04-24 18:00:00+00:00,209.32,209.42,207.68,208.23,15977861.774076
2026-04-24 19:00:00+00:00,208.23,209.279,207.54,208.19,26066030.339952003
2026-04-24 20:00:00+00:00,208.17,209.22,207.9,208.06,1879899.373033
2026-04-24 21:00:00+00:00,208.09,208.09,207.75,207.83,247199.28099400003
2026-04-24 22:00:00+00:00,207.8239,208.0,207.8,207.95,167283.049478
2026-04-24 23:00:00+00:00,207.9208,208.38,207.9208,208.1,233161.114403
2026-04-27 08:00:00+00:00,208.47,210.49,208.22,208.7,929867.8502849998
2026-04-27 09:00:00+00:00,208.7,209.92,208.6,209.82,287420.846248
2026-04-27 10:00:00+00:00,209.87,210.64,209.79,210.23,635029.5877139999
2026-04-27 11:00:00+00:00,210.22,212.11,210.05,211.6409,2444698.2003440005
2026-04-27 12:00:00+00:00,211.61,211.64,207.75,210.21,1406904.7763629998
2026-04-27 13:00:00+00:00,210.2,211.95,208.4,210.36,28954770.846884996
2026-04-27 14:00:00+00:00,210.3402,210.73,207.38,209.39,23691262.689697
2026-04-27 15:00:00+00:00,209.4,210.85,209.03,210.66,14389864.003572004
2026-04-27 16:00:00+00:00,210.655,213.63,210.59,212.75,23476842.452539
2026-04-27 17:00:00+00:00,212.75,215.38,212.75,215.135,22923370.643248003
2026-04-27 18:00:00+00:00,215.14,216.38,214.82,215.09,23253189.745022
2026-04-27 19:00:00+00:00,215.1,216.825,215.05,216.63,25650509.897516996
2026-04-27 20:00:00+00:00,216.62,217.66,216.43,217.15,3068196.843352
2026-04-27 21:00:00+00:00,217.15,217.59,217.13,217.3495,552790.1285529999
2026-04-27 22:00:00+00:00,217.33,218.0,217.27,217.9999,717831.3472719998
2026-04-27 23:00:00+00:00,217.96,218.8,217.96,218.75,1031360.5615819996
2026-04-28 08:00:00+00:00,215.65,217.3,214.5,215.57,1351197.8431479994
2026-04-28 09:00:00+00:00,215.63,215.71,212.51,212.93,1091338.502435
2026-04-28 10:00:00+00:00,212.96,213.73,212.35,213.63,693904.6301110004
2026-04-28 11:00:00+00:00,213.63,214.2,209.68,210.03,5247239.8296449995
2026-04-28 12:00:00+00:00,210.05,210.3,208.68,210.2001,3691764.084765999
2026-04-28 13:00:00+00:00,210.2,212.65,208.2,212.21,30370537.307240006
2026-04-28 14:00:00+00:00,212.2,213.67,208.34,209.74,32660897.377450004
2026-04-28 15:00:00+00:00,209.75,210.21,208.59,209.7505,19839322.381841
2026-04-28 16:00:00+00:00,209.76,210.89,209.31,210.6909,14641333.951024003
2026-04-28 17:00:00+00:00,210.71,211.798,210.16,211.765,11873896.017645
2026-04-28 18:00:00+00:00,211.76,214.08,211.63,214.065,16581270.333311
2026-04-28 19:00:00+00:00,214.08,214.73,212.98,213.15,23216395.390575
2026-04-28 20:00:00+00:00,213.17,213.85,211.6723,212.56,3024167.6459560012
2026-04-28 21:00:00+00:00,212.56,212.7,212.3,212.36,306460.407592
2026-04-28 22:00:00+00:00,212.34,212.63,212.15,212.35,278561.369649
2026-04-28 23:00:00+00:00,212.35,212.7,212.1607,212.62,274706.531743
2026-04-29 08:00:00+00:00,213.16,214.03,212.52,213.03,559833.5991180001
2026-04-29 09:00:00+00:00,212.96,213.49,212.7,213.28,151699.13416899997
2026-04-29 10:00:00+00:00,213.13,214.45,213.06,213.74,295347.260734
2026-04-29 11:00:00+00:00,213.81,214.39,212.01,213.7,852444.816061
2026-04-29 12:00:00+00:00,213.76,213.76,212.98,213.1,743279.062076
2026-04-29 13:00:00+00:00,213.13,213.75,210.3,210.79,16114201.078444999
2026-04-29 14:00:00+00:00,210.78,211.95,209.73,211.3,19078716.903774
2026-04-29 15:00:00+00:00,211.31,211.4,210.1801,210.66,12408983.446975002
2026-04-29 16:00:00+00:00,210.661,211.22,208.56,208.9,13552929.703603996
2026-04-29 17:00:00+00:00,208.9,209.77,208.6502,209.13,8873582.631754
2026-04-29 18:00:00+00:00,209.151,209.235,207.5758,208.9601,14631459.977367999
2026-04-29 19:00:00+00:00,208.96,209.5,208.54,209.35,16445936.529203
2026-04-29 20:00:00+00:00,209.25,210.18,206.93,208.36,4304547.883298998
2026-04-29 21:00:00+00:00,208.273,209.43,208.0,208.88,665599.1358619999
2026-04-29 22:00:00+00:00,208.88,211.61,208.2,210.75,1594569.9789730003
2026-04-29 23:00:00+00:00,210.8,211.41,210.46,211.16,636062.96504
2026-04-30 08:00:00+00:00,209.95,211.16,207.0,210.42,1014068.5439419996
2026-04-30 09:00:00+00:00,210.4,210.97,209.845,210.4,225969.45525100004
2026-04-30 10:00:00+00:00,210.37,211.0,210.2,210.4,235952.94465899997
2026-04-30 11:00:00+00:00,210.34,211.1,210.33,210.6,665527.728818
2026-04-30 12:00:00+00:00,210.55,211.1,210.38,210.81,1093821.9707399998
2026-04-30 13:00:00+00:00,210.85,211.05,202.7,203.9184,26383276.495216995
2026-04-30 14:00:00+00:00,203.93,203.98,198.7,201.78,52824608.31942704
2026-04-30 15:00:00+00:00,201.775,202.46,200.16,200.665,21755180.437359996
2026-04-30 16:00:00+00:00,200.67,200.83,199.32,199.83,19779306.622067
2026-04-30 17:00:00+00:00,199.82,201.28,199.815,201.26,15000657.345290001
2026-04-30 18:00:00+00:00,201.255,202.0,200.26,201.8255,17600354.688144
2026-04-30 19:00:00+00:00,201.825,201.95,199.5,199.52,28075997.974274
2026-04-30 20:00:00+00:00,199.57,201.6717,199.01,200.13,3115168.202927
2026-04-30 21:00:00+00:00,200.17,200.6,199.57,200.1852,650458.643079
2026-04-30 22:00:00+00:00,200.19,200.64,200.01,200.18,370297.62319499993
2026-04-30 23:00:00+00:00,200.16,200.38,200.0,200.03,307976.162508
2026-05-01 08:00:00+00:00,200.6,201.01,199.81,199.97,416544.4268459999
2026-05-01 09:00:00+00:00,199.98,200.42,199.78,200.11,106629.56152099998
2026-05-01 10:00:00+00:00,200.07,200.49,200.05,200.21,111373.990307
2026-05-01 11:00:00+00:00,200.25,201.35,200.12,201.12,611061.218592
2026-05-01 12:00:00+00:00,201.1,201.5697,200.6,200.7,901619.2567039997
2026-05-01 13:00:00+00:00,200.65,203.0,199.14,200.46,21965727.46294299
2026-05-01 14:00:00+00:00,200.48,200.6199,197.12,199.5287,26525664.639497
2026-05-01 15:00:00+00:00,199.53,199.85,198.7,199.13,13588181.870479997
2026-05-01 16:00:00+00:00,199.12,199.4,198.48,199.165,9593964.690344004
2026-05-01 17:00:00+00:00,199.15,200.29,199.1401,199.65,9336354.139757998
2026-05-01 18:00:00+00:00,199.655,199.75,198.22,198.355,10175654.280896999
2026-05-01 19:00:00+00:00,198.36,199.92,198.18,198.39,17893521.498759
2026-05-01 20:00:00+00:00,198.45,198.67,198.2,198.3091,2012317.680998
2026-05-01 21:00:00+00:00,198.3,198.4,198.17,198.28,236121.9154
2026-05-01 22:00:00+00:00,198.27,198.3,198.12,198.1399,141568.82297100002
2026-05-01 23:00:00+00:00,198.14,198.3,198.0,198.12,275485.694243
2026-05-04 08:00:00+00:00,199.75,200.0,199.21,199.6,704791.531137
2026-05-04 09:00:00+00:00,199.51,199.79,199.16,199.26,217672.8270739999
2026-05-04 10:00:00+00:00,199.25,199.31,196.52,197.85,823857.1709999999
2026-05-04 11:00:00+00:00,197.9,198.61,197.8,198.2913,643785.3921269999
2026-05-04 12:00:00+00:00,198.2997,199.3,198.2997,198.91,1003544.4647149999
2026-05-04 13:00:00+00:00,198.99,201.73,197.63,198.6074,20298507.985355
2026-05-04 14:00:00+00:00,198.65,199.0499,197.19,197.23,18420299.097273003
2026-05-04 15:00:00+00:00,197.23,198.02,194.74,195.69,22213517.172909994
2026-05-04 16:00:00+00:00,195.69,196.8886,194.86,196.71,12273317.878215
2026-05-04 17:00:00+00:00,196.71,198.43,196.71,198.31,10583226.398737002
2026-05-04 18:00:00+00:00,198.31,199.2,197.35,198.22,12531947.683976995
2026-05-04 19:00:00+00:00,198.23,199.18,197.75,198.56,14053718.341203002
2026-05-04 20:00:00+00:00,198.48,198.75,197.73,197.8125,1589329.193948001
2026-05-04 21:00:00+00:00,197.81,198.15,197.8,198.01,197839.082041
2026-05-04 22:00:00+00:00,198.07,198.26,197.59,197.76,211626.72082200003
2026-05-04 23:00:00+00:00,197.7517,197.9,197.6207,197.68,161450.711337
2026-05-05 08:00:00+00:00,198.7,199.19,198.06,198.7,407212.4076459999
2026-05-05 09:00:00+00:00,198.65,198.95,198.33,198.755,143535.09575000004
2026-05-05 10:00:00+00:00,198.76,199.205,198.76,198.87,225064.21183199994
2026-05-05 11:00:00+00:00,198.84,198.87,198.26,198.6626,598169.7322970001
2026-05-05 12:00:00+00:00,198.66,199.35,198.45,199.1565,1217812.6350309998
2026-05-05 13:00:00+00:00,199.1501,200.24,198.11,198.48,16620699.547432994
2026-05-05 14:00:00+00:00,198.475,199.03,196.76,197.1101,20829331.047097
2026-05-05 15:00:00+00:00,197.1101,197.92,196.66,197.42,12069670.040928002
2026-05-05 16:00:00+00:00,197.42,198.5,197.2651,197.61,9745750.414157
2026-05-05 17:00:00+00:00,197.62,197.98,197.13,197.21,7092089.643216001
2026-05-05 18:00:00+00:00,197.21,197.8,196.36,196.73,10058870.106824
2026-05-05 19:00:00+00:00,196.725,196.89,196.03,196.5,15825093.034757998
2026-05-05 20:00:00+00:00,196.5,196.99,195.8,196.79,2327071.3362149987
2026-05-05 21:00:00+00:00,196.79,197.58,196.0,196.17,999278.285764
2026-05-05 22:00:00+00:00,196.17,197.18,195.5,196.76,1012804.2422570001
2026-05-05 23:00:00+00:00,196.75,197.5,196.33,197.41,819429.2733259995
2026-05-06 08:00:00+00:00,196.56,198.92,196.16,198.74,1134146.7927330001
2026-05-06 09:00:00+00:00,198.75,200.0,198.12,199.68,926816.2364960001
2026-05-06 10:00:00+00:00,199.6803,201.6,199.43,200.76,1175429.3008229998
2026-05-06 11:00:00+00:00,200.74,202.7,200.26,201.2798,2991725.8727819994
2026-05-06 12:00:00+00:00,201.27,201.41,200.0,200.17,1860907.3116470003
2026-05-06 13:00:00+00:00,200.155,204.6,198.61,204.445,28934381.028361
2026-05-06 14:00:00+00:00,204.46,205.83,202.91,204.75,31937604.960135996
2026-05-06 15:00:00+00:00,204.72,207.18,203.51,204.83,21406724.346857995
2026-05-06 16:00:00+00:00,204.82,205.8,203.95,204.82,12116431.158463003
2026-05-06 17:00:00+00:00,204.8199,205.97,204.45,205.4526,10025675.99596
2026-05-06 18:00:00+00:00,205.4501,208.05,205.4,206.699,16178546.139043003
2026-05-06 19:00:00+00:00,206.695,208.265,206.513,207.65,25307664.021393005
2026-05-06 20:00:00+00:00,207.67,208.7,207.0,207.14,3319353.523509001
2026-05-06 21:00:00+00:00,207.1461,207.83,205.45,205.84,1634306.5840310003
2026-05-06 22:00:00+00:00,205.97,207.83,205.82,206.34,411339.2844649998
2026-05-06 23:00:00+00:00,206.35,207.32,206.3,207.26,354648.74134699994
2026-05-07 08:00:00+00:00,208.53,209.9,207.1249,209.13,1039849.1461160004
2026-05-07 09:00:00+00:00,209.01,209.24,208.44,208.72,309844.554652
2026-05-07 10:00:00+00:00,208.72,209.19,208.1107,208.6,322756.66364600015
2026-05-07 11:00:00+00:00,208.68,209.24,207.5,208.14,1137831.1403109997
2026-05-07 12:00:00+00:00,208.07,208.41,206.97,208.4,1557919.706546
2026-05-07 13:00:00+00:00,208.38,210.5,206.5,208.95,25092221.621209007
2026-05-07 14:00:00+00:00,208.9,214.2,208.76,212.73,35882192.212629
2026-05-07 15:00:00+00:00,212.7238,213.68,210.73,212.7,20930492.18122699
2026-05-07 16:00:00+00:00,212.7,214.15,210.61,212.36,19330392.488280997
2026-05-07 17:00:00+00:00,212.36,212.95,210.95,212.375,14200701.499579007
2026-05-07 18:00:00+00:00,212.4,213.26,211.83,212.35,12054370.167522002
2026-05-07 19:00:00+00:00,212.36,212.92,211.23,211.52,16611362.448464997
2026-05-07 20:00:00+00:00,211.5,212.29,210.5054,211.8901,1898148.519318
2026-05-07 21:00:00+00:00,211.9,212.0,209.2,209.8604,746499.670949
2026-05-07 22:00:00+00:00,209.98,211.57,209.9,210.3,569130.0844779998
2026-05-07 23:00:00+00:00,210.3,211.49,210.27,211.4335,290246.40237799997
2026-05-08 08:00:00+00:00,213.41,214.2,212.3,213.7488,766241.45913
2026-05-08 09:00:00+00:00,213.79,214.19,213.4,213.66,239547.19147800002
2026-05-08 10:00:00+00:00,213.6302,213.85,213.12,213.25,220348.73451200002
2026-05-08 11:00:00+00:00,213.21,213.65,213.15,213.4,784619.2972650001
2026-05-08 12:00:00+00:00,213.38,214.05,213.0,213.413,1142195.6808079998
2026-05-08 13:00:00+00:00,213.4,217.76,212.89,217.61,26413711.063164998
2026-05-08 14:00:00+00:00,217.61,217.8,214.31,215.92,23515255.777827
2026-05-08 15:00:00+00:00,215.902,217.2,215.38,215.52,15867151.570608996
2026-05-08 16:00:00+00:00,215.49,216.18,215.01,215.26,10321716.339549
2026-05-08 17:00:00+00:00,215.25,216.07,214.85,214.95,9287262.397015998
2026-05-08 18:00:00+00:00,214.95,215.8,214.92,215.07,7708409.330214
2026-05-08 19:00:00+00:00,215.0646,215.82,214.68,215.19,17315441.143191
2026-05-08 20:00:00+00:00,215.2,215.717,214.91,214.99,1297535.9166659995
2026-05-08 21:00:00+00:00,214.98,215.17,214.96,214.96,225293.76048099998
2026-05-08 22:00:00+00:00,214.99,215.15,214.94,215.0213,180257.275259
2026-05-08 23:00:00+00:00,215.03,215.07,214.92,215.02,198185.052513
2026-05-11 08:00:00+00:00,214.8,214.97,213.11,213.76,704079.6358229999
2026-05-11 09:00:00+00:00,213.8,214.19,213.31,213.47,233055.11391299995
2026-05-11 10:00:00+00:00,213.55,213.867,213.01,213.48,262444.92498799996
2026-05-11 11:00:00+00:00,213.5,214.45,213.48,214.06,774147.0868299999
2026-05-11 12:00:00+00:00,214.06,214.2,213.39,213.49,752356.1056609997
2026-05-11 13:00:00+00:00,213.45,220.9,213.21,217.02,31790223.044831
2026-05-11 14:00:00+00:00,216.955,222.19,216.9181,221.61,31867751.92780501
2026-05-11 15:00:00+00:00,221.59,222.3,220.6,221.96,18495341.108342998
2026-05-11 16:00:00+00:00,221.98,222.3,220.38,220.63,13376233.672886001
2026-05-11 17:00:00+00:00,220.63,221.27,219.88,220.44,8920058.470319001
2026-05-11 18:00:00+00:00,220.45,221.565,219.97,220.07,10317496.824988
2026-05-11 19:00:00+00:00,220.08,220.58,218.91,219.49,17383731.462948002
2026-05-11 20:00:00+00:00,219.5,219.74,218.81,219.22,1145983.7493180002
2026-05-11 21:00:00+00:00,219.2052,219.41,218.9465,219.34,2855900.161158
2026-05-11 22:00:00+00:00,219.35,219.89,219.35,219.6,343898.7646930001
2026-05-11 23:00:00+00:00,219.62,220.1,219.58,219.71,349384.23267800006
2026-05-12 08:00:00+00:00,217.51,218.4514,216.31,217.34,777302.2363400001
2026-05-12 09:00:00+00:00,217.35,218.26,217.01,218.03,260829.46078
2026-05-12 10:00:00+00:00,218.04,218.39,217.37,217.61,195643.61039799996
2026-05-12 11:00:00+00:00,217.74,217.99,217.25,217.7199,673956.2420750003
2026-05-12 12:00:00+00:00,217.7193,219.28,217.01,218.93,1243189.1109180003
2026-05-12 13:00:00+00:00,218.9521,223.75,217.01,220.33,28935320.653246995
2026-05-12 14:00:00+00:00,220.36,221.78,217.23,217.39,24790438.553310994
2026-05-12 15:00:00+00:00,217.39,217.99,214.92,216.8601,24482450.571911
2026-05-12 16:00:00+00:00,216.91,218.26,215.68,215.9001,12519619.585970001
2026-05-12 17:00:00+00:00,215.92,218.85,215.53,218.605,14950859.471627
2026-05-12 18:00:00+00:00,218.59,220.35,217.77,219.528,11882001.265182998
2026-05-12 19:00:00+00:00,219.525,221.7399,219.525,220.91,20286094.124145996
2026-05-12 20:00:00+00:00,220.78,220.91,219.9008,220.13,1154896.108428
2026-05-12 21:00:00+00:00,220.15,220.2,219.9,220.0,246658.692954
2026-05-12 22:00:00+00:00,219.95,220.3,219.68,219.92,221407.87063299998
2026-05-12 23:00:00+00:00,219.98,220.16,219.23,219.48,306782.252239
2026-05-13 08:00:00+00:00,224.69,226.28,223.4,225.8,1824634.9916599998
2026-05-13 09:00:00+00:00,225.75,226.67,225.48,226.27,575810.2216649998
2026-05-13 10:00:00+00:00,226.22,226.66,225.89,226.02,563456.5335289999
2026-05-13 11:00:00+00:00,226.02,226.07,224.8,225.66,1877143.2611270007
2026-05-13 12:00:00+00:00,225.6998,226.2,223.76,223.987,2315203.608329001
2026-05-13 13:00:00+00:00,223.94,227.16,221.5653,224.1,28950234.036985993
2026-05-13 14:00:00+00:00,224.1,226.46,223.06,226.415,21526880.65236
2026-05-13 15:00:00+00:00,226.4,227.57,225.71,226.55,20800744.65695099
2026-05-13 16:00:00+00:00,226.56,227.84,226.3831,226.8,13824132.383699004
2026-05-13 17:00:00+00:00,226.83,227.34,225.41,225.47,10501509.013388002
2026-05-13 18:00:00+00:00,225.48,227.43,225.43,226.46,10735000.829523003
2026-05-13 19:00:00+00:00,226.45,227.16,225.08,225.83,16493505.069300003
2026-05-13 20:00:00+00:00,225.8961,226.75,225.57,226.5499,2413960.542061999
2026-05-13 21:00:00+00:00,226.5496,226.85,226.2,226.849,354011.5213249999
2026-05-13 22:00:00+00:00,226.86,227.49,226.51,227.37,630510.004563
2026-05-13 23:00:00+00:00,227.32,227.8,227.12,227.7992,667010.336473
2026-05-14 08:00:00+00:00,231.34,233.22,226.27,230.81,3856066.5287560006
2026-05-14 09:00:00+00:00,230.8164,231.18,229.36,230.24,799747.1029909996
2026-05-14 10:00:00+00:00,230.31,231.35,229.6,229.77,922274.4997650003
2026-05-14 11:00:00+00:00,229.77,230.6,229.1201,230.03,1880457.3035189996
2026-05-14 12:00:00+00:00,230.0005,231.3,229.75,229.85,1964854.881973
2026-05-14 13:00:00+00:00,229.83,233.27,229.3,230.7399,32199730.994044006
2026-05-14 14:00:00+00:00,230.68,236.05,230.62,234.5899,35379986.170778014
2026-05-14 15:00:00+00:00,234.55,236.47,234.04,234.88,22017499.065626994
2026-05-14 16:00:00+00:00,234.88,236.0,234.46,235.5,13528554.983877996
2026-05-14 17:00:00+00:00,235.505,235.9119,232.68,234.7709,16249346.789831
2026-05-14 18:00:00+00:00,234.76,236.43,233.82,236.06,13299363.519414002
2026-05-14 19:00:00+00:00,236.0699,236.54,235.14,235.75,19755285.993148006
2026-05-14 20:00:00+00:00,235.74,236.1657,234.1964,235.41,3789160.078291999
2026-05-14 21:00:00+00:00,235.42,236.07,235.1,235.9496,528078.1227560001
2026-05-14 22:00:00+00:00,235.99,236.49,235.84,236.44,729631.9457919999
2026-05-14 23:00:00+00:00,236.43,237.96,236.43,237.8674,1160724.2069080002
2026-05-15 08:00:00+00:00,233.0,236.98,229.8113,230.2,2801574.8192379987
2026-05-15 09:00:00+00:00,230.0,230.32,228.0,228.4,944276.2881349998
2026-05-15 10:00:00+00:00,228.4,231.5,228.1,230.96,1065794.838303
2026-05-15 11:00:00+00:00,231.14,232.02,230.35,230.37,1784566.5313040006
2026-05-15 12:00:00+00:00,230.37,230.54,228.295,229.33,2363424.968354
2026-05-15 13:00:00+00:00,229.27,230.18,224.24,225.22,36113412.326684006
2026-05-15 14:00:00+00:00,225.22,228.69,224.93,226.09,23963877.671974007
2026-05-15 15:00:00+00:00,226.0951,229.18,225.68,228.11,16254228.492344007
2026-05-15 16:00:00+00:00,228.12,228.61,227.06,227.91,9777047.348998997
2026-05-15 17:00:00+00:00,227.89,230.91,227.73,230.82,13365961.440805998
2026-05-15 18:00:00+00:00,230.84,231.5,228.15,228.985,14507300.350125004
2026-05-15 19:00:00+00:00,229.0,229.1,224.89,225.3,24872481.365718994
2026-05-15 20:00:00+00:00,225.32,225.45,224.32,225.0748,5485900.844403001
2026-05-15 21:00:00+00:00,225.0717,225.17,224.6639,224.75,2603219.786260001
2026-05-15 22:00:00+00:00,224.75,224.96,224.51,224.66,362810.22791299986
2026-05-15 23:00:00+00:00,224.6695,224.7322,224.2999,224.41,524196.29364
2026-05-18 08:00:00+00:00,224.5,228.6,222.8,228.42,1475321.6636049997
2026-05-18 09:00:00+00:00,228.425,228.5,227.1,227.56,395156.0582840001
2026-05-18 10:00:00+00:00,227.53,227.53,225.9,226.0,377213.9834330001
2026-05-18 11:00:00+00:00,226.025,228.52,225.5,228.04,1556292.6126989997
2026-05-18 12:00:00+00:00,228.0802,230.6329,227.85,229.9002,2201267.186896
2026-05-18 13:00:00+00:00,229.92,230.05,223.57,225.49,26433825.41416901
2026-05-18 14:00:00+00:00,225.51,226.26,220.41,222.17,26558042.490605995
2026-05-18 15:00:00+00:00,222.155,223.43,221.54,222.5,13678187.721748
2026-05-18 16:00:00+00:00,222.55,223.16,219.6402,222.135,14271907.296240997
2026-05-18 17:00:00+00:00,222.135,222.54,220.72,221.4901,9010063.397812001
2026-05-18 18:00:00+00:00,221.5,221.51,218.37,219.61,15508284.435739001
2026-05-18 19:00:00+00:00,219.62,222.37,219.56,222.36,19103751.802886005
2026-05-18 20:00:00+00:00,222.32,222.7,221.91,222.34,1425996.117745
2026-05-18 21:00:00+00:00,222.34,223.1,222.25,223.07,373487.198471
2026-05-18 22:00:00+00:00,223.09,223.76,223.05,223.37,493852.918982
2026-05-18 23:00:00+00:00,223.38,223.65,222.7,222.75,408159.61110700003
2026-05-19 08:00:00+00:00,222.75,222.84,220.05,221.0,649494.9745629998
2026-05-19 09:00:00+00:00,221.0,221.09,219.6,220.58,310455.46211799997
2026-05-19 10:00:00+00:00,220.55,221.0,219.74,220.73,277667.10765399993
2026-05-19 11:00:00+00:00,220.73,220.9897,220.12,220.12,662447.3856859999
2026-05-19 12:00:00+00:00,220.14,221.2,219.75,220.7,883591.236028
2026-05-19 13:00:00+00:00,220.72,223.33,218.88,220.88,20024217.028058004
2026-05-19 14:00:00+00:00,220.87,221.03,217.91,220.93,22557277.868998993
2026-05-19 15:00:00+00:00,220.93,221.99,220.0228,220.665,14206896.476559002
2026-05-19 16:00:00+00:00,220.68,223.4,220.2901,223.1,12089597.236417996
2026-05-19 17:00:00+00:00,223.09,224.48,222.07,223.1,11649779.863972003
2026-05-19 18:00:00+00:00,223.11,223.67,222.18,222.48,10433767.654415
2026-05-19 19:00:00+00:00,222.48,222.78,219.0,220.63,21124803.635695998
2026-05-19 20:00:00+00:00,220.6554,222.19,220.5,220.9,5694752.824030001
2026-05-19 21:00:00+00:00,221.0,221.99,221.0,221.7752,344000.588454
2026-05-19 22:00:00+00:00,221.8574,222.13,221.2,221.515,391127.69841400004
2026-05-19 23:00:00+00:00,221.53,222.1641,221.4,221.54,432853.04483
2026-05-20 08:00:00+00:00,223.29,224.1,221.09,223.51,1073451.3081289998
2026-05-20 09:00:00+00:00,223.5,224.66,223.47,224.31,400033.025801
2026-05-20 10:00:00+00:00,224.31,225.08,224.2,224.53,575382.2200790001
2026-05-20 11:00:00+00:00,224.545,224.8,223.51,223.7509,1257274.307084
2026-05-20 12:00:00+00:00,223.76,224.46,223.7,223.91,1635561.710324
2026-05-20 13:00:00+00:00,223.85,224.48,220.495,221.97,20545067.578937005
2026-05-20 14:00:00+00:00,222.0,225.3,221.74,224.75,26271294.422807988
2026-05-20 15:00:00+00:00,224.74,226.13,224.21,224.945,16459998.911139006
2026-05-20 16:00:00+00:00,224.95,225.3,223.5,224.61,12075126.656313004
2026-05-20 17:00:00+00:00,224.61,225.16,224.2,224.48,9749967.553903999
2026-05-20 18:00:00+00:00,224.5,224.9,222.0307,222.74,14116118.836312998
2026-05-20 19:00:00+00:00,222.75,223.65,222.33,223.435,23860928.452531
2026-05-20 20:00:00+00:00,223.3599,226.95,216.25,222.46,21007089.06847601
2026-05-20 21:00:00+00:00,222.48,224.23,219.34,220.7448,8009347.752126
2026-05-20 22:00:00+00:00,220.75,221.48,219.24,221.2502,3504694.4674050007
2026-05-20 23:00:00+00:00,221.26,221.76,220.28,220.66,1524749.5538709997
2026-05-21 08:00:00+00:00,222.75,224.75,221.1,223.0,2427083.7210190003
2026-05-21 09:00:00+00:00,223.0,224.7,222.9,224.24,735372.6703539998
2026-05-21 10:00:00+00:00,224.19,225.1,222.5,223.34,1370343.239821
2026-05-21 11:00:00+00:00,223.31,224.63,222.6,223.16,2462747.454148
2026-05-21 12:00:00+00:00,223.2,223.69,221.18,221.42,2719846.9948739996
2026-05-21 13:00:00+00:00,221.5,227.3999,220.35,222.26,43986420.857609004
2026-05-21 14:00:00+00:00,222.2412,224.75,217.93,219.36,41343941.35247201
2026-05-21 15:00:00+00:00,219.36,220.33,218.06,219.39,20733546.718895003
2026-05-21 16:00:00+00:00,219.4199,220.18,218.88,220.1401,12772267.956122003
2026-05-21 17:00:00+00:00,220.16,222.38,219.95,220.915,17202557.209468003
2026-05-21 18:00:00+00:00,220.9,221.48,218.62,219.06,16599470.166007001
2026-05-21 19:00:00+00:00,219.07,220.63,218.89,219.5,22027696.803005002
2026-05-21 20:00:00+00:00,219.51,219.85,219.16,219.51,1713178.4141929997
2026-05-21 21:00:00+00:00,219.52,219.6599,219.3752,219.4984,370074.0841069999
2026-05-21 22:00:00+00:00,219.5,219.89,219.25,219.743,455993.1941539999
2026-05-21 23:00:00+00:00,219.75,220.18,219.7,220.1202,466303.83117200003
2026-05-22 08:00:00+00:00,220.85,221.71,220.1493,220.7,826406.0572460003
2026-05-22 09:00:00+00:00,220.7,220.72,219.71,220.39,400023.84902
2026-05-22 10:00:00+00:00,220.4,220.4,219.22,219.75,338197.408874
2026-05-22 11:00:00+00:00,219.78,220.45,219.75,220.23,718092.8409240003
2026-05-22 12:00:00+00:00,220.24,221.01,220.2,220.65,1004668.1953110002
2026-05-22 13:00:00+00:00,220.68,221.5,217.2,217.925,27033072.674660996
2026-05-22 14:00:00+00:00,217.92,217.95,215.16,217.195,31077884.277568
2026-05-22 15:00:00+00:00,217.1901,218.32,216.84,217.32,16379773.299497
2026-05-22 16:00:00+00:00,217.31,217.57,216.41,217.1199,12331574.751659997
2026-05-22 17:00:00+00:00,217.11,218.49,215.73,216.2,16355914.110535998
2026-05-22 18:00:00+00:00,216.2,216.4,215.4,215.98,14567062.066515
2026-05-22 19:00:00+00:00,215.97,216.5351,214.8,215.25,27643487.258690007
2026-05-22 20:00:00+00:00,215.33,217.5159,214.93,215.03,4924005.896358999
2026-05-22 21:00:00+00:00,215.0,215.15,214.9,215.05,1347064.097061
2026-05-22 22:00:00+00:00,215.05,215.06,214.5309,214.6302,403263.3769099998
2026-05-22 23:00:00+00:00,214.65,214.78,214.25,214.2801,556359.2193229999
2026-05-26 08:00:00+00:00,217.06,217.67,216.56,217.15,724045.5757590004
2026-05-26 09:00:00+00:00,217.2,217.78,216.97,217.72,261608.39396199997
2026-05-26 10:00:00+00:00,217.76,218.49,217.5,217.53,587439.8498779999
2026-05-26 11:00:00+00:00,217.5,218.27,217.4,218.0,4305734.402367
2026-05-26 12:00:00+00:00,218.01,218.36,215.868,217.93,1381109.5386560005
2026-05-26 13:00:00+00:00,217.9672,218.2,214.8,215.48,24803202.635610994
2026-05-26 14:00:00+00:00,215.49,218.18,214.28,215.535,28422747.720098004
2026-05-26 15:00:00+00:00,215.56,215.9,212.52,213.1701,23956241.645484
2026-05-26 16:00:00+00:00,213.17,213.94,212.0,213.6401,16806511.77469199
2026-05-26 17:00:00+00:00,213.645,214.117,212.91,213.095,11053853.66867
2026-05-26 18:00:00+00:00,213.09,214.45,212.9033,213.25,11375262.727439996
2026-05-26 19:00:00+00:00,213.27,214.865,212.84,214.84,19683785.18196
2026-05-26 20:00:00+00:00,214.86,215.03,214.1549,214.4,21187420.12833198
2026-05-26 21:00:00+00:00,214.4,214.86,214.35,214.4,2637744.1737179984
2026-05-26 22:00:00+00:00,214.35,214.45,213.79,213.9826,406634.65052600007
2026-05-26 23:00:00+00:00,213.99,214.12,213.8,213.95,367301.18056099996
2026-05-27 08:00:00+00:00,213.79,215.135,212.64,214.7,816562.167571
2026-05-27 09:00:00+00:00,214.7,215.65,214.3,215.57,338059.458881
2026-05-27 10:00:00+00:00,215.57,216.2457,215.5,215.61,468989.90208599996
2026-05-27 11:00:00+00:00,215.6,216.5,215.0205,215.0205,1437144.006565
2026-05-27 12:00:00+00:00,215.02,216.15,214.81,215.25,1509933.5246100007
2026-05-27 13:00:00+00:00,215.2402,215.45,210.2633,211.32,29573091.443169
2026-05-27 14:00:00+00:00,211.33,211.62,208.96,208.9701,29471937.605537985
2026-05-27 15:00:00+00:00,208.98,210.21,208.78,209.843,14621187.915118
2026-05-27 16:00:00+00:00,209.83,212.12,209.55,211.605,16531201.246242002
2026-05-27 17:00:00+00:00,211.63,212.68,210.73,212.285,11984793.125193
2026-05-27 18:00:00+00:00,212.28,213.32,212.13,212.81,13100802.783819001
2026-05-27 19:00:00+00:00,212.82,213.3,212.0,212.58,16046632.348135
2026-05-27 20:00:00+00:00,212.631,212.631,212.25,212.4,4669746.422798
2026-05-27 21:00:00+00:00,212.4,212.53,212.1,212.24,3536420.8349980013
2026-05-27 22:00:00+00:00,212.25,212.4761,211.9068,212.05,317678.392408
2026-05-27 23:00:00+00:00,212.0676,212.22,211.56,211.701,325096.80680499994
2026-05-28 08:00:00+00:00,211.32,211.69,209.21,211.4776,906861.4951680002
2026-05-28 09:00:00+00:00,211.4,211.64,211.0,211.54,117640.694147
2026-05-28 10:00:00+00:00,211.52,211.52,210.572,210.6705,183765.19466500002
2026-05-28 11:00:00+00:00,210.7,210.7658,209.73,210.2873,782176.3876089996
2026-05-28 12:00:00+00:00,210.34,211.9,210.16,211.72,859793.4172130002
2026-05-28 13:00:00+00:00,211.7461,214.25,210.81,212.831,19059909.997633994
2026-05-28 14:00:00+00:00,212.86,214.29,211.51,212.27,20399786.036841996
2026-05-28 15:00:00+00:00,212.285,213.32,212.09,212.26,13777669.416404001
2026-05-28 16:00:00+00:00,212.26,213.89,212.1,213.63,12294092.777632998
2026-05-28 17:00:00+00:00,213.637,215.5191,212.93,215.12,15339580.320601003
2026-05-28 18:00:00+00:00,215.12,215.37,214.18,214.38,13324887.873451004
2026-05-28 19:00:00+00:00,214.3899,214.57,212.08,214.26,13065234.776844999
2026-05-28 20:00:00+00:00,214.25,214.69,213.207,213.9614,6130835.517907
2026-05-28 21:00:00+00:00,213.96,214.56,213.72,214.1273,338473.85758299986
2026-05-28 22:00:00+00:00,214.12,214.47,214.03,214.1,261328.86221599998
2026-05-28 23:00:00+00:00,214.15,214.49,214.01,214.15,341914.429798
2026-05-29 08:00:00+00:00,215.3,215.6,214.13,214.8,679400.973606
2026-05-29 09:00:00+00:00,214.775,215.075,214.6779,214.8,205608.122111
2026-05-29 10:00:00+00:00,214.8062,214.97,214.5,214.85,222002.854222
2026-05-29 11:00:00+00:00,214.83,215.51,214.82,215.23,761089.7767759997
2026-05-29 12:00:00+00:00,215.21,215.21,214.64,214.89,710932.9422299998
2026-05-29 13:00:00+00:00,214.87,217.15,212.81,217.1,21874912.812078
2026-05-29 14:00:00+00:00,217.08,217.35,214.36,215.14,27048570.600583
2026-05-29 15:00:00+00:00,215.15,217.02,214.77,215.02,14186163.561168997
2026-05-29 16:00:00+00:00,215.03,217.52,215.018,216.59,13017267.146718003
2026-05-29 17:00:00+00:00,216.6,217.05,215.4,215.5036,10492012.508266995
2026-05-29 18:00:00+00:00,215.52,217.48,215.29,216.6999,12603156.399134003
2026-05-29 19:00:00+00:00,216.695,217.8599,211.13,211.15,46554338.678945996
2026-05-29 20:00:00+00:00,211.15,213.7183,211.14,212.48,27121633.267197996
2026-05-29 21:00:00+00:00,212.47,212.83,212.44,212.5,796913.6479149996
2026-05-29 22:00:00+00:00,212.5,213.0,212.5,212.98,617860.755359
2026-05-29 23:00:00+00:00,212.98,212.98,212.31,212.49,622278.388139
2026-06-01 08:00:00+00:00,215.77,217.3,214.3,215.21,2759844.865063001
2026-06-01 09:00:00+00:00,215.25,215.72,214.44,214.65,750591.9030940003
2026-06-01 10:00:00+00:00,214.5449,216.3,214.44,216.0,1013543.3249540003
2026-06-01 11:00:00+00:00,216.0,216.68,215.4,215.7607,2396645.601571
2026-06-01 12:00:00+00:00,215.7698,216.41,215.65,216.03,1436045.202149
2026-06-01 13:00:00+00:00,216.04,220.83,215.06,219.15,40420204.150075
2026-06-01 14:00:00+00:00,219.155,222.17,218.53,219.619,34617973.154841
2026-06-01 15:00:00+00:00,219.625,220.66,218.98,219.665,18932150.023985993
2026-06-01 16:00:00+00:00,219.64,222.4,219.61,222.1,18350881.895972997
2026-06-01 17:00:00+00:00,222.095,224.03,221.36,223.5292,16795722.266717996
2026-06-01 18:00:00+00:00,223.52,224.8,223.08,223.985,18385764.530883003
2026-06-01 19:00:00+00:00,223.99,224.87,222.4,224.43,23637252.180025
2026-06-01 20:00:00+00:00,224.42,224.86,223.91,224.4001,1846804.7586029994
2026-06-01 21:00:00+00:00,224.4011,224.99,224.05,224.87,2936183.381365
2026-06-01 22:00:00+00:00,224.87,224.8931,223.51,224.06,679781.0376749999
2026-06-01 23:00:00+00:00,224.06,224.2,223.59,223.97,498637.7853109999
2026-06-02 08:00:00+00:00,228.85,235.0,222.44,226.91,2556192.454758001
2026-06-02 09:00:00+00:00,226.9,228.87,226.5,228.5,922482.2106420002
2026-06-02 10:00:00+00:00,228.4504,229.23,227.27,227.27,927386.3277949999
2026-06-02 11:00:00+00:00,227.24,228.55,226.71,227.33,2010574.8302400003
2026-06-02 12:00:00+00:00,227.315,227.5,226.48,226.9001,1374204.2425140003
2026-06-02 13:00:00+00:00,226.92,232.28,225.04,231.455,38283638.257473
2026-06-02 14:00:00+00:00,231.44,231.95,225.35,226.12,33102863.501629997
2026-06-02 15:00:00+00:00,226.13,227.14,224.72,225.46,20192501.803754006
2026-06-02 16:00:00+00:00,225.4799,225.94,224.15,225.265,16949732.355883006
2026-06-02 17:00:00+00:00,225.265,225.63,222.58,223.18,15859104.953806
2026-06-02 18:00:00+00:00,223.18,223.6399,221.9,222.64,12832971.403904999
2026-06-02 19:00:00+00:00,222.64,224.37,221.35,222.81,19802753.921669997
2026-06-02 20:00:00+00:00,222.8045,224.866,222.43,222.82,2468497.7683530003
2026-06-02 21:00:00+00:00,222.82,222.89,222.2501,222.45,2713430.7617559987
2026-06-02 22:00:00+00:00,222.45,222.6,221.6539,221.67,430224.2358330001
2026-06-02 23:00:00+00:00,221.7,221.88,220.8001,221.7913,772923.3202340001
2026-06-03 08:00:00+00:00,222.52,223.23,221.5,221.7,741840.6885170001
2026-06-03 09:00:00+00:00,221.7,221.83,220.84,221.1182,427701.412971
2026-06-03 10:00:00+00:00,221.11,221.97,220.7,221.39,425644.11742799985
2026-06-03 11:00:00+00:00,221.45,224.18,221.34,224.08,1274149.4706740004
2026-06-03 12:00:00+00:00,224.0,224.4,222.25,222.6,1195664.698586
2026-06-03 13:00:00+00:00,222.63,223.3,216.0456,217.23,28154145.055354998
2026-06-03 14:00:00+00:00,217.2,217.62,214.58,215.75,32108683.174251996
2026-06-03 15:00:00+00:00,215.74,217.55,215.71,216.935,17615213.731813002
2026-06-03 16:00:00+00:00,216.95,217.2,214.81,216.06,12320253.285827996
2026-06-03 17:00:00+00:00,216.1,216.1,215.15,215.66,9359108.671107998
2026-06-03 18:00:00+00:00,215.669,216.23,215.23,216.1,9192988.526435003
2026-06-03 19:00:00+00:00,216.09,216.6986,214.51,214.9,23395521.553696003
2026-06-03 20:00:00+00:00,214.75,215.2,214.51,215.0305,4860987.772558002
2026-06-03 21:00:00+00:00,215.0,215.5,213.24,214.3268,1442015.8480570004
2026-06-03 22:00:00+00:00,214.43,214.8,213.14,213.61,702580.8650890001
2026-06-03 23:00:00+00:00,213.74,214.43,213.13,214.25,664983.8344070002
2026-06-04 08:00:00+00:00,214.98,215.54,213.23,213.5,750123.4677969996
2026-06-04 09:00:00+00:00,213.5,213.5,211.81,213.0,634971.2951839998
2026-06-04 10:00:00+00:00,212.97,213.22,212.33,212.93,300942.1832119999
2026-06-04 11:00:00+00:00,212.85,214.75,211.4,212.11,1286379.636076
2026-06-04 12:00:00+00:00,212.2159,213.49,211.66,213.3409,1424810.089349999
2026-06-04 13:00:00+00:00,213.28,215.73,212.12,212.335,23390099.876256
2026-06-04 14:00:00+00:00,212.28,215.43,210.97,215.41,24924104.04472399
2026-06-04 15:00:00+00:00,215.4,217.87,215.19,217.62,20601135.684156
2026-06-04 16:00:00+00:00,217.62,218.94,217.23,218.25,20872752.793602
2026-06-04 17:00:00+00:00,218.252,219.77,217.97,219.77,14141074.968993
2026-06-04 18:00:00+00:00,219.765,220.93,219.7,220.48,16248064.178879997
2026-06-04 19:00:00+00:00,220.485,221.6,218.55,218.715,20456448.145046003
2026-06-04 20:00:00+00:00,218.66,218.75,217.26,217.26,6542596.875179001
2026-06-04 21:00:00+00:00,217.32,217.7609,216.89,217.38,370783.53928200016
2026-06-04 22:00:00+00:00,217.38,217.44,216.5,216.97,402873.1855959998
2026-06-04 23:00:00+00:00,216.95,217.03,216.27,216.31,388891.46057999996
2026-06-05 08:00:00+00:00,215.22,216.22,214.5,215.51,706575.8486790002
2026-06-05 09:00:00+00:00,215.5,216.5,215.3238,215.9934,173712.932621
2026-06-05 10:00:00+00:00,215.98,216.37,215.8,215.95,145233.048284
2026-06-05 11:00:00+00:00,215.92,216.25,215.45,215.4899,479632.80233800004
2026-06-05 12:00:00+00:00,215.45,215.9,214.55,214.62,5172384.057373001
2026-06-05 13:00:00+00:00,214.61,215.1697,211.9501,211.98,20407115.426719997
2026-06-05 14:00:00+00:00,211.99,212.98,210.45,210.795,27103679.512716
2026-06-05 15:00:00+00:00,210.795,210.9299,207.5301,209.33,27867791.827680003
2026-06-05 16:00:00+00:00,209.34,209.34,206.64,208.14,23220416.622421
2026-06-05 17:00:00+00:00,208.1499,208.97,206.81,207.97,16425548.221172
2026-06-05 18:00:00+00:00,207.98,208.07,204.7,205.8925,23639037.684136
2026-06-05 19:00:00+00:00,205.89,206.76,204.33,205.11,35355814.175781004
2026-06-05 20:00:00+00:00,205.1,205.49,204.1,205.0,4255571.126259
2026-06-05 21:00:00+00:00,205.02,205.65,204.85,205.65,1061852.9901440004
2026-06-05 22:00:00+00:00,205.64,205.91,204.81,205.1593,549431.7721000001
2026-06-05 23:00:00+00:00,205.1865,205.23,204.01,204.0378,707283.846687
2026-06-08 08:00:00+00:00,207.38,208.54,205.29,207.5,1394507.079512
2026-06-08 09:00:00+00:00,207.4963,208.59,207.12,208.59,371414.179946
2026-06-08 10:00:00+00:00,208.59,209.43,208.02,208.68,440191.7921389999
2026-06-08 11:00:00+00:00,208.705,210.3,208.4,209.69,2045153.1210609998
2026-06-08 12:00:00+00:00,209.65,210.65,209.58,210.32,5657512.521290999
2026-06-08 13:00:00+00:00,210.36,210.8,206.18,206.2799,23405364.210419007
2026-06-08 14:00:00+00:00,206.27,208.7899,206.0,208.53,18969119.573313
2026-06-08 15:00:00+00:00,208.53,209.38,207.17,208.31,14001985.662712002
2026-06-08 16:00:00+00:00,208.315,209.7491,208.17,208.575,13160669.081902
2026-06-08 17:00:00+00:00,208.575,209.24,207.65,208.8,9691373.570894
2026-06-08 18:00:00+00:00,208.8,209.62,208.72,208.83,8623497.259522
2026-06-08 19:00:00+00:00,208.82,208.95,207.37,208.64,15158192.256089997
2026-06-08 20:00:00+00:00,208.64,208.81,207.97,208.05,2744557.4053130015
2026-06-08 21:00:00+00:00,208.13,208.3,208.0066,208.2296,162623.261392
2026-06-08 22:00:00+00:00,208.21,208.23,207.12,207.7844,337098.28096799983
2026-06-08 23:00:00+00:00,207.75,208.1484,207.55,207.65,211864.18748199992
2026-06-09 08:00:00+00:00,210.15,210.65,209.07,210.4,776718.4616039998
2026-06-09 09:00:00+00:00,210.3,210.435,210.02,210.22,181704.86658299997
2026-06-09 10:00:00+00:00,210.26,210.44,209.5,209.89,242718.58624400006
2026-06-09 11:00:00+00:00,209.875,210.12,209.0838,209.22,1231838.5614920002
2026-06-09 12:00:00+00:00,209.2,209.55,208.78,209.54,497590.285914
2026-06-09 13:00:00+00:00,209.537,211.4,208.64,209.16,18035687.283185996
2026-06-09 14:00:00+00:00,209.11,209.19,204.85,206.33,25725197.658535004
2026-06-09 15:00:00+00:00,206.37,206.77,202.8501,203.0104,21501764.908485997
2026-06-09 16:00:00+00:00,203.05,203.71,199.34,201.96,30427603.291253004
2026-06-09 17:00:00+00:00,201.97,205.42,201.67,205.06,18034352.903678
2026-06-09 18:00:00+00:00,205.07,207.37,204.9145,207.09,16398618.905692996
2026-06-09 19:00:00+00:00,207.09,208.29,204.54,208.2,23713624.436749995
2026-06-09 20:00:00+00:00,208.19,208.98,207.35,207.5,2481130.597446
2026-06-09 21:00:00+00:00,207.5,207.75,206.7,206.95,581470.7549940001
2026-06-09 22:00:00+00:00,206.95,207.25,206.0,206.1,367357.38272000005
2026-06-09 23:00:00+00:00,206.1147,206.82,205.75,206.574,337273.54015699995
2026-06-10 08:00:00+00:00,206.12,206.12,204.14,204.22,669957.4181120002
2026-06-10 09:00:00+00:00,204.22,204.65,203.13,204.04,305561.16743399994
2026-06-10 10:00:00+00:00,203.97,204.6,203.37,204.53,280998.0230650001
2026-06-10 11:00:00+00:00,204.525,204.64,202.7162,203.4,1276424.3024639997
2026-06-10 12:00:00+00:00,203.37,206.75,203.3,204.78,4313824.888655
2026-06-10 13:00:00+00:00,204.81,207.22,203.75,204.935,19534707.276825994
2026-06-10 14:00:00+00:00,204.94,206.84,203.78,203.905,22452300.566245
2026-06-10 15:00:00+00:00,203.93,204.52,201.61,203.455,22931334.486717
2026-06-10 16:00:00+00:00,203.47,203.95,202.385,202.87,12038415.136865001
2026-06-10 17:00:00+00:00,202.85,203.615,201.865,203.155,12212843.082991999
2026-06-10 18:00:00+00:00,203.17,203.42,200.9,201.16,13083515.488971999
2026-06-10 19:00:00+00:00,201.17,201.88,199.92,200.34,25626112.569861997
2026-06-10 20:00:00+00:00,200.42,200.82,199.33,200.04,3707004.9627079996
2026-06-10 21:00:00+00:00,199.9804,200.2482,199.9,199.97,394409.9548849999
2026-06-10 22:00:00+00:00,200.06,200.2,199.46,199.52,621803.620471
2026-06-10 23:00:00+00:00,199.51,200.01,198.88,199.185,642302.45595
2026-06-11 08:00:00+00:00,202.6,203.59,201.58,203.25,732320.4473650001
2026-06-11 09:00:00+00:00,203.24,203.37,202.44,202.93,236113.053405
2026-06-11 10:00:00+00:00,202.88,203.3,202.31,202.48,211355.03422200007
2026-06-11 11:00:00+00:00,202.435,202.64,201.62,202.538,2795347.597956001
2026-06-11 12:00:00+00:00,202.55,203.16,201.2,201.98,1115837.5115299996
2026-06-11 13:00:00+00:00,202.01,203.565,200.42,202.77,16685393.279888999
2026-06-11 14:00:00+00:00,202.76,203.65,199.86,200.22,18860210.476101004
2026-06-11 15:00:00+00:00,200.23,201.93,199.54,201.325,13774167.869361
2026-06-11 16:00:00+00:00,201.325,202.045,200.29,200.31,9775776.368403997
2026-06-11 17:00:00+00:00,200.32,204.47,199.71,202.98,20480776.789818004
2026-06-11 18:00:00+00:00,202.98,203.28,201.64,202.855,12634224.752615003
2026-06-11 19:00:00+00:00,202.86,205.66,202.01,204.66,27874593.621834997
2026-06-11 20:00:00+00:00,204.87,205.28,204.5182,205.19,3009263.1665180014
2026-06-11 21:00:00+00:00,205.17,205.2,205.0,205.14,2667052.984465
2026-06-11 22:00:00+00:00,205.03,206.43,205.03,206.0577,573906.6907170002
2026-06-11 23:00:00+00:00,206.05,206.13,205.5,205.962,391215.40372500004
2026-06-12 08:00:00+00:00,204.4,206.31,203.16,205.41,762073.8121620001
2026-06-12 09:00:00+00:00,205.38,206.38,205.38,206.1408,201872.43544399994
2026-06-12 10:00:00+00:00,206.0847,206.64,205.51,205.59,194272.871839
2026-06-12 11:00:00+00:00,205.575,206.2991,205.575,206.03,459184.268209
2026-06-12 12:00:00+00:00,206.0071,206.315,204.5156,204.5811,874977.7279429999
2026-06-12 13:00:00+00:00,204.58,206.24,203.4385,203.98,15683448.512027001
2026-06-12 14:00:00+00:00,204.06,206.68,203.93,205.7,18325694.421539005
2026-06-12 15:00:00+00:00,205.735,207.07,203.91,204.1699,15010266.304053998
2026-06-12 16:00:00+00:00,204.17,205.79,203.95,205.16,10484947.642523
2026-06-12 17:00:00+00:00,205.19,205.58,204.6558,205.08,7989425.912087001
2026-06-12 18:00:00+00:00,205.1,205.55,204.195,204.6797,9512792.927889999
2026-06-12 19:00:00+00:00,204.66,205.29,203.91,205.14,15044810.287826996
2026-06-12 20:00:00+00:00,205.19,205.39,204.85,205.3351,3145573.4698849996
2026-06-12 21:00:00+00:00,205.3201,205.43,205.27,205.3299,163002.87449500003
2026-06-12 22:00:00+00:00,205.325,205.33,205.0,205.24,146757.08744899998
2026-06-12 23:00:00+00:00,205.2821,205.58,205.2,205.4199,231295.64332100007
2026-06-15 08:00:00+00:00,209.98,211.35,209.1,210.02,1175238.1091739994
2026-06-15 09:00:00+00:00,210.01,210.25,209.2,209.65,235822.18072200002
2026-06-15 10:00:00+00:00,209.6,209.7,209.0,209.07,266976.84241199994
2026-06-15 11:00:00+00:00,209.01,209.4,207.99,208.73,1489612.6149790003
2026-06-15 12:00:00+00:00,208.7119,209.0,207.7,207.99,1165198.7926799997
2026-06-15 13:00:00+00:00,207.99,210.99,207.81,208.7635,20748384.104943
2026-06-15 14:00:00+00:00,208.8,210.44,208.34,210.36,19184939.735175
2026-06-15 15:00:00+00:00,210.36,212.7107,210.2502,212.275,18612753.335983
2026-06-15 16:00:00+00:00,212.28,212.61,211.853,212.33,10506077.691778004
2026-06-15 17:00:00+00:00,212.33,212.67,211.8,211.82,8036763.753761002
2026-06-15 18:00:00+00:00,211.84,212.56,211.42,212.29,9497347.751700997
2026-06-15 19:00:00+00:00,212.29,212.6,211.0,212.45,17294267.624944
2026-06-15 20:00:00+00:00,212.45,212.5,211.6103,212.0675,4687890.394914001
2026-06-15 21:00:00+00:00,212.11,212.36,212.01,212.08,392638.91917400016
2026-06-15 22:00:00+00:00,212.04,212.1,211.43,211.545,306702.2001479999
2026-06-15 23:00:00+00:00,211.53,211.97,211.33,211.932,279312.96744700003
2026-06-16 08:00:00+00:00,211.45,211.9,210.92,211.56,450951.2146400001
2026-06-16 09:00:00+00:00,211.59,211.63,211.11,211.31,124350.046608
2026-06-16 10:00:00+00:00,211.22,211.65,211.0,211.63,122932.23612999996
2026-06-16 11:00:00+00:00,211.59,212.44,211.4,212.02,628467.9020010001
2026-06-16 12:00:00+00:00,212.01,212.2483,210.8,210.91,826652.3528410001
2026-06-16 13:00:00+00:00,210.9,211.49,208.65,208.705,17070189.659043
2026-06-16 14:00:00+00:00,208.715,210.35,208.5301,209.3303,17805892.244958
2026-06-16 15:00:00+00:00,209.35,210.32,208.523,209.17,15187400.782411005
2026-06-16 16:00:00+00:00,209.15,209.72,208.28,209.13,10274176.015072
2026-06-16 17:00:00+00:00,209.135,209.7,208.722,209.43,6587775.457841996
2026-06-16 18:00:00+00:00,209.42,209.82,208.76,208.995,6424855.674933999
2026-06-16 19:00:00+00:00,208.99,209.4,207.29,207.41,17515442.681788
2026-06-16 20:00:00+00:00,207.416227,207.82,206.95,207.6398,3452402.035959
2026-06-16 21:00:00+00:00,207.66,207.96,207.62,207.77,191522.09983799994
2026-06-16 22:00:00+00:00,207.72,208.05,207.61,208.0,202263.86645800003
2026-06-16 23:00:00+00:00,207.945,207.95,207.38,207.55,174872.38969899996
