timestamp,open,high,low,close,volume
2024-06-17 08:00:00+00:00,132.87,133.6,132.07,133.21,3468876.0
2024-06-17 12:00:00+00:00,132.4,133.79,129.58,130.9399,147118907.0
2024-06-17 16:00:00+00:00,130.93,132.58,130.61,131.09,110240273.0
2024-06-17 20:00:00+00:00,131.09,132.89,130.3705,130.97,7966038.0
2024-06-18 08:00:00+00:00,131.6,132.3,131.0,131.95,2792825.0
2024-06-18 12:00:00+00:00,131.93,134.8,130.69,134.5838,130002129.0
2024-06-18 16:00:00+00:00,134.58,136.33,134.02,135.68,136897004.0
2024-06-18 20:00:00+00:00,135.58,136.68,133.6382,136.4,8473446.0
2024-06-20 08:00:00+00:00,141.09,141.09,138.55,140.0,8204924.0
2024-06-20 12:00:00+00:00,139.27,141.6,136.13,137.405,203842135.0
2024-06-20 16:00:00+00:00,137.41,137.47,129.52,130.72,258902508.0
2024-06-20 20:00:00+00:00,130.78,131.18,129.69,130.2,13727228.0
2024-06-21 08:00:00+00:00,131.17,132.28,126.66,127.86,9089049.0
2024-06-21 12:00:00+00:00,128.97,132.64,124.3,130.09,239261794.0
2024-06-21 16:00:00+00:00,130.09,130.63,125.08,127.06,181121345.0
2024-06-21 20:00:00+00:00,126.57,127.18,126.39,127.0,17216157.0
2024-06-24 08:00:00+00:00,126.7,127.2,122.54,123.9,6764550.0
2024-06-24 12:00:00+00:00,124.36,126.89,118.29,120.94,236049799.0
2024-06-24 16:00:00+00:00,120.94,121.32,118.04,118.06,181029730.0
2024-06-24 20:00:00+00:00,118.11,122.7115,116.4501,116.55,16959170.0
2024-06-25 08:00:00+00:00,115.26,122.21,115.25,120.8,11599621.0
2024-06-25 12:00:00+00:00,120.4,125.38,115.0,125.36,204935287.0
2024-06-25 16:00:00+00:00,125.355,126.5,123.0401,126.24,158311812.0
2024-06-25 20:00:00+00:00,126.24,127.83,121.3584,127.24,14150867.0
2024-06-26 08:00:00+00:00,129.2,129.74,128.3,129.25,5205505.0
2024-06-26 12:00:00+00:00,129.24,129.95,122.6,124.47,185931737.0
2024-06-26 16:00:00+00:00,124.4697,126.48,122.86,126.42,136035749.0
2024-06-26 20:00:00+00:00,126.4,126.56,123.5833,123.9496,11393782.0
2024-06-27 08:00:00+00:00,123.88,125.28,123.81,124.0,2063002.0
2024-06-27 12:00:00+00:00,124.4,126.41,122.94,123.4599,123528411.0
2024-06-27 16:00:00+00:00,123.455,125.08,122.92,123.985,99794022.0
2024-06-27 20:00:00+00:00,123.94,124.55,123.6602,124.49,5668015.0
2024-06-28 08:00:00+00:00,124.68,125.16,124.46,125.04,1586097.0
2024-06-28 12:00:00+00:00,124.9,127.71,123.42,126.1085,135838304.0
2024-06-28 16:00:00+00:00,126.12,126.16,122.75,123.41,124651996.0
2024-06-28 20:00:00+00:00,123.54,123.9,123.35,123.7501,13060588.0
2024-07-01 08:00:00+00:00,123.75,124.49,120.01,122.22,5190154.0
2024-07-01 12:00:00+00:00,122.19,124.39,118.83,123.793,157225290.0
2024-07-01 16:00:00+00:00,123.795,124.84,122.85,124.18,101655353.0
2024-07-01 20:00:00+00:00,124.3,124.49,123.71,123.8801,8268218.0
2024-07-02 08:00:00+00:00,123.1,123.5,122.34,122.74,1698124.0
2024-07-02 12:00:00+00:00,123.12,123.57,120.7,121.6801,112254468.0
2024-07-02 16:00:00+00:00,121.7,123.36,121.56,122.66,80796108.0
2024-07-02 20:00:00+00:00,122.67,122.67,121.84,122.09,4773562.0
2024-07-03 08:00:00+00:00,121.55,122.0,120.4,121.74,2974426.0
2024-07-03 12:00:00+00:00,121.44,127.49,120.6319,127.01,137420229.0
2024-07-03 16:00:00+00:00,127.01,128.28,126.37,128.28,67997557.0
2024-07-03 20:00:00+00:00,127.4,127.5,127.0,127.48,680591.0
2024-07-05 08:00:00+00:00,128.4,129.2,127.12,128.37,2610295.0
2024-07-05 12:00:00+00:00,127.94,128.85,125.68,127.24,104166901.0
2024-07-05 16:00:00+00:00,127.2499,128.4696,125.79,125.81,82178586.0
2024-07-05 20:00:00+00:00,125.83,126.6407,125.1,125.38,5649866.0
2024-07-08 08:00:00+00:00,125.65,126.99,124.77,126.77,2206362.0
2024-07-08 12:00:00+00:00,125.74,130.77,124.59,129.14,136299493.0
2024-07-08 16:00:00+00:00,129.13,129.2,127.65,128.19,77264275.0
2024-07-08 20:00:00+00:00,128.2,128.9,128.03,128.68,5117769.0
2024-07-09 08:00:00+00:00,128.79,130.45,128.73,130.05,2673255.0
2024-07-09 12:00:00+00:00,129.91,133.82,128.5,131.4198,150114454.0
2024-07-09 16:00:00+00:00,131.42,131.69,128.65,131.41,110640310.0
2024-07-09 20:00:00+00:00,131.38,132.3299,131.07,132.21,7405697.0
2024-07-10 08:00:00+00:00,132.35,133.59,132.05,133.43,2700993.0
2024-07-10 12:00:00+00:00,133.42,134.78,132.01,134.3699,119171367.0
2024-07-10 16:00:00+00:00,134.3795,135.1,133.83,134.82,92039743.0
2024-07-10 20:00:00+00:00,134.91,135.75,134.1945,135.6,17102738.0
2024-07-11 08:00:00+00:00,135.88,136.42,135.25,135.49,2115164.0
2024-07-11 12:00:00+00:00,135.56,137.32,127.6,128.37,192600650.0
2024-07-11 16:00:00+00:00,128.38,130.34,127.05,127.46,145641033.0
2024-07-11 20:00:00+00:00,127.4,132.427,126.1,126.21,9434337.0
2024-07-12 08:00:00+00:00,126.68,128.88,126.25,128.08,3308882.0
2024-07-12 12:00:00+00:00,127.31,131.05,125.02,129.8,119162788.0
2024-07-12 16:00:00+00:00,129.78,131.92,128.84,129.17,107925190.0
2024-07-12 20:00:00+00:00,129.24,130.0695,128.68,129.89,8135732.0
2024-07-15 08:00:00+00:00,130.24,131.25,129.5,130.9,2618526.0
2024-07-15 12:00:00+00:00,130.25,131.5,128.05,128.935,97423696.0
2024-07-15 16:00:00+00:00,128.94,129.107,127.18,128.42,90334728.0
2024-07-15 20:00:00+00:00,128.44,128.9276,128.15,128.6,4676600.0
2024-07-16 08:00:00+00:00,128.15,128.85,127.62,128.49,1150373.0
2024-07-16 12:00:00+00:00,128.48,129.04,124.58,126.66,104171778.0
2024-07-16 16:00:00+00:00,126.655,126.87,125.18,126.315,86531942.0
2024-07-16 20:00:00+00:00,126.35,126.65,125.8005,125.9,6565195.0
2024-07-17 08:00:00+00:00,122.4,125.28,120.5,121.18,6928596.0
2024-07-17 12:00:00+00:00,122.09,125.78,118.12,119.195,180179451.0
2024-07-17 16:00:00+00:00,119.2,119.28,116.72,117.85,166534318.0
2024-07-17 20:00:00+00:00,117.85,121.65,117.4,119.16,8791591.0
2024-07-18 08:00:00+00:00,120.9,122.15,119.37,120.5,5170702.0
2024-07-18 12:00:00+00:00,120.7,123.49,116.56,118.04,164739495.0
2024-07-18 16:00:00+00:00,118.045,121.5,117.74,121.11,129928401.0
2024-07-18 20:00:00+00:00,121.11,122.28,119.9936,121.94,6910596.0
2024-07-19 08:00:00+00:00,119.84,121.74,119.15,121.05,2098165.0
2024-07-19 12:00:00+00:00,120.4,122.23,118.59,119.7901,94102225.0
2024-07-19 16:00:00+00:00,119.78,119.98,117.37,117.99,97424695.0
2024-07-19 20:00:00+00:00,117.93,118.39,117.81,118.0,4622819.0
2024-07-22 08:00:00+00:00,119.3,120.7,118.81,120.41,2641483.0
2024-07-22 12:00:00+00:00,119.91,123.28,117.95,121.23,119544187.0
2024-07-22 16:00:00+00:00,121.23,124.07,120.9,123.74,104661094.0
2024-07-22 20:00:00+00:00,123.54,123.83,122.1434,123.33,6008350.0
2024-07-23 08:00:00+00:00,122.45,123.84,121.85,123.4,1815688.0
2024-07-23 12:00:00+00:00,122.97,124.69,122.1095,123.43,83938587.0
2024-07-23 16:00:00+00:00,123.41,123.88,122.1,122.43,66370180.0
2024-07-23 20:00:00+00:00,122.59,123.38,120.08,120.61,8671681.0
2024-07-24 08:00:00+00:00,120.48,121.35,120.1,120.65,1394924.0
2024-07-24 12:00:00+00:00,120.51,121.22,116.8,116.86,108387827.0
2024-07-24 16:00:00+00:00,116.8687,117.33,113.44,114.4237,173289017.0
2024-07-24 20:00:00+00:00,114.25,118.0,113.76,115.45,12859923.0
2024-07-25 08:00:00+00:00,114.88,115.5,111.52,112.82,4771672.0
2024-07-25 12:00:00+00:00,113.5,115.77,106.3,114.84,271044478.0
2024-07-25 16:00:00+00:00,114.8397,116.63,112.08,112.34,153703316.0
2024-07-25 20:00:00+00:00,112.33,113.256,111.1,112.24,7051954.0
2024-07-26 08:00:00+00:00,114.0,115.51,113.44,115.5,3373125.0
2024-07-26 12:00:00+00:00,115.49,116.34,112.01,113.005,134490866.0
2024-07-26 16:00:00+00:00,113.01,114.545,111.58,113.06,126667362.0
2024-07-26 20:00:00+00:00,113.06,113.6763,112.9,113.0381,3216400.0
2024-07-29 08:00:00+00:00,113.9,114.48,113.2,113.37,1814039.0
2024-07-29 12:00:00+00:00,113.94,116.28,111.43,113.01,126233095.0
2024-07-29 16:00:00+00:00,113.02,113.71,111.3,111.55,96110072.0
2024-07-29 20:00:00+00:00,111.55,113.2943,110.71,110.77,10290945.0
2024-07-30 08:00:00+00:00,111.3,112.04,110.54,111.66,1537655.0
2024-07-30 12:00:00+00:00,111.22,112.0,103.91,104.5409,211034952.0
2024-07-30 16:00:00+00:00,104.55,106.48,102.54,103.71,214642163.0
2024-07-30 20:00:00+00:00,103.71,109.9,100.01,109.0,32996471.0
2024-07-31 08:00:00+00:00,109.88,111.21,108.41,110.85,7006205.0
2024-07-31 12:00:00+00:00,110.85,116.47,108.63,115.63,214187231.0
2024-07-31 16:00:00+00:00,115.62,118.34,114.25,117.18,185460463.0
2024-07-31 20:00:00+00:00,117.02,121.62,115.9358,121.3199,25529244.0
2024-08-01 08:00:00+00:00,120.86,121.25,115.03,119.9,8119882.0
2024-08-01 12:00:00+00:00,119.0,121.3,111.89,112.69,206954233.0
2024-08-01 16:00:00+00:00,112.689,113.85,106.8104,109.34,258941115.0
2024-08-01 20:00:00+00:00,109.21,111.4671,106.58,108.1,19482768.0
2024-08-02 08:00:00+00:00,106.7,107.36,103.79,104.3,8070237.0
2024-08-02 12:00:00+00:00,104.35,108.72,101.37,107.82,256264610.0
2024-08-02 16:00:00+00:00,107.83,107.97,104.55,107.28,174468618.0
2024-08-02 20:00:00+00:00,107.3,107.75,103.73,106.73,15783645.0
2024-08-05 08:00:00+00:00,99.97,101.7,92.61,93.39,21770402.0
2024-08-05 12:00:00+00:00,93.38,102.37,90.69,100.8984,291786055.0
2024-08-05 16:00:00+00:00,100.88,103.41,98.56,100.6,201861565.0
2024-08-05 20:00:00+00:00,100.59,103.59,100.4379,103.565,11823830.0
2024-08-06 08:00:00+00:00,104.5,105.9,100.12,103.41,7593527.0
2024-08-06 12:00:00+00:00,103.04,107.0,100.4448,105.2816,182189839.0
2024-08-06 16:00:00+00:00,105.29,107.71,104.0,104.01,165230545.0
2024-08-06 20:00:00+00:00,104.03,109.25,101.5,101.55,30318378.0
2024-08-07 08:00:00+00:00,104.3,107.12,103.16,106.27,5851202.0
2024-08-07 12:00:00+00:00,106.1,108.8,103.51,104.1581,164064701.0
2024-08-07 16:00:00+00:00,104.16,104.3,98.69,98.75,198988013.0
2024-08-07 20:00:00+00:00,98.91,99.4494,97.15,97.65,19332571.0
2024-08-08 08:00:00+00:00,99.14,99.79,98.3,99.03,4002589.0
2024-08-08 12:00:00+00:00,98.56,103.53,97.32,103.095,190923082.0
2024-08-08 16:00:00+00:00,103.09,105.5,102.78,105.22,161923675.0
2024-08-08 20:00:00+00:00,105.09,106.2,102.9206,106.2,8902167.0
2024-08-09 08:00:00+00:00,105.84,109.0,105.26,106.79,5798654.0
2024-08-09 12:00:00+00:00,106.84,107.7076,103.43,103.97,150620148.0
2024-08-09 16:00:00+00:00,103.97,105.8299,103.72,104.71,118874496.0
2024-08-09 20:00:00+00:00,104.75,105.05,104.5,104.7698,3164088.0
2024-08-12 08:00:00+00:00,105.45,106.13,105.1,105.65,1865849.0
2024-08-12 12:00:00+00:00,105.44,111.07,104.89,109.34,177412446.0
2024-08-12 16:00:00+00:00,109.34,110.38,108.68,109.1216,122427476.0
2024-08-12 20:00:00+00:00,109.12,109.18,106.3,108.9239,5084823.0
2024-08-13 08:00:00+00:00,110.9,111.38,109.57,110.98,3700923.0
2024-08-13 12:00:00+00:00,109.68,115.0,109.292,113.9801,148685615.0
2024-08-13 16:00:00+00:00,113.985,116.23,113.85,116.17,125596875.0
2024-08-13 20:00:00+00:00,116.14,116.8,115.98,116.77,8301761.0
2024-08-14 08:00:00+00:00,116.9,118.33,116.15,118.25,5092164.0
2024-08-14 12:00:00+00:00,118.24,119.5,114.07,118.3494,190916202.0
2024-08-14 16:00:00+00:00,118.3444,118.47,116.22,117.97,120061490.0
2024-08-14 20:00:00+00:00,118.08,118.35,117.26,117.28,6308011.0
2024-08-15 08:00:00+00:00,118.1,118.37,116.98,117.2,2364877.0
2024-08-15 12:00:00+00:00,117.26,122.49,116.95,121.88,163389885.0
2024-08-15 16:00:00+00:00,121.885,123.24,121.77,122.9413,118111856.0
2024-08-15 20:00:00+00:00,122.88,123.0,121.46,122.95,7787429.0
2024-08-16 08:00:00+00:00,123.6,123.84,122.95,122.98,3033912.0
2024-08-16 12:00:00+00:00,123.0,125.0,120.43,123.48,167853291.0
2024-08-16 16:00:00+00:00,123.48,124.755,123.18,124.58,107035347.0
2024-08-16 20:00:00+00:00,124.5799,124.58,121.15,124.23,4708537.0
2024-08-19 08:00:00+00:00,124.31,124.79,122.67,124.79,3334688.0
2024-08-19 12:00:00+00:00,123.86,127.6599,122.8648,127.075,143101805.0
2024-08-19 16:00:00+00:00,127.08,130.0,126.45,129.99,140528339.0
2024-08-19 20:00:00+00:00,130.0,130.0,127.1771,129.11,9738918.0
2024-08-20 08:00:00+00:00,129.75,129.98,128.79,129.62,3064838.0
2024-08-20 12:00:00+00:00,129.36,129.89,125.89,128.37,167214907.0
2024-08-20 16:00:00+00:00,128.37,128.56,126.53,127.27,104068986.0
2024-08-20 20:00:00+00:00,127.25,128.36,125.8,125.89,10185151.0
2024-08-21 08:00:00+00:00,126.59,127.65,125.99,127.24,2553921.0
2024-08-21 12:00:00+00:00,126.83,129.34,126.18,127.56,127402641.0
2024-08-21 16:00:00+00:00,127.56,129.35,126.66,128.45,107451100.0
2024-08-21 20:00:00+00:00,128.42,128.55,127.5051,128.5,6844629.0
2024-08-22 08:00:00+00:00,128.5,130.85,127.9,130.07,3465403.0
2024-08-22 12:00:00+00:00,130.07,131.0,124.43,125.61,160576666.0
2024-08-22 16:00:00+00:00,125.6,126.9025,123.1,123.83,172350596.0
2024-08-22 20:00:00+00:00,123.84,127.0,123.64,124.53,5926810.0
2024-08-23 08:00:00+00:00,125.55,125.69,124.69,125.42,2035080.0
2024-08-23 12:00:00+00:00,125.45,129.6,124.8496,128.13,171204646.0
2024-08-23 16:00:00+00:00,128.16,129.32,126.62,129.28,111199932.0
2024-08-23 20:00:00+00:00,129.28,129.47,125.85,129.45,17042868.0
2024-08-26 08:00:00+00:00,130.13,130.93,129.52,129.9,3709077.0
2024-08-26 12:00:00+00:00,129.9,131.26,124.37,126.44,179344283.0
2024-08-26 16:00:00+00:00,126.44,127.54,125.55,126.46,117100491.0
2024-08-26 20:00:00+00:00,126.46,126.87,126.3108,126.58,12924800.0
2024-08-27 08:00:00+00:00,126.7,127.31,126.11,126.36,1885720.0
2024-08-27 12:00:00+00:00,126.7,128.98,123.88,128.025,160259002.0
2024-08-27 16:00:00+00:00,128.02,129.2,127.52,128.34,109986685.0
2024-08-27 20:00:00+00:00,128.35,128.41,127.67,127.71,14221063.0
2024-08-28 08:00:00+00:00,128.18,129.14,127.88,128.35,2409871.0
2024-08-28 12:00:00+00:00,128.9,129.0,122.64,125.5372,174929284.0
2024-08-28 16:00:00+00:00,125.51,126.68,123.88,125.66,169344033.0
2024-08-28 20:00:00+00:00,125.65,128.56,115.01,116.95,83909192.0
2024-08-29 08:00:00+00:00,120.0,124.15,118.9,121.29,13593983.0
2024-08-29 12:00:00+00:00,121.28,124.43,118.0,121.115,225886750.0
2024-08-29 16:00:00+00:00,121.11,121.84,116.71,117.63,178859407.0
2024-08-29 20:00:00+00:00,117.59,118.5,117.43,118.49,6623690.0
2024-08-30 08:00:00+00:00,119.46,119.79,118.52,118.64,2235553.0
2024-08-30 12:00:00+00:00,119.45,121.75,117.22,118.2494,169248140.0
2024-08-30 16:00:00+00:00,118.23,119.62,117.725,119.36,114994514.0
2024-08-30 20:00:00+00:00,119.37,119.6,119.05,119.23,11879308.0
2024-09-03 08:00:00+00:00,119.23,119.5,116.4,116.98,4550018.0
2024-09-03 12:00:00+00:00,116.96,119.39,109.395,110.36,220725270.0
2024-09-03 16:00:00+00:00,110.3502,110.84,107.29,108.02,196393652.0
2024-09-03 20:00:00+00:00,108.03,108.05,105.15,105.3916,19928515.0
2024-09-04 08:00:00+00:00,105.2,107.66,104.25,106.08,6285789.0
2024-09-04 12:00:00+00:00,106.1,109.99,103.7,107.905,202313249.0
2024-09-04 16:00:00+00:00,107.895,109.51,105.4,106.17,144169956.0
2024-09-04 20:00:00+00:00,106.17,107.27,105.61,106.7,6325684.0
2024-09-05 08:00:00+00:00,107.16,107.66,106.11,106.28,2616741.0
2024-09-05 12:00:00+00:00,106.71,109.65,104.16,106.335,174355017.0
2024-09-05 16:00:00+00:00,106.34,107.75,106.285,107.24,103196193.0
2024-09-05 20:00:00+00:00,107.22,107.61,106.05,106.35,10951323.0
2024-09-06 08:00:00+00:00,105.49,106.17,104.38,105.73,2766354.0
2024-09-06 12:00:00+00:00,105.45,108.97,101.39,101.663,215695253.0
2024-09-06 16:00:00+00:00,101.66,103.6677,100.95,102.81,153952114.0
2024-09-06 20:00:00+00:00,102.83,103.09,102.15,102.49,9453623.0
2024-09-09 08:00:00+00:00,104.89,104.9,102.78,104.02,3259192.0
2024-09-09 12:00:00+00:00,104.03,106.55,103.0036,105.39,137020471.0
2024-09-09 16:00:00+00:00,105.388,106.55,104.68,106.48,101825424.0
2024-09-09 20:00:00+00:00,106.46,107.15,106.23,107.1001,5977224.0
2024-09-10 08:00:00+00:00,106.87,107.2,105.58,107.02,2147858.0
2024-09-10 12:00:00+00:00,106.39,109.4,105.25,105.28,138507119.0
2024-09-10 16:00:00+00:00,105.285,108.18,104.95,108.02,104595431.0
2024-09-10 20:00:00+00:00,108.03,108.14,106.894,107.6,7532243.0
2024-09-11 08:00:00+00:00,107.9,108.49,107.15,108.29,1506198.0
2024-09-11 12:00:00+00:00,107.93,111.93,106.35,111.17,179739877.0
2024-09-11 16:00:00+00:00,111.17,117.19,111.01,116.85,221925471.0
2024-09-11 20:00:00+00:00,116.8,117.2,116.08,116.64,11486681.0
2024-09-12 08:00:00+00:00,117.0,118.4,116.6,118.08,4822354.0
2024-09-12 12:00:00+00:00,118.08,120.24,115.38,118.148,189709147.0
2024-09-12 16:00:00+00:00,118.14,120.79,118.1,119.18,146764680.0
2024-09-12 20:00:00+00:00,119.14,119.26,118.1,119.119,5774800.0
2024-09-13 08:00:00+00:00,118.88,119.66,118.53,119.34,2134369.0
2024-09-13 12:00:00+00:00,119.23,119.955,117.6,118.91,129413751.0
2024-09-13 16:00:00+00:00,118.9,119.33,118.3,119.07,92286193.0
2024-09-13 20:00:00+00:00,119.1,119.1,118.72,118.76,3555894.0
2024-09-16 08:00:00+00:00,118.85,119.25,116.82,117.28,3074259.0
2024-09-16 12:00:00+00:00,117.31,119.35,114.36,116.184,135327406.0
2024-09-16 16:00:00+00:00,116.19,117.075,115.7109,116.77,81366333.0
2024-09-16 20:00:00+00:00,116.78,116.8,116.42,116.458,9509518.0
2024-09-17 08:00:00+00:00,117.0,117.9,116.5,117.76,1959655.0
2024-09-17 12:00:00+00:00,117.47,118.8,116.09,117.325,101942961.0
2024-09-17 16:00:00+00:00,117.325,117.52,114.83,115.585,108119773.0
2024-09-17 20:00:00+00:00,115.59,115.6,115.35,115.4476,3473110.0
2024-09-18 08:00:00+00:00,115.84,115.97,114.84,115.64,1611429.0
2024-09-18 12:00:00+00:00,115.85,116.35,113.68,113.904,93018717.0
2024-09-18 16:00:00+00:00,113.9,117.7,113.22,113.25,180556627.0
2024-09-18 20:00:00+00:00,113.29,115.1216,112.778,114.551,11770553.0
2024-09-19 08:00:00+00:00,116.56,117.33,115.56,117.17,4026529.0
2024-09-19 12:00:00+00:00,117.15,119.66,115.5,118.875,141410189.0
2024-09-19 16:00:00+00:00,118.875,119.66,117.61,117.98,109391138.0
2024-09-19 20:00:00+00:00,117.87,118.05,117.52,117.87,11140747.0
2024-09-20 08:00:00+00:00,118.15,118.15,116.61,117.02,1989030.0
2024-09-20 12:00:00+00:00,116.93,118.6181,115.3901,116.295,135377172.0
2024-09-20 16:00:00+00:00,116.295,116.89,115.5,116.07,105838387.0
2024-09-20 20:00:00+00:00,116.0,116.6,115.99,116.07,33845113.0
2024-09-23 08:00:00+00:00,116.4,116.95,115.82,116.22,1629836.0
2024-09-23 12:00:00+00:00,116.17,117.42,114.86,116.2,100038225.0
2024-09-23 16:00:00+00:00,116.21,116.605,115.27,116.23,75129372.0
2024-09-23 20:00:00+00:00,116.26,116.31,115.91,116.1,9198718.0
2024-09-24 08:00:00+00:00,116.6,117.28,116.07,116.37,2411573.0
2024-09-24 12:00:00+00:00,116.51,121.24,115.38,120.4379,150171793.0
2024-09-24 16:00:00+00:00,120.44,121.8,119.28,120.95,159277542.0
2024-09-24 20:00:00+00:00,120.87,121.83,120.83,121.79,17516191.0
2024-09-25 08:00:00+00:00,120.28,121.35,119.73,121.34,3160628.0
2024-09-25 12:00:00+00:00,121.34,124.94,120.1,123.58,156128477.0
2024-09-25 16:00:00+00:00,123.5793,123.89,122.62,123.56,97108050.0
2024-09-25 20:00:00+00:00,123.51,124.81,123.26,124.6,10843890.0
2024-09-26 08:00:00+00:00,126.17,126.75,125.0,126.33,5284623.0
2024-09-26 12:00:00+00:00,126.34,127.665,122.155,124.4708,165633018.0
2024-09-26 16:00:00+00:00,124.47,124.48,121.8,123.99,109435786.0
2024-09-26 20:00:00+00:00,124.04,124.04,123.25,123.35,6551422.0
2024-09-27 08:00:00+00:00,122.52,123.49,122.15,123.47,2138833.0
2024-09-27 12:00:00+00:00,122.66,124.49,119.82,120.62,131312531.0
2024-09-27 16:00:00+00:00,120.62,121.97,119.26,121.4,111826047.0
2024-09-27 20:00:00+00:00,121.4,121.45,120.5,120.5601,7418864.0
2024-09-30 08:00:00+00:00,120.8,120.81,117.72,118.08,3733694.0
2024-09-30 12:00:00+00:00,118.09,121.27,117.72,120.6991,102285413.0
2024-09-30 16:00:00+00:00,120.695,121.5,119.18,121.49,92962364.0
2024-09-30 20:00:00+00:00,121.44,121.66,120.3653,121.29,4641750.0
2024-10-01 08:00:00+00:00,121.52,122.251,121.17,121.91,1348459.0
2024-10-01 12:00:00+00:00,121.88,122.4351,116.2,117.045,134248266.0
2024-10-01 16:00:00+00:00,117.03,118.09,115.79,116.9499,129304759.0
2024-10-01 20:00:00+00:00,116.95,117.05,115.89,116.0,11283019.0
2024-10-02 08:00:00+00:00,116.5,116.91,114.7,116.31,3600101.0
2024-10-02 12:00:00+00:00,116.29,119.29,114.77,118.8801,104937459.0
2024-10-02 16:00:00+00:00,118.89,119.38,117.76,118.8399,81191972.0
2024-10-02 20:00:00+00:00,118.85,120.8257,118.79,120.6405,19369252.0
2024-10-03 08:00:00+00:00,118.89,120.75,118.77,120.59,2460889.0
2024-10-03 12:00:00+00:00,120.5,124.36,116.42,123.06,157718360.0
2024-10-03 16:00:00+00:00,123.065,123.2,121.46,122.84,95979799.0
2024-10-03 20:00:00+00:00,122.85,122.99,122.23,122.78,6913565.0
2024-10-04 08:00:00+00:00,123.07,123.86,122.52,123.55,2043071.0
2024-10-04 12:00:00+00:00,123.55,125.16,121.83,124.2885,129734367.0
2024-10-04 16:00:00+00:00,124.285,125.04,123.6201,124.89,93782817.0
2024-10-04 20:00:00+00:00,124.9,124.96,124.41,124.44,6628017.0
2024-10-07 08:00:00+00:00,124.1,124.88,123.0,124.45,2337640.0
2024-10-07 12:00:00+00:00,123.69,129.65,123.3548,129.1713,151769080.0
2024-10-07 16:00:00+00:00,129.18,130.64,127.52,127.79,168706276.0
2024-10-07 20:00:00+00:00,127.72,128.4799,127.6501,128.09,4908170.0
2024-10-08 08:00:00+00:00,128.5,130.49,127.77,130.05,4146381.0
2024-10-08 12:00:00+00:00,130.05,132.92,127.8,132.2649,150328033.0
2024-10-08 16:00:00+00:00,132.26,133.48,131.61,132.94,108424380.0
2024-10-08 20:00:00+00:00,132.93,133.03,132.45,133.0,5838807.0
2024-10-09 08:00:00+00:00,133.38,134.85,132.73,133.8,4101549.0
2024-10-09 12:00:00+00:00,133.8,134.79,131.38,132.725,132971289.0
2024-10-09 16:00:00+00:00,132.74,132.84,131.47,132.61,93263084.0
2024-10-09 20:00:00+00:00,132.64,132.65,132.07,132.14,2613923.0
2024-10-10 08:00:00+00:00,132.65,132.74,131.38,132.66,1642499.0
2024-10-10 12:00:00+00:00,132.65,134.95,130.8,134.893,122852846.0
2024-10-10 16:00:00+00:00,134.89,135.0,133.52,134.8,101056967.0
2024-10-10 20:00:00+00:00,134.81,134.85,134.51,134.78,4379803.0
2024-10-11 08:00:00+00:00,134.7,134.99,133.9,134.77,1590343.0
2024-10-11 12:00:00+00:00,134.75,135.78,133.66,135.035,99519487.0
2024-10-11 16:00:00+00:00,135.035,135.25,134.56,134.75,55622318.0
2024-10-11 20:00:00+00:00,134.76,134.8,134.28,134.38,2987529.0
2024-10-14 08:00:00+00:00,135.05,136.38,134.52,136.32,2680030.0
2024-10-14 12:00:00+00:00,135.85,139.6,134.13,137.7101,125168423.0
2024-10-14 16:00:00+00:00,137.715,139.05,137.62,138.1401,80243659.0
2024-10-14 20:00:00+00:00,138.1552,138.39,137.75,138.07,3721486.0
2024-10-15 08:00:00+00:00,137.6,138.28,135.5,136.97,3851093.0
2024-10-15 12:00:00+00:00,136.62,138.57,128.74,130.5799,213994365.0
2024-10-15 16:00:00+00:00,130.58,132.25,130.01,131.61,127992269.0
2024-10-15 20:00:00+00:00,131.6,132.9511,130.6,131.24,7676981.0
2024-10-16 08:00:00+00:00,132.5,132.82,131.7,132.52,2363705.0
2024-10-16 12:00:00+00:00,132.4,134.78,131.58,133.8508,126818421.0
2024-10-16 16:00:00+00:00,133.858,136.62,133.74,135.7099,114267382.0
2024-10-16 20:00:00+00:00,135.72,136.03,134.2672,135.5339,3767959.0
2024-10-17 08:00:00+00:00,138.2,140.3,137.05,139.95,5999324.0
2024-10-17 12:00:00+00:00,139.94,140.89,135.41,140.104,172855122.0
2024-10-17 16:00:00+00:00,140.11,140.252,136.87,136.92,105294214.0
2024-10-17 20:00:00+00:00,136.92,137.7,136.34,137.39,5973922.0
2024-10-18 08:00:00+00:00,138.5,138.83,137.74,138.2,2206007.0
2024-10-18 12:00:00+00:00,138.14,139.15,137.22,137.8647,85671766.0
2024-10-18 16:00:00+00:00,137.87,138.67,137.28,137.98,66957038.0
2024-10-18 20:00:00+00:00,138.0,138.04,137.9102,138.0,7746002.0
2024-10-21 08:00:00+00:00,138.43,138.86,136.74,137.09,2485684.0
2024-10-21 12:00:00+00:00,138.02,141.8,136.8908,141.28,126770373.0
2024-10-21 16:00:00+00:00,141.27,143.71,140.685,143.7,106031895.0
2024-10-21 20:00:00+00:00,143.7,144.5,141.2432,144.4999,7860441.0
2024-10-22 08:00:00+00:00,143.1,144.12,142.66,143.99,3604988.0
2024-10-22 12:00:00+00:00,143.3,144.42,141.78,143.27,116518722.0
2024-10-22 16:00:00+00:00,143.26,144.0599,141.96,143.57,84537279.0
2024-10-22 20:00:00+00:00,143.58,143.62,143.1,143.33,6772508.0
2024-10-23 08:00:00+00:00,143.11,143.5,142.0,142.58,1853883.0
2024-10-23 12:00:00+00:00,142.39,143.5,138.26,140.6601,135947787.0
2024-10-23 16:00:00+00:00,140.66,140.7,137.46,139.57,122799193.0
2024-10-23 20:00:00+00:00,139.56,140.55,139.33,140.21,5900938.0
2024-10-24 08:00:00+00:00,141.9,141.9,140.39,141.39,2073685.0
2024-10-24 12:00:00+00:00,141.39,142.15,138.46,139.555,89998403.0
2024-10-24 16:00:00+00:00,139.56,140.84,138.83,140.4,63658014.0
2024-10-24 20:00:00+00:00,140.41,140.41,139.9781,140.0601,2971446.0
2024-10-25 08:00:00+00:00,140.95,141.08,140.4,141.01,1139639.0
2024-10-25 12:00:00+00:00,140.78,144.13,140.0,143.72,99365669.0
2024-10-25 16:00:00+00:00,143.715,143.79,140.942,141.47,85842392.0
2024-10-25 20:00:00+00:00,141.54,142.664,140.77,141.06,3194089.0
2024-10-28 08:00:00+00:00,142.8,143.47,141.99,143.19,1733547.0
2024-10-28 12:00:00+00:00,142.83,143.39,140.05,140.3199,88498710.0
2024-10-28 16:00:00+00:00,140.315,141.49,140.18,140.62,63585159.0
2024-10-28 20:00:00+00:00,140.5,141.5,140.2008,140.2201,3705109.0
2024-10-29 08:00:00+00:00,140.6,140.75,139.55,140.02,1455648.0
2024-10-29 12:00:00+00:00,140.1,141.85,138.9,141.69,70237406.0
2024-10-29 16:00:00+00:00,141.685,142.2598,141.02,141.28,62142788.0
2024-10-29 20:00:00+00:00,141.25,141.5,140.3,141.3899,7364485.0
2024-10-30 08:00:00+00:00,140.85,141.37,139.75,140.28,1645410.0
2024-10-30 12:00:00+00:00,140.4,141.17,136.81,139.8499,87215341.0
2024-10-30 16:00:00+00:00,139.83,140.33,138.96,139.47,59124300.0
2024-10-30 20:00:00+00:00,139.335,139.68,137.35,137.85,11537019.0
2024-10-31 08:00:00+00:00,136.4,138.33,136.35,138.2,1895719.0
2024-10-31 12:00:00+00:00,137.31,138.987,132.3,133.1579,127811341.0
2024-10-31 16:00:00+00:00,133.1507,134.71,132.1106,132.57,96435448.0
2024-10-31 20:00:00+00:00,132.76,134.55,132.37,134.4101,8694699.0
2024-11-01 08:00:00+00:00,134.94,135.74,134.57,134.91,1953619.0
2024-11-01 12:00:00+00:00,134.93,137.31,132.429,136.52,101638707.0
2024-11-01 16:00:00+00:00,136.51,136.8,134.95,135.43,74157517.0
2024-11-01 20:00:00+00:00,135.38,139.83,135.15,139.31,12870652.0
2024-11-04 08:00:00+00:00,139.3,139.88,138.0,138.33,1639142.0
2024-11-04 12:00:00+00:00,138.33,139.99,135.57,137.72,69896876.0
2024-11-04 16:00:00+00:00,137.724,138.96,137.03,137.78,72187312.0
2024-11-04 20:00:00+00:00,137.785,137.86,135.77,136.01,29964625.0
2024-11-05 00:00:00+00:00,136.01,136.04,135.35,135.41,540120.0
2024-11-05 08:00:00+00:00,136.24,137.68,136.17,137.23,782098.0
2024-11-05 12:00:00+00:00,137.2,139.48,135.92,139.08,54306259.0
2024-11-05 16:00:00+00:00,139.07,140.3701,138.88,139.425,63802162.0
2024-11-05 20:00:00+00:00,139.4299,140.07,139.1293,139.69,25894453.0
2024-11-06 00:00:00+00:00,139.69,140.3,139.69,140.1601,813412.0
2024-11-06 08:00:00+00:00,142.12,142.49,140.17,140.23,2711995.0
2024-11-06 12:00:00+00:00,140.23,144.63,140.23,143.88,89448849.0
2024-11-06 16:00:00+00:00,143.9,146.47,143.5,146.4084,92467371.0
2024-11-06 20:00:00+00:00,146.4,146.49,145.0805,145.67,33463098.0
2024-11-07 00:00:00+00:00,145.66,145.75,145.3,145.3,440941.0
2024-11-07 08:00:00+00:00,145.14,145.82,144.6,145.31,1308961.0
2024-11-07 12:00:00+00:00,145.33,148.75,144.6336,147.985,74071641.0
2024-11-07 16:00:00+00:00,147.99,148.5,147.29,148.4646,72373989.0
2024-11-07 20:00:00+00:00,148.47,149.23,148.06,149.02,30116016.0
2024-11-08 00:00:00+00:00,149.0,149.5,148.98,149.45,684012.0
2024-11-08 08:00:00+00:00,149.73,149.95,146.8,148.14,2635928.0
2024-11-08 12:00:00+00:00,148.17,150.0,146.26,147.29,75196534.0
2024-11-08 16:00:00+00:00,147.28,147.97,146.35,147.01,54289457.0
2024-11-08 20:00:00+00:00,147.0199,147.88,146.88,147.49,22519479.0
2024-11-09 00:00:00+00:00,147.4898,147.55,147.44,147.51,243049.0
2024-11-11 08:00:00+00:00,148.5,148.67,146.44,147.34,1918511.0
2024-11-11 12:00:00+00:00,147.34,148.85,143.57,146.21,83377600.0
2024-11-11 16:00:00+00:00,146.21,146.25,144.47,145.06,57330804.0
2024-11-11 20:00:00+00:00,145.055,145.9,144.885,145.02,24255023.0
2024-11-12 00:00:00+00:00,145.01,145.03,144.75,144.76,409264.0
2024-11-12 08:00:00+00:00,144.9,145.25,143.38,144.58,1755477.0
2024-11-12 12:00:00+00:00,144.6,149.65,143.95,148.31,79827078.0
2024-11-12 16:00:00+00:00,148.32,149.37,146.58,148.5,71659692.0
2024-11-12 20:00:00+00:00,148.51,148.75,147.55,148.51,27511695.0
2024-11-13 00:00:00+00:00,148.52,148.52,148.1704,148.2,384759.0
2024-11-13 08:00:00+00:00,148.65,149.0,147.43,148.46,1432817.0
2024-11-13 12:00:00+00:00,148.47,149.66,146.55,147.1897,62857551.0
2024-11-13 16:00:00+00:00,147.19,147.84,145.9,146.82,65639392.0
2024-11-13 20:00:00+00:00,146.81,147.1999,145.94,146.55,40763865.0
2024-11-14 00:00:00+00:00,146.56,146.75,146.55,146.75,296962.0
2024-11-14 08:00:00+00:00,146.9,147.64,146.5,147.42,778252.0
2024-11-14 12:00:00+00:00,147.41,148.86,145.55,148.3563,67294991.0
2024-11-14 16:00:00+00:00,148.3592,149.0,146.47,146.895,76357905.0
2024-11-14 20:00:00+00:00,146.8907,146.93,145.76,146.4486,32560536.0
2024-11-15 00:00:00+00:00,146.45,146.52,146.2,146.3181,329612.0
2024-11-15 08:00:00+00:00,145.83,146.62,145.55,146.37,1062712.0
2024-11-15 12:00:00+00:00,146.36,146.76,141.81,143.1821,80231809.0
2024-11-15 16:00:00+00:00,143.1899,143.53,140.08,141.32,103649850.0
2024-11-15 20:00:00+00:00,141.325,142.4901,141.27,142.32,40716680.0
2024-11-16 00:00:00+00:00,142.3007,142.7,142.3,142.6999,477789.0
2024-11-18 08:00:00+00:00,142.8,143.5,137.21,139.0,4709010.0
2024-11-18 12:00:00+00:00,139.0,143.31,137.12,140.2399,83401744.0
2024-11-18 16:00:00+00:00,140.235,141.28,138.88,140.21,71551156.0
2024-11-18 20:00:00+00:00,140.2,141.55,139.5,140.52,36973511.0
2024-11-19 00:00:00+00:00,140.5099,140.69,140.45,140.61,426932.0
2024-11-19 08:00:00+00:00,141.01,142.59,140.7,141.7,1770553.0
2024-11-19 12:00:00+00:00,141.69,144.4,140.01,144.2999,73383619.0
2024-11-19 16:00:00+00:00,144.3,146.92,143.16,146.5501,86524590.0
2024-11-19 20:00:00+00:00,146.5409,147.66,141.9251,147.48,39853019.0
2024-11-20 00:00:00+00:00,147.48,147.84,147.42,147.69,874971.0
2024-11-20 08:00:00+00:00,147.7,147.92,146.35,147.47,1562646.0
2024-11-20 12:00:00+00:00,147.48,148.08,142.73,145.85,90040587.0
2024-11-20 16:00:00+00:00,145.85,146.59,143.24,144.3,101744563.0
2024-11-20 20:00:00+00:00,144.3036,146.3,137.92,143.55,94086641.0
2024-11-21 00:00:00+00:00,143.52,143.58,142.13,142.2014,2520955.0
2024-11-21 08:00:00+00:00,142.5,143.84,139.8,143.63,3910699.0
2024-11-21 12:00:00+00:00,143.6,152.89,139.8559,144.352,190725362.0
2024-11-21 16:00:00+00:00,144.36,148.0,142.89,147.755,138480251.0
2024-11-21 20:00:00+00:00,147.75,148.55,145.9,146.1,46020468.0
2024-11-22 00:00:00+00:00,146.09,146.2,145.8,145.8999,487365.0
2024-11-22 08:00:00+00:00,146.3,146.4,144.3,145.78,1526359.0
2024-11-22 12:00:00+00:00,145.78,147.16,142.46,143.67,87908503.0
2024-11-22 16:00:00+00:00,143.66,143.815,141.1,142.09,96050958.0
2024-11-22 20:00:00+00:00,142.08,142.9908,141.48,141.74,31959057.0
2024-11-23 00:00:00+00:00,141.7399,141.89,141.7,141.7708,339726.0
2024-11-25 08:00:00+00:00,143.4,143.5,140.04,142.07,1815146.0
2024-11-25 12:00:00+00:00,142.06,143.4,136.22,137.4021,114676347.0
2024-11-25 16:00:00+00:00,137.39,138.66,136.3,136.7999,97199451.0
2024-11-25 20:00:00+00:00,136.8,137.1483,135.38,136.1,48063533.0
2024-11-26 00:00:00+00:00,136.07,136.1,135.0,135.0,1950504.0
2024-11-26 08:00:00+00:00,136.05,137.29,135.8,136.97,1241546.0
2024-11-26 12:00:00+00:00,136.97,139.3,135.957,136.195,83692462.0
2024-11-26 16:00:00+00:00,136.19,137.14,135.67,136.295,61662279.0
2024-11-26 20:00:00+00:00,136.29,137.1,136.195,136.32,24695718.0
2024-11-27 00:00:00+00:00,136.32,136.43,136.15,136.27,379864.0
2024-11-27 08:00:00+00:00,136.3,136.5,135.05,135.57,1533581.0
2024-11-27 12:00:00+00:00,135.57,137.22,132.01,132.725,88739034.0
2024-11-27 16:00:00+00:00,132.72,134.6,131.8,134.345,81392944.0
2024-11-27 20:00:00+00:00,134.345,135.7,134.18,135.43,30077827.0
2024-11-28 00:00:00+00:00,135.4296,136.0,135.42,135.98,732633.0
2024-11-29 08:00:00+00:00,137.6,137.95,137.01,137.34,863137.0
2024-11-29 12:00:00+00:00,137.33,139.35,136.05,138.3899,70266159.0
2024-11-29 16:00:00+00:00,138.385,139.08,138.13,138.25,57760760.0
2024-11-29 20:00:00+00:00,138.1697,138.2,138.06,138.14,244783.0
2024-12-02 08:00:00+00:00,138.1,138.25,135.71,136.87,1684600.0
2024-12-02 12:00:00+00:00,136.88,140.45,135.99,138.5399,66314406.0
2024-12-02 16:00:00+00:00,138.55,139.6499,137.825,138.57,55479675.0
2024-12-02 20:00:00+00:00,138.56,139.0,137.89,138.44,26199422.0
2024-12-03 00:00:00+00:00,138.42,138.44,138.04,138.1,328174.0
2024-12-03 08:00:00+00:00,138.4,138.79,138.17,138.6,606452.0
2024-12-03 12:00:00+00:00,138.6,140.54,137.8,138.7501,55242275.0
2024-12-03 16:00:00+00:00,138.75,139.86,138.495,139.815,56981906.0
2024-12-03 20:00:00+00:00,139.81,140.77,139.7172,140.7,31615236.0
2024-12-04 00:00:00+00:00,140.72,140.8398,140.61,140.77,368529.0
2024-12-04 08:00:00+00:00,141.3,141.74,140.84,141.51,889196.0
2024-12-04 12:00:00+00:00,141.52,142.63,140.29,141.9876,61299447.0
2024-12-04 16:00:00+00:00,141.99,145.79,141.85,145.5314,103652231.0
2024-12-04 20:00:00+00:00,145.53,145.68,144.44,144.5106,36328759.0
2024-12-05 00:00:00+00:00,144.5204,144.65,144.5,144.6299,465917.0
2024-12-05 08:00:00+00:00,144.65,145.32,144.17,145.09,945598.0
2024-12-05 12:00:00+00:00,145.08,146.07,143.95,145.33,59039725.0
2024-12-05 16:00:00+00:00,145.34,146.54,144.31,145.1812,69734423.0
2024-12-05 20:00:00+00:00,145.18,145.5,144.36,144.45,24375710.0
2024-12-06 00:00:00+00:00,144.47,144.5,144.4,144.42,199082.0
2024-12-06 08:00:00+00:00,145.07,145.14,144.51,144.71,537930.0
2024-12-06 12:00:00+00:00,144.68,145.7,143.45,143.7306,57005078.0
2024-12-06 16:00:00+00:00,143.74,143.82,141.31,142.27,80655494.0
2024-12-06 20:00:00+00:00,142.265,142.5,141.79,141.94,27921549.0
2024-12-07 00:00:00+00:00,141.94,141.94,141.8,141.93,295979.0
2024-12-09 08:00:00+00:00,142.47,142.6,138.81,139.74,2962723.0
2024-12-09 12:00:00+00:00,139.76,142.66,137.42,137.835,76057719.0
2024-12-09 16:00:00+00:00,137.835,139.84,137.13,138.44,61790481.0
2024-12-09 20:00:00+00:00,138.44,139.29,138.0,138.14,24555784.0
2024-12-10 00:00:00+00:00,138.1106,138.14,137.87,137.93,423743.0
2024-12-10 08:00:00+00:00,138.0,138.38,137.02,138.03,1061393.0
2024-12-10 12:00:00+00:00,138.03,141.82,137.1371,138.145,59620498.0
2024-12-10 16:00:00+00:00,138.15,138.28,134.69,134.7,83301344.0
2024-12-10 20:00:00+00:00,134.7,136.9948,133.79,135.6,38599205.0
2024-12-11 00:00:00+00:00,135.6,135.7,135.3,135.3,308034.0
2024-12-11 08:00:00+00:00,136.5,136.89,135.67,136.61,852702.0
2024-12-11 12:00:00+00:00,136.59,138.05,135.2,135.915,59302452.0
2024-12-11 16:00:00+00:00,135.91,140.13,135.8701,139.78,72555813.0
2024-12-11 20:00:00+00:00,139.78,140.17,138.8,138.98,26054371.0
2024-12-12 00:00:00+00:00,138.96,139.04,138.88,138.99,314792.0
2024-12-12 08:00:00+00:00,139.0,139.53,138.37,138.98,711284.0
2024-12-12 12:00:00+00:00,139.0,139.29,135.8,137.07,63080066.0
2024-12-12 16:00:00+00:00,137.07,138.44,136.09,138.0598,56315886.0
2024-12-12 20:00:00+00:00,138.05,139.41,136.95,138.79,23237883.0
2024-12-13 00:00:00+00:00,138.8,139.23,138.74,139.0,644145.0
2024-12-13 08:00:00+00:00,139.0,139.8,138.0,138.57,744293.0
2024-12-13 12:00:00+00:00,138.55,139.98,134.02,134.17,72986272.0
2024-12-13 16:00:00+00:00,134.16,134.92,132.54,133.72,108949566.0
2024-12-13 20:00:00+00:00,133.71,134.39,133.68,134.01,28246070.0
2024-12-14 00:00:00+00:00,134.02,134.04,133.9,133.91,312973.0
2024-12-16 08:00:00+00:00,134.21,134.75,133.05,133.72,1263224.0
2024-12-16 12:00:00+00:00,133.72,134.89,130.42,131.56,86664926.0
2024-12-16 16:00:00+00:00,131.5505,132.78,130.44,131.91,91271027.0
2024-12-16 20:00:00+00:00,131.92,132.7399,131.0,131.0899,30409169.0
2024-12-17 00:00:00+00:00,131.09,131.15,130.91,130.95,619166.0
2024-12-17 08:00:00+00:00,130.72,131.15,128.88,130.07,3229115.0
2024-12-17 12:00:00+00:00,130.07,131.23,126.86,128.9088,103839343.0
2024-12-17 16:00:00+00:00,128.9099,131.59,128.27,129.84,89045948.0
2024-12-17 20:00:00+00:00,129.845,131.59,128.82,131.2,33638065.0
2024-12-18 00:00:00+00:00,131.2,131.5,131.02,131.08,748988.0
2024-12-18 08:00:00+00:00,132.07,135.0,131.42,133.53,3356795.0
2024-12-18 12:00:00+00:00,133.51,136.2,131.15,135.95,76781705.0
2024-12-18 16:00:00+00:00,135.95,136.7,132.38,132.7,89341504.0
2024-12-18 20:00:00+00:00,132.71,132.9,126.5,130.41,72390908.0
2024-12-19 00:00:00+00:00,130.46,131.5094,130.35,131.5,1009410.0
2024-12-19 08:00:00+00:00,132.1,133.0,131.03,131.38,1886647.0
2024-12-19 12:00:00+00:00,131.38,132.7741,129.55,131.62,72454629.0
2024-12-19 16:00:00+00:00,131.6,134.03,130.8014,131.54,77529916.0
2024-12-19 20:00:00+00:00,131.535,132.09,130.2,131.04,27746905.0
2024-12-20 00:00:00+00:00,131.04,131.09,130.0,130.02,590952.0
2024-12-20 08:00:00+00:00,129.0,129.69,126.35,127.22,2945652.0
2024-12-20 12:00:00+00:00,127.25,133.54,126.44,132.9453,86795434.0
2024-12-20 16:00:00+00:00,132.96,135.28,132.8,134.4,86959722.0
2024-12-20 20:00:00+00:00,134.41,135.6,132.9,135.59,55080195.0
2024-12-21 00:00:00+00:00,135.58,135.88,135.16,135.24,696621.0
2024-12-23 08:00:00+00:00,136.55,137.71,134.57,135.52,1728308.0
2024-12-23 12:00:00+00:00,135.47,137.82,134.7,136.55,57913241.0
2024-12-23 16:00:00+00:00,136.54,139.7,136.5007,138.965,69939962.0
2024-12-23 20:00:00+00:00,138.955,139.79,138.34,139.15,27462342.0
2024-12-24 00:00:00+00:00,139.15,139.2,138.99,139.01,368630.0
2024-12-24 08:00:00+00:00,139.69,140.2,139.23,139.35,820034.0
2024-12-24 12:00:00+00:00,139.38,141.9,139.25,141.2,55648308.0
2024-12-24 16:00:00+00:00,141.2,141.4099,138.65,140.22,45381385.0
2024-12-24 20:00:00+00:00,139.63,139.78,139.51,139.7799,197748.0
2024-12-26 08:00:00+00:00,140.3,140.89,138.18,138.95,1343362.0
2024-12-26 12:00:00+00:00,138.97,140.94,137.73,139.5025,46069619.0
2024-12-26 16:00:00+00:00,139.5001,140.44,139.03,140.19,45029622.0
2024-12-26 20:00:00+00:00,140.195,140.29,139.57,139.71,14550670.0
2024-12-27 00:00:00+00:00,139.75,139.88,139.58,139.58,198259.0
2024-12-27 08:00:00+00:00,138.99,139.5,138.5,139.3,651559.0
2024-12-27 12:00:00+00:00,139.27,139.67,134.71,135.9601,63548219.0
2024-12-27 16:00:00+00:00,135.95,136.9699,135.18,136.8935,60511901.0
2024-12-27 20:00:00+00:00,136.8901,137.18,136.3,136.7,25944232.0
2024-12-28 00:00:00+00:00,136.7,136.73,136.6,136.62,150952.0
2024-12-30 08:00:00+00:00,136.49,137.0,135.23,136.14,706988.0
2024-12-30 12:00:00+00:00,136.22,138.67,133.93,138.19,64165285.0
2024-12-30 16:00:00+00:00,138.18,140.27,137.27,139.37,66286413.0
2024-12-30 20:00:00+00:00,139.37,139.47,136.63,136.74,25122664.0
2024-12-31 00:00:00+00:00,136.7399,136.95,136.5,136.5001,310553.0
2024-12-31 08:00:00+00:00,136.99,138.82,136.97,138.42,625377.0
2024-12-31 12:00:00+00:00,138.37,138.74,135.67,136.574,45315577.0
2024-12-31 16:00:00+00:00,136.59,136.654,133.83,134.845,65243168.0
2024-12-31 20:00:00+00:00,134.84,135.63,134.0,134.21,26900809.0
2025-01-01 00:00:00+00:00,134.21,134.29,134.1401,134.29,205219.0
2025-01-02 08:00:00+00:00,132.95,136.83,132.95,136.66,1432142.0
2025-01-02 12:00:00+00:00,136.65,138.37,134.63,137.375,68050290.0
2025-01-02 16:00:00+00:00,137.38,138.88,135.16,136.915,80372519.0
2025-01-02 20:00:00+00:00,136.915,138.74,136.88,137.9017,29482822.0
2025-01-03 00:00:00+00:00,137.9199,138.5336,137.8801,138.44,477032.0
2025-01-03 08:00:00+00:00,138.5,139.57,138.43,139.37,852816.0
2025-01-03 12:00:00+00:00,139.33,144.2199,138.31,143.2,93539788.0
2025-01-03 16:00:00+00:00,143.21,144.9,142.7529,144.4199,78756513.0
2025-01-03 20:00:00+00:00,144.41,145.0,143.6677,144.9,34672283.0
2025-01-04 00:00:00+00:00,144.9,145.0,144.86,144.99,472412.0
2025-01-06 08:00:00+00:00,146.0,147.84,144.87,147.32,2954127.0
2025-01-06 12:00:00+00:00,147.32,151.99,145.7,151.55,106417860.0
2025-01-06 16:00:00+00:00,151.57,152.156,149.66,149.75,87835286.0
2025-01-06 20:00:00+00:00,149.74,150.83,148.255,150.27,42185578.0
2025-01-07 00:00:00+00:00,150.28,150.48,150.15,150.2802,652435.0
2025-01-07 08:00:00+00:00,150.47,152.57,146.45,152.4,3218911.0
2025-01-07 12:00:00+00:00,152.4,153.74,140.44,142.695,163355874.0
2025-01-07 16:00:00+00:00,142.7112,143.45,141.0,141.25,113383950.0
2025-01-07 20:00:00+00:00,141.26,141.58,140.01,141.45,47315171.0
2025-01-08 00:00:00+00:00,141.47,141.69,141.3674,141.5999,747904.0
2025-01-08 08:00:00+00:00,142.25,142.81,141.01,141.7,2416241.0
2025-01-08 12:00:00+00:00,141.71,143.95,137.56,140.54,91186567.0
2025-01-08 16:00:00+00:00,140.54,141.02,137.89,140.14,87634422.0
2025-01-08 20:00:00+00:00,140.14,140.6421,137.5901,138.36,28294035.0
2025-01-09 00:00:00+00:00,138.39,138.7,138.3,138.54,662029.0
2025-01-10 08:00:00+00:00,139.0,139.6,137.91,139.11,1741718.0
2025-01-10 12:00:00+00:00,139.06,139.92,134.22,135.62,88665881.0
2025-01-10 16:00:00+00:00,135.61,137.1099,135.0,136.22,67515642.0
2025-01-10 20:00:00+00:00,136.22,136.4667,135.42,135.77,27500850.0
2025-01-11 00:00:00+00:00,135.8,135.8,135.6,135.61,303943.0
2025-01-13 08:00:00+00:00,133.2,134.31,131.36,131.7,4274066.0
2025-01-13 12:00:00+00:00,131.7,134.4,129.11,131.875,91004997.0
2025-01-13 16:00:00+00:00,131.88,132.91,131.14,132.4612,63372611.0
2025-01-13 20:00:00+00:00,132.46,135.59,132.09,135.19,25870833.0
2025-01-14 00:00:00+00:00,135.15,135.19,134.46,134.93,771072.0
2025-01-14 08:00:00+00:00,136.0,136.35,135.11,135.36,1620169.0
2025-01-14 12:00:00+00:00,135.37,136.74,130.83,130.86,75359083.0
2025-01-14 16:00:00+00:00,130.8501,132.36,130.32,130.48,73621944.0
2025-01-14 20:00:00+00:00,130.48,132.2,130.05,131.3498,30196455.0
2025-01-15 00:00:00+00:00,131.35,131.39,131.2,131.29,354662.0
2025-01-15 08:00:00+00:00,131.2,132.09,130.81,131.78,991148.0
2025-01-15 12:00:00+00:00,131.77,135.59,131.03,134.82,68189224.0
2025-01-15 16:00:00+00:00,134.81,136.0,133.49,135.7599,68477342.0
2025-01-15 20:00:00+00:00,135.755,136.45,134.7707,136.07,25399273.0
2025-01-16 00:00:00+00:00,136.0959,136.3995,136.0871,136.2203,339434.0
2025-01-16 08:00:00+00:00,139.02,140.25,137.68,138.6,2800063.0
2025-01-16 12:00:00+00:00,138.57,140.1,134.75,136.842,68745365.0
2025-01-16 16:00:00+00:00,136.85,137.28,133.55,135.74,85141998.0
2025-01-16 20:00:00+00:00,135.74,135.82,133.27,133.69,32176676.0
2025-01-17 00:00:00+00:00,133.7285,133.9,133.4303,133.83,449979.0
2025-01-17 08:00:00+00:00,134.86,135.74,134.29,134.91,806361.0
2025-01-17 12:00:00+00:00,134.91,138.09,134.15,138.075,81667408.0
2025-01-17 16:00:00+00:00,138.07,138.5,137.36,137.856,63136122.0
2025-01-17 20:00:00+00:00,137.855,138.2,137.31,137.68,32332592.0
2025-01-18 00:00:00+00:00,137.67,137.7,137.5,137.631,398220.0
2025-01-21 08:00:00+00:00,138.63,139.27,138.1,138.83,1043416.0
2025-01-21 12:00:00+00:00,138.83,140.21,137.09,138.9,59436032.0
2025-01-21 16:00:00+00:00,138.91,141.83,138.33,141.3047,72920312.0
2025-01-21 20:00:00+00:00,141.305,143.9,140.58,142.85,35513843.0
2025-01-22 00:00:00+00:00,142.83,143.48,142.75,143.15,1068558.0
2025-01-22 08:00:00+00:00,143.45,145.0,143.3,144.58,2500237.0
2025-01-22 12:00:00+00:00,144.57,147.43,140.83,145.79,97978329.0
2025-01-22 16:00:00+00:00,145.795,147.7763,145.46,147.76,79013542.0
2025-01-22 20:00:00+00:00,147.755,147.79,146.0102,146.03,32558772.0
2025-01-23 00:00:00+00:00,146.04,146.05,144.93,145.21,1223146.0
2025-01-23 08:00:00+00:00,144.45,145.13,144.05,144.65,2000181.0
2025-01-23 12:00:00+00:00,144.64,146.29,143.72,145.97,58170797.0
2025-01-23 16:00:00+00:00,145.9745,146.86,144.98,146.284,54648906.0
2025-01-23 20:00:00+00:00,146.28,147.25,146.0,146.61,27615014.0
2025-01-24 00:00:00+00:00,146.6104,146.65,146.3,146.41,279398.0
2025-01-24 08:00:00+00:00,146.03,147.4,145.52,146.1,1334649.0
2025-01-24 12:00:00+00:00,146.1,149.1,145.03,145.15,77893911.0
2025-01-24 16:00:00+00:00,145.14,145.69,141.9401,142.35,98255747.0
2025-01-24 20:00:00+00:00,142.35,142.836,141.88,142.16,35804036.0
2025-01-25 00:00:00+00:00,142.1798,142.2,142.0,142.02,497274.0
2025-01-27 08:00:00+00:00,133.37,135.9,122.75,124.93,32225161.0
2025-01-27 12:00:00+00:00,124.94,134.92,122.7704,122.9999,256237366.0
2025-01-27 16:00:00+00:00,122.99,123.3,116.7,117.912,354751801.0
2025-01-27 20:00:00+00:00,117.92,122.95,117.05,121.231,126388408.0
2025-01-28 00:00:00+00:00,121.2307,121.77,120.01,120.18,3585494.0
2025-01-28 08:00:00+00:00,124.29,125.1,122.82,123.19,8547429.0
2025-01-28 12:00:00+00:00,123.18,124.9796,116.25,120.695,207229893.0
2025-01-28 16:00:00+00:00,120.7,127.87,120.32,127.46,245949600.0
2025-01-28 20:00:00+00:00,127.4601,129.06,126.64,127.67,84425370.0
2025-01-29 00:00:00+00:00,127.63,127.76,127.4,127.64,1046877.0
2025-01-29 08:00:00+00:00,129.94,130.3,127.57,128.31,4435365.0
2025-01-29 12:00:00+00:00,128.31,131.99,121.72,122.6799,130699041.0
2025-01-29 16:00:00+00:00,122.68,123.4899,120.05,122.09,178218041.0
2025-01-29 20:00:00+00:00,122.101,127.34,121.52,121.8697,103454835.0
2025-01-30 00:00:00+00:00,121.79,123.32,121.79,123.2601,2004444.0
2025-01-30 08:00:00+00:00,123.3,124.68,122.0,122.88,2960235.0
2025-01-30 12:00:00+00:00,122.89,124.6729,118.51,118.56,123279712.0
2025-01-30 16:00:00+00:00,118.56,122.48,118.1,122.2837,143902660.0
2025-01-30 20:00:00+00:00,122.27,125.06,121.87,123.37,100100634.0
2025-01-31 00:00:00+00:00,123.3798,123.56,123.1806,123.2291,744962.0
2025-01-31 08:00:00+00:00,123.09,123.89,122.75,123.16,1828568.0
2025-01-31 12:00:00+00:00,123.19,127.14,122.35,126.8,116243253.0
2025-01-31 16:00:00+00:00,126.79,127.85,121.25,121.86,152832603.0
2025-01-31 20:00:00+00:00,121.87,121.87,119.19,119.7196,75155280.0
2025-02-01 00:00:00+00:00,119.7198,119.75,119.2,119.23,1315717.0
2025-02-03 08:00:00+00:00,116.01,118.0,115.0,116.87,5152330.0
2025-02-03 12:00:00+00:00,116.88,119.77,113.01,117.85,162240991.0
2025-02-03 16:00:00+00:00,117.85,118.57,115.51,117.8099,126590330.0
2025-02-03 20:00:00+00:00,117.805,118.92,114.8,118.87,51169822.0
2025-02-04 00:00:00+00:00,118.8799,119.0,118.37,118.8,1223656.0
2025-02-04 08:00:00+00:00,117.36,118.05,116.96,116.97,1493656.0
2025-02-04 12:00:00+00:00,117.03,121.2,115.33,119.535,94057827.0
2025-02-04 16:00:00+00:00,119.535,120.24,117.8501,118.635,90855833.0
2025-02-04 20:00:00+00:00,118.64,120.59,118.08,118.31,39617743.0
2025-02-05 00:00:00+00:00,118.3,119.0,118.26,118.75,519888.0
2025-02-05 08:00:00+00:00,118.75,119.29,118.35,119.07,1265922.0
2025-02-05 12:00:00+00:00,119.07,123.39,118.42,122.73,103382838.0
2025-02-05 16:00:00+00:00,122.72,124.64,122.0,124.09,97192706.0
2025-02-05 20:00:00+00:00,124.09,125.25,123.545,124.48,42874388.0
2025-02-06 00:00:00+00:00,124.49,124.75,124.4707,124.6583,562470.0
2025-02-06 08:00:00+00:00,125.35,126.38,125.05,125.63,2462528.0
2025-02-06 12:00:00+00:00,125.64,127.59,124.66,126.51,84999603.0
2025-02-06 16:00:00+00:00,126.51,128.44,126.255,127.6309,104999442.0
2025-02-06 20:00:00+00:00,127.63,129.39,126.24,128.0,40278088.0
2025-02-07 00:00:00+00:00,127.99,128.2,127.84,128.12,473020.0
2025-02-07 08:00:00+00:00,128.59,129.17,127.01,128.31,1825050.0
2025-02-07 12:00:00+00:00,128.3,130.37,125.0,129.38,94520978.0
2025-02-07 16:00:00+00:00,129.38,129.65,127.6,128.6399,83479523.0
2025-02-07 20:00:00+00:00,128.635,130.0,128.19,128.99,35828612.0
2025-02-08 00:00:00+00:00,128.99,129.02,128.69,128.7292,452893.0
2025-02-10 08:00:00+00:00,130.3,130.75,128.36,129.51,2823953.0
2025-02-10 12:00:00+00:00,129.51,134.84,128.67,133.975,90895160.0
2025-02-10 16:00:00+00:00,133.97,134.69,132.99,134.4116,66491795.0
2025-02-10 20:00:00+00:00,134.41,135.0,133.07,133.1899,33507122.0
2025-02-11 00:00:00+00:00,133.1607,133.52,133.11,133.45,399852.0
2025-02-11 08:00:00+00:00,133.04,133.24,131.46,132.46,1653666.0
2025-02-11 12:00:00+00:00,132.46,134.48,131.7529,133.83,61079527.0
2025-02-11 16:00:00+00:00,133.84,134.38,131.02,133.59,77469855.0
2025-02-11 20:00:00+00:00,133.59,133.74,132.1,133.08,24067694.0
2025-02-12 00:00:00+00:00,133.0961,133.16,132.91,132.96,322369.0
2025-02-12 08:00:00+00:00,133.3,133.57,132.8,133.25,871305.0
2025-02-12 12:00:00+00:00,133.29,133.79,129.08,131.3999,62458258.0
2025-02-12 16:00:00+00:00,131.395,132.0,130.19,130.995,59909086.0
2025-02-12 20:00:00+00:00,130.99,131.705,130.52,130.88,20270002.0
2025-02-13 00:00:00+00:00,130.8794,131.04,130.79,131.0395,279058.0
2025-02-13 08:00:00+00:00,130.39,131.36,130.0,130.64,1166065.0
2025-02-13 12:00:00+00:00,130.65,136.5,130.24,136.13,76523761.0
2025-02-13 16:00:00+00:00,136.125,136.19,133.42,135.3105,76629558.0
2025-02-13 20:00:00+00:00,135.32,135.53,131.51,134.95,25617369.0
2025-02-14 00:00:00+00:00,134.94,135.08,134.85,135.0003,272116.0
2025-02-14 08:00:00+00:00,135.58,136.21,134.6,134.96,1364206.0
2025-02-14 12:00:00+00:00,134.99,138.31,134.6936,137.78,72086049.0
2025-02-14 16:00:00+00:00,137.79,138.275,136.01,138.1951,64773809.0
2025-02-14 20:00:00+00:00,138.1901,139.25,138.02,138.5897,38446842.0
2025-02-15 00:00:00+00:00,138.56,138.6,138.46,138.48,272095.0
2025-02-18 08:00:00+00:00,140.0,140.2,139.22,139.93,1377047.0
2025-02-18 12:00:00+00:00,139.92,143.44,138.503,140.09,95478322.0
2025-02-18 16:00:00+00:00,140.09,141.22,139.092,140.0323,63981980.0
2025-02-18 20:00:00+00:00,140.0321,140.085,137.925,139.22,33188401.0
2025-02-19 00:00:00+00:00,139.2193,139.2193,138.9,139.1,389139.0
2025-02-19 08:00:00+00:00,139.4,140.57,139.14,140.04,1199819.0
2025-02-19 12:00:00+00:00,140.02,140.5236,137.22,139.83,58137502.0
2025-02-19 16:00:00+00:00,139.825,141.36,139.48,140.67,63721609.0
2025-02-19 20:00:00+00:00,140.67,140.79,138.65,139.031,31031215.0
2025-02-20 00:00:00+00:00,139.02,139.08,138.78,139.0,299520.0
2025-02-20 08:00:00+00:00,138.7,139.79,138.27,139.44,1015156.0
2025-02-20 12:00:00+00:00,139.45,140.89,136.7901,137.24,55433872.0
2025-02-20 16:00:00+00:00,137.24,140.2269,137.16,140.15,55281165.0
2025-02-20 20:00:00+00:00,140.145,140.66,139.62,139.86,18993726.0
2025-02-21 00:00:00+00:00,139.8505,140.01,139.85,139.9984,257743.0
2025-02-21 08:00:00+00:00,139.97,140.24,139.46,139.81,625637.0
2025-02-21 12:00:00+00:00,139.81,141.46,138.74,139.4898,61181761.0
2025-02-21 16:00:00+00:00,139.48,139.8,134.58,135.1099,98288522.0
2025-02-21 20:00:00+00:00,135.105,135.6,134.03,135.01,44266733.0
2025-02-22 00:00:00+00:00,135.03,135.25,134.86,135.0,463371.0
2025-02-24 08:00:00+00:00,136.06,136.5,135.4,136.19,1587856.0
2025-02-24 12:00:00+00:00,136.16,138.59,130.61,132.0299,96555479.0
2025-02-24 16:00:00+00:00,132.02,138.0,131.6873,132.615,78331892.0
2025-02-24 20:00:00+00:00,132.63,133.08,130.0,130.1199,39243386.0
2025-02-25 00:00:00+00:00,130.11,131.08,130.11,130.9495,769774.0
2025-02-25 08:00:00+00:00,128.4,134.0,127.46,129.29,2475164.0
2025-02-25 12:00:00+00:00,129.28,131.96,124.44,126.545,105668818.0
2025-02-25 16:00:00+00:00,126.555,129.89,125.42,127.84,101020484.0
2025-02-25 20:00:00+00:00,127.845,129.38,126.16,128.16,43745500.0
2025-02-26 00:00:00+00:00,128.1698,128.82,127.93,128.4998,914769.0
2025-02-26 08:00:00+00:00,129.4,130.5,128.72,129.5,1865183.0
2025-02-26 12:00:00+00:00,129.5,132.17,128.83,132.1,76694608.0
2025-02-26 16:00:00+00:00,132.11,133.73,128.49,129.1875,128258169.0
2025-02-26 20:00:00+00:00,129.2,136.6,125.1,130.89,89160584.0
2025-02-27 00:00:00+00:00,130.89,131.0,129.01,129.32,3251436.0
2025-02-27 08:00:00+00:00,131.55,133.32,129.79,132.7,3524232.0
2025-02-27 12:00:00+00:00,132.7,135.5,125.28,126.02,159837686.0
2025-02-27 16:00:00+00:00,126.025,128.45,122.62,124.215,155289718.0
2025-02-27 20:00:00+00:00,124.21,124.435,119.32,121.64,88809143.0
2025-02-28 00:00:00+00:00,121.64,121.88,120.9,121.15,1249246.0
2025-02-28 08:00:00+00:00,121.88,122.34,120.45,121.0,3240119.0
2025-02-28 12:00:00+00:00,121.02,123.7,116.4,122.9933,150776168.0
2025-02-28 16:00:00+00:00,122.99,123.6699,118.845,121.6047,122378059.0
2025-02-28 20:00:00+00:00,121.6099,125.12,117.3238,124.751,70243552.0
2025-03-01 00:00:00+00:00,124.75,125.0,124.56,125.0,470823.0
2025-03-03 08:00:00+00:00,124.12,125.38,123.05,123.97,2415738.0
2025-03-03 12:00:00+00:00,123.96,125.77,118.3,118.6178,109966138.0
2025-03-03 16:00:00+00:00,118.61,120.2,114.51,115.1299,174852574.0
2025-03-03 20:00:00+00:00,115.13,121.0,112.28,114.47,97943989.0
2025-03-04 00:00:00+00:00,114.44,114.44,113.7,113.93,1274165.0
2025-03-04 08:00:00+00:00,114.06,115.57,113.29,114.21,2946910.0
2025-03-04 12:00:00+00:00,114.18,115.5,108.85,112.405,151427384.0
2025-03-04 16:00:00+00:00,112.3609,118.25,110.9,118.12,160619418.0
2025-03-04 20:00:00+00:00,118.13,119.31,115.05,118.26,63255439.0
2025-03-05 00:00:00+00:00,118.26,118.5393,117.49,117.96,829758.0
2025-03-05 08:00:00+00:00,119.0,119.19,117.08,117.51,2235903.0
2025-03-05 12:00:00+00:00,117.59,119.22,114.64,115.92,93364531.0
2025-03-05 16:00:00+00:00,115.9,118.23,114.51,117.5145,117511614.0
2025-03-05 20:00:00+00:00,117.5,118.2781,116.44,116.65,48347127.0
2025-03-06 00:00:00+00:00,116.65,116.82,116.5,116.5199,369038.0
2025-03-06 08:00:00+00:00,119.64,119.64,114.27,114.79,2583558.0
2025-03-06 12:00:00+00:00,114.82,117.28,112.3,114.2464,86381818.0
2025-03-06 16:00:00+00:00,114.2495,115.0,110.22,110.845,149263630.0
2025-03-06 20:00:00+00:00,110.85,113.2289,110.41,111.29,55129524.0
2025-03-07 00:00:00+00:00,111.29,111.679,111.07,111.5,894270.0
2025-03-07 08:00:00+00:00,111.7,113.5,111.7,112.2,1378094.0
2025-03-07 12:00:00+00:00,112.2,113.48,109.51,111.24,110459431.0
2025-03-07 16:00:00+00:00,111.21,112.62,107.56,111.9,165670705.0
2025-03-07 20:00:00+00:00,111.8909,113.1,111.035,112.09,49226633.0
2025-03-08 00:00:00+00:00,112.0709,112.3201,111.8,112.06,378815.0
2025-03-10 08:00:00+00:00,111.22,111.75,109.55,110.3,3149781.0
2025-03-10 12:00:00+00:00,110.29,112.971,106.18,107.18,157489608.0
2025-03-10 16:00:00+00:00,107.18,108.85,105.46,107.02,171340890.0
2025-03-10 20:00:00+00:00,107.01,107.6588,104.4,104.67,8503053.0
2025-03-11 08:00:00+00:00,106.0,109.0,105.39,107.78,4857753.0
2025-03-11 12:00:00+00:00,107.77,110.99,104.77,109.03,174469718.0
2025-03-11 16:00:00+00:00,109.02,112.236,107.45,108.64,145843735.0
2025-03-11 20:00:00+00:00,108.76,109.65,108.01,109.43,6295286.0
2025-03-12 08:00:00+00:00,110.01,111.78,109.54,111.34,2949286.0
2025-03-12 12:00:00+00:00,111.33,116.76,109.11,115.43,164776230.0
2025-03-12 16:00:00+00:00,115.44,116.6,114.3,115.74,128841630.0
2025-03-12 20:00:00+00:00,115.74,116.98,115.4795,116.9799,5214099.0
2025-03-13 08:00:00+00:00,114.8,117.19,114.06,115.95,4186256.0
2025-03-13 12:00:00+00:00,115.94,117.76,113.79,115.7125,139376246.0
2025-03-13 16:00:00+00:00,115.72,117.73,114.45,115.71,128761744.0
2025-03-13 20:00:00+00:00,115.58,116.6299,115.58,116.411,3865092.0
2025-03-14 08:00:00+00:00,117.2,118.49,116.9,118.38,2599004.0
2025-03-14 12:00:00+00:00,117.54,121.88,116.71,120.9186,134853135.0
2025-03-14 16:00:00+00:00,120.92,121.8,120.11,121.47,107328170.0
2025-03-14 20:00:00+00:00,121.67,121.67,120.545,121.5,5178550.0
2025-03-17 08:00:00+00:00,121.1,123.7,120.96,123.47,4033486.0
2025-03-17 12:00:00+00:00,122.53,123.7,118.88,119.3054,116728791.0
2025-03-17 16:00:00+00:00,119.31,121.08,118.03,119.48,109345748.0
2025-03-17 20:00:00+00:00,119.53,120.0701,119.17,119.5101,4898289.0
2025-03-18 08:00:00+00:00,119.19,120.73,118.82,119.36,2743004.0
2025-03-18 12:00:00+00:00,119.63,120.73,114.54,116.42,115337679.0
2025-03-18 16:00:00+00:00,116.425,119.02,114.95,115.58,149277507.0
2025-03-18 20:00:00+00:00,115.43,115.81,114.6801,114.78,10557965.0
2025-03-19 08:00:00+00:00,114.9,117.24,114.9,116.75,3180509.0
2025-03-19 12:00:00+00:00,116.54,118.16,114.74,117.56,97062708.0
2025-03-19 16:00:00+00:00,117.55,120.445,117.0,117.52,138858997.0
2025-03-19 20:00:00+00:00,117.52,118.8,117.2,118.79,6217193.0
2025-03-20 08:00:00+00:00,119.1,119.55,116.03,117.23,4447272.0
2025-03-20 12:00:00+00:00,117.16,120.2,116.22,119.41,106258544.0
2025-03-20 16:00:00+00:00,119.41,119.83,117.74,118.465,104640535.0
2025-03-20 20:00:00+00:00,118.47,118.88,118.1201,118.17,3252202.0
2025-03-21 08:00:00+00:00,118.13,118.38,116.95,117.84,1913075.0
2025-03-21 12:00:00+00:00,117.3,118.45,115.42,116.6901,108596640.0
2025-03-21 16:00:00+00:00,116.69,117.99,116.4,117.635,96066207.0
2025-03-21 20:00:00+00:00,117.61,117.99,117.0382,117.64,14126291.0
2025-03-24 08:00:00+00:00,119.3,120.14,118.51,119.88,2786368.0
2025-03-24 12:00:00+00:00,119.4,122.22,117.406,121.69,102133404.0
2025-03-24 16:00:00+00:00,121.685,122.22,121.23,121.23,74299543.0
2025-03-24 20:00:00+00:00,121.23,121.41,120.9,120.9305,4440708.0
2025-03-25 08:00:00+00:00,120.88,121.25,119.73,120.66,2041823.0
2025-03-25 12:00:00+00:00,120.82,121.41,118.92,120.4649,83327985.0
2025-03-25 16:00:00+00:00,120.465,121.29,120.1607,120.645,64208755.0
2025-03-25 20:00:00+00:00,120.65,120.73,120.35,120.61,4186483.0
2025-03-26 08:00:00+00:00,119.86,120.32,118.71,118.98,2280322.0
2025-03-26 12:00:00+00:00,119.62,120.18,113.93,114.09,138130788.0
2025-03-26 16:00:00+00:00,114.0877,114.28,112.71,113.69,127142318.0
2025-03-26 20:00:00+00:00,113.76,113.85,111.8,112.21,7902900.0
2025-03-27 08:00:00+00:00,111.61,113.44,111.54,111.97,2900506.0
2025-03-27 12:00:00+00:00,111.96,114.45,110.66,112.205,115010863.0
2025-03-27 16:00:00+00:00,112.21,113.05,111.18,111.43,86172923.0
2025-03-27 20:00:00+00:00,111.43,111.85,111.07,111.2699,4273770.0
2025-03-28 08:00:00+00:00,111.0,112.38,110.74,111.89,1806439.0
2025-03-28 12:00:00+00:00,112.08,112.87,109.0701,109.385,107937482.0
2025-03-28 16:00:00+00:00,109.39,110.61,109.1,109.63,97955932.0
2025-03-28 20:00:00+00:00,109.64,111.43,109.0,109.0101,3799750.0
2025-03-31 08:00:00+00:00,106.48,107.5,104.7,105.01,4594900.0
2025-03-31 12:00:00+00:00,105.0,109.396,103.65,105.175,135162884.0
2025-03-31 16:00:00+00:00,105.18,108.96,104.77,108.77,115137511.0
2025-03-31 20:00:00+00:00,108.765,108.765,106.0304,107.5195,4229687.0
2025-04-01 08:00:00+00:00,107.95,109.97,107.59,108.4,2956845.0
2025-04-01 12:00:00+00:00,108.85,109.9596,106.47,109.352,98399076.0
2025-04-01 16:00:00+00:00,109.36,110.2,107.41,110.19,95004003.0
2025-04-01 20:00:00+00:00,110.15,110.51,109.82,110.03,4723827.0
2025-04-02 08:00:00+00:00,109.01,109.66,107.78,107.78,2024000.0
2025-04-02 12:00:00+00:00,108.6,110.49,106.79,109.93,86499080.0
2025-04-02 16:00:00+00:00,109.94,111.98,108.85,110.31,97275972.0
2025-04-02 20:00:00+00:00,110.3,113.23,104.02,104.15,22699811.0
2025-04-03 08:00:00+00:00,105.92,107.38,103.98,104.29,6153547.0
2025-04-03 12:00:00+00:00,104.24,107.3481,102.01,103.145,160447516.0
2025-04-03 16:00:00+00:00,103.14,104.2,101.6,101.785,137647887.0
2025-04-03 20:00:00+00:00,101.8,102.94,101.56,102.42,7563213.0
2025-04-04 08:00:00+00:00,101.6,102.65,95.36,97.42,13731087.0
2025-04-04 12:00:00+00:00,97.0,102.513,92.11,94.6588,257826227.0
2025-04-04 16:00:00+00:00,94.66,96.38,93.24,94.28,211467485.0
2025-04-04 20:00:00+00:00,94.31,94.42,92.5498,92.6,11488417.0
2025-04-07 08:00:00+00:00,86.27,93.58,86.0,89.48,20357453.0
2025-04-07 12:00:00+00:00,91.0,101.75,83.66,95.74,349622494.0
2025-04-07 16:00:00+00:00,95.75,99.69,94.56,97.71,195659884.0
2025-04-07 20:00:00+00:00,97.64,99.4898,97.4,99.1799,8416967.0
2025-04-08 08:00:00+00:00,100.6,102.12,98.93,101.9,8297848.0
2025-04-08 12:00:00+00:00,101.88,105.85,97.84,102.675,214980603.0
2025-04-08 16:00:00+00:00,102.675,102.72,94.46,96.71,215936634.0
2025-04-08 20:00:00+00:00,96.75,97.36,92.59,93.3101,9249659.0
2025-04-09 08:00:00+00:00,99.5,101.16,94.6,95.77,12189200.0
2025-04-09 12:00:00+00:00,97.53,101.18,93.25,98.56,164531442.0
2025-04-09 16:00:00+00:00,98.57,115.1,98.12,114.25,366116616.0
2025-04-09 20:00:00+00:00,114.22,114.6,112.22,112.589,12617587.0
2025-04-10 08:00:00+00:00,111.7,113.0,109.01,110.95,7252491.0
2025-04-10 12:00:00+00:00,111.12,114.62,105.585,105.96,175083085.0
2025-04-10 16:00:00+00:00,105.9687,108.9387,103.01,107.7,213559893.0
2025-04-10 20:00:00+00:00,107.7,108.19,105.9,106.25,7047679.0
2025-04-11 08:00:00+00:00,108.79,109.19,106.67,108.84,5353332.0
2025-04-11 12:00:00+00:00,108.88,110.69,106.69,109.46,135072842.0
2025-04-11 16:00:00+00:00,109.455,111.5499,109.08,110.69,140572766.0
2025-04-11 20:00:00+00:00,110.93,110.97,110.4,110.7003,3964318.0
2025-04-14 08:00:00+00:00,114.5,115.44,112.41,114.27,6114166.0
2025-04-14 12:00:00+00:00,114.27,115.38,109.2,109.645,134877925.0
2025-04-14 16:00:00+00:00,109.65,111.88,109.07,110.7,103059893.0
2025-04-14 20:00:00+00:00,110.71,110.71,109.31,109.3697,5499836.0
2025-04-15 08:00:00+00:00,111.24,111.31,110.24,110.77,2265877.0
2025-04-15 12:00:00+00:00,110.68,112.787,109.85,112.7191,99902392.0
2025-04-15 16:00:00+00:00,112.7101,113.615,111.7301,112.1,92937117.0
2025-04-15 20:00:00+00:00,112.11,112.39,104.74,105.1,19262910.0
2025-04-16 08:00:00+00:00,105.25,107.38,104.21,104.92,9435817.0
2025-04-16 12:00:00+00:00,105.29,107.25,103.52,104.4182,152890215.0
2025-04-16 16:00:00+00:00,104.415,104.55,100.45,104.5,193813714.0
2025-04-16 20:00:00+00:00,104.5,104.55,103.0,103.3805,6339365.0
2025-04-17 08:00:00+00:00,105.95,106.05,104.21,104.87,3218069.0
2025-04-17 12:00:00+00:00,104.88,106.48,100.05,100.2717,145265142.0
2025-04-17 16:00:00+00:00,100.275,102.49,100.16,101.42,123399581.0
2025-04-17 20:00:00+00:00,101.49,101.7,101.03,101.2703,3509340.0
2025-04-21 08:00:00+00:00,99.9,100.49,97.67,97.911,5107088.0
2025-04-21 12:00:00+00:00,99.2,101.135,95.57,95.8374,123721030.0
2025-04-21 16:00:00+00:00,95.83,97.2,95.04,96.8,109744941.0
2025-04-21 20:00:00+00:00,96.81,97.06,95.9,96.65,5170786.0
2025-04-22 08:00:00+00:00,98.24,98.51,97.35,97.72,2518355.0
2025-04-22 12:00:00+00:00,98.0,99.45,96.72,98.87,99512566.0
2025-04-22 16:00:00+00:00,98.885,99.811,97.28,98.88,107440732.0
2025-04-22 20:00:00+00:00,98.89,102.65,98.6,102.5,10783538.0
2025-04-23 08:00:00+00:00,102.74,104.7,102.5,104.01,5663248.0
2025-04-23 12:00:00+00:00,104.01,104.8,102.42,103.27,127729076.0
2025-04-23 16:00:00+00:00,103.265,104.33,102.02,102.535,87749197.0
2025-04-23 20:00:00+00:00,102.5209,103.2,101.8,102.4999,5843956.0
2025-04-24 08:00:00+00:00,101.5,103.03,100.61,102.69,3586116.0
2025-04-24 12:00:00+00:00,102.54,105.99,100.7271,105.2987,95784153.0
2025-04-24 16:00:00+00:00,105.3,106.54,105.0379,106.38,88662610.0
2025-04-24 20:00:00+00:00,106.3649,107.9,106.0,107.72,5650735.0
2025-04-25 08:00:00+00:00,107.99,108.13,106.0,106.53,4140921.0
2025-04-25 12:00:00+00:00,106.28,109.32,105.73,109.02,92344984.0
2025-04-25 16:00:00+00:00,109.025,111.92,108.48,110.96,133095839.0
2025-04-25 20:00:00+00:00,110.97,111.15,110.51,110.9,4390908.0
2025-04-28 08:00:00+00:00,109.93,110.45,109.06,109.26,3438711.0
2025-04-28 12:00:00+00:00,109.63,111.01,106.3844,107.275,99328429.0
2025-04-28 16:00:00+00:00,107.27,108.85,106.02,108.64,77840433.0
2025-04-28 20:00:00+00:00,108.64,108.73,108.01,108.13,4196018.0
2025-04-29 08:00:00+00:00,109.19,109.19,107.55,108.12,1395250.0
2025-04-29 12:00:00+00:00,108.01,109.71,107.44,108.9301,70033803.0
2025-04-29 16:00:00+00:00,108.93,110.1999,108.22,108.92,79769629.0
2025-04-29 20:00:00+00:00,109.02,109.1,105.71,106.7701,8145680.0
2025-04-30 08:00:00+00:00,107.0,107.87,106.38,106.68,2139823.0
2025-04-30 12:00:00+00:00,106.65,107.7624,104.08,106.6216,90345982.0
2025-04-30 16:00:00+00:00,106.62,108.9,105.64,108.775,86392232.0
2025-04-30 20:00:00+00:00,108.92,113.97,108.43,112.97,22270032.0
2025-05-01 08:00:00+00:00,112.85,114.47,112.56,114.22,3783375.0
2025-05-01 12:00:00+00:00,113.7,114.94,108.92,113.26,120900907.0
2025-05-01 16:00:00+00:00,113.26,113.92,111.3,111.53,82580540.0
2025-05-01 20:00:00+00:00,111.54,111.97,110.51,111.0999,5500769.0
2025-05-02 08:00:00+00:00,112.14,112.95,112.01,112.65,1518160.0
2025-05-02 12:00:00+00:00,112.63,115.4,111.95,114.7599,88240570.0
2025-05-02 16:00:00+00:00,114.76,115.25,113.9,114.39,82893956.0
2025-05-02 20:00:00+00:00,114.375,115.0,114.1,114.22,2876812.0
2025-05-05 08:00:00+00:00,113.9,113.91,112.46,112.92,1815860.0
2025-05-05 12:00:00+00:00,112.9,114.38,112.66,113.565,62175710.0
2025-05-05 16:00:00+00:00,113.565,114.665,113.56,113.81,48313085.0
2025-05-05 20:00:00+00:00,113.82,113.86,113.11,113.25,2990531.0
2025-05-06 08:00:00+00:00,113.1,113.26,112.021,112.27,1561236.0
2025-05-06 12:00:00+00:00,112.68,113.4,110.822,112.73,66726091.0
2025-05-06 16:00:00+00:00,112.72,114.74,112.6,113.45,66235886.0
2025-05-06 20:00:00+00:00,113.45,114.62,112.02,114.5,7921901.0
2025-05-07 08:00:00+00:00,113.92,114.93,113.64,114.11,1319609.0
2025-05-07 12:00:00+00:00,114.0,114.46,112.615,114.01,60671124.0
2025-05-07 16:00:00+00:00,114.0,117.68,112.2818,117.015,119207166.0
2025-05-07 20:00:00+00:00,117.02,117.25,116.14,116.87,7793727.0
2025-05-08 08:00:00+00:00,119.4,119.55,118.51,118.72,3823566.0
2025-05-08 12:00:00+00:00,119.05,120.83,115.85,117.9899,104805122.0
2025-05-08 16:00:00+00:00,117.9807,118.68,117.295,117.37,69680056.0
2025-05-08 20:00:00+00:00,117.375,117.45,116.7554,117.0481,4231560.0
2025-05-09 08:00:00+00:00,118.0,118.2,117.23,117.55,1693782.0
2025-05-09 12:00:00+00:00,118.03,118.23,115.21,116.72,74562934.0
2025-05-09 16:00:00+00:00,116.72,116.92,115.98,116.61,45525361.0
2025-05-09 20:00:00+00:00,116.61,116.65,116.3,116.3898,2393276.0
2025-05-12 08:00:00+00:00,122.0,122.78,119.61,121.9,6733004.0
2025-05-12 12:00:00+00:00,121.9,123.06,119.85,121.73,100156102.0
2025-05-12 16:00:00+00:00,121.73,123.0,121.65,122.99,92465794.0
2025-05-12 20:00:00+00:00,123.0,123.08,122.53,122.83,3424449.0
2025-05-13 08:00:00+00:00,122.15,124.03,121.65,123.96,2957677.0
2025-05-13 12:00:00+00:00,123.26,130.83,121.7452,129.91,181897794.0
2025-05-13 16:00:00+00:00,129.92,131.2189,129.315,129.84,118222089.0
2025-05-13 20:00:00+00:00,129.93,131.35,129.41,131.28,6282853.0
2025-05-14 08:00:00+00:00,132.2,134.25,131.3,133.85,6610460.0
2025-05-14 12:00:00+00:00,132.36,134.86,131.4264,134.51,134308532.0
2025-05-14 16:00:00+00:00,134.505,135.435,133.96,135.3471,106119129.0
2025-05-14 20:00:00+00:00,135.3333,136.6,135.02,136.21,9374131.0
2025-05-15 08:00:00+00:00,133.52,134.64,131.87,134.19,5757497.0
2025-05-15 12:00:00+00:00,133.26,135.91,131.9,134.53,95207384.0
2025-05-15 16:00:00+00:00,134.53,136.3,133.58,134.9,105515490.0
2025-05-15 20:00:00+00:00,134.85,135.4,134.25,134.7,4194575.0
2025-05-16 08:00:00+00:00,134.95,136.39,133.99,136.39,2487803.0
2025-05-16 12:00:00+00:00,136.39,136.89,133.46,134.665,99425980.0
2025-05-16 16:00:00+00:00,134.665,136.25,134.43,135.32,88068476.0
2025-05-16 20:00:00+00:00,135.33,135.5,131.8301,132.1,9416971.0
2025-05-19 08:00:00+00:00,132.04,132.88,130.03,131.66,6103381.0
2025-05-19 12:00:00+00:00,131.65,135.87,130.03,135.09,104556392.0
2025-05-19 16:00:00+00:00,135.085,135.7,132.85,135.49,64223569.0
2025-05-19 20:00:00+00:00,135.49,135.97,135.26,135.67,3732189.0
2025-05-20 08:00:00+00:00,135.01,135.42,134.8,135.01,1691321.0
2025-05-20 12:00:00+00:00,135.28,135.57,132.62,134.135,78969021.0
2025-05-20 16:00:00+00:00,134.13,134.54,132.895,134.38,65232721.0
2025-05-20 20:00:00+00:00,134.38,135.25,133.7,134.0,5266032.0
2025-05-21 08:00:00+00:00,133.38,133.71,132.65,133.29,1674287.0
2025-05-21 12:00:00+00:00,133.24,137.07,132.66,136.745,90304006.0
2025-05-21 16:00:00+00:00,136.745,137.4,130.59,131.73,153377807.0
2025-05-21 20:00:00+00:00,131.73,131.85,131.0,131.15,3490835.0
2025-05-22 08:00:00+00:00,132.3,132.95,131.69,131.69,2167758.0
2025-05-22 12:00:00+00:00,132.3,133.95,131.05,133.425,89676772.0
2025-05-22 16:00:00+00:00,133.42,134.25,132.66,132.7899,77382560.0
2025-05-22 20:00:00+00:00,132.78,133.2,132.61,132.86,2284908.0
2025-05-23 08:00:00+00:00,133.1,133.27,130.33,130.43,3132237.0
2025-05-23 12:00:00+00:00,133.03,133.24,127.8,130.695,93037977.0
2025-05-23 16:00:00+00:00,130.695,132.68,130.63,131.31,87384439.0
2025-05-23 20:00:00+00:00,131.29,131.4,130.97,131.17,3024347.0
2025-05-27 08:00:00+00:00,135.0,135.16,134.3,134.55,2673381.0
2025-05-27 12:00:00+00:00,134.56,135.56,133.31,135.06,93011438.0
2025-05-27 16:00:00+00:00,135.065,135.66,134.72,135.49,74770915.0
2025-05-27 20:00:00+00:00,135.4928,135.76,135.07,135.6,3864208.0
2025-05-28 08:00:00+00:00,135.8,136.59,135.02,136.55,2721838.0
2025-05-28 12:00:00+00:00,136.43,136.77,134.8,135.5255,86374783.0
2025-05-28 16:00:00+00:00,135.5217,137.25,134.79,134.81,127126136.0
2025-05-28 20:00:00+00:00,134.81,143.17,133.25,141.4,73973651.0
2025-05-29 08:00:00+00:00,141.94,143.84,141.34,142.08,8486563.0
2025-05-29 12:00:00+00:00,142.59,143.8153,139.29,140.54,207437379.0
2025-05-29 16:00:00+00:00,140.54,141.51,137.91,139.18,133934130.0
2025-05-29 20:00:00+00:00,139.19,139.28,137.8,137.8,6187266.0
2025-05-30 08:00:00+00:00,137.9,139.35,137.61,138.93,2235660.0
2025-05-30 12:00:00+00:00,138.58,139.62,134.74,135.38,125650880.0
2025-05-30 16:00:00+00:00,135.39,135.74,132.92,134.84,139482104.0
2025-05-30 20:00:00+00:00,134.88,135.25,134.4,134.5112,10602342.0
2025-06-02 08:00:00+00:00,133.77,134.69,133.44,134.18,1974855.0
2025-06-02 12:00:00+00:00,134.18,137.66,132.93,137.2897,90176010.0
2025-06-02 16:00:00+00:00,137.285,138.12,136.96,137.37,71355239.0
2025-06-02 20:00:00+00:00,137.38,137.88,137.35,137.48,5391907.0
2025-06-03 08:00:00+00:00,137.13,138.3,136.51,138.17,1631371.0
2025-06-03 12:00:00+00:00,138.18,142.0,136.5104,141.465,117898620.0
2025-06-03 16:00:00+00:00,141.46,141.86,140.26,141.27,78276054.0
2025-06-03 20:00:00+00:00,141.23,141.5295,140.85,141.49,9661972.0
2025-06-04 08:00:00+00:00,141.8,142.62,141.5,142.45,1996285.0
2025-06-04 12:00:00+00:00,142.25,142.6012,139.545,140.95,84312894.0
2025-06-04 16:00:00+00:00,140.9598,141.97,140.35,141.84,64501665.0
2025-06-04 20:00:00+00:00,141.84,141.92,141.3,141.31,3507308.0
2025-06-05 08:00:00+00:00,142.01,142.36,141.11,141.34,1384018.0
2025-06-05 12:00:00+00:00,141.34,144.0,140.74,143.755,95268210.0
2025-06-05 16:00:00+00:00,143.7405,143.7699,138.83,139.95,104253205.0
2025-06-05 20:00:00+00:00,139.99,140.3,137.88,138.9201,5513686.0
2025-06-06 08:00:00+00:00,140.49,140.93,139.77,140.5,1283140.0
2025-06-06 12:00:00+00:00,140.5,143.27,139.91,142.11,76808109.0
2025-06-06 16:00:00+00:00,142.115,142.88,141.54,141.69,61041371.0
2025-06-06 20:00:00+00:00,141.7,142.04,141.5,141.8997,2475738.0
2025-06-09 08:00:00+00:00,142.3,142.8,142.05,142.72,1464793.0
2025-06-09 12:00:00+00:00,142.26,145.0,141.366,142.835,100104208.0
2025-06-09 16:00:00+00:00,142.84,143.05,141.94,142.55,67637361.0
2025-06-09 20:00:00+00:00,142.55,142.95,142.48,142.678,1782809.0
2025-06-10 08:00:00+00:00,142.6,143.41,142.05,143.25,1387758.0
2025-06-10 12:00:00+00:00,143.11,143.68,141.525,142.7482,65112782.0
2025-06-10 16:00:00+00:00,142.74,144.29,142.105,143.955,66594041.0
2025-06-10 20:00:00+00:00,143.9532,144.2,143.64,143.77,4021165.0
2025-06-11 08:00:00+00:00,143.55,144.27,143.08,144.17,1341756.0
2025-06-11 12:00:00+00:00,143.88,145.27,143.02,143.7799,79236227.0
2025-06-11 16:00:00+00:00,143.78,143.93,141.87,142.84,71689535.0
2025-06-11 20:00:00+00:00,142.84,143.69,142.18,142.21,3945347.0
2025-06-12 08:00:00+00:00,142.0,142.47,140.46,140.57,2268059.0
2025-06-12 12:00:00+00:00,141.29,145.0,140.46,144.26,82770343.0
2025-06-12 16:00:00+00:00,144.2519,145.0,143.97,145.0,61306347.0
2025-06-12 20:00:00+00:00,145.0,145.0,144.36,144.5,2963395.0
2025-06-13 08:00:00+00:00,142.13,143.24,141.4,143.11,3514187.0
2025-06-13 12:00:00+00:00,142.36,143.58,141.07,143.064,79281023.0
2025-06-13 16:00:00+00:00,143.065,143.37,140.855,141.96,79867002.0
2025-06-13 20:00:00+00:00,141.96,142.13,141.71,141.8,3344136.0
2025-06-16 08:00:00+00:00,142.8,143.3,142.59,143.29,1411980.0
2025-06-16 12:00:00+00:00,143.15,146.175,141.97,145.495,94937593.0
2025-06-16 16:00:00+00:00,145.4993,146.06,144.27,144.68,68381168.0
2025-06-16 20:00:00+00:00,144.69,144.8,143.65,143.66,3750862.0
2025-06-17 08:00:00+00:00,144.06,145.27,143.79,144.88,2242289.0
2025-06-17 12:00:00+00:00,144.32,145.44,143.7,144.735,56442724.0
2025-06-17 16:00:00+00:00,144.74,145.165,143.78,144.04,62792765.0
2025-06-17 20:00:00+00:00,144.04,144.22,143.2601,143.63,4560810.0
2025-06-18 08:00:00+00:00,144.2,144.97,143.89,144.54,1248692.0
2025-06-18 12:00:00+00:00,144.21,145.62,143.12,145.1488,60334202.0
2025-06-18 16:00:00+00:00,145.145,145.65,143.9,145.47,77154745.0
2025-06-18 20:00:00+00:00,145.48,145.5,144.9,145.07,6949298.0
2025-06-20 08:00:00+00:00,145.0,145.3,144.5,145.1,1758644.0
2025-06-20 12:00:00+00:00,144.92,146.2,142.65,143.82,108488109.0
2025-06-20 16:00:00+00:00,143.81,144.34,143.07,143.78,67750003.0
2025-06-20 20:00:00+00:00,143.85,144.13,143.48,143.611,7103118.0
2025-06-23 08:00:00+00:00,143.15,143.8,142.1,142.52,1784350.0
2025-06-23 12:00:00+00:00,142.52,144.3,142.01,143.795,59938770.0
2025-06-23 16:00:00+00:00,143.8,144.78,142.03,144.175,76359637.0
2025-06-23 20:00:00+00:00,144.17,145.5,143.86,145.4998,5274668.0
2025-06-24 08:00:00+00:00,145.82,145.95,145.25,145.5,1478791.0
2025-06-24 12:00:00+00:00,145.51,147.91,145.23,146.669,86428631.0
2025-06-24 16:00:00+00:00,146.665,147.96,146.6533,147.83,63847533.0
2025-06-24 20:00:00+00:00,147.82,147.93,147.4,147.8,5402775.0
2025-06-25 08:00:00+00:00,148.0,149.55,147.5,149.45,2656721.0
2025-06-25 12:00:00+00:00,148.69,153.0,147.531,151.525,129229556.0
2025-06-25 16:00:00+00:00,151.52,154.45,151.39,154.31,115596601.0
2025-06-25 20:00:00+00:00,154.31,155.0,154.18,154.5902,5878646.0
2025-06-26 08:00:00+00:00,155.87,156.81,155.49,156.81,3604180.0
2025-06-26 12:00:00+00:00,155.82,157.0,153.49,155.3735,105579447.0
2025-06-26 16:00:00+00:00,155.37,156.5,154.85,155.08,73683612.0
2025-06-26 20:00:00+00:00,155.04,155.42,154.7,155.35,3504932.0
2025-06-27 08:00:00+00:00,155.69,156.49,155.4,156.39,1304296.0
2025-06-27 12:00:00+00:00,155.79,158.71,155.255,158.2148,93670089.0
2025-06-27 16:00:00+00:00,158.21,158.3499,155.45,157.74,99172862.0
2025-06-27 20:00:00+00:00,157.74,157.7513,156.27,157.59,7740237.0
2025-06-30 08:00:00+00:00,158.8,159.28,158.35,158.45,1530955.0
2025-06-30 12:00:00+00:00,158.44,159.42,155.96,158.0799,75211470.0
2025-06-30 16:00:00+00:00,158.07,158.66,156.84,157.87,67593609.0
2025-06-30 20:00:00+00:00,157.86,158.23,157.4,157.52,4538733.0
2025-07-01 08:00:00+00:00,156.93,157.33,156.5,156.6,962418.0
2025-07-01 12:00:00+00:00,156.8,157.55,151.49,152.8184,103274915.0
2025-07-01 16:00:00+00:00,152.82,154.98,152.35,153.29,86959416.0
2025-07-01 20:00:00+00:00,153.3,153.52,152.84,152.8998,4515886.0
2025-07-02 08:00:00+00:00,153.38,153.61,152.1,152.31,1215315.0
2025-07-02 12:00:00+00:00,152.52,157.6,151.1,156.655,84588470.0
2025-07-02 16:00:00+00:00,156.66,157.57,156.51,157.24,65204468.0
2025-07-02 20:00:00+00:00,157.25,157.45,156.82,157.25,2438376.0
2025-07-03 08:00:00+00:00,157.58,157.66,156.6,157.16,954552.0
2025-07-03 12:00:00+00:00,157.05,160.98,156.6,159.3913,102741086.0
2025-07-03 16:00:00+00:00,159.4,159.7,158.5762,159.288,34879763.0
2025-07-03 20:00:00+00:00,159.37,159.43,159.16,159.25,203765.0
2025-07-07 08:00:00+00:00,158.4,159.34,157.51,158.27,1601142.0
2025-07-07 12:00:00+00:00,158.11,159.31,157.342,158.235,67192452.0
2025-07-07 16:00:00+00:00,158.23,158.78,157.69,158.25,55494501.0
2025-07-07 20:00:00+00:00,158.25,158.5,157.86,158.0101,2549566.0
2025-07-08 08:00:00+00:00,159.0,159.85,158.25,159.42,1334002.0
2025-07-08 12:00:00+00:00,159.4,159.83,158.39,159.135,58290923.0
2025-07-08 16:00:00+00:00,159.135,160.22,159.09,160.0001,59693091.0
2025-07-08 20:00:00+00:00,160.0,160.3,159.93,160.2999,3516356.0
2025-07-09 08:00:00+00:00,160.0,160.73,159.7,160.68,918773.0
2025-07-09 12:00:00+00:00,160.16,164.42,159.67,163.23,97615087.0
2025-07-09 16:00:00+00:00,163.23,163.38,162.49,162.83,64919888.0
2025-07-09 20:00:00+00:00,162.84,163.3725,162.72,163.36,3140439.0
2025-07-10 08:00:00+00:00,163.26,164.499,163.2,164.409,1930292.0
2025-07-10 12:00:00+00:00,164.39,164.84,161.61,163.025,83145539.0
2025-07-10 16:00:00+00:00,163.025,164.5,162.57,164.105,68786241.0
2025-07-10 20:00:00+00:00,164.1,164.14,163.67,164.07,1770244.0
2025-07-11 08:00:00+00:00,163.16,163.61,162.61,163.25,1116516.0
2025-07-11 12:00:00+00:00,163.03,167.89,162.6,166.31,104979520.0
2025-07-11 16:00:00+00:00,166.32,166.69,164.83,164.8815,70624433.0
2025-07-11 20:00:00+00:00,164.885,166.037,164.83,164.9,2587139.0
2025-07-14 08:00:00+00:00,164.76,166.0,164.04,164.87,1864343.0
2025-07-14 12:00:00+00:00,165.59,165.96,162.02,165.1481,78786017.0
2025-07-14 16:00:00+00:00,165.14,165.36,164.0,164.07,46024037.0
2025-07-14 20:00:00+00:00,164.07,164.19,163.7104,163.8699,1540600.0
2025-07-15 08:00:00+00:00,170.48,172.87,169.05,171.449,6616730.0
2025-07-15 12:00:00+00:00,171.44,172.81,169.195,171.255,133170279.0
2025-07-15 16:00:00+00:00,171.255,171.605,169.94,170.55,70716279.0
2025-07-15 20:00:00+00:00,170.7,170.95,169.85,170.2,2783593.0
2025-07-16 08:00:00+00:00,169.78,170.89,168.96,170.85,2118871.0
2025-07-16 12:00:00+00:00,170.85,171.75,168.9,170.29,86776060.0
2025-07-16 16:00:00+00:00,170.28,171.45,170.09,171.34,54690604.0
2025-07-16 20:00:00+00:00,171.34,171.3906,171.1,171.2099,1838661.0
2025-07-17 08:00:00+00:00,172.65,173.2,171.77,172.55,2017778.0
2025-07-17 12:00:00+00:00,172.32,173.6402,170.83,173.375,76396555.0
2025-07-17 16:00:00+00:00,173.375,174.16,173.0,173.1114,67604152.0
2025-07-17 20:00:00+00:00,173.11,173.5,173.0,173.4612,2632017.0
2025-07-18 08:00:00+00:00,173.95,173.99,173.61,173.78,819302.0
2025-07-18 12:00:00+00:00,173.77,174.53,171.26,172.5,79338129.0
2025-07-18 16:00:00+00:00,172.495,173.0,171.5,172.38,51349653.0
2025-07-18 20:00:00+00:00,172.38,172.55,172.2501,172.36,4118672.0
2025-07-21 08:00:00+00:00,172.93,173.25,172.4,172.48,1062385.0
2025-07-21 12:00:00+00:00,172.83,173.38,171.68,172.3552,53536730.0
2025-07-21 16:00:00+00:00,172.355,172.81,171.0,171.46,49021496.0
2025-07-21 20:00:00+00:00,171.38,171.52,170.23,171.0,3136894.0
2025-07-22 08:00:00+00:00,170.85,171.09,169.04,170.36,2349676.0
2025-07-22 12:00:00+00:00,170.34,171.4,164.58,168.155,109455100.0
2025-07-22 16:00:00+00:00,168.16,168.43,165.92,167.01,59794697.0
2025-07-22 20:00:00+00:00,167.01,167.87,166.03,167.77,4222168.0
2025-07-23 08:00:00+00:00,168.25,168.99,167.9,168.92,1639791.0
2025-07-23 12:00:00+00:00,168.5,170.4,167.57,169.5548,69767052.0
2025-07-23 16:00:00+00:00,169.55,171.26,168.53,170.83,64684323.0
2025-07-23 20:00:00+00:00,170.78,172.99,170.46,172.89,6716698.0
2025-07-24 08:00:00+00:00,172.79,173.0,172.17,172.62,1135401.0
2025-07-24 12:00:00+00:00,172.28,173.45,171.3,172.7452,62116475.0
2025-07-24 16:00:00+00:00,172.74,173.83,172.41,173.78,52563785.0
2025-07-24 20:00:00+00:00,173.74,173.78,173.4,173.57,1728626.0
2025-07-25 08:00:00+00:00,173.09,173.74,173.05,173.18,855091.0
2025-07-25 12:00:00+00:00,173.3,174.72,172.94,174.0101,58953429.0
2025-07-25 16:00:00+00:00,174.01,174.53,173.0,173.48,51818039.0
2025-07-25 20:00:00+00:00,173.5,173.68,173.15,173.45,2319204.0
2025-07-28 08:00:00+00:00,174.75,174.98,174.01,174.58,1048803.0
2025-07-28 12:00:00+00:00,174.38,175.57,173.067,174.955,59968579.0
2025-07-28 16:00:00+00:00,174.955,177.0,174.68,176.75,58415797.0
2025-07-28 20:00:00+00:00,176.75,177.166,176.5,177.1499,3079105.0
2025-07-29 08:00:00+00:00,179.0,179.62,178.0,179.18,2367871.0
2025-07-29 12:00:00+00:00,179.07,179.5894,175.17,176.515,85553177.0
2025-07-29 16:00:00+00:00,176.51,176.735,175.02,175.51,53093537.0
2025-07-29 20:00:00+00:00,175.52,176.725,175.43,176.08,2597845.0
2025-07-30 08:00:00+00:00,176.55,176.92,175.28,176.69,1215149.0
2025-07-30 12:00:00+00:00,176.86,179.28,175.5,178.87,62699655.0
2025-07-30 16:00:00+00:00,178.8602,179.89,177.56,179.29,79273401.0
2025-07-30 20:00:00+00:00,179.27,184.12,179.27,183.3797,11684137.0
2025-07-31 08:00:00+00:00,182.86,183.88,181.8,183.09,3294293.0
2025-07-31 12:00:00+00:00,182.62,185.22,178.68,180.595,97680799.0
2025-07-31 16:00:00+00:00,180.59,181.495,175.93,177.85,88196439.0
2025-07-31 20:00:00+00:00,177.87,178.59,175.63,176.6899,6853859.0
2025-08-01 08:00:00+00:00,174.69,176.11,172.24,174.98,4289175.0
2025-08-01 12:00:00+00:00,173.5,177.19,170.89,176.305,99415723.0
2025-08-01 16:00:00+00:00,176.3,176.54,171.7919,173.58,82525732.0
2025-08-01 20:00:00+00:00,173.5879,173.8872,172.5,172.5099,3294023.0
2025-08-04 08:00:00+00:00,174.8,176.15,174.0,175.27,2072817.0
2025-08-04 12:00:00+00:00,175.81,178.5499,173.23,178.4752,63732985.0
2025-08-04 16:00:00+00:00,178.475,180.2,178.37,179.97,58192568.0
2025-08-04 20:00:00+00:00,179.98,180.98,178.8583,180.6702,5459455.0
2025-08-05 08:00:00+00:00,181.0,181.47,180.09,181.15,1493509.0
2025-08-05 12:00:00+00:00,181.3,181.56,175.9,177.09,79036940.0
2025-08-05 16:00:00+00:00,177.09,179.17,177.01,178.26,60240374.0
2025-08-05 20:00:00+00:00,178.26,178.76,176.55,176.81,3929326.0
2025-08-06 08:00:00+00:00,178.4,178.85,175.68,176.86,2248692.0
2025-08-06 12:00:00+00:00,176.87,179.43,175.7,179.025,63600607.0
2025-08-06 16:00:00+00:00,179.025,179.9,177.6581,179.41,53360991.0
2025-08-06 20:00:00+00:00,179.4041,181.0,176.76,180.48,5627884.0
2025-08-07 08:00:00+00:00,180.7,182.13,180.2,181.84,2192404.0
2025-08-07 12:00:00+00:00,181.97,183.88,180.22,181.6617,73185560.0
2025-08-07 16:00:00+00:00,181.67,181.77,178.795,180.88,64003732.0
2025-08-07 20:00:00+00:00,180.77,181.77,180.73,181.5999,2690434.0
2025-08-08 08:00:00+00:00,181.62,182.25,181.61,182.12,805923.0
2025-08-08 12:00:00+00:00,182.11,183.3,180.4,183.1586,61784237.0
2025-08-08 16:00:00+00:00,183.15,183.29,181.61,182.75,49965631.0
2025-08-08 20:00:00+00:00,182.78,183.2,182.5499,182.8306,1898413.0
2025-08-11 08:00:00+00:00,181.5,182.77,179.03,182.22,2624031.0
2025-08-11 12:00:00+00:00,182.21,183.83,179.1248,183.475,69107920.0
2025-08-11 16:00:00+00:00,183.475,183.84,181.5,182.085,51250788.0
2025-08-11 20:00:00+00:00,182.11,182.5,181.9,182.08,1812027.0
2025-08-12 08:00:00+00:00,181.84,182.97,181.23,182.07,1460882.0
2025-08-12 12:00:00+00:00,182.08,183.8699,179.46,182.4186,77910811.0
2025-08-12 16:00:00+00:00,182.415,184.48,181.75,183.1,50507973.0
2025-08-12 20:00:00+00:00,183.13,183.22,182.08,182.93,1684829.0
2025-08-13 08:00:00+00:00,183.15,183.57,181.75,182.95,2223417.0
2025-08-13 12:00:00+00:00,182.51,183.97,179.35,180.4335,96738883.0
2025-08-13 16:00:00+00:00,180.435,181.92,179.4,181.57,65327589.0
2025-08-13 20:00:00+00:00,181.547,181.89,180.8,181.28,1981301.0
2025-08-14 08:00:00+00:00,181.28,182.07,181.23,181.97,764032.0
2025-08-14 12:00:00+00:00,181.35,183.02,179.46,181.9444,69215239.0
2025-08-14 16:00:00+00:00,181.95,182.24,180.96,182.0,48235528.0
2025-08-14 20:00:00+00:00,182.02,182.02,181.52,181.87,1556575.0
2025-08-15 08:00:00+00:00,182.14,182.23,181.45,182.0,631999.0
2025-08-15 12:00:00+00:00,181.98,182.27,178.0417,179.3501,82845963.0
2025-08-15 16:00:00+00:00,179.355,181.0,178.83,180.4401,52960091.0
2025-08-15 20:00:00+00:00,180.45,180.48,179.74,179.74,1478467.0
2025-08-18 08:00:00+00:00,180.0,180.35,179.09,179.94,1139832.0
2025-08-18 12:00:00+00:00,179.94,182.9375,179.08,181.415,66990200.0
2025-08-18 16:00:00+00:00,181.41,182.61,180.95,181.97,47150210.0
2025-08-18 20:00:00+00:00,181.97,182.2,181.88,181.9999,2699008.0
2025-08-19 08:00:00+00:00,182.41,182.8,182.1,182.5,878611.0
2025-08-19 12:00:00+00:00,182.28,182.75,177.3,178.219,81588664.0
2025-08-19 16:00:00+00:00,178.21,178.41,175.49,175.65,83774821.0
2025-08-19 20:00:00+00:00,175.6471,176.14,175.0,175.04,3651467.0
2025-08-20 08:00:00+00:00,175.0,176.59,174.0,175.24,1757411.0
2025-08-20 12:00:00+00:00,175.71,176.55,168.801,171.935,123622085.0
2025-08-20 16:00:00+00:00,171.93,176.0,171.8,175.39,75210655.0
2025-08-20 20:00:00+00:00,175.398,176.05,175.26,175.81,3499151.0
2025-08-21 08:00:00+00:00,175.74,177.0,175.03,175.76,2063376.0
2025-08-21 12:00:00+00:00,175.75,176.98,173.82,174.7501,66227196.0
2025-08-21 16:00:00+00:00,174.76,175.95,173.81,174.971,52966699.0
2025-08-21 20:00:00+00:00,174.98,174.99,174.65,174.7998,2287165.0
2025-08-22 08:00:00+00:00,172.45,173.53,168.0,172.96,1872814.0
2025-08-22 12:00:00+00:00,172.98,178.59,171.11,177.7999,94582287.0
2025-08-22 16:00:00+00:00,177.8,178.54,176.88,178.02,60673246.0
2025-08-22 20:00:00+00:00,178.0222,178.45,177.55,178.38,2240804.0
2025-08-25 08:00:00+00:00,178.25,178.9,177.23,178.29,1664532.0
2025-08-25 12:00:00+00:00,177.56,181.68,176.57,181.57,80971228.0
2025-08-25 16:00:00+00:00,181.57,181.91,178.35,179.84,63667192.0
2025-08-25 20:00:00+00:00,179.82,180.63,179.3,180.2985,3598666.0
2025-08-26 08:00:00+00:00,180.09,180.88,179.81,180.69,1200315.0
2025-08-26 12:00:00+00:00,180.69,181.76,178.81,181.29,69921287.0
2025-08-26 16:00:00+00:00,181.285,182.39,180.89,181.7,58257544.0
2025-08-26 20:00:00+00:00,181.77,182.38,181.7,182.35,6414860.0
2025-08-27 08:00:00+00:00,182.3,183.2,182.1,183.0,1838770.0
2025-08-27 12:00:00+00:00,182.92,183.19,179.1,181.9676,90035961.0
2025-08-27 16:00:00+00:00,181.965,182.49,180.93,181.6,77376678.0
2025-08-27 20:00:00+00:00,181.6,183.4,171.86,175.9,46655540.0
2025-08-28 08:00:00+00:00,178.11,179.47,177.03,179.47,4491442.0
2025-08-28 12:00:00+00:00,178.25,184.47,176.41,178.63,159964114.0
2025-08-28 16:00:00+00:00,178.635,181.55,178.38,180.2,94153380.0
2025-08-28 20:00:00+00:00,180.17,180.33,179.5,179.5809,3301633.0
2025-08-29 08:00:00+00:00,179.45,179.71,177.45,178.25,2362532.0
2025-08-29 12:00:00+00:00,178.25,179.99,173.37,173.7651,127151195.0
2025-08-29 16:00:00+00:00,173.77,174.77,173.145,174.28,85749989.0
2025-08-29 20:00:00+00:00,174.18,174.1944,173.6,173.6705,3840463.0
2025-09-02 08:00:00+00:00,172.4,173.6,169.89,170.24,3432033.0
2025-09-02 12:00:00+00:00,171.48,173.76,167.34,167.83,118998513.0
2025-09-02 16:00:00+00:00,167.8399,171.12,167.22,170.75,91034478.0
2025-09-02 20:00:00+00:00,170.75,171.2097,169.0428,169.6637,4045455.0
2025-09-03 08:00:00+00:00,170.42,172.2,169.98,171.46,2055048.0
2025-09-03 12:00:00+00:00,171.48,172.41,169.4,171.135,73567546.0
2025-09-03 16:00:00+00:00,171.13,171.78,168.875,170.62,66454433.0
2025-09-03 20:00:00+00:00,170.61,171.15,170.25,170.4,6830566.0
2025-09-04 08:00:00+00:00,171.0,172.0,170.3,171.23,1284966.0
2025-09-04 12:00:00+00:00,171.33,171.95,169.41,170.55,64588965.0
2025-09-04 16:00:00+00:00,170.55,171.74,170.35,171.64,53355005.0
2025-09-04 20:00:00+00:00,171.6633,172.0,171.01,171.3,10990029.0
2025-09-05 08:00:00+00:00,170.88,171.49,169.77,169.79,2141362.0
2025-09-05 12:00:00+00:00,169.78,171.4401,164.07,166.4001,133929061.0
2025-09-05 16:00:00+00:00,166.4,167.195,165.87,167.04,71063123.0
2025-09-05 20:00:00+00:00,167.02,167.05,166.05,166.09,3560035.0
2025-09-08 08:00:00+00:00,167.25,168.25,166.89,167.62,1605258.0
2025-09-08 12:00:00+00:00,167.63,170.96,166.2,169.95,78452327.0
2025-09-08 16:00:00+00:00,169.965,170.25,168.0,168.37,64895940.0
2025-09-08 20:00:00+00:00,168.38,169.5242,167.86,168.2,2341025.0
2025-09-09 08:00:00+00:00,169.2,169.98,168.49,169.03,1356439.0
2025-09-09 12:00:00+00:00,168.8,169.97,166.7401,168.09,65176293.0
2025-09-09 16:00:00+00:00,168.09,170.98,167.845,170.7585,69303160.0
2025-09-09 20:00:00+00:00,170.76,174.77,170.62,174.22,9983700.0
2025-09-10 08:00:00+00:00,173.22,175.65,173.15,175.51,2911009.0
2025-09-10 12:00:00+00:00,174.58,179.29,172.5,177.8502,125870629.0
2025-09-10 16:00:00+00:00,177.8525,178.32,175.96,177.3,80970611.0
2025-09-10 20:00:00+00:00,177.33,177.4618,176.5401,177.17,2870382.0
2025-09-11 08:00:00+00:00,177.8,178.68,177.32,178.31,1314488.0
2025-09-11 12:00:00+00:00,178.39,180.28,176.925,177.975,76978693.0
2025-09-11 16:00:00+00:00,177.98,178.1,176.48,177.09,55916009.0
2025-09-11 20:00:00+00:00,177.1,177.7234,176.95,177.22,2720152.0
2025-09-12 08:00:00+00:00,177.2,177.93,177.0,177.81,1094941.0
2025-09-12 12:00:00+00:00,177.81,178.595,176.45,177.63,58890322.0
2025-09-12 16:00:00+00:00,177.63,178.2184,177.4,177.79,46865267.0
2025-09-12 20:00:00+00:00,177.7933,177.99,177.501,177.53,4418312.0
2025-09-15 08:00:00+00:00,177.48,178.0,172.47,175.06,5322828.0
2025-09-15 12:00:00+00:00,173.45,178.09,172.5471,177.83,73097246.0
2025-09-15 16:00:00+00:00,177.84,178.85,176.915,177.79,56471644.0
2025-09-15 20:00:00+00:00,177.79,177.79,177.15,177.32,3196244.0
2025-09-16 08:00:00+00:00,177.06,177.82,177.03,177.43,918858.0
2025-09-16 12:00:00+00:00,177.3,177.83,175.25,175.3188,57293624.0
2025-09-16 16:00:00+00:00,175.315,175.4,174.38,174.86,63183829.0
2025-09-16 20:00:00+00:00,174.86,175.5419,174.86,175.1126,2673223.0
2025-09-17 08:00:00+00:00,175.6,175.67,171.67,172.75,3176516.0
2025-09-17 12:00:00+00:00,172.4,175.98,169.39,169.5698,88291482.0
2025-09-17 16:00:00+00:00,169.57,171.6,168.41,170.21,101369915.0
2025-09-17 20:00:00+00:00,170.21,171.35,170.207,171.35,5927133.0
2025-09-18 08:00:00+00:00,172.03,176.169,171.92,175.5,5642843.0
2025-09-18 12:00:00+00:00,174.23,176.57,171.54,176.0051,93961302.0
2025-09-18 16:00:00+00:00,176.0,177.1,174.21,176.28,70592778.0
2025-09-18 20:00:00+00:00,176.24,176.44,175.8,176.39,4086099.0
2025-09-19 08:00:00+00:00,175.75,176.11,175.37,175.72,903616.0
2025-09-19 12:00:00+00:00,175.68,178.08,175.18,176.385,85621633.0
2025-09-19 16:00:00+00:00,176.3854,178.0,175.55,176.51,64730739.0
2025-09-19 20:00:00+00:00,176.52,176.7177,176.0,176.0,9644134.0
2025-09-22 08:00:00+00:00,175.44,175.95,174.65,175.53,1329501.0
2025-09-22 12:00:00+00:00,175.37,176.229,174.33,175.5,52561338.0
2025-09-22 16:00:00+00:00,175.5,184.55,175.49,183.61,192347942.0
2025-09-22 20:00:00+00:00,183.61,183.88,182.15,182.6,4543209.0
2025-09-23 08:00:00+00:00,182.62,183.0,181.36,182.0,2945850.0
2025-09-23 12:00:00+00:00,182.02,183.61,179.145,179.96,87177349.0
2025-09-23 16:00:00+00:00,179.965,180.14,176.21,178.44,79780564.0
2025-09-23 20:00:00+00:00,178.4622,179.25,177.8,177.92,5018502.0
2025-09-24 08:00:00+00:00,179.4,180.21,178.54,179.28,1520702.0
2025-09-24 12:00:00+00:00,177.6,180.21,176.18,176.25,63912751.0
2025-09-24 16:00:00+00:00,176.26,177.34,175.4,176.88,60345302.0
2025-09-24 20:00:00+00:00,176.97,176.97,176.44,176.52,1953195.0
2025-09-25 08:00:00+00:00,176.85,177.6,174.88,175.01,2023708.0
2025-09-25 12:00:00+00:00,176.09,179.97,173.125,179.925,87346667.0
2025-09-25 16:00:00+00:00,179.93,180.26,175.5483,177.68,87697106.0
2025-09-25 20:00:00+00:00,177.69,177.8,177.02,177.0937,3290510.0
2025-09-26 08:00:00+00:00,177.1,178.13,175.6,177.85,1699193.0
2025-09-26 12:00:00+00:00,176.07,178.88,174.93,175.92,72868798.0
2025-09-26 16:00:00+00:00,175.92,179.77,175.78,178.19,60210660.0
2025-09-26 20:00:00+00:00,178.19,178.3,177.5201,177.64,1799606.0
2025-09-29 08:00:00+00:00,178.95,180.21,178.59,179.98,1950439.0
2025-09-29 12:00:00+00:00,179.5,184.0,178.51,182.125,104385882.0
2025-09-29 16:00:00+00:00,182.13,183.0,180.67,181.83,63684163.0
2025-09-29 20:00:00+00:00,181.83,182.0,180.98,181.11,1958677.0
2025-09-30 08:00:00+00:00,181.26,182.65,180.22,182.07,1416771.0
2025-09-30 12:00:00+00:00,181.85,187.35,180.57,186.665,124219936.0
2025-09-30 16:00:00+00:00,186.66,187.12,185.01,186.58,85525359.0
2025-09-30 20:00:00+00:00,186.58,186.8,185.7348,185.7492,3381415.0
2025-10-01 08:00:00+00:00,184.3,185.77,184.1,185.55,1992234.0
2025-10-01 12:00:00+00:00,185.21,187.865,183.9,187.2699,88747536.0
2025-10-01 16:00:00+00:00,187.27,188.14,186.36,187.17,61559975.0
2025-10-01 20:00:00+00:00,187.18,187.4,186.77,186.9497,5181284.0
2025-10-02 08:00:00+00:00,187.87,189.98,187.59,189.82,2549364.0
2025-10-02 12:00:00+00:00,189.3,191.05,187.24,189.63,76834789.0
2025-10-02 16:00:00+00:00,189.625,189.63,188.06,188.92,45551240.0
2025-10-02 20:00:00+00:00,188.89,189.2977,188.22,188.9785,1924769.0
2025-10-03 08:00:00+00:00,189.82,189.99,187.5,189.48,904497.0
2025-10-03 12:00:00+00:00,189.55,190.36,188.33,189.0,52822445.0
2025-10-03 16:00:00+00:00,188.9801,189.0,185.38,187.621,67095673.0
2025-10-03 20:00:00+00:00,187.62,187.8,187.36,187.66,3417940.0
2025-10-06 08:00:00+00:00,188.46,190.0,182.88,185.04,6018434.0
2025-10-06 12:00:00+00:00,185.03,189.96,182.88,186.835,85533491.0
2025-10-06 16:00:00+00:00,186.83,187.23,185.39,185.53,49355618.0
2025-10-06 20:00:00+00:00,185.5202,185.99,185.41,185.65,3079404.0
2025-10-07 08:00:00+00:00,186.04,186.92,185.9,186.27,1119589.0
2025-10-07 12:00:00+00:00,186.27,189.06,184.405,185.465,81164477.0
2025-10-07 16:00:00+00:00,185.47,186.415,184.0,184.95,46556557.0
2025-10-07 20:00:00+00:00,185.04,186.18,184.68,184.9868,2244274.0
2025-10-08 08:00:00+00:00,185.93,186.59,185.59,186.27,1327135.0
2025-10-08 12:00:00+00:00,186.32,189.42,185.39,187.91,66742876.0
2025-10-08 16:00:00+00:00,187.9101,189.6,187.69,189.06,48035463.0
2025-10-08 20:00:00+00:00,189.11,189.25,188.77,189.25,2225427.0
2025-10-09 08:00:00+00:00,191.25,192.49,190.2,192.3,3235536.0
2025-10-09 12:00:00+00:00,191.19,195.3,190.18,194.18,103459093.0
2025-10-09 16:00:00+00:00,194.17,194.58,191.61,192.54,62570146.0
2025-10-09 20:00:00+00:00,192.57,193.27,192.04,192.8994,2445590.0
2025-10-10 08:00:00+00:00,192.66,194.0,191.9,193.87,1780812.0
2025-10-10 12:00:00+00:00,193.34,195.62,186.38,189.52,125428863.0
2025-10-10 16:00:00+00:00,189.5,189.86,182.05,183.12,104282515.0
2025-10-10 20:00:00+00:00,183.13,184.0,179.0,183.2,11309183.0
2025-10-13 08:00:00+00:00,189.18,190.14,187.38,188.24,4122532.0
2025-10-13 12:00:00+00:00,187.5,190.26,185.96,188.3101,80752255.0
2025-10-13 16:00:00+00:00,188.32,189.43,187.25,188.32,52765050.0
2025-10-13 20:00:00+00:00,188.32,188.72,188.2,188.53,2967668.0
2025-10-14 08:00:00+00:00,184.95,187.2,183.4,185.35,2838171.0
2025-10-14 12:00:00+00:00,186.96,188.65,179.7,182.63,95379577.0
2025-10-14 16:00:00+00:00,182.63,184.2,179.83,180.07,87740221.0
2025-10-14 20:00:00+00:00,180.03,182.09,180.03,181.2066,3748056.0
2025-10-15 08:00:00+00:00,183.12,184.9,182.8,184.06,2630186.0
2025-10-15 12:00:00+00:00,184.06,185.57,179.8609,180.52,96934468.0
2025-10-15 16:00:00+00:00,180.53,181.02,177.29,179.875,89922148.0
2025-10-15 20:00:00+00:00,179.83,180.9,179.6,180.82,3964102.0
2025-10-16 08:00:00+00:00,181.9,182.37,181.5,182.17,1821345.0
2025-10-16 12:00:00+00:00,182.17,183.28,180.55,181.9,72999961.0
2025-10-16 16:00:00+00:00,181.89,182.52,179.77,181.811,85728660.0
2025-10-16 20:00:00+00:00,181.81,182.0,180.51,180.6816,3108187.0
2025-10-17 08:00:00+00:00,177.58,179.97,176.21,179.95,3663068.0
2025-10-17 12:00:00+00:00,178.28,183.53,176.23,182.065,87434367.0
2025-10-17 16:00:00+00:00,182.065,184.1,181.93,183.235,66579114.0
2025-10-17 20:00:00+00:00,183.24,183.39,183.01,183.37,1753339.0
2025-10-20 08:00:00+00:00,184.3,185.0,182.57,182.751,2101691.0
2025-10-20 12:00:00+00:00,184.16,185.2,181.73,183.6252,66707834.0
2025-10-20 16:00:00+00:00,183.635,184.26,182.05,182.57,46701228.0
2025-10-20 20:00:00+00:00,182.57,182.98,182.5,182.78,1217219.0
2025-10-21 08:00:00+00:00,182.45,183.02,182.0,182.96,1003627.0
2025-10-21 12:00:00+00:00,182.95,183.2994,179.8,182.185,62595851.0
2025-10-21 16:00:00+00:00,182.18,182.651,180.93,181.16,42846782.0
2025-10-21 20:00:00+00:00,181.16,181.2809,180.7,180.8065,1665863.0
2025-10-22 08:00:00+00:00,181.34,181.93,180.96,181.01,924683.0
2025-10-22 12:00:00+00:00,181.65,183.44,177.9,179.48,74879709.0
2025-10-22 16:00:00+00:00,179.47,180.39,176.76,180.29,70149506.0
2025-10-22 20:00:00+00:00,180.283,180.58,179.4485,179.7,3346003.0
2025-10-23 08:00:00+00:00,180.61,180.98,179.6,179.66,874393.0
2025-10-23 12:00:00+00:00,180.3,182.5,179.0,182.12,53813174.0
2025-10-23 16:00:00+00:00,182.11,183.03,181.38,182.2,41709840.0
2025-10-23 20:00:00+00:00,182.16,182.62,182.0,182.33,2916899.0
2025-10-24 08:00:00+00:00,182.72,183.45,182.6,183.21,927637.0
2025-10-24 12:00:00+00:00,183.07,186.03,182.46,185.325,59002741.0
2025-10-24 16:00:00+00:00,185.32,187.47,184.9,186.27,58259185.0
2025-10-24 20:00:00+00:00,186.25,187.21,186.1833,186.45,2539540.0
2025-10-27 08:00:00+00:00,189.0,191.16,188.12,190.65,2926476.0
2025-10-27 12:00:00+00:00,190.63,191.47,188.4318,190.875,71169773.0
2025-10-27 16:00:00+00:00,190.88,192.0,190.27,191.43,58475581.0
2025-10-27 20:00:00+00:00,191.46,191.77,191.31,191.5678,2681149.0
2025-10-28 08:00:00+00:00,191.2,192.67,190.6,192.63,1571798.0
2025-10-28 12:00:00+00:00,191.27,195.469,190.62,193.33,71200902.0
2025-10-28 16:00:00+00:00,193.34,203.15,193.2682,201.03,200026138.0
2025-10-28 20:00:00+00:00,201.0,204.85,200.6,204.43,11732660.0
2025-10-29 08:00:00+00:00,206.02,209.37,205.3,208.04,8028722.0
2025-10-29 12:00:00+00:00,207.73,212.1899,205.2,207.49,162257757.0
2025-10-29 16:00:00+00:00,207.49,208.05,204.775,207.05,114059551.0
2025-10-29 20:00:00+00:00,207.04,208.5,204.58,207.65,7480023.0
2025-10-30 08:00:00+00:00,207.04,208.73,205.0,206.71,2314809.0
2025-10-30 12:00:00+00:00,205.88,210.0,201.41,202.555,90837171.0
2025-10-30 16:00:00+00:00,202.565,204.4799,201.88,202.78,63750642.0
2025-10-30 20:00:00+00:00,202.89,204.84,201.7,204.5499,5524741.0
2025-10-31 08:00:00+00:00,205.89,207.44,205.39,207.12,2502134.0
2025-10-31 12:00:00+00:00,206.8,207.97,203.76,203.775,69218819.0
2025-10-31 16:00:00+00:00,203.77,204.77,202.07,202.41,80370607.0
2025-10-31 20:00:00+00:00,202.4018,202.93,202.289,202.62,4087786.0
2025-11-03 08:00:00+00:00,203.99,206.35,203.5,205.73,1825844.0
2025-11-03 12:00:00+00:00,205.7,209.45,203.1,208.0818,54256287.0
2025-11-03 16:00:00+00:00,208.0999,211.335,206.9241,208.2445,86007730.0
2025-11-03 20:00:00+00:00,208.25,208.43,205.56,207.22,24257353.0
2025-11-04 00:00:00+00:00,207.23,207.23,206.31,206.6,469526.0
2025-11-04 08:00:00+00:00,204.05,205.02,201.44,203.16,1890994.0
2025-11-04 12:00:00+00:00,203.23,205.76,200.9,201.6299,57445884.0
2025-11-04 16:00:00+00:00,201.625,202.3,198.58,199.065,76879480.0
2025-11-04 20:00:00+00:00,199.0799,200.26,195.38,195.93,34151995.0
2025-11-05 00:00:00+00:00,195.92,195.93,195.0,195.0,1009768.0
2025-11-05 08:00:00+00:00,197.09,198.4,195.55,196.41,1474687.0
2025-11-05 12:00:00+00:00,196.47,202.79,195.58,202.55,54473378.0
2025-11-05 16:00:00+00:00,202.56,202.92,200.68,201.3301,50045720.0
2025-11-05 20:00:00+00:00,201.33,201.47,193.95,197.35,46547959.0
2025-11-06 00:00:00+00:00,197.35,197.38,196.11,196.3,639257.0
2025-11-06 08:00:00+00:00,196.94,198.33,196.92,198.08,1222204.0
2025-11-06 12:00:00+00:00,198.0,198.54,189.0,190.36,70727368.0
2025-11-06 16:00:00+00:00,190.36,191.44,186.38,190.39,99161361.0
2025-11-06 20:00:00+00:00,190.37,190.5094,187.07,188.9697,31962646.0
2025-11-07 00:00:00+00:00,188.9503,189.89,188.7,189.6792,512878.0
2025-11-07 08:00:00+00:00,189.39,189.45,185.47,186.72,1676293.0
2025-11-07 12:00:00+00:00,186.79,189.67,180.49,180.5003,80867476.0
2025-11-07 16:00:00+00:00,180.51,187.15,178.91,187.1,122632353.0
2025-11-07 20:00:00+00:00,187.08,190.0,185.64,189.985,37706941.0
2025-11-08 00:00:00+00:00,189.99,190.2,189.94,190.2,413835.0
2025-11-10 08:00:00+00:00,192.85,194.9,192.85,194.12,1609107.0
2025-11-10 12:00:00+00:00,194.14,197.67,193.11,194.61,69016037.0
2025-11-10 16:00:00+00:00,194.62,198.33,193.79,198.195,69455467.0
2025-11-10 20:00:00+00:00,198.195,199.94,197.96,199.53,35023585.0
2025-11-11 00:00:00+00:00,199.5464,200.05,199.48,199.9903,768896.0
2025-11-11 08:00:00+00:00,198.6,198.91,195.38,196.21,1982198.0
2025-11-11 12:00:00+00:00,196.22,199.35,191.56,192.2851,65067828.0
2025-11-11 16:00:00+00:00,192.29,194.63,191.3,193.875,70243895.0
2025-11-11 20:00:00+00:00,193.875,194.34,192.7,193.92,24214448.0
2025-11-12 00:00:00+00:00,193.9,194.24,193.9,194.0,344793.0
2025-11-12 08:00:00+00:00,195.74,196.39,194.81,195.01,994226.0
2025-11-12 12:00:00+00:00,195.01,197.15,191.5901,192.43,55258782.0
2025-11-12 16:00:00+00:00,192.44,193.56,191.45,192.025,62166679.0
2025-11-12 20:00:00+00:00,192.025,194.0,191.13,192.2519,25215772.0
2025-11-13 00:00:00+00:00,192.3,192.74,191.98,191.98,357231.0
2025-11-13 08:00:00+00:00,193.49,194.0,191.78,192.59,784485.0
2025-11-13 12:00:00+00:00,192.59,194.1,185.79,186.598,64847326.0
2025-11-13 16:00:00+00:00,186.59,187.23,183.85,185.63,90418286.0
2025-11-13 20:00:00+00:00,185.64,187.5,185.17,186.61,31273034.0
2025-11-14 00:00:00+00:00,186.63,186.8882,185.91,185.92,408673.0
2025-11-14 08:00:00+00:00,184.5,185.19,182.04,182.88,2029383.0
2025-11-14 12:00:00+00:00,182.89,189.5269,180.4,188.58,76253686.0
2025-11-14 16:00:00+00:00,188.58,191.01,187.55,190.73,68238420.0
2025-11-14 20:00:00+00:00,190.73,190.95,189.36,190.85,26758936.0
2025-11-15 00:00:00+00:00,190.85,191.07,190.8496,191.06,337199.0
2025-11-17 08:00:00+00:00,192.16,192.33,188.56,189.4,1537201.0
2025-11-17 12:00:00+00:00,189.4,192.44,184.92,187.22,53837237.0
2025-11-17 16:00:00+00:00,187.23,188.3,184.4201,184.71,68521641.0
2025-11-17 20:00:00+00:00,184.7,187.1878,184.32,186.1422,31060083.0
2025-11-18 00:00:00+00:00,186.1016,186.3287,184.911,185.3299,595114.0
2025-11-18 08:00:00+00:00,185.3,185.82,183.88,185.02,972084.0
2025-11-18 12:00:00+00:00,185.0,186.17,179.65,181.1,79595452.0
2025-11-18 16:00:00+00:00,181.1,184.8,180.1701,184.005,82425376.0
2025-11-18 20:00:00+00:00,184.01,184.22,180.52,181.15,31342030.0
2025-11-19 00:00:00+00:00,181.13,181.2,180.65,180.7197,638137.0
2025-11-19 08:00:00+00:00,181.52,183.77,181.2,183.28,1568442.0
2025-11-19 12:00:00+00:00,183.26,187.855,180.88,185.86,65379194.0
2025-11-19 16:00:00+00:00,185.87,186.4748,182.8301,185.4323,83255324.0
2025-11-19 20:00:00+00:00,185.41,198.6,185.37,196.2,78723719.0
2025-11-20 00:00:00+00:00,196.16,197.0,195.69,195.9997,2362260.0
2025-11-20 08:00:00+00:00,196.06,198.0,194.5,195.73,3366809.0
2025-11-20 12:00:00+00:00,195.76,198.49,192.01,192.3572,105344539.0
2025-11-20 16:00:00+00:00,192.36,192.38,180.94,183.6104,169856763.0
2025-11-20 20:00:00+00:00,183.615,185.697,178.41,180.64,47608873.0
2025-11-21 00:00:00+00:00,180.6422,181.3,180.15,181.1,1158230.0
2025-11-21 08:00:00+00:00,181.02,181.9,174.43,177.45,5133233.0
2025-11-21 12:00:00+00:00,177.47,182.82,172.93,175.26,129100108.0
2025-11-21 16:00:00+00:00,175.24,184.56,174.66,181.2,149264287.0
2025-11-21 20:00:00+00:00,181.19,181.99,178.06,180.22,44694571.0
2025-11-22 00:00:00+00:00,180.26,180.3827,180.0,180.05,465074.0
2025-11-24 08:00:00+00:00,181.25,181.51,178.78,179.7,1341787.0
2025-11-24 12:00:00+00:00,179.71,181.5,176.48,178.65,71982508.0
2025-11-24 16:00:00+00:00,178.66,183.37,178.605,181.53,83403798.0
2025-11-24 20:00:00+00:00,181.54,183.5,177.71,179.8544,60426123.0
2025-11-25 00:00:00+00:00,179.78,179.85,179.06,179.81,1018110.0
2025-11-25 08:00:00+00:00,178.5,178.95,174.16,175.47,4154246.0
2025-11-25 12:00:00+00:00,175.5,179.1,169.55,172.5699,134999267.0
2025-11-25 16:00:00+00:00,172.56,176.84,171.95,175.1741,109491955.0
2025-11-25 20:00:00+00:00,175.18,178.16,175.17,176.9,48623843.0
2025-11-26 00:00:00+00:00,176.91,177.05,176.714,176.89,509195.0
2025-11-26 08:00:00+00:00,177.0,177.41,174.51,176.85,1506779.0
2025-11-26 12:00:00+00:00,176.89,182.91,174.5297,180.6601,73450714.0
2025-11-26 16:00:00+00:00,180.665,181.73,179.7937,180.2255,65063145.0
2025-11-26 20:00:00+00:00,180.23,180.75,179.5,179.707,23692894.0
2025-11-27 00:00:00+00:00,179.65,179.72,179.37,179.5,423623.0
2025-11-28 08:00:00+00:00,180.8,180.8,179.8,180.64,471716.0
2025-11-28 12:00:00+00:00,180.63,181.0,176.93,177.97,54359450.0
2025-11-28 16:00:00+00:00,177.975,178.01,176.5,176.98,58559917.0
2025-11-28 20:00:00+00:00,176.63,176.8,176.56,176.63,321756.0
2025-12-01 08:00:00+00:00,175.65,176.4,174.81,175.19,954795.0
2025-12-01 12:00:00+00:00,175.18,180.01,173.2203,179.415,69081437.0
2025-12-01 16:00:00+00:00,179.42,180.3,178.4,178.91,64019105.0
2025-12-01 20:00:00+00:00,178.905,180.7,178.8,179.7646,31912270.0
2025-12-02 00:00:00+00:00,179.76,179.85,179.64,179.7,231349.0
2025-12-02 08:00:00+00:00,179.94,181.58,179.94,181.23,704880.0
2025-12-02 12:00:00+00:00,181.26,185.66,178.97,183.6833,67397371.0
2025-12-02 16:00:00+00:00,183.7,183.9,180.0,181.59,75884348.0
2025-12-02 20:00:00+00:00,181.595,182.6281,180.9,181.42,20811582.0
2025-12-03 00:00:00+00:00,181.4,181.5,180.75,181.03,367488.0
2025-12-03 08:00:00+00:00,182.19,182.67,181.68,182.51,519175.0
2025-12-03 12:00:00+00:00,182.49,184.49,179.1101,180.9266,58039364.0
2025-12-03 16:00:00+00:00,180.93,181.4,179.82,180.65,51843820.0
2025-12-03 20:00:00+00:00,180.645,180.86,179.27,180.0647,36927968.0
2025-12-04 00:00:00+00:00,180.07,180.08,179.9,179.9199,267449.0
2025-12-04 08:00:00+00:00,180.24,180.85,180.0,180.4,622785.0
2025-12-04 12:00:00+00:00,180.4,183.11,179.96,181.74,59362234.0
2025-12-04 16:00:00+00:00,181.73,184.515,181.15,182.85,67997677.0
2025-12-04 20:00:00+00:00,182.84,183.98,182.28,183.18,18226122.0
2025-12-05 00:00:00+00:00,183.21,183.49,183.2,183.4699,223602.0
2025-12-05 08:00:00+00:00,184.6,184.89,184.18,184.5,521882.0
2025-12-05 12:00:00+00:00,184.5,184.95,180.91,181.98,53160404.0
2025-12-05 16:00:00+00:00,181.97,182.51,181.15,181.855,50496201.0
2025-12-05 20:00:00+00:00,181.86,182.98,181.3,182.2499,20222922.0
2025-12-06 00:00:00+00:00,182.25,182.39,182.21,182.35,185535.0
2025-12-08 08:00:00+00:00,182.5,183.07,181.85,182.84,552018.0
2025-12-08 12:00:00+00:00,182.83,185.7,181.86,183.6401,56298212.0
2025-12-08 16:00:00+00:00,183.64,188.0,182.9,184.375,91766495.0
2025-12-08 20:00:00+00:00,184.38,190.99,184.23,189.48,36341173.0
2025-12-09 00:00:00+00:00,189.4932,189.98,189.4301,189.8987,865704.0
2025-12-09 08:00:00+00:00,189.01,189.87,184.78,186.65,2956388.0
2025-12-09 12:00:00+00:00,186.66,189.93,183.32,185.195,58403907.0
2025-12-09 16:00:00+00:00,185.19,185.7167,184.11,184.225,46556922.0
2025-12-09 20:00:00+00:00,184.22,185.26,184.02,184.5,23785320.0
2025-12-10 00:00:00+00:00,184.501,184.53,184.2,184.32,272674.0
2025-12-10 08:00:00+00:00,185.0,186.0,184.28,185.47,1080753.0
2025-12-10 12:00:00+00:00,185.47,186.0,182.61,182.765,42526789.0
2025-12-10 16:00:00+00:00,182.78,184.61,182.035,184.55,63977177.0
2025-12-10 20:00:00+00:00,184.555,184.7,181.25,181.45,32446494.0
2025-12-11 00:00:00+00:00,181.49,181.5,181.2,181.28,468641.0
2025-12-11 08:00:00+00:00,180.4,181.1,180.16,180.76,870874.0
2025-12-11 12:00:00+00:00,180.75,181.55,176.62,177.495,68261390.0
2025-12-11 16:00:00+00:00,177.49,181.32,176.925,180.47,68863570.0
2025-12-11 20:00:00+00:00,180.46,181.86,178.99,180.22,25990947.0
2025-12-12 00:00:00+00:00,180.24,180.24,179.79,179.83,315786.0
2025-12-12 08:00:00+00:00,180.2,180.89,178.98,180.55,744345.0
2025-12-12 12:00:00+00:00,180.5,183.23,177.08,177.24,54810139.0
2025-12-12 16:00:00+00:00,177.25,178.29,175.21,176.295,89337889.0
2025-12-12 20:00:00+00:00,176.3,176.675,174.62,174.97,35304686.0
2025-12-13 00:00:00+00:00,174.9754,175.38,174.93,175.17,422339.0
2025-12-15 08:00:00+00:00,176.11,177.29,176.0,176.84,792793.0
2025-12-15 12:00:00+00:00,176.86,178.39,175.03,177.02,56963267.0
2025-12-15 16:00:00+00:00,177.015,178.415,176.27,176.925,55598580.0
2025-12-15 20:00:00+00:00,176.92,176.9255,175.91,176.06,26810686.0
2025-12-16 00:00:00+00:00,176.06,176.12,175.61,175.78,360834.0
2025-12-16 08:00:00+00:00,174.7,176.29,174.65,176.17,597333.0
2025-12-16 12:00:00+00:00,176.17,177.8,173.81,176.85,46637964.0
2025-12-16 16:00:00+00:00,176.85,177.68,175.6901,176.775,55456413.0
2025-12-16 20:00:00+00:00,176.77,178.49,176.6829,177.09,22806494.0
2025-12-17 00:00:00+00:00,177.1,177.4,176.9,177.17,265572.0
2025-12-17 08:00:00+00:00,177.68,178.34,177.25,177.92,583627.0
2025-12-17 12:00:00+00:00,177.92,178.3574,171.11,171.5244,70097485.0
2025-12-17 16:00:00+00:00,171.52,172.82,170.31,171.5924,87218284.0
2025-12-17 20:00:00+00:00,171.59,172.46,170.61,171.0001,33077439.0
2025-12-18 00:00:00+00:00,171.0965,171.49,170.8525,171.4401,426116.0
2025-12-18 08:00:00+00:00,172.39,173.56,172.3,173.15,743358.0
2025-12-18 12:00:00+00:00,173.14,176.15,171.24,175.415,61981614.0
2025-12-18 16:00:00+00:00,175.415,176.04,173.73,173.9,60551063.0
2025-12-18 20:00:00+00:00,173.8915,175.13,172.05,175.12,25197326.0
2025-12-19 00:00:00+00:00,175.11,175.17,174.78,174.81,295752.0
2025-12-19 08:00:00+00:00,176.5,177.3,175.87,176.51,674019.0
2025-12-19 12:00:00+00:00,176.47,180.71,175.51,178.85,88275588.0
2025-12-19 16:00:00+00:00,178.84,181.07,178.55,180.29,72643168.0
2025-12-19 20:00:00+00:00,180.29,181.45,179.9401,181.2328,47334382.0
2025-12-20 00:00:00+00:00,181.26,181.38,181.22,181.38,266209.0
2025-12-22 08:00:00+00:00,182.0,183.69,182.0,183.13,917788.0
2025-12-22 12:00:00+00:00,183.12,184.6,180.538,183.7,50128894.0
2025-12-22 16:00:00+00:00,183.71,183.8,182.79,183.4056,39781563.0
2025-12-22 20:00:00+00:00,183.4,183.81,183.2,183.31,18752268.0
2025-12-23 00:00:00+00:00,183.32,183.35,183.25,183.3,192736.0
2025-12-23 08:00:00+00:00,183.34,183.82,182.9,183.15,420907.0
2025-12-23 12:00:00+00:00,183.15,186.64,181.82,186.49,52093392.0
2025-12-23 16:00:00+00:00,186.4817,188.8,186.26,188.61,73845473.0
2025-12-23 20:00:00+00:00,188.6,189.3897,188.3,188.49,28764175.0
2025-12-24 00:00:00+00:00,188.49,188.81,188.45,188.7,279998.0
2025-12-24 08:00:00+00:00,188.86,189.0,188.15,188.41,408957.0
2025-12-24 12:00:00+00:00,188.42,188.96,186.59,187.36,34701578.0
2025-12-24 16:00:00+00:00,187.364,188.91,187.26,188.61,28410863.0
2025-12-24 20:00:00+00:00,188.33,188.43,188.0,188.05,185645.0
2025-12-26 08:00:00+00:00,189.37,189.96,189.37,189.67,355110.0
2025-12-26 12:00:00+00:00,189.66,192.29,188.139,191.92,54059702.0
2025-12-26 16:00:00+00:00,191.92,192.69,190.46,191.955,54282475.0
2025-12-26 20:00:00+00:00,191.955,191.97,188.0,190.1307,20931518.0
2025-12-27 00:00:00+00:00,190.14,190.18,190.01,190.08,226651.0
2025-12-29 08:00:00+00:00,188.55,189.95,187.45,188.45,930644.0
2025-12-29 12:00:00+00:00,188.48,190.85,185.91,186.93,50148102.0
2025-12-29 16:00:00+00:00,186.925,188.1,186.48,187.97,42950897.0
2025-12-29 20:00:00+00:00,187.97,188.4,187.5618,187.71,14896837.0
2025-12-30 00:00:00+00:00,187.7198,187.8,187.6,187.6184,198572.0
2025-12-30 08:00:00+00:00,187.9,188.39,187.58,188.31,266385.0
2025-12-30 12:00:00+00:00,188.3,188.99,186.93,187.865,33388325.0
2025-12-30 16:00:00+00:00,187.86,188.51,187.68,187.91,37584726.0
2025-12-30 20:00:00+00:00,187.9,188.0,187.1,187.22,14984676.0
2025-12-31 00:00:00+00:00,187.22,187.26,187.03,187.08,204135.0
2025-12-31 08:00:00+00:00,187.07,187.89,186.59,187.72,300904.0
2025-12-31 12:00:00+00:00,187.69,190.56,186.5,188.3,38997684.0
2025-12-31 16:00:00+00:00,188.3,189.28,187.36,187.795,41568174.0
2025-12-31 20:00:00+00:00,187.79,188.1427,186.25,186.54,20315143.0
2026-01-01 00:00:00+00:00,186.5398,186.55,186.35,186.4593,227580.0
2026-01-02 08:00:00+00:00,189.45,190.27,188.38,189.86,692715.0
2026-01-02 12:00:00+00:00,189.85,192.9299,186.5,188.96,60155490.0
2026-01-02 16:00:00+00:00,188.975,190.065,188.26,188.68,55172303.0
2026-01-02 20:00:00+00:00,188.67,189.25,188.45,188.92,17161852.0
2026-01-03 00:00:00+00:00,188.94,188.97,188.85,188.97,152853.0
2026-01-05 08:00:00+00:00,189.97,191.22,189.5,191.04,764507.0
2026-01-05 12:00:00+00:00,191.01,193.63,188.378,190.245,54321621.0
2026-01-05 16:00:00+00:00,190.25,190.89,186.15,186.7401,79621588.0
2026-01-05 20:00:00+00:00,186.74,189.3,186.51,187.9,29627211.0
2026-01-06 00:00:00+00:00,187.88,188.2,187.83,187.99,472611.0
2026-01-06 08:00:00+00:00,189.0,189.49,188.17,189.17,732419.0
2026-01-06 12:00:00+00:00,189.22,192.174,188.13,189.12,62577726.0
2026-01-06 16:00:00+00:00,189.11,190.03,187.3,187.69,70135392.0
2026-01-06 20:00:00+00:00,187.7,188.25,186.82,188.17,25966719.0
2026-01-07 00:00:00+00:00,188.17,188.38,188.1,188.16,395060.0
2026-01-07 08:00:00+00:00,187.75,188.2,186.86,187.86,538252.0
2026-01-07 12:00:00+00:00,187.86,191.37,186.56,189.615,67017534.0
2026-01-07 16:00:00+00:00,189.62,190.6,189.18,189.25,50929366.0
2026-01-07 20:00:00+00:00,189.26,189.42,188.75,189.07,17055913.0
2026-01-08 00:00:00+00:00,189.02,189.39,188.97,189.3699,222481.0
2026-01-08 08:00:00+00:00,189.81,190.28,189.43,189.95,562469.0
2026-01-08 12:00:00+00:00,189.94,190.87,184.6601,185.4629,63213846.0
2026-01-08 16:00:00+00:00,185.47,185.78,183.71,184.64,68279877.0
2026-01-08 20:00:00+00:00,184.65,185.36,184.53,185.04,22021334.0
2026-01-09 00:00:00+00:00,185.0307,185.17,185.0,185.0201,241882.0
2026-01-09 08:00:00+00:00,185.05,187.0,185.05,185.85,661006.0
2026-01-09 12:00:00+00:00,185.85,186.97,183.6701,184.885,44355563.0
2026-01-09 16:00:00+00:00,184.88,186.34,184.64,185.54,52059716.0
2026-01-09 20:00:00+00:00,185.55,186.07,184.6,184.94,19920516.0
2026-01-10 00:00:00+00:00,184.94,184.985,184.87,184.9701,163237.0
2026-01-12 08:00:00+00:00,182.8,183.46,182.4,182.87,559580.0
2026-01-12 12:00:00+00:00,182.9,186.2,182.38,184.5001,40338220.0
2026-01-12 16:00:00+00:00,184.505,187.12,184.315,186.595,54551471.0
2026-01-12 20:00:00+00:00,186.595,186.62,184.5,184.731,18317410.0
2026-01-13 00:00:00+00:00,184.72,184.7818,184.6,184.6899,214516.0
2026-01-13 08:00:00+00:00,184.95,185.73,184.79,185.2,415172.0
2026-01-13 12:00:00+00:00,185.24,186.08,183.4,184.7993,44691239.0
2026-01-13 16:00:00+00:00,184.7993,188.1099,184.215,184.43,77453657.0
2026-01-13 20:00:00+00:00,184.43,186.0,184.23,185.78,22172019.0
2026-01-14 00:00:00+00:00,185.76,185.95,185.72,185.8,244644.0
2026-01-14 08:00:00+00:00,185.5,185.59,184.03,184.46,528246.0
2026-01-14 12:00:00+00:00,184.47,185.6,180.91,181.53,56314298.0
2026-01-14 16:00:00+00:00,181.53,182.32,181.08,181.3501,57961750.0
2026-01-14 20:00:00+00:00,181.36,183.45,180.8,182.85,28689476.0
2026-01-15 00:00:00+00:00,182.85,182.8738,182.6109,182.75,186113.0
2026-01-15 08:00:00+00:00,184.39,186.64,183.5,186.25,1803709.0
2026-01-15 12:00:00+00:00,186.25,189.18,182.16,187.69,74163991.0
2026-01-15 16:00:00+00:00,187.695,189.7,187.33,188.68,75445403.0
2026-01-15 20:00:00+00:00,188.69,188.77,186.33,187.5,31711709.0
2026-01-16 00:00:00+00:00,187.53,187.78,187.5,187.7169,243315.0
2026-01-16 08:00:00+00:00,188.45,189.28,188.09,188.5,541780.0
2026-01-16 12:00:00+00:00,188.5,190.44,187.09,188.05,58656601.0
2026-01-16 16:00:00+00:00,188.0599,188.4137,187.43,187.935,61216368.0
2026-01-16 20:00:00+00:00,187.92,188.025,186.08,186.41,27856660.0
2026-01-17 00:00:00+00:00,186.35,186.47,186.2487,186.2518,185047.0
2026-01-20 08:00:00+00:00,181.8,183.69,180.0,181.88,1641290.0
2026-01-20 12:00:00+00:00,181.95,185.765,179.58,180.595,77735169.0
2026-01-20 16:00:00+00:00,180.5995,181.26,178.9,179.5699,77955398.0
2026-01-20 20:00:00+00:00,179.57,179.605,177.61,178.74,38429163.0
2026-01-21 00:00:00+00:00,178.74,179.25,178.7346,179.22,314557.0
2026-01-21 08:00:00+00:00,179.68,180.28,178.45,178.51,852994.0
2026-01-21 12:00:00+00:00,178.6,183.185,177.93,182.725,56550781.0
2026-01-21 16:00:00+00:00,182.72,185.37,179.195,185.2601,87658564.0
2026-01-21 20:00:00+00:00,185.27,185.379,181.9843,183.75,34699846.0
2026-01-22 00:00:00+00:00,183.81,183.87,183.7,183.87,261542.0
2026-01-22 08:00:00+00:00,185.1,185.5,184.4,184.63,618496.0
2026-01-22 12:00:00+00:00,184.62,186.16,183.34,185.085,49917969.0
2026-01-22 16:00:00+00:00,185.08,186.17,184.2806,184.445,56126341.0
2026-01-22 20:00:00+00:00,184.45,184.87,183.91,184.09,22216298.0
2026-01-23 00:00:00+00:00,184.1,184.4,184.0,184.3331,205487.0
2026-01-23 08:00:00+00:00,184.5,189.0,183.5,187.28,2263997.0
2026-01-23 12:00:00+00:00,187.23,189.6,183.5,187.77,53473535.0
2026-01-23 16:00:00+00:00,187.77,188.41,187.13,187.57,54742876.0
2026-01-23 20:00:00+00:00,187.565,187.915,187.11,187.23,19783699.0
2026-01-24 00:00:00+00:00,187.23,187.3,187.21,187.25,148630.0
2026-01-26 08:00:00+00:00,187.0,187.16,185.68,186.22,488871.0
2026-01-26 12:00:00+00:00,186.22,189.12,185.69,187.27,42448443.0
2026-01-26 16:00:00+00:00,187.27,187.285,185.99,186.265,47206134.0
2026-01-26 20:00:00+00:00,186.27,186.8,186.0,186.4499,16029942.0
2026-01-27 00:00:00+00:00,186.4491,186.5,186.37,186.4191,193045.0
2026-01-27 08:00:00+00:00,187.35,187.79,187.12,187.46,432129.0
2026-01-27 12:00:00+00:00,187.42,189.795,185.7,189.35,49334104.0
2026-01-27 16:00:00+00:00,189.36,190.0,188.9,189.28,56461513.0
2026-01-27 20:00:00+00:00,189.27,189.72,188.12,188.86,24881464.0
2026-01-28 00:00:00+00:00,188.85,189.5869,188.85,189.5,362304.0
2026-01-28 08:00:00+00:00,191.54,192.67,190.8,191.5,1292362.0
2026-01-28 12:00:00+00:00,191.54,192.6,188.52,190.91,51118250.0
2026-01-28 16:00:00+00:00,190.92,192.32,189.84,191.5847,62708724.0
2026-01-28 20:00:00+00:00,191.58,193.11,190.6,190.63,23171965.0
2026-01-29 00:00:00+00:00,190.64,190.69,190.0,190.29,696914.0
2026-01-29 08:00:00+00:00,191.38,191.5,190.2,191.26,648598.0
2026-01-29 12:00:00+00:00,191.2,193.48,186.06,186.4298,59789345.0
2026-01-29 16:00:00+00:00,186.43,190.78,186.0635,190.58,66933402.0
2026-01-29 20:00:00+00:00,190.58,192.87,190.0577,191.29,28470074.0
2026-01-30 00:00:00+00:00,191.33,191.49,191.0,191.15,331631.0
2026-01-30 08:00:00+00:00,190.0,192.51,188.26,190.31,680450.0
2026-01-30 12:00:00+00:00,190.39,194.49,188.3,193.69,52506750.0
2026-01-30 16:00:00+00:00,193.71,193.91,190.49,190.81,63749696.0
2026-01-30 20:00:00+00:00,190.83,191.74,189.47,189.95,29172340.0
2026-01-31 00:00:00+00:00,189.94,190.2482,189.51,190.2,309895.0
2026-02-02 08:00:00+00:00,187.9,188.24,187.04,187.89,806685.0
2026-02-02 12:00:00+00:00,187.88,191.13,185.0,188.6425,48220891.0
2026-02-02 16:00:00+00:00,188.6495,190.3,187.41,187.44,53919258.0
2026-02-02 20:00:00+00:00,187.44,187.64,183.19,186.22,40652360.0
2026-02-03 00:00:00+00:00,186.21,186.6592,186.1,186.25,434011.0
2026-02-03 08:00:00+00:00,186.97,187.1,186.0,186.425,536196.0
2026-02-03 12:00:00+00:00,186.43,187.46,179.56,180.7599,66821177.0
2026-02-03 16:00:00+00:00,180.76,180.83,176.23,177.87,87820757.0
2026-02-03 20:00:00+00:00,177.87,180.92,177.5293,179.2718,30488585.0
2026-02-04 00:00:00+00:00,179.26,179.3,179.0,179.3,315408.0
2026-02-04 08:00:00+00:00,179.8,181.7,178.67,181.51,738500.0
2026-02-04 12:00:00+00:00,181.47,181.68,175.66,175.88,52271171.0
2026-02-04 16:00:00+00:00,175.88,176.03,171.91,175.955,95005527.0
2026-02-04 20:00:00+00:00,175.95,178.71,174.19,177.23,34535191.0
2026-02-05 00:00:00+00:00,177.23,177.95,177.06,177.65,296427.0
2026-02-05 08:00:00+00:00,177.2,178.37,176.29,176.9,842054.0
2026-02-05 12:00:00+00:00,177.0,178.33,171.31,173.18,69008647.0
2026-02-05 16:00:00+00:00,173.19,175.7748,171.82,173.19,81065382.0
2026-02-05 20:00:00+00:00,173.175,174.22,170.03,170.28,34017079.0
2026-02-06 00:00:00+00:00,170.25,171.0545,170.0,170.6497,806392.0
2026-02-06 08:00:00+00:00,172.8,177.94,172.26,177.46,2073848.0
2026-02-06 12:00:00+00:00,177.46,182.99,171.44,182.845,83177071.0
2026-02-06 16:00:00+00:00,182.85,185.17,182.55,184.9834,84105850.0
2026-02-06 20:00:00+00:00,184.99,187.0,184.68,185.28,40562942.0
2026-02-07 00:00:00+00:00,185.297,185.38,184.97,185.1801,282798.0
2026-02-09 08:00:00+00:00,185.0,185.43,182.83,183.86,934507.0
2026-02-09 12:00:00+00:00,183.93,193.66,182.82,191.975,89453295.0
2026-02-09 16:00:00+00:00,191.98,192.52,190.64,190.93,60408758.0
2026-02-09 20:00:00+00:00,190.92,191.15,189.535,189.93,27228693.0
2026-02-10 00:00:00+00:00,189.91,190.0,189.5,189.69,168828.0
2026-02-10 08:00:00+00:00,190.5,191.43,190.37,191.29,396225.0
2026-02-10 12:00:00+00:00,191.24,192.48,188.12,190.05,51355349.0
2026-02-10 16:00:00+00:00,190.06,190.44,188.77,189.04,50926720.0
2026-02-10 20:00:00+00:00,189.03,189.555,188.32,188.95,19562095.0
2026-02-11 00:00:00+00:00,188.9305,188.97,188.75,188.8685,173458.0
2026-02-11 08:00:00+00:00,188.74,189.94,188.0,189.2,468944.0
2026-02-11 12:00:00+00:00,189.16,193.26,188.0,191.5908,60483323.0
2026-02-11 16:00:00+00:00,191.6,192.28,190.37,191.52,53841757.0
2026-02-11 20:00:00+00:00,191.525,191.57,189.48,190.4,18499502.0
2026-02-12 00:00:00+00:00,190.4,190.64,190.15,190.62,170874.0
2026-02-12 08:00:00+00:00,190.87,192.1,190.75,191.76,432928.0
2026-02-12 12:00:00+00:00,191.75,193.61,189.155,189.23,55381886.0
2026-02-12 16:00:00+00:00,189.23,190.53,187.23,188.2595,77464350.0
2026-02-12 20:00:00+00:00,188.26,189.6826,186.51,187.99,28996004.0
2026-02-13 00:00:00+00:00,187.95,188.4,187.0,187.19,376084.0
2026-02-13 08:00:00+00:00,186.94,188.3,186.17,186.85,462044.0
2026-02-13 12:00:00+00:00,186.87,188.28,182.18,183.29,64604316.0
2026-02-13 16:00:00+00:00,183.315,184.98,182.8,182.8699,50538757.0
2026-02-13 20:00:00+00:00,182.86,183.41,181.59,182.81,30846386.0
2026-02-14 00:00:00+00:00,182.9,182.97,182.81,182.88,141455.0
2026-02-17 08:00:00+00:00,182.1,182.25,180.45,181.29,590178.0
2026-02-17 12:00:00+00:00,181.29,183.42,179.18,181.7975,50472852.0
2026-02-17 16:00:00+00:00,181.83,187.15,181.75,185.97,70678576.0
2026-02-17 20:00:00+00:00,185.965,188.5,183.5024,185.62,25023275.0
2026-02-18 00:00:00+00:00,185.71,186.59,185.6508,186.43,354534.0
2026-02-18 08:00:00+00:00,187.61,188.78,187.5,188.43,727360.0
2026-02-18 12:00:00+00:00,188.42,190.23,186.89,189.865,56339588.0
2026-02-18 16:00:00+00:00,189.86,190.37,186.965,187.0751,57718845.0
2026-02-18 20:00:00+00:00,187.07,188.6855,186.76,188.07,28012151.0
2026-02-19 00:00:00+00:00,188.08,188.15,187.79,187.9587,222732.0
2026-02-19 08:00:00+00:00,188.25,188.41,186.95,187.34,420785.0
2026-02-19 12:00:00+00:00,187.35,189.24,185.66,187.92,40218835.0
2026-02-19 16:00:00+00:00,187.93,187.99,185.79,186.5501,51840293.0
2026-02-19 20:00:00+00:00,186.5503,188.2,186.545,187.399,20121385.0
2026-02-20 00:00:00+00:00,187.4,188.03,187.17,187.91,341628.0
2026-02-20 08:00:00+00:00,187.9,188.95,187.39,187.42,405799.0
2026-02-20 12:00:00+00:00,187.66,190.18,185.9378,190.045,60240833.0
2026-02-20 16:00:00+00:00,190.03,190.33,187.63,189.2651,79621382.0
2026-02-20 20:00:00+00:00,189.27,190.0,189.195,189.86,21142751.0
2026-02-21 00:00:00+00:00,189.8554,190.0,189.8,189.9985,193430.0
2026-02-23 08:00:00+00:00,188.81,190.59,188.79,189.16,902759.0
2026-02-23 12:00:00+00:00,189.21,193.95,187.87,190.22,62590333.72133902
2026-02-23 16:00:00+00:00,190.23,191.75,189.575,190.48,66505133.997696005
2026-02-23 20:00:00+00:00,190.48,191.9,190.23,191.7,23034088.567273982
2026-02-24 00:00:00+00:00,191.67,191.9998,191.5,191.92,329486.32031899993
2026-02-24 08:00:00+00:00,192.3,192.99,191.98,192.29,603181.0
2026-02-24 12:00:00+00:00,192.27,193.1,187.4,192.2,60673411.63700999
2026-02-24 16:00:00+00:00,192.2,193.75,191.88,192.72,62848871.58280904
2026-02-24 20:00:00+00:00,192.7298,193.77,192.0139,192.8,24627504.52114998
2026-02-25 00:00:00+00:00,192.8,193.14,192.7,192.92,333135.26968100003
2026-02-25 08:00:00+00:00,193.57,194.68,193.38,194.53,679097.0
2026-02-25 12:00:00+00:00,194.52,196.56,193.18,196.215,66722748.98788199
2026-02-25 16:00:00+00:00,196.21,197.6299,195.81,197.18,77351393.99422596
2026-02-25 20:00:00+00:00,197.175,203.49,192.7,196.01,79437121.635757
2026-02-26 00:00:00+00:00,196.0,196.25,194.0799,195.92,2244607.0357580003
2026-02-26 08:00:00+00:00,197.6,198.99,196.4,197.72,2230110.0
2026-02-26 12:00:00+00:00,197.67,198.99,184.58,186.329,157133455.68109405
2026-02-26 16:00:00+00:00,186.33,188.12,184.82,185.4,131046074.50504601
2026-02-26 20:00:00+00:00,185.39,186.1076,184.31,185.1588,51952758.21415
2026-02-27 00:00:00+00:00,185.1587,185.25,184.8,185.0,635032.0227120001
2026-02-27 08:00:00+00:00,186.27,186.65,184.43,184.8,1017218.0
2026-02-27 12:00:00+00:00,184.8,186.65,179.57,181.515,91732008.941931
2026-02-27 16:00:00+00:00,181.52,181.94,178.1,179.365,98860268.65735097
2026-02-27 20:00:00+00:00,179.36,179.4008,176.38,178.04,66360745.54730701
2026-02-28 00:00:00+00:00,178.0385,178.18,177.71,177.8,583058.13629
2026-03-02 08:00:00+00:00,174.19,176.1,174.08,175.72,2269706.0
2026-03-02 12:00:00+00:00,175.81,181.38,173.11,180.67,78766142.08228397
2026-03-02 16:00:00+00:00,180.68,183.46,180.105,182.8073,72488865.16035095
2026-03-02 20:00:00+00:00,182.81,182.94,181.0,181.8769,32436205.76607702
2026-03-03 00:00:00+00:00,181.87,181.89,181.4,181.4131,281954.24433200003
2026-03-03 08:00:00+00:00,176.63,179.87,176.0,176.95,1961388.0
2026-03-03 12:00:00+00:00,176.98,180.53,176.05,177.5171,63974209.41691099
2026-03-03 16:00:00+00:00,177.5101,180.9,177.39,180.06,73342952.371933
2026-03-03 20:00:00+00:00,180.07,180.565,179.21,179.41,23532955.665422004
2026-03-04 00:00:00+00:00,179.4,180.27,179.32,179.8606,357013.4729820001
2026-03-04 08:00:00+00:00,179.5,183.42,179.0,181.49,1630146.0
2026-03-04 12:00:00+00:00,181.48,183.64,177.35,182.8001,59750329.26678605
2026-03-04 16:00:00+00:00,182.82,184.7,181.8,183.825,67497587.67195
2026-03-04 20:00:00+00:00,183.82,183.86,182.4,183.13,32155059.58950699
2026-03-05 00:00:00+00:00,183.1306,183.7499,183.1,183.64,383083.8024700001
2026-03-05 08:00:00+00:00,182.01,183.42,182.01,182.23,655579.0
2026-03-05 12:00:00+00:00,182.35,183.92,180.8,183.92,53873464.019165
2026-03-05 16:00:00+00:00,183.91,184.06,177.88,180.57,92652489.33606102
2026-03-05 20:00:00+00:00,180.58,183.42,180.41,182.44,34727522.242412016
2026-03-06 00:00:00+00:00,182.42,182.76,182.01,182.1,365262.92176100006
2026-03-06 08:00:00+00:00,182.89,182.89,180.5,180.8,693432.0
2026-03-06 12:00:00+00:00,180.81,183.0,178.8,181.9494,52661450.69826299
2026-03-06 16:00:00+00:00,181.95,182.49,179.89,180.05,62600888.699269004
2026-03-06 20:00:00+00:00,180.05,180.3174,176.8201,178.0839,52786478.03998395
2026-03-07 00:00:00+00:00,178.1261,178.21,178.0,178.03,352014.5661579999
2026-03-09 08:00:00+00:00,175.7,177.61,175.01,176.1,1645814.0
2026-03-09 12:00:00+00:00,175.64,180.13,173.8,179.74,71015212.23281302
2026-03-09 16:00:00+00:00,179.74,182.91,179.02,182.64,79847000.63498598
2026-03-09 20:00:00+00:00,182.65,182.85,181.12,181.35,3156844.1174400016
2026-03-10 08:00:00+00:00,182.65,184.18,182.11,182.15,1256207.0
2026-03-10 12:00:00+00:00,182.78,186.44,181.0,185.925,77650591.76403098
2026-03-10 16:00:00+00:00,185.93,186.225,183.25,184.76,77874030.72424202
2026-03-10 20:00:00+00:00,184.77,185.59,184.45,184.7603,2980846.400540001
2026-03-11 08:00:00+00:00,185.19,185.82,184.07,185.15,674690.0
2026-03-11 12:00:00+00:00,185.05,187.62,184.06,185.605,67441786.30650099
2026-03-11 16:00:00+00:00,185.605,186.07,184.45,186.01,50519511.451732
2026-03-11 20:00:00+00:00,186.03,186.08,184.05,184.3,2228175.3564480003
2026-03-12 08:00:00+00:00,185.0,185.47,184.45,185.11,528522.0
2026-03-12 12:00:00+00:00,185.02,185.47,181.75,184.3201,67953826.15124497
2026-03-12 16:00:00+00:00,184.34,184.94,182.7201,183.01,64058604.74596496
2026-03-12 20:00:00+00:00,183.09,183.48,182.79,182.9,3619130.548969999
2026-03-13 08:00:00+00:00,182.65,184.88,182.06,184.61,829782.0
2026-03-13 12:00:00+00:00,184.0,186.09,180.75,181.0601,77435772.91443902
2026-03-13 16:00:00+00:00,181.05,181.76,179.94,180.26,68370755.13357298
2026-03-13 20:00:00+00:00,180.25,180.58,180.01,180.1982,1713199.562358999
2026-03-16 08:00:00+00:00,181.83,182.7,181.53,182.7,1039439.0
2026-03-16 12:00:00+00:00,182.22,185.05,180.25,184.1115,64462941.060658045
2026-03-16 16:00:00+00:00,184.115,188.88,181.41,183.13,130102542.632461
2026-03-16 20:00:00+00:00,183.22,184.2743,182.27,182.7846,5509414.4186759945
2026-03-17 08:00:00+00:00,183.47,183.97,182.92,183.2,1010005.0
2026-03-17 12:00:00+00:00,183.73,185.4,181.6804,182.17,81569351.26818295
2026-03-17 16:00:00+00:00,182.18,183.47,181.74,181.96,73333128.42613399
2026-03-17 20:00:00+00:00,181.97,182.4,181.65,182.3326,6612446.141425999
2026-03-18 08:00:00+00:00,183.64,183.98,182.9,183.2,1095810.0
2026-03-18 12:00:00+00:00,183.46,183.98,180.72,182.47,69606444.94192398
2026-03-18 16:00:00+00:00,182.47,183.15,180.33,180.35,67661248.14783297
2026-03-18 20:00:00+00:00,180.4,181.9488,179.76,180.25,4985676.381025001
2026-03-19 08:00:00+00:00,179.95,180.42,178.48,178.64,1451154.0
2026-03-19 12:00:00+00:00,179.88,180.66,175.785,178.3098,78573964.09659801
2026-03-19 16:00:00+00:00,178.3001,179.98,177.56,178.505,70624274.56163101
2026-03-19 20:00:00+00:00,178.56,179.6,178.39,179.17,4227442.310046999
2026-03-20 08:00:00+00:00,178.5,179.34,177.01,177.72,754279.0
2026-03-20 12:00:00+00:00,179.04,179.3767,175.0,175.8599,86203139.58728299
2026-03-20 16:00:00+00:00,175.86,176.45,171.72,173.0,87394178.79420203
2026-03-20 20:00:00+00:00,172.99,177.76,172.7,174.9,9572624.237017002
2026-03-23 08:00:00+00:00,170.29,179.3,170.29,175.12,5236888.0
2026-03-23 12:00:00+00:00,175.09,178.4396,169.34,175.125,88382731.437937
2026-03-23 16:00:00+00:00,175.12,176.96,174.76,175.51,70192291.91712901
2026-03-23 20:00:00+00:00,175.59,176.2,175.26,176.0,2373414.4026010013
2026-03-24 08:00:00+00:00,176.49,176.55,175.05,175.88,594278.0
2026-03-24 12:00:00+00:00,175.75,176.89,173.98,175.33,64142348.98431201
2026-03-24 16:00:00+00:00,175.34,176.22,174.385,175.31,58256007.84627998
2026-03-24 20:00:00+00:00,175.3318,177.55,175.2,176.95,3464061.2939879997
2026-03-25 08:00:00+00:00,176.86,178.04,176.86,177.99,1094934.0
2026-03-25 12:00:00+00:00,178.06,181.22,176.5,179.375,86543998.39274994
2026-03-25 16:00:00+00:00,179.38,179.57,177.83,178.67,59476004.908462994
2026-03-25 20:00:00+00:00,178.68,178.68,178.03,178.0474,1827881.8602099982
2026-03-26 08:00:00+00:00,177.85,177.93,176.2,176.21,813953.0
2026-03-26 12:00:00+00:00,176.2,178.48,173.01,174.6599,74381088.374258
2026-03-26 16:00:00+00:00,174.655,174.735,171.14,171.22,79901505.96487302
2026-03-26 20:00:00+00:00,171.24,172.69,171.09,172.27,5199750.604662003
2026-03-27 08:00:00+00:00,172.7,173.05,170.6,171.16,1693206.0
2026-03-27 12:00:00+00:00,171.39,173.79,167.55,169.55,91962819.103711
2026-03-27 16:00:00+00:00,169.56,169.64,167.01,167.46,75160878.94566399
2026-03-27 20:00:00+00:00,167.53,168.49,166.45,166.6,5961233.712063995
2026-03-30 08:00:00+00:00,167.82,169.6,166.73,168.61,3200838.7285710005
2026-03-30 12:00:00+00:00,168.68,169.45,166.21,167.36,76349362.93482697
2026-03-30 16:00:00+00:00,167.35,167.41,164.27,165.06,78000865.404414
2026-03-30 20:00:00+00:00,165.17,165.36,163.5,163.5187,4556893.082319995
2026-03-31 08:00:00+00:00,166.24,167.56,165.2,167.3002,2162249.5346710007
2026-03-31 12:00:00+00:00,167.31,171.38,166.81,169.845,77185624.484403
2026-03-31 16:00:00+00:00,169.84,174.62,169.755,174.31,104638073.90336299
2026-03-31 20:00:00+00:00,174.35,174.97,173.75,174.97,4562782.407478998
2026-04-01 08:00:00+00:00,176.3,177.3,174.4,176.87,3664979.7642880008
2026-04-01 12:00:00+00:00,176.86,177.27,174.4,177.105,72905531.73232096
2026-04-01 16:00:00+00:00,177.11,177.37,174.805,175.8,63191674.77850099
2026-04-01 20:00:00+00:00,175.8131,176.65,175.56,176.07,4131963.6438390007
2026-04-02 08:00:00+00:00,172.14,172.75,170.33,170.33,2882023.952478
2026-04-02 12:00:00+00:00,170.3682,177.15,170.21,176.51,74746680.88089699
2026-04-02 16:00:00+00:00,176.5101,177.49,175.72,177.4,48748687.058286
2026-04-02 20:00:00+00:00,177.39,177.49,176.63,176.6999,3739224.4469119986
2026-04-06 08:00:00+00:00,177.8,179.15,177.04,178.07,1545964.484209999
2026-04-06 12:00:00+00:00,178.08,178.11,175.76,177.4401,50842913.222637005
2026-04-06 16:00:00+00:00,177.45,177.68,176.045,177.64,41821658.94291999
2026-04-06 20:00:00+00:00,177.64,177.64,176.73,176.73,1509414.919055999
2026-04-07 08:00:00+00:00,176.6,177.43,175.2,175.53,1621223.5078530007
2026-04-07 12:00:00+00:00,175.5,176.99,173.66,175.225,54443200.750039
2026-04-07 16:00:00+00:00,175.23,178.23,174.965,178.095,56326274.17378898
2026-04-07 20:00:00+00:00,178.1,183.66,177.54,183.2601,8825114.676588995
2026-04-08 08:00:00+00:00,183.77,185.21,183.18,184.3394,4923151.294615002
2026-04-08 12:00:00+00:00,184.3,185.26,180.3,181.65,73838574.89715903
2026-04-08 16:00:00+00:00,181.64,182.3,181.1,182.12,47741181.26167096
2026-04-08 20:00:00+00:00,182.1,182.15,180.85,180.9499,1912848.3996890013
2026-04-09 08:00:00+00:00,182.0,182.0,180.0,181.27,1145794.5168750007
2026-04-09 12:00:00+00:00,181.25,183.58,180.62,183.42,50979532.57670601
2026-04-09 16:00:00+00:00,183.44,184.08,182.92,183.86,45967556.444333
2026-04-09 20:00:00+00:00,183.89,183.95,182.9,183.05,4703228.815568993
2026-04-10 08:00:00+00:00,183.0,183.749,182.36,183.37,1328076.5269350007
2026-04-10 12:00:00+00:00,183.37,190.0,183.3115,188.435,83835153.84314299
2026-04-10 16:00:00+00:00,188.44,189.75,187.93,188.64,57977349.84245903
2026-04-10 20:00:00+00:00,188.72,189.0,188.1165,188.37,1672173.6747889996
2026-04-13 08:00:00+00:00,185.8,186.8,185.14,185.68,2310973.1244250005
2026-04-13 12:00:00+00:00,185.64,189.66,185.46,188.257,60111392.36751504
2026-04-13 16:00:00+00:00,188.27,189.455,187.85,189.21,50200374.272823
2026-04-13 20:00:00+00:00,189.22,189.5,188.3,189.05,2734247.763951998
2026-04-14 08:00:00+00:00,190.0,190.72,188.92,190.5175,1861930.464611
2026-04-14 12:00:00+00:00,190.56,194.3899,190.0,194.025,71635675.82017696
2026-04-14 16:00:00+00:00,194.02,196.5,194.0,196.49,66262497.93483999
2026-04-14 20:00:00+00:00,196.5,196.91,193.986,196.25,3621059.6588099995
2026-04-15 08:00:00+00:00,195.67,196.64,194.75,196.0804,2110497.504143001
2026-04-15 12:00:00+00:00,196.08,200.4,195.39,199.685,84171868.01314703
2026-04-15 16:00:00+00:00,199.68,199.76,195.74,198.8678,77021996.04245396
2026-04-15 20:00:00+00:00,198.86,199.25,197.86,198.5,3661245.221166
2026-04-16 08:00:00+00:00,199.85,200.22,196.8,197.905,2766592.1311960015
2026-04-16 12:00:00+00:00,197.87,199.85,195.81,198.9599,59836347.31080997
2026-04-16 16:00:00+00:00,198.975,199.22,197.3,198.24,54130512.866355
2026-04-16 20:00:00+00:00,198.26,198.9528,197.65,197.9,1286915.316765
2026-04-17 08:00:00+00:00,198.28,199.0,197.63,198.8,974503.2083659997
2026-04-17 12:00:00+00:00,198.81,201.68,198.53,200.405,79388131.23615997
2026-04-17 16:00:00+00:00,200.41,201.7,199.47,201.67,58342863.97341702
2026-04-17 20:00:00+00:00,201.67,201.88,200.689,200.98,1717045.3061050004
2026-04-20 08:00:00+00:00,199.1,199.99,198.35,199.63,1852141.1931100013
2026-04-20 12:00:00+00:00,199.6502,201.176,197.8397,198.645,55673772.35812699
2026-04-20 16:00:00+00:00,198.65,202.17,198.5701,202.12,49272140.891075015
2026-04-20 20:00:00+00:00,202.06,202.38,200.0422,201.7,2551975.8272239976
2026-04-21 08:00:00+00:00,202.0,202.92,201.56,202.83,1435777.118856
2026-04-21 12:00:00+00:00,202.83,202.97,200.5709,200.72,43602942.25286
2026-04-21 16:00:00+00:00,200.73,201.16,199.0,199.91,48439968.05355901
2026-04-21 20:00:00+00:00,199.92,201.0,199.56,200.7003,3037474.219776
2026-04-22 08:00:00+00:00,201.24,201.39,200.75,200.87,873591.9672599995
2026-04-22 12:00:00+00:00,200.88,201.88,199.0,201.23,46346845.410262994
2026-04-22 16:00:00+00:00,201.225,202.5,200.93,202.42,44510977.139087
2026-04-22 20:00:00+00:00,202.36,202.55,202.03,202.2599,1899847.1875859997
2026-04-23 08:00:00+00:00,201.85,202.2,200.34,202.0988,1231324.084103
2026-04-23 12:00:00+00:00,202.05,203.829,201.105,201.485,45820693.891608976
2026-04-23 16:00:00+00:00,201.49,201.91,197.2206,199.71,50484994.502886966
2026-04-23 20:00:00+00:00,199.7,199.99,198.62,199.4999,2370199.0527630006
2026-04-24 08:00:00+00:00,200.0,201.79,199.01,200.9122,2358285.9166779993
2026-04-24 12:00:00+00:00,200.89,209.93,199.72,209.12,104706764.73916203
2026-04-24 16:00:00+00:00,209.12,210.95,207.54,208.19,85338660.92974001
2026-04-24 20:00:00+00:00,208.17,209.22,207.75,208.1,2527542.817907999
2026-04-27 08:00:00+00:00,208.47,212.11,208.22,211.6409,4297016.484591
2026-04-27 12:00:00+00:00,211.61,211.95,207.38,210.66,68442802.31651698
2026-04-27 16:00:00+00:00,210.655,216.825,210.59,216.63,95303912.73832604
2026-04-27 20:00:00+00:00,216.62,218.8,216.43,218.75,5370178.880759003
2026-04-28 08:00:00+00:00,215.65,217.3,209.68,210.03,8383680.805338999
2026-04-28 12:00:00+00:00,210.05,213.67,208.2,209.7505,86562521.15129696
2026-04-28 16:00:00+00:00,209.76,214.73,209.31,213.15,66312895.692555025
2026-04-28 20:00:00+00:00,213.17,213.85,211.6723,212.62,3883895.9549400005
2026-04-29 08:00:00+00:00,213.16,214.45,212.01,213.7,1859324.8100820002
2026-04-29 12:00:00+00:00,213.76,213.76,209.73,210.66,48345180.49127002
2026-04-29 16:00:00+00:00,210.661,211.22,207.5758,209.35,53503908.84192899
2026-04-29 20:00:00+00:00,209.25,211.61,206.93,211.16,7200779.963173996
2026-04-30 08:00:00+00:00,209.95,211.16,207.0,210.6,2141518.6726699984
2026-04-30 12:00:00+00:00,210.55,211.1,198.7,200.665,102056887.222744
2026-04-30 16:00:00+00:00,200.67,202.0,199.32,199.52,80456316.62977497
2026-04-30 20:00:00+00:00,199.57,201.6717,199.01,200.03,4443900.6317089945
2026-05-01 08:00:00+00:00,200.6,201.35,199.78,201.12,1245609.197266
2026-05-01 12:00:00+00:00,201.1,203.0,197.12,199.13,62981193.22962399
2026-05-01 16:00:00+00:00,199.12,200.29,198.18,198.39,46999494.60975801
2026-05-01 20:00:00+00:00,198.45,198.67,198.0,198.12,2665494.1136119976
2026-05-04 08:00:00+00:00,199.75,200.0,196.52,198.2913,2390106.921338002
2026-05-04 12:00:00+00:00,198.2997,201.73,194.74,195.69,61935868.72025298
2026-05-04 16:00:00+00:00,195.69,199.2,194.86,198.56,49442210.302132
2026-05-04 20:00:00+00:00,198.48,198.75,197.59,197.68,2160245.708148001
2026-05-05 08:00:00+00:00,198.7,199.205,198.06,198.6626,1373981.4475249988
2026-05-05 12:00:00+00:00,198.66,200.24,196.66,197.42,50737513.270489015
2026-05-05 16:00:00+00:00,197.42,198.5,196.03,196.5,42721803.19895501
2026-05-05 20:00:00+00:00,196.5,197.58,195.5,197.41,5158583.137561999
2026-05-06 08:00:00+00:00,196.56,202.7,196.16,201.2798,6228118.202834
2026-05-06 12:00:00+00:00,201.27,207.18,198.61,204.83,84139617.64700198
2026-05-06 16:00:00+00:00,204.82,208.265,203.95,207.65,63628317.31485901
2026-05-06 20:00:00+00:00,207.67,208.7,205.45,207.26,5719648.133352005
2026-05-07 08:00:00+00:00,208.53,209.9,207.1249,208.14,2810281.504724998
2026-05-07 12:00:00+00:00,208.07,214.2,206.5,212.7,83462825.72161101
2026-05-07 16:00:00+00:00,212.7,214.15,210.61,211.52,62196826.603847
2026-05-07 20:00:00+00:00,211.5,212.29,209.2,211.4335,3504024.6771230004
2026-05-08 08:00:00+00:00,213.41,214.2,212.3,213.4,2010756.682385
2026-05-08 12:00:00+00:00,213.38,217.8,212.89,215.52,66938314.09240899
2026-05-08 16:00:00+00:00,215.49,216.18,214.68,215.19,44632829.209969975
2026-05-08 20:00:00+00:00,215.2,215.717,214.91,215.02,1901272.0049189983
2026-05-11 08:00:00+00:00,214.8,214.97,213.01,214.06,1973726.761554
2026-05-11 12:00:00+00:00,214.06,222.3,213.21,221.96,82905672.18664001
2026-05-11 16:00:00+00:00,221.98,222.3,218.91,219.49,49997520.431140974
2026-05-11 20:00:00+00:00,219.5,220.1,218.81,219.71,4695166.907847007
2026-05-12 08:00:00+00:00,217.51,218.4514,216.31,217.7199,1907731.5495929997
2026-05-12 12:00:00+00:00,217.7193,223.75,214.92,216.8601,79451398.88938701
2026-05-12 16:00:00+00:00,216.91,221.7399,215.53,220.91,59638574.446926035
2026-05-12 20:00:00+00:00,220.78,220.91,219.23,219.48,1929744.9242540007
2026-05-13 08:00:00+00:00,224.69,226.67,223.4,225.66,4841045.007980999
2026-05-13 12:00:00+00:00,225.6998,227.57,221.5653,226.55,73593062.95462601
2026-05-13 16:00:00+00:00,226.56,227.84,225.08,225.83,51554147.29591
2026-05-13 20:00:00+00:00,225.8961,227.8,225.57,227.7992,4065492.404422996
2026-05-14 08:00:00+00:00,231.34,233.22,226.27,230.03,7458545.435031006
2026-05-14 12:00:00+00:00,230.0005,236.47,229.3,234.88,91562071.11242203
2026-05-14 16:00:00+00:00,234.88,236.54,232.68,235.75,62832551.286271036
2026-05-14 20:00:00+00:00,235.74,237.96,234.1964,237.8674,6207594.353748005
2026-05-15 08:00:00+00:00,233.0,236.98,228.0,230.37,6596212.476979999
2026-05-15 12:00:00+00:00,230.37,230.54,224.24,228.11,78694943.459356
2026-05-15 16:00:00+00:00,228.12,231.5,224.89,225.3,62522790.505649015
2026-05-15 20:00:00+00:00,225.32,225.45,224.2999,224.41,8976127.152215993
2026-05-18 08:00:00+00:00,224.5,228.6,222.8,228.04,3803984.3180209994
2026-05-18 12:00:00+00:00,228.0802,230.6329,220.41,222.5,68871322.81341903
2026-05-18 16:00:00+00:00,222.55,223.16,218.37,222.36,57894006.932678014
2026-05-18 20:00:00+00:00,222.32,223.76,221.91,222.75,2701495.8463050025
2026-05-19 08:00:00+00:00,222.75,222.84,219.6,220.12,1900064.9300209994
2026-05-19 12:00:00+00:00,220.14,223.33,217.91,220.665,57671982.60964404
2026-05-19 16:00:00+00:00,220.68,224.48,219.0,220.63,55297948.39050101
2026-05-19 20:00:00+00:00,220.6554,222.19,220.5,221.54,6862734.155728007
2026-05-20 08:00:00+00:00,223.29,225.08,221.09,223.7509,3306140.8610929996
2026-05-20 12:00:00+00:00,223.76,226.13,220.495,224.945,64911922.62320802
2026-05-20 16:00:00+00:00,224.95,225.3,222.0307,223.435,59802141.499061
2026-05-20 20:00:00+00:00,223.3599,226.95,216.25,220.66,34045880.841878004
2026-05-21 08:00:00+00:00,222.75,225.1,221.1,223.16,6995547.085342006
2026-05-21 12:00:00+00:00,223.2,227.3999,217.93,219.39,108783755.92384993
2026-05-21 16:00:00+00:00,219.4199,222.38,218.62,219.5,68601992.134602
2026-05-21 20:00:00+00:00,219.51,220.18,219.16,220.1202,3005549.5236259983
2026-05-22 08:00:00+00:00,220.85,221.71,219.22,220.23,2282720.156064001
2026-05-22 12:00:00+00:00,220.24,221.5,215.16,217.32,75495398.44703704
2026-05-22 16:00:00+00:00,217.31,218.49,214.8,215.25,70898038.18740097
2026-05-22 20:00:00+00:00,215.33,217.5159,214.25,214.2801,7230692.589653003
2026-05-26 08:00:00+00:00,217.06,218.49,216.56,218.0,5878828.2219659975
2026-05-26 12:00:00+00:00,218.01,218.36,212.52,213.1701,78563301.53984894
2026-05-26 16:00:00+00:00,213.17,214.865,212.0,214.84,58919413.35276197
2026-05-26 20:00:00+00:00,214.86,215.03,213.79,213.95,24599100.133136977
2026-05-27 08:00:00+00:00,213.79,216.5,212.64,215.0205,3060755.535103
2026-05-27 12:00:00+00:00,215.02,216.15,208.78,209.843,75176150.48843497
2026-05-27 16:00:00+00:00,209.83,213.32,209.55,212.58,57663429.503389
2026-05-27 20:00:00+00:00,212.631,212.631,211.56,211.701,8848942.457008999
2026-05-28 08:00:00+00:00,211.32,211.69,209.21,210.2873,1990443.7715890005
2026-05-28 12:00:00+00:00,210.34,214.29,210.16,212.26,54097158.86809297
2026-05-28 16:00:00+00:00,212.26,215.5191,212.08,214.26,54023795.74852997
2026-05-28 20:00:00+00:00,214.25,214.69,213.207,214.15,7072552.667503996
2026-05-29 08:00:00+00:00,215.3,215.6,214.13,215.23,1868101.726715
2026-05-29 12:00:00+00:00,215.21,217.35,212.81,215.02,63820579.91606001
2026-05-29 16:00:00+00:00,215.03,217.8599,211.13,211.15,82666774.73306498
2026-05-29 20:00:00+00:00,211.15,213.7183,211.14,212.49,29158686.058611024
2026-06-01 08:00:00+00:00,215.77,217.3,214.3,215.7607,6920625.694681999
2026-06-01 12:00:00+00:00,215.7698,222.17,215.06,219.665,95406372.53105097
2026-06-01 16:00:00+00:00,219.64,224.87,219.61,224.43,77169620.873599
2026-06-01 20:00:00+00:00,224.42,224.99,223.51,223.97,5961406.962953997
2026-06-02 08:00:00+00:00,228.85,235.0,222.44,227.33,6416635.823434998
2026-06-02 12:00:00+00:00,227.315,232.28,224.72,225.46,92953207.805371
2026-06-02 16:00:00+00:00,225.4799,225.94,221.35,222.81,65444562.63526401
2026-06-02 20:00:00+00:00,222.8045,224.866,220.8001,221.7913,6385076.086176001
2026-06-03 08:00:00+00:00,222.52,224.18,220.7,224.08,2869335.6895900005
2026-06-03 12:00:00+00:00,224.0,224.4,214.58,216.935,79073706.66000599
2026-06-03 16:00:00+00:00,216.95,217.2,214.51,214.9,54267872.037066996
2026-06-03 20:00:00+00:00,214.75,215.5,213.13,214.25,7670568.320111009
2026-06-04 08:00:00+00:00,214.98,215.54,211.4,212.11,2972416.5822689994
2026-06-04 12:00:00+00:00,212.2159,217.87,210.97,217.62,70340149.69448596
2026-06-04 16:00:00+00:00,217.62,221.6,217.23,218.715,71718340.08652097
2026-06-04 20:00:00+00:00,218.66,218.75,216.27,216.31,7705145.060637003
2026-06-05 08:00:00+00:00,215.22,216.5,214.5,215.4899,1505154.6319219999
2026-06-05 12:00:00+00:00,215.45,215.9,207.5301,209.33,80550970.82448897
2026-06-05 16:00:00+00:00,209.34,209.34,204.33,205.11,98640816.70351002
2026-06-05 20:00:00+00:00,205.1,205.91,204.01,204.0378,6574139.735189997
2026-06-08 08:00:00+00:00,207.38,210.3,205.29,209.69,4251266.172657999
2026-06-08 12:00:00+00:00,209.65,210.8,206.0,208.31,62033981.96773497
2026-06-08 16:00:00+00:00,208.315,209.7491,207.37,208.64,46633732.168408014
2026-06-08 20:00:00+00:00,208.64,208.81,207.12,207.65,3456143.135155005
2026-06-09 08:00:00+00:00,210.15,210.65,209.07,209.22,2432980.475922999
2026-06-09 12:00:00+00:00,209.2,211.4,202.8501,203.0104,65760240.136120975
2026-06-09 16:00:00+00:00,203.05,208.29,199.34,208.2,88574199.53737397
2026-06-09 20:00:00+00:00,208.19,208.98,205.75,206.574,3767232.2753169984
2026-06-10 08:00:00+00:00,206.12,206.12,202.7162,203.4,2532940.9110750007
2026-06-10 12:00:00+00:00,203.37,207.22,201.61,203.455,69232167.218443
2026-06-10 16:00:00+00:00,203.47,203.95,199.92,200.34,62960886.27869102
2026-06-10 20:00:00+00:00,200.42,200.82,198.88,199.185,5365520.994014002
2026-06-11 08:00:00+00:00,202.6,203.59,201.58,202.538,3975136.1329480004
2026-06-11 12:00:00+00:00,202.55,203.65,199.54,201.325,50435609.13688098
2026-06-11 16:00:00+00:00,201.325,205.66,199.71,204.66,70765371.53267203
2026-06-11 20:00:00+00:00,204.87,206.43,204.5182,205.962,6641438.245424999
2026-06-12 08:00:00+00:00,204.4,206.64,203.16,206.03,1617403.3876540016
2026-06-12 12:00:00+00:00,206.0071,207.07,203.4385,204.1699,49894386.965563014
2026-06-12 16:00:00+00:00,204.17,205.79,203.91,205.14,43031976.770327
2026-06-12 20:00:00+00:00,205.19,205.58,204.85,205.4199,3686629.075149996
2026-06-15 08:00:00+00:00,209.98,211.35,207.99,208.73,3167649.747286999
2026-06-15 12:00:00+00:00,208.7119,212.7107,207.7,212.275,59711275.96878103
2026-06-15 16:00:00+00:00,212.28,212.67,211.0,212.45,45334456.82218399
2026-06-15 20:00:00+00:00,212.45,212.5,211.33,211.932,5666544.481683002
2026-06-16 08:00:00+00:00,211.45,212.44,210.92,212.02,1326701.3993790005
2026-06-16 12:00:00+00:00,212.01,212.2483,208.523,209.17,50890135.03925299
2026-06-16 16:00:00+00:00,209.15,209.82,207.29,207.41,40802249.82963599
2026-06-16 20:00:00+00:00,207.416227,208.05,206.95,207.55,4021060.3919539996
