timestamp,open,high,low,close,volume
2024-06-17 08:00:00+00:00,542.55,543.4,541.94,542.71,117389.0
2024-06-17 12:00:00+00:00,542.47,544.03,541.6072,543.7,14659534.0
2024-06-17 16:00:00+00:00,543.69,548.53,543.66,547.05,31508114.0
2024-06-17 20:00:00+00:00,547.02,547.64,546.59,547.54,7026463.0
2024-06-18 08:00:00+00:00,546.88,547.5,546.61,547.0,91325.0
2024-06-18 12:00:00+00:00,547.0686,548.22,546.66,547.805,11633387.0
2024-06-18 16:00:00+00:00,547.8001,548.62,547.09,548.49,22475867.0
2024-06-18 20:00:00+00:00,548.48,548.979,548.11,548.8,5263178.0
2024-06-20 08:00:00+00:00,550.12,550.77,549.52,550.261,125148.0
2024-06-20 12:00:00+00:00,550.69,551.12,548.32,548.36,14419244.0
2024-06-20 16:00:00+00:00,548.34,548.66,545.18,546.95,38716067.0
2024-06-20 20:00:00+00:00,546.93,547.24,546.44,547.18,15727282.0
2024-06-21 00:00:00+00:00,547.17,547.17,547.17,547.17,1000.0
2024-06-21 08:00:00+00:00,544.93,545.37,543.92,544.52,283522.0
2024-06-21 12:00:00+00:00,544.94,546.09,543.02,545.52,20905825.0
2024-06-21 16:00:00+00:00,545.55,545.65,543.5589,544.12,25836240.0
2024-06-21 20:00:00+00:00,544.08,545.04,540.4,544.36,11174216.0
2024-06-24 08:00:00+00:00,545.12,545.73,544.4,544.91,129809.0
2024-06-24 12:00:00+00:00,545.27,546.95,543.76,546.17,13313299.0
2024-06-24 16:00:00+00:00,546.15,546.226,542.63,542.65,24097451.0
2024-06-24 20:00:00+00:00,542.74,543.11,542.21,543.08,5358310.0
2024-06-25 08:00:00+00:00,542.69,544.15,542.46,543.92,295532.0
2024-06-25 12:00:00+00:00,543.9996,544.48,542.8,544.35,12462051.0
2024-06-25 16:00:00+00:00,544.34,545.2,542.44,544.78,20659912.0
2024-06-25 20:00:00+00:00,544.79,544.98,544.44,544.6898,3489485.0
2024-06-26 08:00:00+00:00,546.19,546.55,544.64,544.98,108368.0
2024-06-26 12:00:00+00:00,545.05,546.01,543.03,545.32,11336879.0
2024-06-26 16:00:00+00:00,545.32,546.24,544.01,545.52,18830163.0
2024-06-26 20:00:00+00:00,545.5,545.649,543.79,543.98,6923456.0
2024-06-27 08:00:00+00:00,544.7,545.35,544.41,544.95,104765.0
2024-06-27 12:00:00+00:00,545.05,546.96,543.92,545.225,12381997.0
2024-06-27 16:00:00+00:00,545.25,546.43,544.61,546.35,16486902.0
2024-06-27 20:00:00+00:00,546.34,547.19,545.6308,547.08,4500123.0
2024-06-28 08:00:00+00:00,547.78,548.57,547.6,548.31,310206.0
2024-06-28 12:00:00+00:00,548.35,550.28,546.67,547.72,16577443.0
2024-06-28 16:00:00+00:00,547.71,547.83,542.95,544.09,42752938.0
2024-06-28 20:00:00+00:00,544.12,545.24,543.9565,545.1216,12383494.0
2024-07-01 08:00:00+00:00,544.85,545.57,544.18,545.46,465525.0
2024-07-01 12:00:00+00:00,545.1295,546.02,542.52,544.475,15573545.0
2024-07-01 16:00:00+00:00,544.47,545.88,543.4403,545.37,16192845.0
2024-07-01 20:00:00+00:00,545.37,545.47,544.7126,544.9,5810456.0
2024-07-02 08:00:00+00:00,543.98,544.28,542.44,542.97,277626.0
2024-07-02 12:00:00+00:00,542.93,546.51,542.5097,545.65,11151802.0
2024-07-02 16:00:00+00:00,545.64,548.98,545.12,548.97,21608854.0
2024-07-02 20:00:00+00:00,548.97,549.01,548.12,548.2599,5875078.0
2024-07-03 08:00:00+00:00,548.71,549.41,548.66,549.1,159541.0
2024-07-03 12:00:00+00:00,549.24,550.49,548.27,550.385,13696003.0
2024-07-03 16:00:00+00:00,550.39,551.83,549.478,551.46,13152727.0
2024-07-03 20:00:00+00:00,550.86,551.31,550.5,551.14,47267.0
2024-07-05 08:00:00+00:00,551.95,552.16,551.43,551.47,119151.0
2024-07-05 12:00:00+00:00,551.66,553.72,551.0,553.535,12270611.0
2024-07-05 16:00:00+00:00,553.53,555.05,553.1,554.7,21609665.0
2024-07-05 20:00:00+00:00,554.71,554.78,552.2221,554.12,5380880.0
2024-07-08 08:00:00+00:00,553.85,554.92,553.85,554.89,107071.0
2024-07-08 12:00:00+00:00,554.5,556.2501,553.75,555.09,9339381.0
2024-07-08 16:00:00+00:00,555.08,555.6742,554.19,555.34,15852322.0
2024-07-08 20:00:00+00:00,555.38,556.45,555.15,556.4,7960756.0
2024-07-09 08:00:00+00:00,556.34,556.63,556.21,556.25,94562.0
2024-07-09 12:00:00+00:00,556.5204,556.91,555.67,556.525,9121201.0
2024-07-09 16:00:00+00:00,556.52,557.18,555.52,555.85,14564471.0
2024-07-09 20:00:00+00:00,555.85,556.09,555.6601,556.01,2978266.0
2024-07-10 08:00:00+00:00,556.27,557.18,556.25,557.07,135327.0
2024-07-10 12:00:00+00:00,556.6604,558.03,555.95,557.89,10188306.0
2024-07-10 16:00:00+00:00,557.895,561.67,557.865,561.26,21341563.0
2024-07-10 20:00:00+00:00,561.25,561.45,560.95,561.05,5508998.0
2024-07-11 08:00:00+00:00,561.1,561.36,560.77,560.79,239963.0
2024-07-11 12:00:00+00:00,560.9299,563.52,556.43,556.74,19127826.0
2024-07-11 16:00:00+00:00,556.73,557.77,555.83,556.42,25901015.0
2024-07-11 20:00:00+00:00,556.44,558.0349,556.07,556.43,5858303.0
2024-07-12 08:00:00+00:00,557.09,557.65,556.8,557.24,257040.0
2024-07-12 12:00:00+00:00,557.27,561.76,555.19,560.7693,15571852.0
2024-07-12 16:00:00+00:00,560.79,563.67,558.95,559.9,27747124.0
2024-07-12 20:00:00+00:00,559.9,560.34,559.4,559.77,6828151.0
2024-07-15 08:00:00+00:00,560.93,562.51,560.93,561.85,398592.0
2024-07-15 12:00:00+00:00,561.9417,564.8371,560.41,563.7799,13329533.0
2024-07-15 16:00:00+00:00,563.77,563.77,559.63,561.49,20245897.0
2024-07-15 20:00:00+00:00,561.49,562.41,561.23,562.22,3894454.0
2024-07-16 08:00:00+00:00,561.5,562.32,560.51,562.2,146182.0
2024-07-16 12:00:00+00:00,562.32,564.47,561.42,563.13,11670492.0
2024-07-16 16:00:00+00:00,563.105,565.16,562.23,564.845,19517627.0
2024-07-16 20:00:00+00:00,564.81,565.39,564.26,564.4,3739860.0
2024-07-17 08:00:00+00:00,562.5,562.5,558.8,559.6,812191.0
2024-07-17 12:00:00+00:00,559.57,564.18,557.79,558.42,18260284.0
2024-07-17 16:00:00+00:00,558.43,558.55,556.61,556.95,26606228.0
2024-07-17 20:00:00+00:00,556.96,558.2,556.4295,558.08,9213579.0
2024-07-18 08:00:00+00:00,558.27,559.0,557.16,558.27,348718.0
2024-07-18 12:00:00+00:00,557.75,559.52,552.75,552.94,19688275.0
2024-07-18 16:00:00+00:00,552.93,554.945,550.43,552.66,28970943.0
2024-07-18 20:00:00+00:00,552.66,553.92,552.5,553.6,5565657.0
2024-07-19 08:00:00+00:00,551.62,553.78,551.07,553.55,323847.0
2024-07-19 12:00:00+00:00,552.98,554.33,549.2172,551.0644,23558108.0
2024-07-19 16:00:00+00:00,551.03,553.2982,547.91,548.93,31075244.0
2024-07-19 20:00:00+00:00,548.96,549.56,548.32,549.05,8220442.0
2024-07-22 08:00:00+00:00,550.51,552.23,550.5,552.07,581943.0
2024-07-22 12:00:00+00:00,552.0916,554.46,550.17,551.76,16560274.0
2024-07-22 16:00:00+00:00,551.74,555.27,551.2805,554.65,17915883.0
2024-07-22 20:00:00+00:00,554.61,554.94,554.0,554.28,6218391.0
2024-07-23 08:00:00+00:00,553.02,555.57,552.7,555.23,269361.0
2024-07-23 12:00:00+00:00,555.21,556.735,552.83,556.2,11077205.0
2024-07-23 16:00:00+00:00,556.17,556.36,553.275,553.72,16749948.0
2024-07-23 20:00:00+00:00,553.71,554.91,551.25,551.34,4795573.0
2024-07-24 08:00:00+00:00,549.9,550.46,549.21,549.89,313409.0
2024-07-24 12:00:00+00:00,549.44,550.9,544.19,544.39,20478734.0
2024-07-24 16:00:00+00:00,544.38,545.03,540.29,541.21,37858025.0
2024-07-24 20:00:00+00:00,541.24,542.87,540.9913,542.46,13295219.0
2024-07-25 08:00:00+00:00,541.88,542.28,539.28,539.97,510566.0
2024-07-25 12:00:00+00:00,541.02,544.6297,537.45,543.97,22127350.0
2024-07-25 16:00:00+00:00,543.97,547.455,538.13,538.34,30900825.0
2024-07-25 20:00:00+00:00,538.36,539.47,537.5,539.33,5067515.0
2024-07-26 08:00:00+00:00,541.5,543.21,541.45,543.21,532173.0
2024-07-26 12:00:00+00:00,542.8,544.96,540.6,544.85,18068801.0
2024-07-26 16:00:00+00:00,544.86,547.19,542.725,544.38,27636040.0
2024-07-26 20:00:00+00:00,544.34,544.72,543.99,544.27,5579242.0
2024-07-29 08:00:00+00:00,545.24,547.06,545.11,546.82,309339.0
2024-07-29 12:00:00+00:00,546.45,547.91,542.72,545.61,14575526.0
2024-07-29 16:00:00+00:00,545.615,547.05,544.46,544.76,16151709.0
2024-07-29 20:00:00+00:00,544.74,545.31,543.1,543.45,6624218.0
2024-07-30 08:00:00+00:00,545.05,546.18,545.05,545.83,311831.0
2024-07-30 12:00:00+00:00,546.0,547.34,540.44,540.53,16420961.0
2024-07-30 16:00:00+00:00,540.54,543.655,538.515,541.91,22936788.0
2024-07-30 20:00:00+00:00,541.93,542.82,537.97,542.72,5869709.0
2024-07-31 08:00:00+00:00,544.98,547.51,544.98,547.29,735226.0
2024-07-31 12:00:00+00:00,547.07,551.71,543.9,550.66,16296009.0
2024-07-31 16:00:00+00:00,550.685,553.5,548.66,550.44,37783439.0
2024-07-31 20:00:00+00:00,550.48,553.64,550.33,553.46,7015251.0
2024-08-01 08:00:00+00:00,552.26,553.48,550.67,552.47,496078.0
2024-08-01 12:00:00+00:00,552.87,554.8688,544.17,544.72,23159352.0
2024-08-01 16:00:00+00:00,544.72,546.4054,539.43,543.04,41385382.0
2024-08-01 20:00:00+00:00,543.08,543.44,539.7,541.1084,8530428.0
2024-08-02 08:00:00+00:00,538.9,539.92,536.29,536.975,651160.0
2024-08-02 12:00:00+00:00,537.21,539.55,528.6,532.18,37211118.0
2024-08-02 16:00:00+00:00,532.19,533.52,529.54,532.98,34692866.0
2024-08-02 20:00:00+00:00,532.95,539.5,531.0,531.25,7877525.0
2024-08-05 08:00:00+00:00,523.78,523.99,514.24,515.28,3266336.0
2024-08-05 12:00:00+00:00,518.53,524.5,507.83,520.4201,62303000.0
2024-08-05 16:00:00+00:00,520.41,523.58,514.88,517.41,57415844.0
2024-08-05 20:00:00+00:00,517.34,522.92,516.92,522.81,20105928.0
2024-08-06 00:00:00+00:00,522.92,522.92,522.92,522.92,105.0
2024-08-06 08:00:00+00:00,523.91,523.91,518.5,521.54,778344.0
2024-08-06 12:00:00+00:00,522.49,526.51,517.87,525.9,28584338.0
2024-08-06 16:00:00+00:00,525.9,529.75,521.97,522.19,40054516.0
2024-08-06 20:00:00+00:00,522.2,523.68,519.08,519.94,13263206.0
2024-08-07 08:00:00+00:00,524.05,529.05,524.05,527.7,864021.0
2024-08-07 12:00:00+00:00,528.64,531.59,521.25,528.02,19811190.0
2024-08-07 16:00:00+00:00,528.03,528.08,518.0519,518.65,39515276.0
2024-08-07 20:00:00+00:00,518.64,522.9611,514.14,515.96,8895325.0
2024-08-08 08:00:00+00:00,516.59,519.32,516.35,519.15,532528.0
2024-08-08 12:00:00+00:00,519.24,528.48,516.26,527.675,22803898.0
2024-08-08 16:00:00+00:00,527.675,531.29,526.65,530.63,30492989.0
2024-08-08 20:00:00+00:00,530.61,532.07,530.42,531.59,7079661.0
2024-08-09 08:00:00+00:00,531.69,533.14,530.15,530.84,535101.0
2024-08-09 12:00:00+00:00,531.69,532.9396,528.09,530.302,17502613.0
2024-08-09 16:00:00+00:00,530.32,534.51,529.8,532.91,21131778.0
2024-08-09 20:00:00+00:00,532.91,533.08,532.25,532.99,3888283.0
2024-08-12 08:00:00+00:00,533.5,534.74,533.35,534.5,340859.0
2024-08-12 12:00:00+00:00,533.95,535.73,530.95,534.83,16797691.0
2024-08-12 16:00:00+00:00,534.8325,535.15,531.76,533.25,19970984.0
2024-08-12 20:00:00+00:00,533.25,533.67,532.72,533.28,4099154.0
2024-08-13 08:00:00+00:00,535.12,535.73,533.29,534.53,329012.0
2024-08-13 12:00:00+00:00,533.69,539.2894,533.43,539.0,17318807.0
2024-08-13 16:00:00+00:00,539.01,542.28,538.73,542.0,26221762.0
2024-08-13 20:00:00+00:00,542.0,542.05,541.38,541.94,4003473.0
2024-08-14 08:00:00+00:00,542.04,542.5,541.64,542.28,230246.0
2024-08-14 12:00:00+00:00,542.25,544.78,540.12,544.68,15259134.0
2024-08-14 16:00:00+00:00,544.67,544.96,541.8,543.78,21822254.0
2024-08-14 20:00:00+00:00,543.76,544.75,543.51,543.73,4082591.0
2024-08-15 08:00:00+00:00,545.37,545.44,543.5,545.21,311361.0
2024-08-15 12:00:00+00:00,544.3,552.13,543.69,551.61,20473394.0
2024-08-15 16:00:00+00:00,551.61,553.36,551.261,553.0678,31202674.0
2024-08-15 20:00:00+00:00,553.07,554.0,552.5,553.55,7062359.0
2024-08-16 08:00:00+00:00,553.87,554.23,552.22,552.22,351539.0
2024-08-16 12:00:00+00:00,552.8,554.59,550.13,553.35,16827313.0
2024-08-16 16:00:00+00:00,553.34,555.02,553.06,554.21,20100580.0
2024-08-16 20:00:00+00:00,554.21,554.77,553.87,553.9,5405532.0
2024-08-19 08:00:00+00:00,554.15,554.68,553.24,554.53,286111.0
2024-08-19 12:00:00+00:00,554.56,556.96,553.74,556.1926,11676538.0
2024-08-19 16:00:00+00:00,556.21,559.58,555.93,559.56,20850250.0
2024-08-19 20:00:00+00:00,559.59,559.64,558.9,559.31,4855192.0
2024-08-20 08:00:00+00:00,560.0,560.43,559.31,559.95,204666.0
2024-08-20 12:00:00+00:00,560.21,560.84,557.84,559.29,13806491.0
2024-08-20 16:00:00+00:00,559.29,559.7399,557.325,558.62,15527794.0
2024-08-20 20:00:00+00:00,558.63,559.1,558.35,558.54,3067588.0
2024-08-21 08:00:00+00:00,559.0,559.81,558.6,559.52,261470.0
2024-08-21 12:00:00+00:00,559.52,562.11,558.55,558.89,13822011.0
2024-08-21 16:00:00+00:00,558.89,561.71,557.99,560.7,20326855.0
2024-08-21 20:00:00+00:00,560.7,561.23,560.22,561.17,6192092.0
2024-08-22 08:00:00+00:00,561.01,562.2,560.97,562.05,187290.0
2024-08-22 12:00:00+00:00,561.75,563.18,557.06,557.7401,14753176.0
2024-08-22 16:00:00+00:00,557.73,560.07,554.98,556.21,28971445.0
2024-08-22 20:00:00+00:00,556.18,557.17,555.74,557.17,10171515.0
2024-08-23 08:00:00+00:00,558.13,559.59,558.05,559.45,422281.0
2024-08-23 12:00:00+00:00,559.47,563.09,558.17,560.0,21229646.0
2024-08-23 16:00:00+00:00,560.01,562.68,557.29,562.09,22007178.0
2024-08-23 20:00:00+00:00,562.08,562.45,561.78,562.29,4742965.0
2024-08-26 08:00:00+00:00,562.13,563.4,562.13,562.95,174804.0
2024-08-26 12:00:00+00:00,563.37,563.91,559.78,559.995,13305979.0
2024-08-26 16:00:00+00:00,559.98,561.71,559.05,560.73,17619995.0
2024-08-26 20:00:00+00:00,560.71,560.79,559.32,560.29,2389879.0
2024-08-27 08:00:00+00:00,561.03,561.65,559.84,560.7,79275.0
2024-08-27 12:00:00+00:00,560.11,562.05,558.32,560.68,12464267.0
2024-08-27 16:00:00+00:00,560.68,562.06,559.85,561.5318,15666164.0
2024-08-27 20:00:00+00:00,561.51,561.82,560.36,560.76,2486220.0
2024-08-28 08:00:00+00:00,561.19,562.25,561.0,561.16,69583.0
2024-08-28 12:00:00+00:00,561.63,562.1804,557.7,558.45,10699257.0
2024-08-28 16:00:00+00:00,558.445,559.36,555.04,558.33,21307365.0
2024-08-28 20:00:00+00:00,558.34,558.84,553.38,554.46,7074870.0
2024-08-29 08:00:00+00:00,557.22,560.21,557.22,559.75,540881.0
2024-08-29 12:00:00+00:00,559.08,563.19,556.38,562.48,13275456.0
2024-08-29 16:00:00+00:00,562.48,563.68,557.18,558.315,19962238.0
2024-08-29 20:00:00+00:00,558.35,559.5,558.34,558.86,3764076.0
2024-08-30 08:00:00+00:00,560.76,561.34,560.35,560.95,147811.0
2024-08-30 12:00:00+00:00,561.3,562.25,558.11,559.145,12837847.0
2024-08-30 16:00:00+00:00,559.13,564.2,557.14,563.57,30981437.0
2024-08-30 20:00:00+00:00,563.57,563.86,562.6,563.45,14931283.0
2024-09-03 08:00:00+00:00,563.5,564.22,560.5,561.05,379716.0
2024-09-03 12:00:00+00:00,561.2883,564.0,555.1,555.6,20659597.0
2024-09-03 16:00:00+00:00,555.59,556.9787,549.51,552.16,30633556.0
2024-09-03 20:00:00+00:00,552.16,552.55,550.7,551.0,7175841.0
2024-09-04 08:00:00+00:00,550.13,550.9,549.46,549.85,210859.0
2024-09-04 12:00:00+00:00,549.6,554.43,548.66,551.8499,18960388.0
2024-09-04 16:00:00+00:00,551.82,553.09,549.46,550.84,20712592.0
2024-09-04 20:00:00+00:00,550.82,551.1602,549.52,550.28,5424509.0
2024-09-05 08:00:00+00:00,551.94,552.04,550.42,550.74,400147.0
2024-09-05 12:00:00+00:00,551.3901,553.7995,547.36,547.49,16352363.0
2024-09-05 16:00:00+00:00,547.48,551.18,547.1,549.57,20377782.0
2024-09-05 20:00:00+00:00,549.53,550.32,548.65,549.05,5975245.0
2024-09-06 08:00:00+00:00,547.0,547.0,545.37,546.79,389259.0
2024-09-06 12:00:00+00:00,546.05,551.6,540.26,540.58,28445118.0
2024-09-06 16:00:00+00:00,540.53,542.0,539.44,540.43,30847406.0
2024-09-06 20:00:00+00:00,540.42,542.91,537.86,538.8,7089961.0
2024-09-09 08:00:00+00:00,542.72,544.81,542.22,543.97,667528.0
2024-09-09 12:00:00+00:00,544.07,546.39,541.97,545.99,14901625.0
2024-09-09 16:00:00+00:00,545.98,547.71,544.18,546.42,19769462.0
2024-09-09 20:00:00+00:00,546.39,547.52,546.21,547.13,2636966.0
2024-09-10 08:00:00+00:00,547.08,547.18,544.86,546.86,464413.0
2024-09-10 12:00:00+00:00,546.069,548.66,544.12,544.18,12903120.0
2024-09-10 16:00:00+00:00,544.15,549.15,543.38,548.82,20234544.0
2024-09-10 20:00:00+00:00,548.76,548.94,548.04,548.3,1950327.0
2024-09-11 08:00:00+00:00,546.52,548.35,546.52,548.24,198575.0
2024-09-11 12:00:00+00:00,547.53,549.34,539.96,544.5,27988210.0
2024-09-11 16:00:00+00:00,544.48,555.36,544.27,554.36,35457069.0
2024-09-11 20:00:00+00:00,554.33,554.87,554.04,554.31,10266480.0
2024-09-12 08:00:00+00:00,554.87,556.25,554.87,555.93,238276.0
2024-09-12 12:00:00+00:00,555.67,556.85,552.74,554.5,16896132.0
2024-09-12 16:00:00+00:00,554.47,559.4,554.35,559.02,27148778.0
2024-09-12 20:00:00+00:00,559.02,559.54,558.0,559.24,6206967.0
2024-09-13 08:00:00+00:00,559.38,560.68,559.32,560.28,383767.0
2024-09-13 12:00:00+00:00,560.5113,562.8,559.23,562.66,13915401.0
2024-09-13 16:00:00+00:00,562.65,563.03,561.02,561.94,18204496.0
2024-09-13 20:00:00+00:00,561.95,562.11,561.45,561.65,5412152.0
2024-09-16 08:00:00+00:00,562.21,562.74,561.52,561.71,134795.0
2024-09-16 12:00:00+00:00,562.14,562.92,559.9,561.27,13530254.0
2024-09-16 16:00:00+00:00,561.275,563.11,560.34,562.86,20179091.0
2024-09-16 20:00:00+00:00,562.89,562.92,562.0,562.44,1820450.0
2024-09-17 08:00:00+00:00,563.3,565.41,563.3,565.22,300730.0
2024-09-17 12:00:00+00:00,564.39,566.58,562.31,564.99,15770528.0
2024-09-17 16:00:00+00:00,564.97,565.19,560.795,563.1,23950835.0
2024-09-17 20:00:00+00:00,563.14,563.53,562.909,563.46,7241861.0
2024-09-18 08:00:00+00:00,563.27,563.97,562.91,563.45,130865.0
2024-09-18 12:00:00+00:00,563.86,564.1,561.55,561.6406,10648537.0
2024-09-18 16:00:00+00:00,561.63,568.69,560.83,561.33,41530526.0
2024-09-18 20:00:00+00:00,561.35,565.13,561.05,565.0,4776612.0
2024-09-19 08:00:00+00:00,567.22,571.05,566.22,570.54,800293.0
2024-09-19 12:00:00+00:00,570.48,571.89,566.6,570.4,26027874.0
2024-09-19 16:00:00+00:00,570.4,572.88,570.3392,570.92,36533961.0
2024-09-19 20:00:00+00:00,570.92,571.0,570.15,570.25,8498961.0
2024-09-20 08:00:00+00:00,568.99,569.0,567.69,568.14,278877.0
2024-09-20 12:00:00+00:00,568.09,569.1,565.17,566.93,29386395.0
2024-09-20 16:00:00+00:00,566.95,569.31,566.09,568.1,32049333.0
2024-09-20 20:00:00+00:00,568.1,568.29,567.2,568.15,12384501.0
2024-09-23 08:00:00+00:00,569.19,569.26,567.86,569.07,420541.0
2024-09-23 12:00:00+00:00,569.04,570.3325,567.0,569.5995,11269743.0
2024-09-23 16:00:00+00:00,569.59,569.91,568.1,569.6,17259039.0
2024-09-23 20:00:00+00:00,569.62,569.79,569.0,569.3,12856091.0
2024-09-24 08:00:00+00:00,570.22,571.41,569.1,570.08,293482.0
2024-09-24 12:00:00+00:00,570.1,571.38,567.6,570.6,14330237.0
2024-09-24 16:00:00+00:00,570.61,571.36,569.43,571.24,22413084.0
2024-09-24 20:00:00+00:00,571.29,571.4,570.85,571.22,6956522.0
2024-09-25 08:00:00+00:00,570.4,571.3,570.09,571.1,93604.0
2024-09-25 12:00:00+00:00,570.42,571.89,569.68,570.74,12963356.0
2024-09-25 16:00:00+00:00,570.74,570.83,568.91,570.0,18861438.0
2024-09-25 20:00:00+00:00,570.0,571.0,569.84,570.94,5058910.0
2024-09-26 08:00:00+00:00,573.72,574.9,573.72,574.37,432010.0
2024-09-26 12:00:00+00:00,574.76,575.0,570.9,572.4201,16745639.0
2024-09-26 16:00:00+00:00,572.41,572.75,569.9,572.29,22543662.0
2024-09-26 20:00:00+00:00,572.3,573.07,572.15,572.4,7453439.0
2024-09-27 08:00:00+00:00,571.44,572.71,571.4,572.64,88400.0
2024-09-27 12:00:00+00:00,572.0942,574.22,571.5,572.44,13068297.0
2024-09-27 16:00:00+00:00,572.435,572.71,570.42,571.41,20410462.0
2024-09-27 20:00:00+00:00,571.41,571.7531,570.65,570.67,7277726.0
2024-09-30 08:00:00+00:00,571.5,571.6,569.8,570.02,240530.0
2024-09-30 12:00:00+00:00,570.7604,572.0,569.89,571.565,9747708.0
2024-09-30 16:00:00+00:00,571.57,574.38,568.08,574.02,37849560.0
2024-09-30 20:00:00+00:00,573.94,574.1,572.56,573.24,12335629.0
2024-10-01 08:00:00+00:00,573.5,574.38,573.0,573.62,239727.0
2024-10-01 12:00:00+00:00,574.25,574.352,566.0,568.37,31903954.0
2024-10-01 16:00:00+00:00,568.3201,570.93,566.27,568.69,32802671.0
2024-10-01 20:00:00+00:00,568.67,569.33,566.98,567.76,6480255.0
2024-10-02 08:00:00+00:00,567.59,568.35,566.37,567.15,198103.0
2024-10-02 12:00:00+00:00,567.11,569.9,565.27,569.51,16676146.0
2024-10-02 16:00:00+00:00,569.52,569.79,567.57,568.85,15159184.0
2024-10-02 20:00:00+00:00,568.82,570.1,568.64,569.75,4054251.0
2024-10-03 08:00:00+00:00,567.78,568.35,566.11,568.34,171938.0
2024-10-03 12:00:00+00:00,568.38,569.8025,565.9,568.44,14481739.0
2024-10-03 16:00:00+00:00,568.46,569.16,565.49,567.78,21979881.0
2024-10-03 20:00:00+00:00,567.77,568.26,567.0,567.8001,2789839.0
2024-10-04 08:00:00+00:00,568.73,569.84,568.13,569.6,188561.0
2024-10-04 12:00:00+00:00,569.42,573.24,567.55,570.47,18737937.0
2024-10-04 16:00:00+00:00,570.47,573.36,569.43,572.91,19266473.0
2024-10-04 20:00:00+00:00,572.93,573.03,572.29,572.31,3787842.0
2024-10-07 08:00:00+00:00,571.78,571.78,569.42,570.66,363369.0
2024-10-07 12:00:00+00:00,570.02,572.55,570.0,571.13,14154818.0
2024-10-07 16:00:00+00:00,571.13,571.18,566.63,567.81,25994175.0
2024-10-07 20:00:00+00:00,567.82,568.46,565.8,567.7,8248740.0
2024-10-08 08:00:00+00:00,568.09,570.24,567.85,569.98,511235.0
2024-10-08 12:00:00+00:00,569.62,572.55,567.07,572.275,16446742.0
2024-10-08 16:00:00+00:00,572.27,573.78,570.55,573.13,16803462.0
2024-10-08 20:00:00+00:00,573.13,573.21,572.63,572.6801,2561008.0
2024-10-09 08:00:00+00:00,571.8,573.2,571.52,572.7,172827.0
2024-10-09 12:00:00+00:00,573.02,577.06,571.56,576.89,12626043.0
2024-10-09 16:00:00+00:00,576.9,577.71,575.0,577.1,20533556.0
2024-10-09 20:00:00+00:00,577.1,577.18,576.26,577.0,3260366.0
2024-10-10 08:00:00+00:00,576.37,576.71,576.06,576.71,204693.0
2024-10-10 12:00:00+00:00,576.52,577.48,574.56,576.96,16645751.0
2024-10-10 16:00:00+00:00,576.952,577.58,574.49,576.1,20066209.0
2024-10-10 20:00:00+00:00,576.1,576.87,575.89,576.77,5059430.0
2024-10-11 08:00:00+00:00,575.68,576.33,575.27,575.88,126593.0
2024-10-11 12:00:00+00:00,576.0,580.095,575.38,579.64,15471068.0
2024-10-11 16:00:00+00:00,579.64,580.33,578.07,579.55,17904708.0
2024-10-11 20:00:00+00:00,579.54,579.69,578.08,578.61,7528401.0
2024-10-14 08:00:00+00:00,579.34,580.93,579.3,580.49,343201.0
2024-10-14 12:00:00+00:00,580.44,583.78,579.2,583.45,11688556.0
2024-10-14 16:00:00+00:00,583.45,585.27,583.31,584.28,19008019.0
2024-10-14 20:00:00+00:00,584.29,584.86,584.07,584.71,3924492.0
2024-10-15 08:00:00+00:00,584.4,584.56,583.7,584.33,236493.0
2024-10-15 12:00:00+00:00,584.51,584.93,581.25,581.3994,18456294.0
2024-10-15 16:00:00+00:00,581.405,582.55,578.545,579.79,25503161.0
2024-10-15 20:00:00+00:00,579.8,580.05,578.99,579.86,8565564.0
2024-10-16 08:00:00+00:00,580.14,580.5,579.6,580.42,277672.0
2024-10-16 12:00:00+00:00,580.1516,581.1501,578.96,580.24,11150415.0
2024-10-16 16:00:00+00:00,580.235,582.83,580.2,582.24,15600031.0
2024-10-16 20:00:00+00:00,582.23,582.3415,581.5,581.54,2099993.0
2024-10-17 08:00:00+00:00,583.0,585.05,583.0,584.64,484128.0
2024-10-17 12:00:00+00:00,584.84,586.3,581.07,584.72,13024048.0
2024-10-17 16:00:00+00:00,584.705,585.0,582.16,582.28,16225271.0
2024-10-17 20:00:00+00:00,582.25,583.4983,582.18,582.9,2676411.0
2024-10-18 08:00:00+00:00,583.0,584.0,583.0,583.82,393155.0
2024-10-18 12:00:00+00:00,583.85,584.5695,582.48,583.885,18703350.0
2024-10-18 16:00:00+00:00,583.89,585.39,583.6901,584.57,13810761.0
2024-10-18 20:00:00+00:00,584.53,584.9,584.36,584.72,3247271.0
2024-10-21 08:00:00+00:00,584.28,584.59,582.38,582.62,297470.0
2024-10-21 12:00:00+00:00,582.91,584.85,580.6001,582.3549,15260919.0
2024-10-21 16:00:00+00:00,582.33,583.73,581.8,583.67,13900873.0
2024-10-21 20:00:00+00:00,583.76,584.03,583.49,583.61,5711864.0
2024-10-22 08:00:00+00:00,582.78,582.78,580.56,581.12,300355.0
2024-10-22 12:00:00+00:00,580.97,582.89,580.05,582.02,10967005.0
2024-10-22 16:00:00+00:00,582.01,584.5,581.57,583.32,15812186.0
2024-10-22 20:00:00+00:00,583.33,583.4,582.28,583.07,5347807.0
2024-10-23 08:00:00+00:00,582.9,583.23,581.8,582.1,159929.0
2024-10-23 12:00:00+00:00,581.99,583.43,578.78,579.835,12564985.0
2024-10-23 16:00:00+00:00,579.83,579.83,574.415,577.93,28877927.0
2024-10-23 20:00:00+00:00,577.92,578.9,577.68,578.56,5320723.0
2024-10-24 08:00:00+00:00,579.72,581.08,579.4,581.01,623484.0
2024-10-24 12:00:00+00:00,580.5108,581.21,577.04,578.06,11314333.0
2024-10-24 16:00:00+00:00,578.06,579.885,576.57,579.18,16395443.0
2024-10-24 20:00:00+00:00,579.24,579.94,578.88,579.36,5212076.0
2024-10-25 08:00:00+00:00,580.1,581.2,579.85,581.01,230615.0
2024-10-25 12:00:00+00:00,580.99,584.46,578.99,582.17,15581384.0
2024-10-25 16:00:00+00:00,582.17,582.8,578.08,579.015,22168898.0
2024-10-25 20:00:00+00:00,579.03,580.843,577.55,577.95,7005252.0
2024-10-28 08:00:00+00:00,581.22,582.98,581.22,581.67,546469.0
2024-10-28 12:00:00+00:00,581.91,582.71,580.68,580.92,10640598.0
2024-10-28 16:00:00+00:00,580.9,581.87,580.52,580.77,15469304.0
2024-10-28 20:00:00+00:00,580.78,581.29,580.49,580.73,1676729.0
2024-10-29 08:00:00+00:00,581.19,581.56,580.01,580.08,167326.0
2024-10-29 12:00:00+00:00,580.24,581.85,578.43,581.39,17077204.0
2024-10-29 16:00:00+00:00,581.4,582.907,580.5173,581.7,17556402.0
2024-10-29 20:00:00+00:00,581.7,583.26,581.45,583.05,5912315.0
2024-10-30 08:00:00+00:00,582.89,583.23,581.77,581.91,328530.0
2024-10-30 12:00:00+00:00,582.37,583.32,579.29,583.105,11946159.0
2024-10-30 16:00:00+00:00,583.1,583.21,579.38,579.97,20649646.0
2024-10-30 20:00:00+00:00,579.94,580.61,577.8,577.9,6293929.0
2024-10-31 08:00:00+00:00,576.78,576.78,575.04,576.53,666623.0
2024-10-31 12:00:00+00:00,575.86,580.01,570.08,570.94,20099399.0
2024-10-31 16:00:00+00:00,570.9225,572.0,568.44,568.55,25983326.0
2024-10-31 20:00:00+00:00,568.53,570.46,568.45,569.4,11108081.0
2024-11-01 08:00:00+00:00,570.19,571.65,570.19,571.37,706243.0
2024-11-01 12:00:00+00:00,571.4,575.55,568.64,573.65,18172998.0
2024-11-01 16:00:00+00:00,573.63,574.3099,570.62,571.02,19043853.0
2024-11-01 20:00:00+00:00,571.0,571.85,570.75,571.3,6019288.0
2024-11-04 08:00:00+00:00,571.87,572.8,571.35,572.32,54081.0
2024-11-04 12:00:00+00:00,572.33,573.0,569.27,571.63,7519878.0
2024-11-04 16:00:00+00:00,571.64,572.19,567.89,570.5103,13791101.0
2024-11-04 20:00:00+00:00,570.51,570.7,569.17,569.72,12613223.0
2024-11-05 00:00:00+00:00,569.72,569.72,569.4,569.58,32865.0
2024-11-05 08:00:00+00:00,570.77,571.35,570.15,571.16,47982.0
2024-11-05 12:00:00+00:00,570.9,575.21,569.93,574.005,10194989.0
2024-11-05 16:00:00+00:00,573.98,576.43,573.5455,575.0,16559378.0
2024-11-05 20:00:00+00:00,575.0,577.71,574.7437,577.0101,10802690.0
2024-11-06 00:00:00+00:00,576.97,579.93,576.9412,579.0901,358816.0
2024-11-06 08:00:00+00:00,583.0,590.71,583.0,587.78,1021295.0
2024-11-06 12:00:00+00:00,587.76,590.52,582.5,587.02,23040301.0
2024-11-06 16:00:00+00:00,586.99,590.85,586.31,590.54,19745868.0
2024-11-06 20:00:00+00:00,590.54,591.93,590.45,590.84,20207857.0
2024-11-07 00:00:00+00:00,590.89,591.33,590.3599,590.46,66257.0
2024-11-07 08:00:00+00:00,591.95,592.59,591.82,592.3,165076.0
2024-11-07 12:00:00+00:00,592.37,594.965,591.26,594.8165,10197596.0
2024-11-07 16:00:00+00:00,594.83,596.03,593.92,596.02,17131303.0
2024-11-07 20:00:00+00:00,596.025,596.65,595.18,596.09,17475603.0
2024-11-08 00:00:00+00:00,596.07,596.2,595.71,595.73,35430.0
2024-11-08 08:00:00+00:00,596.37,596.68,594.72,595.39,164894.0
2024-11-08 12:00:00+00:00,595.35,597.985,594.9596,597.78,9037269.0
2024-11-08 16:00:00+00:00,597.785,599.64,597.34,598.91,15185953.0
2024-11-08 20:00:00+00:00,598.92,598.98,597.62,598.03,20728839.0
2024-11-09 00:00:00+00:00,597.95,598.04,597.95,598.0,14909.0
2024-11-11 08:00:00+00:00,599.22,600.03,599.0,599.89,97998.0
2024-11-11 12:00:00+00:00,599.9,601.0,598.53,599.68,9314084.0
2024-11-11 16:00:00+00:00,599.69,599.9599,597.0,598.2885,11769267.0
2024-11-11 20:00:00+00:00,598.29,598.84,597.98,598.271,14606083.0
2024-11-12 00:00:00+00:00,598.31,598.34,597.82,598.14,50371.0
2024-11-12 08:00:00+00:00,598.57,598.71,596.91,597.79,167101.0
2024-11-12 12:00:00+00:00,597.79,599.29,597.2,597.23,8035549.0
2024-11-12 16:00:00+00:00,597.2299,598.4,594.37,598.01,16404202.0
2024-11-12 20:00:00+00:00,598.015,598.2,596.04,596.44,16716980.0
2024-11-13 00:00:00+00:00,596.39,596.45,595.94,596.1152,33385.0
2024-11-13 08:00:00+00:00,596.4,596.71,595.42,595.5,73601.0
2024-11-13 12:00:00+00:00,595.42,598.731,594.96,597.15,9487690.0
2024-11-13 16:00:00+00:00,597.17,599.23,596.66,597.21,13846069.0
2024-11-13 20:00:00+00:00,597.21,598.54,596.48,597.67,21893255.0
2024-11-14 00:00:00+00:00,597.76,597.8199,597.07,597.42,50911.0
2024-11-14 08:00:00+00:00,597.74,598.2,597.55,598.15,98080.0
2024-11-14 12:00:00+00:00,598.14,598.26,595.1248,596.1401,8027622.0
2024-11-14 16:00:00+00:00,596.165,596.93,593.75,595.295,12131330.0
2024-11-14 20:00:00+00:00,595.28,595.31,592.12,592.421,16862035.0
2024-11-15 00:00:00+00:00,592.36,592.48,591.7,591.93,92016.0
2024-11-15 08:00:00+00:00,590.35,590.77,589.71,590.75,185915.0
2024-11-15 12:00:00+00:00,590.68,592.23,586.04,586.43,14847757.0
2024-11-15 16:00:00+00:00,586.4,589.4159,583.86,584.97,33855062.0
2024-11-15 20:00:00+00:00,584.96,586.52,584.73,585.95,23687292.0
2024-11-16 00:00:00+00:00,585.99,586.24,585.88,586.2,41056.0
2024-11-18 08:00:00+00:00,587.66,587.66,585.71,586.04,132431.0
2024-11-18 12:00:00+00:00,586.15,588.35,584.79,588.21,8134922.0
2024-11-18 16:00:00+00:00,588.23,589.49,587.02,588.095,11754830.0
2024-11-18 20:00:00+00:00,588.08,588.41,587.43,587.88,14888106.0
2024-11-19 00:00:00+00:00,587.88,588.44,587.759,588.04,50826.0
2024-11-19 08:00:00+00:00,588.4,588.4,584.63,585.81,190919.0
2024-11-19 12:00:00+00:00,586.03,589.35,581.901,587.73,10921267.0
2024-11-19 16:00:00+00:00,587.73,591.045,587.65,589.63,17089543.0
2024-11-19 20:00:00+00:00,589.63,590.91,589.365,590.869,18187863.0
2024-11-20 00:00:00+00:00,590.91,591.74,590.89,591.39,51675.0
2024-11-20 08:00:00+00:00,591.57,592.01,590.45,591.03,110075.0
2024-11-20 12:00:00+00:00,591.0,592.03,584.63,587.41,14593380.0
2024-11-20 16:00:00+00:00,587.4,588.8,585.54,587.52,14898881.0
2024-11-20 20:00:00+00:00,587.48,591.3,587.23,590.6,18797522.0
2024-11-21 00:00:00+00:00,590.63,590.69,588.47,588.51,72734.0
2024-11-21 08:00:00+00:00,588.85,590.9,587.23,590.86,181994.0
2024-11-21 12:00:00+00:00,590.74,593.86,587.45,591.68,13458324.0
2024-11-21 16:00:00+00:00,591.72,594.8,591.04,594.59,16537172.0
2024-11-21 20:00:00+00:00,594.58,595.12,592.71,593.05,14798813.0
2024-11-22 00:00:00+00:00,592.97,593.45,592.83,592.97,43127.0
2024-11-22 08:00:00+00:00,593.74,593.74,591.06,592.73,139324.0
2024-11-22 12:00:00+00:00,592.86,596.131,592.72,595.76,10688820.0
2024-11-22 16:00:00+00:00,595.79,596.15,593.71,595.3999,12015879.0
2024-11-22 20:00:00+00:00,595.39,596.75,593.67,596.45,13674633.0
2024-11-23 00:00:00+00:00,596.39,596.49,596.35,596.45,35650.0
2024-11-25 08:00:00+00:00,598.01,598.79,598.01,598.62,177108.0
2024-11-25 12:00:00+00:00,598.61,600.86,597.55,597.98,14750769.0
2024-11-25 16:00:00+00:00,597.96,598.43,595.2,597.09,12748516.0
2024-11-25 20:00:00+00:00,597.085,598.65,595.63,596.31,12226386.0
2024-11-26 00:00:00+00:00,596.2,596.2399,595.24,595.27,210918.0
2024-11-26 08:00:00+00:00,597.13,599.19,596.97,598.96,68265.0
2024-11-26 12:00:00+00:00,598.95,599.61,596.73,599.05,9082287.0
2024-11-26 16:00:00+00:00,599.11,600.41,598.87,600.03,11549227.0
2024-11-26 20:00:00+00:00,600.02,601.33,599.93,601.05,21339627.0
2024-11-27 00:00:00+00:00,601.02,601.14,600.65,601.1,103362.0
2024-11-27 08:00:00+00:00,600.11,600.4,599.59,600.16,68501.0
2024-11-27 12:00:00+00:00,600.21,602.0225,598.55,598.86,8686636.0
2024-11-27 16:00:00+00:00,598.86,599.15,597.28,598.7099,13584603.0
2024-11-27 20:00:00+00:00,598.71,599.31,597.94,599.19,10433558.0
2024-11-28 00:00:00+00:00,599.21,599.43,599.21,599.4,16019.0
2024-11-29 08:00:00+00:00,599.88,600.94,599.88,600.84,40872.0
2024-11-29 12:00:00+00:00,600.71,601.89,599.34,601.81,6924734.0
2024-11-29 16:00:00+00:00,601.81,603.35,601.8,602.55,15994498.0
2024-11-29 20:00:00+00:00,602.78,603.14,602.61,603.12,80453.0
2024-12-02 08:00:00+00:00,601.9,602.0,601.24,601.94,174380.0
2024-12-02 12:00:00+00:00,601.91,603.6799,601.1,602.7,8567434.0
2024-12-02 16:00:00+00:00,602.71,603.985,602.51,603.935,10866069.0
2024-12-02 20:00:00+00:00,603.93,604.32,603.45,603.85,10277509.0
2024-12-03 00:00:00+00:00,603.87,603.94,603.61,603.62,28753.0
2024-12-03 08:00:00+00:00,604.01,604.14,603.36,603.88,35459.0
2024-12-03 12:00:00+00:00,603.91,604.24,602.341,602.8845,5850713.0
2024-12-03 16:00:00+00:00,602.89,604.16,602.37,604.03,11077953.0
2024-12-03 20:00:00+00:00,604.0201,604.6,603.4002,604.5149,8480609.0
2024-12-04 00:00:00+00:00,604.45,604.45,604.11,604.1901,17317.0
2024-12-04 08:00:00+00:00,604.68,605.81,604.68,605.81,138812.0
2024-12-04 12:00:00+00:00,605.78,606.3,603.91,606.23,8941165.0
2024-12-04 16:00:00+00:00,606.22,607.13,605.2,606.9158,11303177.0
2024-12-04 20:00:00+00:00,606.9,607.91,606.83,607.1,19346411.0
2024-12-05 00:00:00+00:00,607.05,607.05,606.76,606.88,110934.0
2024-12-05 08:00:00+00:00,607.27,607.53,607.07,607.3,40099.0
2024-12-05 12:00:00+00:00,607.26,608.2,606.8,606.95,5257017.0
2024-12-05 16:00:00+00:00,606.95,608.48,606.8301,607.185,10133957.0
2024-12-05 20:00:00+00:00,607.18,607.6161,605.76,606.18,12066996.0
2024-12-06 00:00:00+00:00,606.12,606.22,605.88,606.22,39467.0
2024-12-06 08:00:00+00:00,606.39,606.75,605.85,606.26,41057.0
2024-12-06 12:00:00+00:00,606.23,609.07,605.74,608.7,7016758.0
2024-12-06 16:00:00+00:00,608.71,608.7499,607.02,607.34,10753272.0
2024-12-06 20:00:00+00:00,607.32,608.12,606.5454,607.22,11735329.0
2024-12-07 00:00:00+00:00,607.22,607.38,607.2004,607.37,21675.0
2024-12-09 08:00:00+00:00,608.5,608.5,607.0,607.44,71450.0
2024-12-09 12:00:00+00:00,607.57,608.52,605.26,605.38,7255184.0
2024-12-09 16:00:00+00:00,605.38,606.43,604.51,604.99,9888224.0
2024-12-09 20:00:00+00:00,605.0,605.07,604.08,604.3,15434944.0
2024-12-10 00:00:00+00:00,604.25,604.45,604.19,604.42,24613.0
2024-12-10 08:00:00+00:00,604.5,605.33,604.0,605.13,83907.0
2024-12-10 12:00:00+00:00,605.18,605.8,604.17,605.0083,5988698.0
2024-12-10 16:00:00+00:00,605.0,605.27,603.53,603.655,12630806.0
2024-12-10 20:00:00+00:00,603.65,603.79,602.13,603.26,16853725.0
2024-12-11 00:00:00+00:00,603.26,603.3,603.02,603.16,32607.0
2024-12-11 08:00:00+00:00,603.34,603.64,603.21,603.52,26985.0
2024-12-11 12:00:00+00:00,603.45,607.25,602.9,606.7783,8018388.0
2024-12-11 16:00:00+00:00,606.79,608.435,606.51,607.94,9220811.0
2024-12-11 20:00:00+00:00,607.95,608.09,602.8,606.92,9564170.0
2024-12-12 00:00:00+00:00,606.94,606.95,606.5,606.76,68682.0
2024-12-12 08:00:00+00:00,606.58,606.82,606.39,606.52,48508.0
2024-12-12 12:00:00+00:00,606.5,607.06,605.13,606.799,6867123.0
2024-12-12 16:00:00+00:00,606.79,607.16,604.83,605.12,9058979.0
2024-12-12 20:00:00+00:00,605.1,605.49,603.91,604.96,13842677.0
2024-12-13 00:00:00+00:00,604.86,605.57,604.81,605.38,79455.0
2024-12-13 08:00:00+00:00,606.11,606.82,606.1,606.65,87330.0
2024-12-13 12:00:00+00:00,606.65,607.16,603.43,603.47,8634695.0
2024-12-13 16:00:00+00:00,603.47,604.66,602.81,604.3001,13430033.0
2024-12-13 20:00:00+00:00,604.29,604.7,603.39,603.99,11070439.0
2024-12-14 00:00:00+00:00,603.8748,604.08,603.68,603.85,11366.0
2024-12-16 08:00:00+00:00,604.12,605.67,604.12,605.34,47129.0
2024-12-16 12:00:00+00:00,605.34,607.11,604.42,606.71,7738252.0
2024-12-16 16:00:00+00:00,606.71,607.7795,606.4,607.5,12004154.0
2024-12-16 20:00:00+00:00,607.51,607.8704,605.79,606.12,19875548.0
2024-12-17 00:00:00+00:00,606.1,606.1,605.9,605.98,15273.0
2024-12-17 08:00:00+00:00,605.35,605.62,604.8,605.02,83492.0
2024-12-17 12:00:00+00:00,605.09,606.46,603.16,603.935,10014827.0
2024-12-17 16:00:00+00:00,603.935,605.17,603.25,603.41,16618643.0
2024-12-17 20:00:00+00:00,603.4,604.74,602.87,603.9,24258190.0
2024-12-18 00:00:00+00:00,603.82,604.17,603.82,604.09,26917.0
2024-12-18 08:00:00+00:00,604.89,606.02,604.87,605.74,51085.0
2024-12-18 12:00:00+00:00,605.74,606.405,603.47,605.96,8397886.0
2024-12-18 16:00:00+00:00,605.9603,606.31,596.09,596.44,30194346.0
2024-12-18 20:00:00+00:00,596.455,596.91,583.161,586.7784,61883137.0
2024-12-19 00:00:00+00:00,586.9,587.92,586.74,587.82,231077.0
2024-12-19 08:00:00+00:00,588.61,589.65,588.28,589.14,227849.0
2024-12-19 12:00:00+00:00,589.14,593.0,586.31,589.72,20560498.0
2024-12-19 16:00:00+00:00,589.72,591.4,586.6072,588.06,29597375.0
2024-12-19 20:00:00+00:00,588.09,589.43,585.79,586.19,31346374.0
2024-12-20 00:00:00+00:00,586.3,586.5,584.14,584.31,468109.0
2024-12-20 08:00:00+00:00,581.98,581.98,579.14,579.42,321087.0
2024-12-20 12:00:00+00:00,579.4,589.28,577.74,588.26,23666720.0
2024-12-20 16:00:00+00:00,588.29,595.75,581.5183,592.4999,45740081.0
2024-12-20 20:00:00+00:00,592.5,592.89,589.47,592.17,44237162.0
2024-12-21 00:00:00+00:00,592.2,592.3,592.0,592.12,126213.0
2024-12-23 08:00:00+00:00,593.58,593.58,590.16,590.41,140515.0
2024-12-23 12:00:00+00:00,590.46,594.0,587.661,589.08,10274818.0
2024-12-23 16:00:00+00:00,589.06,594.31,588.96,592.98,15324539.0
2024-12-23 20:00:00+00:00,592.93,595.3,592.25,594.72,24823667.0
2024-12-24 00:00:00+00:00,594.66,594.67,594.15,594.65,23934.0
2024-12-24 08:00:00+00:00,595.05,595.8,595.0,595.3,29606.0
2024-12-24 12:00:00+00:00,595.26,599.3701,594.5,599.18,8917689.0
2024-12-24 16:00:00+00:00,599.17,601.34,598.8,601.3,14882296.0
2024-12-24 20:00:00+00:00,601.08,601.2,601.07,601.1,43576.0
2024-12-26 08:00:00+00:00,600.5,600.5,598.35,599.21,86686.0
2024-12-26 12:00:00+00:00,599.19,601.69,598.0825,600.88,7304362.0
2024-12-26 16:00:00+00:00,600.89,602.48,600.35,601.745,11753146.0
2024-12-26 20:00:00+00:00,601.74,602.1,600.8,601.15,18673582.0
2024-12-27 00:00:00+00:00,601.17,601.3,600.25,600.41,56772.0
2024-12-27 08:00:00+00:00,599.25,599.63,599.23,599.62,30270.0
2024-12-27 12:00:00+00:00,599.75,600.59,592.25,593.98,13819984.0
2024-12-27 16:00:00+00:00,593.96,595.53,590.7647,595.26,23589074.0
2024-12-27 20:00:00+00:00,595.26,595.4,592.54,594.92,24892900.0
2024-12-28 00:00:00+00:00,594.92,595.0885,594.92,595.03,22481.0
2024-12-30 08:00:00+00:00,593.45,593.85,593.34,593.51,50136.0
2024-12-30 12:00:00+00:00,593.6,593.95,584.41,587.11,14956413.0
2024-12-30 16:00:00+00:00,587.08,591.74,586.41,590.92,20570387.0
2024-12-30 20:00:00+00:00,590.9,591.21,587.08,587.85,19348193.0
2024-12-31 00:00:00+00:00,587.86,587.94,587.27,587.3,46803.0
2024-12-31 08:00:00+00:00,587.5,590.74,587.5,590.52,89088.0
2024-12-31 12:00:00+00:00,590.53,590.99,587.6,588.66,8461357.0
2024-12-31 16:00:00+00:00,588.69,588.8,584.42,586.33,19418664.0
2024-12-31 20:00:00+00:00,586.31,587.4999,584.97,586.5,25061382.0
2025-01-01 00:00:00+00:00,586.57,586.74,586.45,586.5101,14935.0
2025-01-02 08:00:00+00:00,588.22,591.74,588.12,591.61,260960.0
2025-01-02 12:00:00+00:00,591.57,592.06,586.08,587.61,13019085.0
2025-01-02 16:00:00+00:00,587.59,588.77,580.5,582.1305,23016780.0
2025-01-02 20:00:00+00:00,582.16,585.379,582.14,584.4,11983164.0
2025-01-03 00:00:00+00:00,584.35,585.86,584.3,585.86,86062.0
2025-01-03 08:00:00+00:00,586.0,587.25,585.7,585.99,75605.0
2025-01-03 12:00:00+00:00,586.01,589.545,585.4,589.15,11033412.0
2025-01-03 16:00:00+00:00,589.18,592.6,588.12,592.07,13172127.0
2025-01-03 20:00:00+00:00,592.04,592.21,591.05,591.84,11800672.0
2025-01-04 00:00:00+00:00,591.9,592.07,591.86,592.0401,30458.0
2025-01-06 08:00:00+00:00,593.73,596.27,593.73,596.19,162132.0
2025-01-06 12:00:00+00:00,596.24,599.22,591.89,598.87,13322531.0
2025-01-06 16:00:00+00:00,598.88,599.7,594.2603,594.35,16356409.0
2025-01-06 20:00:00+00:00,594.32,596.21,593.6,595.71,15447038.0
2025-01-07 00:00:00+00:00,595.79,595.86,595.35,595.55,78570.0
2025-01-07 08:00:00+00:00,595.67,596.15,595.08,595.69,151504.0
2025-01-07 12:00:00+00:00,595.8,597.75,590.27,593.44,13844097.0
2025-01-07 16:00:00+00:00,593.45,595.2308,589.64,590.02,15816444.0
2025-01-07 20:00:00+00:00,590.02,591.273,586.78,589.15,26887692.0
2025-01-08 00:00:00+00:00,589.16,589.62,589.01,589.48,85463.0
2025-01-08 08:00:00+00:00,589.8,590.84,587.05,588.8,221221.0
2025-01-08 12:00:00+00:00,588.9,590.6,586.0,588.42,12043376.0
2025-01-08 16:00:00+00:00,588.42,590.5799,585.195,588.53,18006305.0
2025-01-08 20:00:00+00:00,588.54,590.0,587.88,588.41,14978254.0
2025-01-09 00:00:00+00:00,588.55,588.57,587.53,588.17,98424.0
2025-01-10 08:00:00+00:00,588.11,589.61,587.37,588.61,223636.0
2025-01-10 12:00:00+00:00,588.57,589.3404,579.15,581.1,23118552.0
2025-01-10 16:00:00+00:00,581.1,584.5,578.55,582.1,24203968.0
2025-01-10 20:00:00+00:00,582.09,582.37,579.68,579.9,22477019.0
2025-01-11 00:00:00+00:00,579.85,579.94,579.66,579.7817,12469.0
2025-01-13 08:00:00+00:00,578.23,578.23,575.04,575.97,119446.0
2025-01-13 12:00:00+00:00,576.02,579.18,575.3,577.9,12650879.0
2025-01-13 16:00:00+00:00,577.9,581.0,575.68,580.4816,16805105.0
2025-01-13 20:00:00+00:00,580.47,583.93,579.87,583.21,14611337.0
2025-01-14 00:00:00+00:00,583.2,583.2,582.76,583.2,54162.0
2025-01-14 08:00:00+00:00,583.98,585.0,583.48,583.68,108597.0
2025-01-14 12:00:00+00:00,583.63,585.99,581.5,581.79,12470814.0
2025-01-14 16:00:00+00:00,581.81,583.81,578.35,580.56,19330941.0
2025-01-14 20:00:00+00:00,580.55,584.0,578.9,582.5699,14855221.0
2025-01-15 00:00:00+00:00,582.56,582.69,582.41,582.65,58466.0
2025-01-15 08:00:00+00:00,582.11,584.57,582.11,584.39,123066.0
2025-01-15 12:00:00+00:00,584.26,592.97,582.19,591.17,16992663.0
2025-01-15 16:00:00+00:00,591.17,593.72,589.5,593.4,14327628.0
2025-01-15 20:00:00+00:00,593.4,593.94,592.0474,593.22,21477123.0
2025-01-16 00:00:00+00:00,593.33,594.02,593.26,593.66,71731.0
2025-01-16 08:00:00+00:00,594.75,594.89,593.62,594.68,94124.0
2025-01-16 12:00:00+00:00,594.65,595.56,591.32,593.46,9063951.0
2025-01-16 16:00:00+00:00,593.44,594.35,590.93,592.93,13362590.0
2025-01-16 20:00:00+00:00,592.93,593.33,590.35,591.44,18785081.0
2025-01-17 00:00:00+00:00,591.48,591.6,591.31,591.51,19629.0
2025-01-17 08:00:00+00:00,593.4,594.4,593.26,593.72,135746.0
2025-01-17 12:00:00+00:00,593.76,598.18,592.2,598.16,20269980.0
2025-01-17 16:00:00+00:00,598.14,599.36,597.7139,598.24,17182497.0
2025-01-17 20:00:00+00:00,598.22,598.59,597.0,597.57,14709811.0
2025-01-18 00:00:00+00:00,597.59,597.7,597.54,597.69,17114.0
2025-01-21 08:00:00+00:00,598.27,601.0,598.27,599.49,83766.0
2025-01-21 12:00:00+00:00,599.48,601.47,597.98,600.3701,9679388.0
2025-01-21 16:00:00+00:00,600.36,602.88,599.83,602.16,13353323.0
2025-01-21 20:00:00+00:00,602.18,604.06,601.995,603.83,15220249.0
2025-01-22 00:00:00+00:00,603.9,604.4,603.76,604.36,51318.0
2025-01-22 08:00:00+00:00,604.71,605.83,604.71,605.27,144061.0
2025-01-22 12:00:00+00:00,605.31,607.08,604.12,606.5513,11625110.0
2025-01-22 16:00:00+00:00,606.55,607.82,606.26,607.6,12514724.0
2025-01-22 20:00:00+00:00,607.59,607.62,605.86,605.9499,20542078.0
2025-01-23 00:00:00+00:00,605.85,606.08,605.72,605.87,38221.0
2025-01-23 08:00:00+00:00,604.85,605.73,604.67,605.67,69155.0
2025-01-23 12:00:00+00:00,605.65,606.91,604.9104,606.89,5978444.0
2025-01-23 16:00:00+00:00,606.9,608.3,606.38,607.825,14680047.0
2025-01-23 20:00:00+00:00,607.79,609.75,607.6,609.15,17342760.0
2025-01-24 00:00:00+00:00,609.15,609.18,608.91,609.02,29647.0
2025-01-24 08:00:00+00:00,609.16,609.59,608.58,609.01,39032.0
2025-01-24 12:00:00+00:00,609.03,610.78,608.69,609.1801,6665616.0
2025-01-24 16:00:00+00:00,609.18,610.325,606.93,607.38,12787652.0
2025-01-24 20:00:00+00:00,607.375,608.58,606.8,607.5511,13670325.0
2025-01-25 00:00:00+00:00,607.55,607.64,607.4,607.49,25853.0
2025-01-27 08:00:00+00:00,598.78,598.83,589.75,593.23,1780482.0
2025-01-27 12:00:00+00:00,593.24,602.3,590.5251,598.08,21873226.0
2025-01-27 16:00:00+00:00,598.09,599.12,596.03,596.94,22067100.0
2025-01-27 20:00:00+00:00,596.94,600.68,596.33,599.911,21355205.0
2025-01-28 00:00:00+00:00,599.94,600.11,598.78,599.17,66261.0
2025-01-28 08:00:00+00:00,601.0,602.1,600.69,600.83,118733.0
2025-01-28 12:00:00+00:00,600.83,603.09,597.25,603.06,11298808.0
2025-01-28 16:00:00+00:00,603.06,605.26,600.95,605.14,16349825.0
2025-01-28 20:00:00+00:00,605.14,605.37,603.475,603.6,13905384.0
2025-01-29 00:00:00+00:00,603.6,604.1,603.6,604.1,43300.0
2025-01-29 08:00:00+00:00,605.96,605.96,604.57,605.4,64112.0
2025-01-29 12:00:00+00:00,605.39,605.81,602.4451,602.78,5818217.0
2025-01-29 16:00:00+00:00,602.82,603.46,599.22,602.32,15763721.0
2025-01-29 20:00:00+00:00,602.29,604.7041,599.24,601.95,13838647.0
2025-01-30 00:00:00+00:00,601.71,603.06,601.71,603.06,50385.0
2025-01-30 08:00:00+00:00,605.0,605.03,603.73,603.84,79774.0
2025-01-30 12:00:00+00:00,603.7,605.98,601.43,601.4999,8718904.0
2025-01-30 16:00:00+00:00,601.445,605.71,600.715,605.6801,11150062.0
2025-01-30 20:00:00+00:00,605.67,606.6,601.82,605.83,17862490.0
2025-01-31 00:00:00+00:00,605.52,606.06,605.44,605.89,32282.0
2025-01-31 08:00:00+00:00,606.27,608.1,606.25,608.07,44183.0
2025-01-31 12:00:00+00:00,608.1,609.63,606.43,609.45,9020963.0
2025-01-31 16:00:00+00:00,609.46,609.96,601.94,603.63,25049057.0
2025-01-31 20:00:00+00:00,603.6,603.8627,600.6609,600.6638,29858701.0
2025-02-01 00:00:00+00:00,600.67,600.68,598.81,598.98,69210.0
2025-02-03 08:00:00+00:00,593.91,594.6,590.36,593.21,699003.0
2025-02-03 12:00:00+00:00,593.15,598.65,589.5,597.88,24177223.0
2025-02-03 16:00:00+00:00,597.86,600.29,595.76,599.68,21344014.0
2025-02-03 20:00:00+00:00,599.7,602.05,597.39,601.08,17945593.0
2025-02-04 00:00:00+00:00,600.97,600.97,600.23,600.44,116372.0
2025-02-04 08:00:00+00:00,596.78,597.3,595.81,596.8,201251.0
2025-02-04 12:00:00+00:00,596.91,601.26,594.49,600.33,9048690.0
2025-02-04 16:00:00+00:00,600.375,602.3,599.4054,601.48,10782935.0
2025-02-04 20:00:00+00:00,601.47,602.27,599.48,599.75,11294532.0
2025-02-05 00:00:00+00:00,599.81,600.72,599.5119,600.4,68029.0
2025-02-05 08:00:00+00:00,598.43,599.28,597.66,599.22,89582.0
2025-02-05 12:00:00+00:00,599.18,601.1,598.36,600.585,7861442.0
2025-02-05 16:00:00+00:00,600.57,603.635,600.135,603.0699,10035553.0
2025-02-05 20:00:00+00:00,603.07,604.72,602.0031,604.5,10848215.0
2025-02-06 00:00:00+00:00,604.54,605.07,604.54,604.74,59051.0
2025-02-06 08:00:00+00:00,605.59,606.03,604.34,604.5,94217.0
2025-02-06 12:00:00+00:00,604.47,606.22,604.16,604.62,6881714.0
2025-02-06 16:00:00+00:00,604.63,605.99,602.63,603.73,10863504.0
2025-02-06 20:00:00+00:00,603.72,606.47,603.32,605.63,16157183.0
2025-02-07 00:00:00+00:00,605.6,605.99,605.41,605.99,25879.0
2025-02-07 08:00:00+00:00,605.6,606.69,605.6,606.6,26872.0
2025-02-07 12:00:00+00:00,606.61,608.13,601.18,603.41,13976122.0
2025-02-07 16:00:00+00:00,603.45,604.5395,600.34,601.12,21825968.0
2025-02-07 20:00:00+00:00,601.11,606.4184,600.05,600.5999,13564570.0
2025-02-08 00:00:00+00:00,600.6,600.6,600.21,600.2299,54505.0
2025-02-10 08:00:00+00:00,602.35,603.74,602.35,603.64,49949.0
2025-02-10 12:00:00+00:00,603.65,605.33,602.25,604.8688,8342485.0
2025-02-10 16:00:00+00:00,604.85,605.4999,603.2108,604.93,8685428.0
2025-02-10 20:00:00+00:00,604.95,605.19,603.22,603.68,7674892.0
2025-02-11 00:00:00+00:00,603.68,604.07,603.43,603.98,35024.0
2025-02-11 08:00:00+00:00,603.2,603.7,602.57,603.39,70608.0
2025-02-11 12:00:00+00:00,603.36,605.22,601.91,604.7062,6295248.0
2025-02-11 16:00:00+00:00,604.7,605.86,603.1,605.41,11409893.0
2025-02-11 20:00:00+00:00,605.41,605.65,604.61,605.33,10676212.0
2025-02-12 00:00:00+00:00,605.26,605.63,605.15,605.31,31344.0
2025-02-12 08:00:00+00:00,604.89,604.89,603.68,604.66,88640.0
2025-02-12 12:00:00+00:00,604.65,605.72,598.231,602.43,20470221.0
2025-02-12 16:00:00+00:00,602.45,604.55,600.17,603.9,13401539.0
2025-02-12 20:00:00+00:00,603.9,604.58,602.57,604.4104,9931723.0
2025-02-13 00:00:00+00:00,604.5,604.689,604.2,604.59,57695.0
2025-02-13 08:00:00+00:00,602.44,603.91,601.65,603.4,137432.0
2025-02-13 12:00:00+00:00,603.32,607.49,602.0,607.09,9831876.0
2025-02-13 16:00:00+00:00,607.09,609.29,604.99,608.9,14358862.0
2025-02-13 20:00:00+00:00,608.895,609.94,608.82,609.5,13952094.0
2025-02-14 00:00:00+00:00,609.58,609.77,609.38,609.65,32809.0
2025-02-14 08:00:00+00:00,609.97,610.5,608.62,608.99,104794.0
2025-02-14 12:00:00+00:00,608.96,611.02,608.94,610.51,6439143.0
2025-02-14 16:00:00+00:00,610.53,610.85,609.07,610.22,10025590.0
2025-02-14 20:00:00+00:00,610.21,610.29,609.42,609.55,9266898.0
2025-02-15 00:00:00+00:00,609.55,609.83,609.55,609.78,23428.0
2025-02-18 08:00:00+00:00,610.77,611.88,610.77,611.79,71847.0
2025-02-18 12:00:00+00:00,611.74,612.31,609.33,610.61,6818004.0
2025-02-18 16:00:00+00:00,610.605,610.855,608.38,609.85,10033434.0
2025-02-18 20:00:00+00:00,609.87,611.57,609.63,611.5,8358000.0
2025-02-19 00:00:00+00:00,611.41,611.95,611.38,611.95,46605.0
2025-02-19 08:00:00+00:00,611.75,611.96,610.19,610.52,84729.0
2025-02-19 12:00:00+00:00,610.54,611.98,609.56,610.14,7018455.0
2025-02-19 16:00:00+00:00,610.14,613.23,610.14,613.11,11826263.0
2025-02-19 20:00:00+00:00,613.08,613.1,611.6841,612.15,9808871.0
2025-02-20 00:00:00+00:00,612.01,612.3,611.81,612.3,13655.0
2025-02-20 08:00:00+00:00,611.45,612.15,611.04,611.09,104164.0
2025-02-20 12:00:00+00:00,611.15,611.75,607.02,607.35,10182555.0
2025-02-20 16:00:00+00:00,607.35,610.1,607.1,609.86,14619543.0
2025-02-20 20:00:00+00:00,609.865,610.7,609.26,610.43,10321566.0
2025-02-21 00:00:00+00:00,610.35,610.53,610.23,610.39,17145.0
2025-02-21 08:00:00+00:00,610.3,610.82,610.3,610.66,40691.0
2025-02-21 12:00:00+00:00,610.59,611.17,605.766,606.8399,12880369.0
2025-02-21 16:00:00+00:00,606.84,607.5,599.47,600.035,32798289.0
2025-02-21 20:00:00+00:00,600.03,600.91,599.5,600.11,27492832.0
2025-02-22 00:00:00+00:00,600.1,600.38,600.05,600.24,51194.0
2025-02-24 08:00:00+00:00,601.74,603.78,601.74,603.14,254957.0
2025-02-24 12:00:00+00:00,603.13,603.5996,596.49,597.7,14525908.0
2025-02-24 16:00:00+00:00,597.72,601.85,597.47,599.78,13276997.0
2025-02-24 20:00:00+00:00,599.81,600.03,596.64,597.0,20143706.0
2025-02-25 00:00:00+00:00,597.1,598.21,597.09,598.03,83432.0
2025-02-25 08:00:00+00:00,595.95,597.04,595.0,596.73,135085.0
2025-02-25 12:00:00+00:00,596.79,598.22,590.5033,592.33,18976716.0
2025-02-25 16:00:00+00:00,592.34,596.18,589.56,595.24,20776276.0
2025-02-25 20:00:00+00:00,595.23,596.64,593.57,595.63,14802499.0
2025-02-26 00:00:00+00:00,595.63,596.0,595.41,596.0,37980.0
2025-02-26 08:00:00+00:00,596.77,597.47,596.56,596.84,151371.0
2025-02-26 12:00:00+00:00,596.79,599.28,595.1,598.85,10409620.0
2025-02-26 16:00:00+00:00,598.87,599.58,591.8556,592.76,18709426.0
2025-02-26 20:00:00+00:00,592.8,600.0,592.23,594.97,13114329.0
2025-02-27 00:00:00+00:00,595.0715,595.4,593.66,593.66,87778.0
2025-02-27 08:00:00+00:00,597.61,598.23,597.11,598.23,104275.0
2025-02-27 12:00:00+00:00,598.33,598.68,590.52,593.432,17692976.0
2025-02-27 16:00:00+00:00,593.44,596.24,588.34,589.28,20196486.0
2025-02-27 20:00:00+00:00,589.3,589.35,584.65,586.05,33926528.0
2025-02-28 00:00:00+00:00,586.15,586.25,584.89,584.89,78649.0
2025-02-28 08:00:00+00:00,586.1,587.6,586.1,587.23,138562.0
2025-02-28 12:00:00+00:00,587.21,588.8998,583.27,588.86,18301072.0
2025-02-28 16:00:00+00:00,588.87,589.03,582.44,588.1,27912610.0
2025-02-28 20:00:00+00:00,588.09,594.72,587.7,593.8799,37210488.0
2025-03-01 00:00:00+00:00,593.87,594.3,593.51,594.3,247868.0
2025-03-03 08:00:00+00:00,593.88,596.56,593.88,596.56,195487.0
2025-03-03 12:00:00+00:00,596.48,597.63,590.71,592.4159,15062722.0
2025-03-03 16:00:00+00:00,592.41,594.5499,585.97,586.05,23416160.0
2025-03-03 20:00:00+00:00,586.03,587.9613,579.9,584.65,32165074.0
2025-03-04 00:00:00+00:00,584.73,585.55,584.0,585.4,256290.0
2025-03-04 08:00:00+00:00,584.63,585.31,582.75,583.39,147063.0
2025-03-04 12:00:00+00:00,583.31,586.0,572.25,574.09,28336213.0
2025-03-04 16:00:00+00:00,574.1,583.13,572.3,582.89,36895401.0
2025-03-04 20:00:00+00:00,582.82,585.39,574.69,581.24,41269713.0
2025-03-05 00:00:00+00:00,581.25,581.45,579.4,580.43,164785.0
2025-03-05 08:00:00+00:00,580.7,582.27,577.64,578.9,328509.0
2025-03-05 12:00:00+00:00,578.89,581.94,575.0,576.92,17886761.0
2025-03-05 16:00:00+00:00,576.9,584.34,573.0795,583.09,31886763.0
2025-03-05 20:00:00+00:00,583.025,584.88,580.4099,582.51,17607960.0
2025-03-06 00:00:00+00:00,582.4,582.9,581.8,581.9,112060.0
2025-03-06 08:00:00+00:00,581.38,582.39,575.71,577.7,425744.0
2025-03-06 12:00:00+00:00,577.79,583.05,573.45,578.71,16991601.0
2025-03-06 16:00:00+00:00,578.71,580.1736,570.12,570.98,34817845.0
2025-03-06 20:00:00+00:00,571.03,575.17,570.46,574.38,25600116.0
2025-03-07 00:00:00+00:00,574.55,574.97,573.77,574.37,175713.0
2025-03-07 08:00:00+00:00,574.34,575.54,574.0,574.75,98285.0
2025-03-07 12:00:00+00:00,574.74,578.22,568.4281,570.91,22471171.0
2025-03-07 16:00:00+00:00,570.92,577.31,565.63,575.1735,38746664.0
2025-03-07 20:00:00+00:00,575.16,577.39,572.81,574.8493,17688697.0
2025-03-08 00:00:00+00:00,574.85,574.85,574.35,574.71,56013.0
2025-03-10 08:00:00+00:00,572.7,573.24,568.65,569.06,539034.0
2025-03-10 12:00:00+00:00,569.13,574.12,563.06,563.84,30114154.0
2025-03-10 16:00:00+00:00,563.8,565.11,555.59,560.75,50926561.0
2025-03-10 20:00:00+00:00,560.74,561.47,556.9,558.58,11858525.0
2025-03-11 08:00:00+00:00,561.79,563.75,561.2,563.58,632270.0
2025-03-11 12:00:00+00:00,562.32,563.6,554.05,557.17,30456399.0
2025-03-11 16:00:00+00:00,557.15,564.02,552.02,556.12,45455289.0
2025-03-11 20:00:00+00:00,556.08,558.0,555.8,557.8,8700979.0
2025-03-12 08:00:00+00:00,558.17,561.25,557.4,560.84,447831.0
2025-03-12 12:00:00+00:00,560.43,567.0,553.69,559.12,33630425.0
2025-03-12 16:00:00+00:00,559.1,561.9,557.81,558.91,27219492.0
2025-03-12 20:00:00+00:00,558.84,560.72,556.3729,560.71,5853647.0
2025-03-13 00:00:00+00:00,560.67,560.67,560.67,560.67,342.0
2025-03-13 08:00:00+00:00,556.63,559.67,554.81,557.85,581638.0
2025-03-13 12:00:00+00:00,557.71,559.105,552.37,552.4898,20220398.0
2025-03-13 16:00:00+00:00,552.47,554.62,549.68,551.51,37885818.0
2025-03-13 20:00:00+00:00,551.48,559.1292,551.38,553.89,11064651.0
2025-03-14 08:00:00+00:00,554.68,556.85,554.23,556.51,407792.0
2025-03-14 12:00:00+00:00,556.16,562.43,554.35,562.14,21346660.0
2025-03-14 16:00:00+00:00,562.14,563.83,551.4917,562.79,33039828.0
2025-03-14 20:00:00+00:00,562.79,562.81,561.16,562.08,4566637.0
2025-03-17 08:00:00+00:00,559.83,562.55,559.41,561.49,325547.0
2025-03-17 12:00:00+00:00,562.27,566.36,559.18,563.8142,16372478.0
2025-03-17 16:00:00+00:00,563.83,569.71,563.29,567.02,25261697.0
2025-03-17 20:00:00+00:00,567.03,567.58,566.39,566.98,4352175.0
2025-03-18 08:00:00+00:00,565.93,567.3,564.48,566.2,305268.0
2025-03-18 12:00:00+00:00,565.98,566.8267,559.06,559.61,19262637.0
2025-03-18 16:00:00+00:00,559.61,562.215,559.22,561.05,25886446.0
2025-03-18 20:00:00+00:00,561.06,561.74,560.09,561.1999,15824437.0
2025-03-19 08:00:00+00:00,562.09,562.86,560.13,562.55,233658.0
2025-03-19 12:00:00+00:00,562.3255,566.29,560.26,565.78,13917793.0
2025-03-19 16:00:00+00:00,565.77,570.95,562.0,567.01,35859323.0
2025-03-19 20:00:00+00:00,567.07,568.77,566.8495,568.7,11667825.0
2025-03-20 08:00:00+00:00,568.27,569.81,562.5,565.37,702967.0
2025-03-20 12:00:00+00:00,564.14,570.57,562.6012,568.1698,19235202.0
2025-03-20 16:00:00+00:00,568.15,569.42,563.7703,565.68,30786475.0
2025-03-20 20:00:00+00:00,565.69,566.17,564.96,565.68,6423194.0
2025-03-21 08:00:00+00:00,563.09,563.84,561.32,562.3,349556.0
2025-03-21 12:00:00+00:00,562.25,564.35,558.03,559.44,30946169.0
2025-03-21 16:00:00+00:00,559.37,564.89,558.76,564.19,34099533.0
2025-03-21 20:00:00+00:00,564.15,565.11,563.94,565.0,14154928.0
2025-03-24 08:00:00+00:00,568.27,571.23,567.35,570.98,672563.0
2025-03-24 12:00:00+00:00,570.74,573.99,567.9,573.8796,18276661.0
2025-03-24 16:00:00+00:00,573.87,575.15,572.05,574.02,27722219.0
2025-03-24 20:00:00+00:00,574.02,574.57,573.5134,573.8282,9586969.0
2025-03-25 08:00:00+00:00,573.52,575.59,572.91,575.56,236588.0
2025-03-25 12:00:00+00:00,574.65,576.41,573.29,574.7599,14244571.0
2025-03-25 16:00:00+00:00,574.76,575.6,573.69,575.36,18769312.0
2025-03-25 20:00:00+00:00,575.39,576.19,574.71,576.0,2574786.0
2025-03-26 08:00:00+00:00,575.1,575.81,574.24,575.69,125695.0
2025-03-26 12:00:00+00:00,575.4,576.33,570.12,570.66,15021931.0
2025-03-26 16:00:00+00:00,570.66,571.39,567.19,568.74,28001635.0
2025-03-26 20:00:00+00:00,568.73,568.9437,566.03,567.62,6343013.0
2025-03-27 08:00:00+00:00,568.46,569.82,567.27,568.71,374544.0
2025-03-27 12:00:00+00:00,567.91,570.9,564.94,567.94,16663722.0
2025-03-27 16:00:00+00:00,567.96,570.03,566.38,567.0,21344877.0
2025-03-27 20:00:00+00:00,567.04,567.51,566.17,566.57,2662957.0
2025-03-28 08:00:00+00:00,566.48,567.06,564.49,566.35,279808.0
2025-03-28 12:00:00+00:00,566.47,567.85,557.77,557.93,25777072.0
2025-03-28 16:00:00+00:00,557.92,558.8,555.07,555.83,33630263.0
2025-03-28 20:00:00+00:00,555.84,555.8879,553.7,554.15,9098117.0
2025-03-31 08:00:00+00:00,552.6,552.6,548.701,549.79,899403.0
2025-03-31 12:00:00+00:00,550.81,554.12,546.87,553.32,24008225.0
2025-03-31 16:00:00+00:00,553.32,560.7112,551.915,559.15,45867203.0
2025-03-31 20:00:00+00:00,559.18,559.39,556.2,557.001,17622504.0
2025-04-01 08:00:00+00:00,557.55,559.81,555.5,556.24,650562.0
2025-04-01 12:00:00+00:00,557.34,561.8794,553.68,561.57,21609994.0
2025-04-01 16:00:00+00:00,561.59,562.94,556.15,561.03,25779681.0
2025-04-01 20:00:00+00:00,561.05,563.0,560.23,561.78,5073452.0
2025-04-02 08:00:00+00:00,559.66,560.16,557.11,557.16,602977.0
2025-04-02 12:00:00+00:00,557.53,563.75,554.81,562.2836,18297505.0
2025-04-02 16:00:00+00:00,562.31,567.42,560.96,564.65,30405547.0
2025-04-02 20:00:00+00:00,564.62,570.74,542.2,544.83,24363287.0
2025-04-03 08:00:00+00:00,548.0,549.38,544.36,546.0,1432830.0
2025-04-03 12:00:00+00:00,545.35,550.09,539.58,543.51,50275902.0
2025-04-03 16:00:00+00:00,543.51,546.36,536.9,537.64,54076206.0
2025-04-03 20:00:00+00:00,537.68,538.76,534.91,536.38,13855141.0
2025-04-04 08:00:00+00:00,535.28,535.28,515.95,523.01,5275643.0
2025-04-04 12:00:00+00:00,523.01,537.0,510.05,514.96,82270529.0
2025-04-04 16:00:00+00:00,514.98,517.4585,505.06,505.5,96498229.0
2025-04-04 20:00:00+00:00,505.52,514.4198,502.19,505.5,20620580.0
2025-04-07 08:00:00+00:00,486.9,498.9,482.96,493.47,4977899.0
2025-04-07 12:00:00+00:00,493.41,523.17,480.0,499.5,146947372.0
2025-04-07 16:00:00+00:00,499.5,510.47,494.7,504.55,82189632.0
2025-04-07 20:00:00+00:00,504.53,510.24,503.83,509.53,18123700.0
2025-04-08 08:00:00+00:00,510.22,518.3,510.0,518.22,1963921.0
2025-04-08 12:00:00+00:00,518.0,524.98,509.04,516.77,52412665.0
2025-04-08 16:00:00+00:00,516.74,517.29,489.16,496.74,96151076.0
2025-04-08 20:00:00+00:00,496.81,498.64,486.2007,490.5665,10601256.0
2025-04-09 08:00:00+00:00,490.62,499.72,485.28,487.71,5210590.0
2025-04-09 12:00:00+00:00,492.82,503.67,482.86,495.975,50670830.0
2025-04-09 16:00:00+00:00,495.95,546.33,494.77,543.37,153925732.0
2025-04-09 20:00:00+00:00,543.35,548.62,541.8,545.9,20172306.0
2025-04-10 08:00:00+00:00,540.14,540.14,530.68,535.37,2953540.0
2025-04-10 12:00:00+00:00,535.25,543.01,517.91,518.6143,51013692.0
2025-04-10 16:00:00+00:00,518.56,529.71,509.32,524.7,94662509.0
2025-04-10 20:00:00+00:00,524.72,527.5,521.29,522.1017,10462338.0
2025-04-11 08:00:00+00:00,525.2,530.64,520.78,526.95,1374437.0
2025-04-11 12:00:00+00:00,529.15,532.48,520.07,526.94,36298097.0
2025-04-11 16:00:00+00:00,526.93,536.43,526.08,533.98,47172782.0
2025-04-11 20:00:00+00:00,533.82,534.94,533.53,534.29,9553388.0
2025-04-14 08:00:00+00:00,540.0,542.99,539.26,540.03,856547.0
2025-04-14 12:00:00+00:00,541.75,544.48,535.23,535.7399,27255986.0
2025-04-14 16:00:00+00:00,535.725,542.58,533.86,538.97,34768921.0
2025-04-14 20:00:00+00:00,538.99,539.47,535.39,536.9,3906511.0
2025-04-15 08:00:00+00:00,539.27,540.86,536.9,537.38,436599.0
2025-04-15 12:00:00+00:00,539.66,543.23,536.16,540.9717,22342668.0
2025-04-15 16:00:00+00:00,541.0,541.62,536.81,537.72,27207844.0
2025-04-15 20:00:00+00:00,537.8,538.2899,532.39,533.58,4875985.0
2025-04-16 08:00:00+00:00,530.0,537.44,529.44,533.67,858811.0
2025-04-16 12:00:00+00:00,533.5,535.11,529.2,531.71,21866662.0
2025-04-16 16:00:00+00:00,531.73,537.8854,520.29,525.73,45988670.0
2025-04-16 20:00:00+00:00,525.75,528.773,524.34,525.95,12091538.0
2025-04-17 08:00:00+00:00,531.5,531.5,527.19,528.25,592210.0
2025-04-17 12:00:00+00:00,528.36,532.31,523.91,526.76,28202602.0
2025-04-17 16:00:00+00:00,526.76,531.165,525.71,526.39,39782534.0
2025-04-17 20:00:00+00:00,526.36,528.37,526.18,527.1,7983998.0
2025-04-21 08:00:00+00:00,522.78,522.78,519.26,520.0,554257.0
2025-04-21 12:00:00+00:00,522.31,523.05,510.8,511.0699,20844459.0
2025-04-21 16:00:00+00:00,511.05,514.87,508.46,513.98,40856268.0
2025-04-21 20:00:00+00:00,514.02,516.099,510.05,516.05,4077042.0
2025-04-22 08:00:00+00:00,518.71,519.54,517.29,517.67,492126.0
2025-04-22 12:00:00+00:00,518.83,526.55,515.9,526.17,21173868.0
2025-04-22 16:00:00+00:00,526.2,529.305,521.76,526.94,42574023.0
2025-04-22 20:00:00+00:00,526.98,537.83,526.14,536.65,9872087.0
2025-04-23 08:00:00+00:00,536.79,540.7,536.5,538.57,1075988.0
2025-04-23 12:00:00+00:00,540.17,545.43,534.37,537.43,41681960.0
2025-04-23 16:00:00+00:00,537.42,545.1606,533.88,535.41,38863214.0
2025-04-23 20:00:00+00:00,535.37,538.83,534.46,536.7,6860255.0
2025-04-24 08:00:00+00:00,533.01,536.41,531.22,534.36,852567.0
2025-04-24 12:00:00+00:00,535.86,543.9,532.51,542.76,22500368.0
2025-04-24 16:00:00+00:00,542.81,547.43,542.2503,546.54,30769988.0
2025-04-24 20:00:00+00:00,546.55,549.33,546.0664,548.37,6903690.0
2025-04-25 08:00:00+00:00,549.35,550.0,544.34,545.5,904438.0
2025-04-25 12:00:00+00:00,545.5,550.64,543.69,547.07,19626847.0
2025-04-25 16:00:00+00:00,547.09,551.05,546.76,550.52,31298672.0
2025-04-25 20:00:00+00:00,550.54,551.77,550.15,551.23,6012674.0
2025-04-28 08:00:00+00:00,548.92,550.62,548.56,550.02,251989.0
2025-04-28 12:00:00+00:00,549.11,553.55,547.03,547.48,18427327.0
2025-04-28 16:00:00+00:00,547.42,552.28,545.02,550.94,22346423.0
2025-04-28 20:00:00+00:00,550.94,551.2073,549.0189,551.1,4757032.0
2025-04-29 08:00:00+00:00,552.81,552.83,549.14,550.88,397069.0
2025-04-29 12:00:00+00:00,550.89,553.2918,547.95,551.73,16288372.0
2025-04-29 16:00:00+00:00,551.7302,555.45,550.51,554.14,25496838.0
2025-04-29 20:00:00+00:00,554.25,554.8,552.6,552.99,3994224.0
2025-04-30 08:00:00+00:00,553.29,554.08,552.14,552.3,443372.0
2025-04-30 12:00:00+00:00,553.6,553.8,541.52,549.4869,28727698.0
2025-04-30 16:00:00+00:00,549.43,556.52,547.14,554.35,46324076.0
2025-04-30 20:00:00+00:00,554.38,559.74,552.81,559.2785,14015899.0
2025-05-01 08:00:00+00:00,560.07,562.07,559.65,561.31,757007.0
2025-05-01 12:00:00+00:00,560.75,564.0699,554.125,560.38,26798319.0
2025-05-01 16:00:00+00:00,560.4,562.69,557.86,558.46,26230425.0
2025-05-01 20:00:00+00:00,558.41,559.8,555.3,557.18,7547803.0
2025-05-02 08:00:00+00:00,560.98,561.74,559.4,560.43,457634.0
2025-05-02 12:00:00+00:00,561.04,566.39,560.2,566.2299,21159963.0
2025-05-02 16:00:00+00:00,566.23,568.38,566.02,566.62,29970730.0
2025-05-02 20:00:00+00:00,566.59,567.49,566.54,566.83,5263878.0
2025-05-05 08:00:00+00:00,563.85,564.49,561.7,562.23,442569.0
2025-05-05 12:00:00+00:00,562.78,565.31,561.7,565.0,16091127.0
2025-05-05 16:00:00+00:00,565.0,566.65,563.09,563.53,18519731.0
2025-05-05 20:00:00+00:00,563.57,564.512,562.7,562.81,2323076.0
2025-05-06 08:00:00+00:00,560.39,560.55,558.0,558.79,544530.0
2025-05-06 12:00:00+00:00,560.54,562.41,556.96,560.37,15219791.0
2025-05-06 16:00:00+00:00,560.375,563.3476,558.32,558.8,25948595.0
2025-05-06 20:00:00+00:00,558.92,565.06,556.82,563.4,5039033.0
2025-05-07 08:00:00+00:00,562.68,563.02,561.51,562.25,315654.0
2025-05-07 12:00:00+00:00,562.59,562.9381,558.38,559.94,14652167.0
2025-05-07 16:00:00+00:00,559.91,563.82,556.04,561.23,31631027.0
2025-05-07 20:00:00+00:00,561.18,562.36,560.13,561.01,7776882.0
2025-05-08 08:00:00+00:00,556.5,568.0,556.5,566.5,751424.0
2025-05-08 12:00:00+00:00,567.56,569.65,561.7,568.38,25813156.0
2025-05-08 16:00:00+00:00,568.3962,570.31,564.54,564.92,31061657.0
2025-05-08 20:00:00+00:00,564.92,565.61,564.01,564.32,5849759.0
2025-05-09 08:00:00+00:00,565.38,567.99,564.14,566.22,1160638.0
2025-05-09 12:00:00+00:00,566.13,567.63,562.7637,565.55,13874061.0
2025-05-09 16:00:00+00:00,565.56,565.89,562.87,564.29,18442301.0
2025-05-09 20:00:00+00:00,564.3,565.13,563.98,565.0,2725108.0
2025-05-12 08:00:00+00:00,571.12,582.92,571.11,581.0,2696038.0
2025-05-12 12:00:00+00:00,582.0201,582.9001,572.48,578.1695,31723848.0
2025-05-12 16:00:00+00:00,578.16,583.0,577.9775,582.84,35062856.0
2025-05-12 20:00:00+00:00,582.85,583.96,564.4344,582.13,6841851.0
2025-05-13 08:00:00+00:00,580.7,582.2,580.32,582.19,384678.0
2025-05-13 12:00:00+00:00,581.55,588.44,564.61,587.65,25879425.0
2025-05-13 16:00:00+00:00,587.67,589.08,586.73,586.81,34309055.0
2025-05-13 20:00:00+00:00,586.81,587.35,586.39,587.26,5494270.0
2025-05-14 08:00:00+00:00,587.46,588.8,586.19,588.11,510577.0
2025-05-14 12:00:00+00:00,587.74,588.98,585.8,588.0002,21931981.0
2025-05-14 16:00:00+00:00,588.0,588.5651,585.535,587.56,33968771.0
2025-05-14 20:00:00+00:00,587.52,587.66,585.72,586.13,7568128.0
2025-05-15 08:00:00+00:00,584.88,585.56,583.4,585.08,414493.0
2025-05-15 12:00:00+00:00,584.56,589.42,584.0596,589.08,26029633.0
2025-05-15 16:00:00+00:00,589.09,590.97,588.305,590.41,37631668.0
2025-05-15 20:00:00+00:00,590.41,590.72,589.6531,590.16,5837393.0
2025-05-16 00:00:00+00:00,590.18,590.18,590.18,590.18,103.0
2025-05-16 08:00:00+00:00,591.13,592.34,590.53,592.23,326582.0
2025-05-16 12:00:00+00:00,591.97,592.57,589.28,591.045,26375919.0
2025-05-16 16:00:00+00:00,591.04,594.5,590.92,594.29,34325375.0
2025-05-16 20:00:00+00:00,594.3,594.4197,588.2,588.25,13225976.0
2025-05-19 08:00:00+00:00,588.2,588.88,586.2,588.58,954142.0
2025-05-19 12:00:00+00:00,588.08,593.77,586.6004,593.1,25885416.0
2025-05-19 16:00:00+00:00,593.1057,595.54,588.9495,594.94,35265012.0
2025-05-19 20:00:00+00:00,594.93,596.05,593.87,595.54,5033735.0
2025-05-20 08:00:00+00:00,593.45,594.38,592.87,593.96,266715.0
2025-05-20 12:00:00+00:00,593.94,594.3692,592.04,593.2098,16989763.0
2025-05-20 16:00:00+00:00,593.1901,593.8,589.6,592.83,36296503.0
2025-05-20 20:00:00+00:00,592.81,592.89,590.5,592.35,5942050.0
2025-05-21 08:00:00+00:00,590.25,590.88,587.6,590.159,516136.0
2025-05-21 12:00:00+00:00,589.08,592.24,587.7896,591.74,24887658.0
2025-05-21 16:00:00+00:00,591.73,592.58,581.82,582.96,60229803.0
2025-05-21 20:00:00+00:00,582.98,583.5994,582.2,583.111,7496520.0
2025-05-22 08:00:00+00:00,584.0,584.64,580.98,581.02,590202.0
2025-05-22 12:00:00+00:00,581.02,591.9255,580.0,584.25,27163103.0
2025-05-22 16:00:00+00:00,584.25,586.62,582.58,583.03,38870049.0
2025-05-22 20:00:00+00:00,583.03,584.3,582.22,583.11,3278444.0
2025-05-23 08:00:00+00:00,584.22,584.66,574.33,575.09,2309234.0
2025-05-23 12:00:00+00:00,575.13,584.4,573.26,578.03,33556693.0
2025-05-23 16:00:00+00:00,578.04,581.8101,577.52,579.16,33783392.0
2025-05-23 20:00:00+00:00,579.18,579.18,578.22,579.0,4672257.0
2025-05-27 08:00:00+00:00,585.12,588.4,585.12,587.49,789642.0
2025-05-27 12:00:00+00:00,587.27,589.12,584.01,588.965,29080412.0
2025-05-27 16:00:00+00:00,588.96,591.31,578.43,591.06,37828615.0
2025-05-27 20:00:00+00:00,591.08,591.77,590.5009,591.3,3112477.0
2025-05-28 08:00:00+00:00,589.98,591.91,589.49,591.46,309505.0
2025-05-28 12:00:00+00:00,591.43,592.7688,588.97,589.06,22426981.0
2025-05-28 16:00:00+00:00,589.06,590.79,586.985,587.71,35719567.0
2025-05-28 20:00:00+00:00,587.68,597.13,586.9,596.609,8552272.0
2025-05-29 08:00:00+00:00,596.62,598.31,592.7,592.8,1104487.0
2025-05-29 12:00:00+00:00,592.81,598.0,586.54,587.19,27786074.0
2025-05-29 16:00:00+00:00,587.18,590.665,586.07,590.0,35195079.0
2025-05-29 20:00:00+00:00,590.01,590.27,588.1,588.1,4907984.0
2025-05-30 08:00:00+00:00,589.13,590.1,588.67,589.34,217437.0
2025-05-30 12:00:00+00:00,589.62,590.12,585.582,587.98,21821296.0
2025-05-30 16:00:00+00:00,588.01,591.1299,583.235,589.47,57466090.0
2025-05-30 20:00:00+00:00,589.45,590.44,587.24,588.4009,7836345.0
2025-06-02 08:00:00+00:00,586.8,588.0,585.7,587.18,456023.0
2025-06-02 12:00:00+00:00,586.98,590.06,584.97,589.81,26650740.0
2025-06-02 16:00:00+00:00,589.8,592.79,588.98,592.65,28568127.0
2025-06-02 20:00:00+00:00,592.66,593.44,591.04,591.48,4830003.0
2025-06-03 08:00:00+00:00,590.2,592.02,589.01,591.81,352466.0
2025-06-03 12:00:00+00:00,591.13,595.7,589.34,595.64,21769832.0
2025-06-03 16:00:00+00:00,595.64,597.08,594.8001,596.11,35783570.0
2025-06-03 20:00:00+00:00,596.11,596.6001,595.5101,596.3017,4616881.0
2025-06-04 08:00:00+00:00,596.99,597.63,596.83,597.29,193780.0
2025-06-04 12:00:00+00:00,597.32,597.95,595.46,596.88,23857881.0
2025-06-04 16:00:00+00:00,596.87,597.93,595.7909,595.9,29304149.0
2025-06-04 20:00:00+00:00,595.88,596.13,595.37,595.48,2633020.0
2025-06-05 08:00:00+00:00,596.5,597.7,595.92,596.41,198972.0
2025-06-05 12:00:00+00:00,595.8,599.73,593.91,598.7799,31965445.0
2025-06-05 16:00:00+00:00,598.76,598.95,591.05,593.0,51937537.0
2025-06-05 20:00:00+00:00,592.97,593.7,591.33,592.83,6716150.0
2025-06-06 08:00:00+00:00,594.72,595.79,594.65,595.27,442308.0
2025-06-06 12:00:00+00:00,595.06,600.83,592.606,598.6901,28677757.0
2025-06-06 16:00:00+00:00,598.7,600.64,596.86,599.03,32317783.0
2025-06-06 20:00:00+00:00,599.03,599.7674,598.84,599.73,3595042.0
2025-06-09 08:00:00+00:00,599.45,600.37,599.1,600.15,412660.0
2025-06-09 12:00:00+00:00,599.58,600.4,598.1,599.85,19088108.0
2025-06-09 16:00:00+00:00,599.86,601.25,599.36,599.56,28501064.0
2025-06-09 20:00:00+00:00,599.59,600.2,599.24,599.88,2877572.0
2025-06-10 08:00:00+00:00,599.83,600.5,598.34,600.5,286894.0
2025-06-10 12:00:00+00:00,600.0,602.13,597.83,601.27,20979369.0
2025-06-10 16:00:00+00:00,601.26,603.47,600.12,603.06,35293127.0
2025-06-10 20:00:00+00:00,603.05,603.7,601.85,602.7,8004285.0
2025-06-11 08:00:00+00:00,601.89,602.68,601.13,602.32,365446.0
2025-06-11 12:00:00+00:00,602.33,606.4,600.99,603.58,23601754.0
2025-06-11 16:00:00+00:00,603.59,604.445,599.27,601.4,45535748.0
2025-06-11 20:00:00+00:00,601.4,602.9843,600.08,600.4895,3105320.0
2025-06-12 08:00:00+00:00,598.68,599.88,597.59,597.86,621526.0
2025-06-12 12:00:00+00:00,600.78,603.62,597.69,602.47,25909299.0
2025-06-12 16:00:00+00:00,602.475,603.72,601.915,603.72,31953238.0
2025-06-12 20:00:00+00:00,603.69,603.75,600.12,600.19,4386498.0
2025-06-13 08:00:00+00:00,596.34,598.7,594.48,598.48,1651518.0
2025-06-13 12:00:00+00:00,598.0,601.71,593.79,601.25,29371480.0
2025-06-13 16:00:00+00:00,601.24,601.85,595.48,596.95,51195827.0
2025-06-13 20:00:00+00:00,596.93,597.7,596.62,597.49,4344170.0
2025-06-16 08:00:00+00:00,600.31,600.86,598.18,600.75,670645.0
2025-06-16 12:00:00+00:00,599.67,604.45,596.9301,603.1399,30790370.0
2025-06-16 16:00:00+00:00,603.14,603.71,601.64,602.71,37068179.0
2025-06-16 20:00:00+00:00,602.74,603.2,598.92,598.94,9340475.0
2025-06-17 08:00:00+00:00,599.07,600.43,598.27,600.41,779897.0
2025-06-17 12:00:00+00:00,599.29,602.6181,598.4696,600.705,22618739.0
2025-06-17 16:00:00+00:00,600.74,601.59,596.76,597.55,46335702.0
2025-06-17 20:00:00+00:00,597.59,598.15,595.57,596.1105,9854137.0
2025-06-18 00:00:00+00:00,596.2,596.2,596.2,596.2,100.0
2025-06-18 08:00:00+00:00,599.02,600.05,597.39,598.7,540442.0
2025-06-18 12:00:00+00:00,597.66,601.22,597.082,599.7393,20677901.0
2025-06-18 16:00:00+00:00,599.72,601.0,596.47,597.46,43710705.0
2025-06-18 20:00:00+00:00,597.47,598.23,596.54,597.29,5427619.0
2025-06-20 08:00:00+00:00,595.23,597.3,593.67,596.16,598381.0
2025-06-20 12:00:00+00:00,595.03,599.46,593.5,594.702,40623790.0
2025-06-20 16:00:00+00:00,594.71,595.97,592.86,594.23,39662022.0
2025-06-20 20:00:00+00:00,594.19,595.74,594.07,595.31,9483698.0
2025-06-23 08:00:00+00:00,594.22,596.41,592.55,593.84,930258.0
2025-06-23 12:00:00+00:00,594.62,598.29,592.63,595.86,25220790.0
2025-06-23 16:00:00+00:00,595.86,600.54,591.89,600.13,53152941.0
2025-06-23 20:00:00+00:00,600.12,603.69,599.66,603.3384,6785979.0
2025-06-24 08:00:00+00:00,605.07,605.96,588.79,604.83,875049.0
2025-06-24 12:00:00+00:00,604.81,606.5,603.17,605.755,24715876.0
2025-06-24 16:00:00+00:00,605.77,607.8499,605.655,606.77,34895344.0
2025-06-24 20:00:00+00:00,606.77,607.16,605.891,607.02,5741983.0
2025-06-25 08:00:00+00:00,607.0,608.13,606.63,608.05,242432.0
2025-06-25 12:00:00+00:00,607.24,608.61,606.48,606.89,24868455.0
2025-06-25 16:00:00+00:00,606.89,607.37,605.54,607.08,31378201.0
2025-06-25 20:00:00+00:00,607.09,607.3599,606.3,607.09,3847217.0
2025-06-26 08:00:00+00:00,607.72,609.47,607.72,609.35,331908.0
2025-06-26 12:00:00+00:00,609.35,610.865,607.72,610.53,27052247.0
2025-06-26 16:00:00+00:00,610.52,612.31,610.46,611.89,41856332.0
2025-06-26 20:00:00+00:00,611.9,612.82,611.26,612.0982,7493566.0
2025-06-27 08:00:00+00:00,613.64,614.39,613.35,614.34,436661.0
2025-06-27 12:00:00+00:00,613.83,616.1,612.6,615.902,26336348.0
2025-06-27 16:00:00+00:00,615.9,616.39,610.83,614.86,52838349.0
2025-06-27 20:00:00+00:00,614.79,614.91,612.86,613.43,5019125.0
2025-06-30 08:00:00+00:00,617.33,617.87,617.03,617.52,413494.0
2025-06-30 12:00:00+00:00,617.74,617.9,615.688,616.465,25889706.0
2025-06-30 16:00:00+00:00,616.47,619.22,615.04,617.88,52885735.0
2025-06-30 20:00:00+00:00,617.91,618.17,616.94,617.71,9688377.0
2025-07-01 08:00:00+00:00,617.03,617.46,616.41,616.91,314912.0
2025-07-01 12:00:00+00:00,616.94,618.065,615.52,616.94,27299987.0
2025-07-01 16:00:00+00:00,616.96,618.83,616.7,617.56,36691099.0
2025-07-01 20:00:00+00:00,617.59,618.15,616.859,617.929,4557945.0
2025-07-02 08:00:00+00:00,618.49,618.79,617.4,617.78,249623.0
2025-07-02 12:00:00+00:00,617.7325,619.68,616.35,619.2719,23501964.0
2025-07-02 16:00:00+00:00,619.27,620.49,618.86,620.38,34887017.0
2025-07-02 20:00:00+00:00,620.38,620.76,619.19,620.6492,6840380.0
2025-07-03 00:00:00+00:00,620.62,620.62,620.62,620.62,250.0
2025-07-03 08:00:00+00:00,621.22,621.37,620.51,621.25,243882.0
2025-07-03 12:00:00+00:00,621.12,626.08,620.81,625.9,29780208.0
2025-07-03 16:00:00+00:00,625.902,626.28,624.87,625.34,15932379.0
2025-07-03 20:00:00+00:00,625.12,625.12,624.8207,625.01,69697.0
2025-07-07 08:00:00+00:00,623.38,624.22,620.0,624.19,316472.0
2025-07-07 12:00:00+00:00,624.14,624.59,621.18,621.74,18794915.0
2025-07-07 16:00:00+00:00,621.75,622.29,617.87,620.78,49109576.0
2025-07-07 20:00:00+00:00,620.76,620.81,618.75,620.0,4630530.0
2025-07-08 08:00:00+00:00,621.22,621.97,620.72,621.499,275575.0
2025-07-08 12:00:00+00:00,621.42,622.0,619.52,621.065,21593315.0
2025-07-08 16:00:00+00:00,621.0612,622.11,619.84,620.31,33924044.0
2025-07-08 20:00:00+00:00,620.32,620.83,620.14,620.2601,1760460.0
2025-07-09 08:00:00+00:00,620.47,622.0,620.35,621.73,237855.0
2025-07-09 12:00:00+00:00,621.53,624.72,619.49,621.93,27663398.0
2025-07-09 16:00:00+00:00,621.93,624.21,621.55,624.02,31624005.0
2025-07-09 20:00:00+00:00,624.0,625.8642,623.56,623.6788,5154020.0
2025-07-10 08:00:00+00:00,622.79,624.49,622.73,624.3,287523.0
2025-07-10 12:00:00+00:00,623.65,625.785,622.31,625.7,23059055.0
2025-07-10 16:00:00+00:00,625.7,626.8701,625.025,625.84,29419096.0
2025-07-10 20:00:00+00:00,625.81,626.37,625.27,626.31,3857034.0
2025-07-11 08:00:00+00:00,622.74,624.7,621.4,622.81,618737.0
2025-07-11 12:00:00+00:00,621.9,624.71,621.49,623.775,22516521.0
2025-07-11 16:00:00+00:00,623.78,624.86,623.13,623.61,35774407.0
2025-07-11 20:00:00+00:00,623.6,623.65,622.9501,623.04,3887609.0
2025-07-14 08:00:00+00:00,621.42,622.31,621.1,621.88,388307.0
2025-07-14 12:00:00+00:00,621.86,624.39,620.0,623.95,22373846.0
2025-07-14 16:00:00+00:00,623.94,625.1581,623.63,624.74,25124932.0
2025-07-14 20:00:00+00:00,624.74,624.87,623.81,624.12,2865912.0
2025-07-15 08:00:00+00:00,626.65,627.9,625.91,627.11,485577.0
2025-07-15 12:00:00+00:00,627.2,627.97,623.8,624.8348,28388539.0
2025-07-15 16:00:00+00:00,624.85,624.99,622.075,622.12,39043427.0
2025-07-15 20:00:00+00:00,622.09,622.3,620.33,621.04,5456972.0
2025-07-16 08:00:00+00:00,621.88,622.22,620.89,622.21,290811.0
2025-07-16 12:00:00+00:00,622.21,624.12,618.05,621.96,52023480.0
2025-07-16 16:00:00+00:00,621.95,624.73,621.04,624.18,31879419.0
2025-07-16 20:00:00+00:00,624.17,624.23,623.08,623.18,3595185.0
2025-07-17 08:00:00+00:00,624.4,625.02,623.75,623.87,239838.0
2025-07-17 12:00:00+00:00,624.01,627.27,623.27,627.2147,23181962.0
2025-07-17 16:00:00+00:00,627.21,628.4048,626.525,627.98,37891688.0
2025-07-17 20:00:00+00:00,627.98,628.8502,627.6144,628.71,6274622.0
2025-07-18 08:00:00+00:00,628.74,629.16,628.18,628.48,290861.0
2025-07-18 12:00:00+00:00,629.2,629.65,626.91,628.115,27992385.0
2025-07-18 16:00:00+00:00,628.115,628.16,626.46,627.58,26868468.0
2025-07-18 20:00:00+00:00,627.59,627.98,627.43,627.9,8784811.0
2025-07-21 08:00:00+00:00,629.11,629.59,628.99,629.07,306301.0
2025-07-21 12:00:00+00:00,629.27,631.54,628.17,631.1751,21138766.0
2025-07-21 16:00:00+00:00,631.17,631.52,628.34,628.75,35320152.0
2025-07-21 20:00:00+00:00,628.74,629.15,628.5894,629.06,4324180.0
2025-07-22 08:00:00+00:00,628.31,629.01,627.87,628.96,210728.0
2025-07-22 12:00:00+00:00,628.91,629.25,626.19,627.65,23912807.0
2025-07-22 16:00:00+00:00,627.66,629.73,627.04,628.83,31098663.0
2025-07-22 20:00:00+00:00,628.83,630.62,628.57,630.51,3235873.0
2025-07-23 08:00:00+00:00,630.48,631.77,630.48,631.33,443439.0
2025-07-23 12:00:00+00:00,631.38,632.79,629.73,632.065,23083372.0
2025-07-23 16:00:00+00:00,632.06,634.16,631.3495,634.16,39389565.0
2025-07-23 20:00:00+00:00,634.15,635.4,633.5,634.6595,6263375.0
2025-07-24 08:00:00+00:00,633.95,635.02,633.8,634.79,180505.0
2025-07-24 12:00:00+00:00,634.31,635.89,633.53,635.54,22384516.0
2025-07-24 16:00:00+00:00,635.53,636.15,634.25,634.43,42455350.0
2025-07-24 20:00:00+00:00,634.48,635.54,634.25,635.44,5100524.0
2025-07-25 08:00:00+00:00,635.01,635.56,634.71,635.16,155031.0
2025-07-25 12:00:00+00:00,635.28,636.4,634.78,635.93,18248618.0
2025-07-25 16:00:00+00:00,635.93,637.5799,635.79,637.03,31884519.0
2025-07-25 20:00:00+00:00,637.02,637.5,636.6,637.4598,4744055.0
2025-07-28 08:00:00+00:00,639.24,639.33,638.02,638.26,317038.0
2025-07-28 12:00:00+00:00,638.3,640.26,636.33,637.39,21347677.0
2025-07-28 16:00:00+00:00,637.38,637.65,635.54,636.92,28049811.0
2025-07-28 20:00:00+00:00,636.91,637.45,636.79,637.38,4210999.0
2025-07-29 08:00:00+00:00,638.44,638.89,638.1,638.5,249532.0
2025-07-29 12:00:00+00:00,638.8,638.8683,634.69,635.885,23397727.0
2025-07-29 16:00:00+00:00,635.88,636.56,634.335,635.24,32490724.0
2025-07-29 20:00:00+00:00,635.23,635.5701,634.87,635.44,2797592.0
2025-07-30 08:00:00+00:00,636.04,636.5,635.29,636.21,310075.0
2025-07-30 12:00:00+00:00,636.12,636.82,635.0,636.175,18236088.0
2025-07-30 16:00:00+00:00,636.16,637.68,631.54,634.49,51420459.0
2025-07-30 20:00:00+00:00,634.5,639.3,634.09,638.95,9608892.0
2025-07-31 08:00:00+00:00,640.64,641.46,639.69,639.83,571916.0
2025-07-31 12:00:00+00:00,640.23,641.52,635.06,637.54,33914260.0
2025-07-31 16:00:00+00:00,637.55,638.31,630.765,631.97,56239741.0
2025-07-31 20:00:00+00:00,631.9,634.2,629.99,631.08,10657456.0
2025-08-01 08:00:00+00:00,629.5,629.5,624.83,626.87,1083575.0
2025-08-01 12:00:00+00:00,625.38,631.64,619.65,624.0,53540660.0
2025-08-01 16:00:00+00:00,624.0,624.965,619.29,621.71,75065866.0
2025-08-01 20:00:00+00:00,621.72,623.7583,621.03,621.23,8497188.0
2025-08-04 08:00:00+00:00,624.1,626.33,624.1,625.0,532219.0
2025-08-04 12:00:00+00:00,625.04,630.05,623.7,629.87,29673595.0
2025-08-04 16:00:00+00:00,629.86,631.215,629.39,631.09,34752884.0
2025-08-04 20:00:00+00:00,631.07,632.47,621.72,631.79,6085829.0
2025-08-05 08:00:00+00:00,631.62,632.96,631.33,632.65,423591.0
2025-08-05 12:00:00+00:00,632.67,633.1,627.04,628.09,30866440.0
2025-08-05 16:00:00+00:00,628.075,630.32,627.8,628.0,31915877.0
2025-08-05 20:00:00+00:00,628.02,628.85,626.86,627.23,3463665.0
2025-08-06 08:00:00+00:00,631.21,631.3,628.82,629.47,222652.0
2025-08-06 12:00:00+00:00,629.56,632.9104,628.13,632.66,27603731.0
2025-08-06 16:00:00+00:00,632.67,633.44,631.85,632.67,30391118.0
2025-08-06 20:00:00+00:00,632.67,634.21,631.2603,633.6,3916190.0
2025-08-07 08:00:00+00:00,634.99,638.18,634.48,636.29,520212.0
2025-08-07 12:00:00+00:00,636.75,638.14,631.35,631.8946,30639436.0
2025-08-07 16:00:00+00:00,631.86,632.61,629.11,632.3,36937533.0
2025-08-07 20:00:00+00:00,632.29,633.83,632.0938,633.3,5038316.0
2025-08-08 08:00:00+00:00,633.56,634.73,633.51,634.66,295786.0
2025-08-08 12:00:00+00:00,634.26,637.04,631.3,636.36,25483140.0
2025-08-08 16:00:00+00:00,636.35,637.645,636.05,637.14,30610817.0
2025-08-08 20:00:00+00:00,637.14,638.6,632.1468,638.6,6289848.0
2025-08-11 08:00:00+00:00,637.98,638.4,636.85,638.32,286705.0
2025-08-11 12:00:00+00:00,638.11,638.66,636.53,637.86,19193345.0
2025-08-11 16:00:00+00:00,637.87,638.95,634.66,635.83,34488319.0
2025-08-11 20:00:00+00:00,635.85,635.99,635.19,635.73,3838595.0
2025-08-12 08:00:00+00:00,636.68,636.83,635.14,635.75,256539.0
2025-08-12 12:00:00+00:00,635.71,641.27,635.23,641.23,31370297.0
2025-08-12 16:00:00+00:00,641.23,642.85,640.86,642.64,26923604.0
2025-08-12 20:00:00+00:00,642.67,643.1,642.3002,643.06,4730354.0
2025-08-13 08:00:00+00:00,643.55,644.4,643.53,644.25,201309.0
2025-08-13 12:00:00+00:00,644.15,646.19,642.57,643.43,27368546.0
2025-08-13 16:00:00+00:00,643.44,645.1,642.68,644.88,27010627.0
2025-08-13 20:00:00+00:00,644.88,645.25,643.99,644.72,4193716.0
2025-08-14 08:00:00+00:00,644.56,645.19,644.46,645.13,114965.0
2025-08-14 12:00:00+00:00,644.47,645.545,641.4,644.07,24460536.0
2025-08-14 16:00:00+00:00,644.04,645.62,642.665,644.94,28180494.0
2025-08-14 20:00:00+00:00,644.91,645.527,644.2306,645.16,5619109.0
2025-08-15 08:00:00+00:00,646.81,647.02,645.34,646.28,196491.0
2025-08-15 12:00:00+00:00,646.28,647.04,642.5153,643.415,25417088.0
2025-08-15 16:00:00+00:00,643.4,644.88,643.08,643.44,33974316.0
2025-08-15 20:00:00+00:00,643.48,643.8,642.73,643.2294,7980266.0
2025-08-18 08:00:00+00:00,642.97,644.26,642.08,642.91,251854.0
2025-08-18 12:00:00+00:00,642.86,644.55,642.19,642.7301,17174599.0
2025-08-18 16:00:00+00:00,642.73,644.0,642.18,643.27,22951871.0
2025-08-18 20:00:00+00:00,643.28,644.16,643.01,643.55,1960546.0
2025-08-19 08:00:00+00:00,642.63,643.35,642.41,643.23,129335.0
2025-08-19 12:00:00+00:00,643.21,644.105,640.47,640.75,26501394.0
2025-08-19 16:00:00+00:00,640.73,641.1,638.48,639.77,34212402.0
2025-08-19 20:00:00+00:00,639.77,640.19,638.94,639.2,7047843.0
2025-08-20 00:00:00+00:00,639.22,639.22,639.22,639.22,500.0
2025-08-20 08:00:00+00:00,637.22,639.53,637.22,639.01,279708.0
2025-08-20 12:00:00+00:00,639.42,639.66,632.95,635.15,41485784.0
2025-08-20 16:00:00+00:00,635.14,639.06,635.075,638.06,36250289.0
2025-08-20 20:00:00+00:00,638.05,638.35,636.4788,637.7999,8813984.0
2025-08-21 08:00:00+00:00,638.01,638.36,636.26,636.55,258493.0
2025-08-21 12:00:00+00:00,637.05,638.63,634.31,635.58,20510091.0
2025-08-21 16:00:00+00:00,635.58,636.52,633.81,635.58,26858012.0
2025-08-21 20:00:00+00:00,635.53,636.57,635.37,636.57,5343683.0
2025-08-22 08:00:00+00:00,636.02,637.54,635.97,636.97,261471.0
2025-08-22 12:00:00+00:00,637.43,646.5,633.85,645.41,41608767.0
2025-08-22 16:00:00+00:00,645.415,646.4,644.295,645.27,36095444.0
2025-08-22 20:00:00+00:00,645.24,645.72,644.94,645.5,4644911.0
2025-08-25 08:00:00+00:00,644.41,644.55,643.37,643.83,293175.0
2025-08-25 12:00:00+00:00,643.55,645.14,643.14,644.97,19613223.0
2025-08-25 16:00:00+00:00,644.96,645.29,642.35,642.47,26752808.0
2025-08-25 20:00:00+00:00,642.5,643.38,642.34,643.01,3488614.0
2025-08-26 08:00:00+00:00,641.37,642.44,641.33,642.06,145468.0
2025-08-26 12:00:00+00:00,642.23,643.27,640.73,642.75,15897748.0
2025-08-26 16:00:00+00:00,642.76,645.51,642.435,645.13,29479403.0
2025-08-26 20:00:00+00:00,645.09,645.9,644.96,645.71,4442900.0
2025-08-27 08:00:00+00:00,645.5,645.9,644.99,645.79,106304.0
2025-08-27 12:00:00+00:00,645.62,646.69,644.41,646.5418,16486580.0
2025-08-27 16:00:00+00:00,646.55,647.37,645.38,646.62,24323576.0
2025-08-27 20:00:00+00:00,646.57,647.64,643.15,644.8199,6450282.0
2025-08-28 08:00:00+00:00,647.61,647.91,646.29,646.97,264010.0
2025-08-28 12:00:00+00:00,646.87,648.09,645.34,647.02,25005828.0
2025-08-28 16:00:00+00:00,647.02,649.48,646.94,648.89,30928247.0
2025-08-28 20:00:00+00:00,648.86,649.79,648.3905,648.65,4011259.0
2025-08-29 08:00:00+00:00,647.89,648.48,646.52,647.14,313678.0
2025-08-29 12:00:00+00:00,647.18,648.8,643.14,643.79,28395682.0
2025-08-29 16:00:00+00:00,643.78,645.14,643.46,645.04,36110042.0
2025-08-29 20:00:00+00:00,645.04,645.4999,644.5,644.95,7804303.0
2025-09-02 08:00:00+00:00,640.74,643.88,639.79,640.02,599773.0
2025-09-02 12:00:00+00:00,644.49,644.71,634.92,635.21,32644542.0
2025-09-02 16:00:00+00:00,635.215,640.49,635.0301,640.33,36102827.0
2025-09-02 20:00:00+00:00,640.31,642.45,640.17,641.18,11183020.0
2025-09-03 08:00:00+00:00,641.97,643.75,641.97,642.7,573816.0
2025-09-03 12:00:00+00:00,642.76,644.21,640.5,642.375,27385783.0
2025-09-03 16:00:00+00:00,642.37,643.73,640.46,643.64,36058649.0
2025-09-03 20:00:00+00:00,643.67,644.05,643.28,643.38,5166832.0
2025-09-04 08:00:00+00:00,644.46,645.24,644.17,644.42,154738.0
2025-09-04 12:00:00+00:00,644.95,646.59,643.51,646.175,24351746.0
2025-09-04 16:00:00+00:00,646.175,649.15,645.81,648.99,31221279.0
2025-09-04 20:00:00+00:00,649.02,649.79,648.73,649.46,7128363.0
2025-09-05 08:00:00+00:00,650.36,650.81,649.86,649.86,314941.0
2025-09-05 12:00:00+00:00,650.55,652.21,643.33,645.67,42997419.0
2025-09-05 16:00:00+00:00,645.68,647.41,644.61,647.21,35828222.0
2025-09-05 20:00:00+00:00,647.21,647.26,645.88,645.96,4749386.0
2025-09-08 08:00:00+00:00,648.25,648.96,647.9,648.25,191191.0
2025-09-08 12:00:00+00:00,648.72,649.84,647.61,649.38,23733692.0
2025-09-08 16:00:00+00:00,649.38,649.4,647.23,648.8,31983847.0
2025-09-08 20:00:00+00:00,648.85,649.55,648.5055,649.15,6474772.0
2025-09-09 08:00:00+00:00,649.75,650.1,648.97,649.61,223766.0
2025-09-09 12:00:00+00:00,649.33,650.53,647.22,648.265,23366572.0
2025-09-09 16:00:00+00:00,648.26,650.86,648.17,650.33,28348975.0
2025-09-09 20:00:00+00:00,650.33,651.9,649.91,651.09,13341056.0
2025-09-10 08:00:00+00:00,652.12,652.84,651.34,652.621,281811.0
2025-09-10 12:00:00+00:00,652.28,654.8,651.48,653.305,33917473.0
2025-09-10 16:00:00+00:00,653.31,653.46,650.63,652.225,34645819.0
2025-09-10 20:00:00+00:00,652.22,653.05,651.9,652.88,7509090.0
2025-09-11 00:00:00+00:00,652.88,652.88,652.88,652.88,200.0
2025-09-11 08:00:00+00:00,653.22,653.9,653.07,653.72,120117.0
2025-09-11 12:00:00+00:00,653.67,657.8,652.0,657.21,28696033.0
2025-09-11 16:00:00+00:00,657.21,658.33,656.855,657.61,34085488.0
2025-09-11 20:00:00+00:00,657.58,657.95,657.4,657.67,5606851.0
2025-09-12 08:00:00+00:00,657.17,657.6,656.29,657.581,144424.0
2025-09-12 12:00:00+00:00,657.54,658.48,656.4504,657.62,21955645.0
2025-09-12 16:00:00+00:00,657.61,659.11,656.9,657.42,41151348.0
2025-09-12 20:00:00+00:00,657.39,657.64,657.18,657.25,7962322.0
2025-09-15 08:00:00+00:00,658.5,658.95,657.46,658.94,209671.0
2025-09-15 12:00:00+00:00,658.63,661.04,657.8,660.62,24527374.0
2025-09-15 16:00:00+00:00,660.61,660.91,659.34,660.85,33637413.0
2025-09-15 20:00:00+00:00,660.88,660.91,660.08,660.7,3239747.0
2025-09-16 08:00:00+00:00,661.76,662.65,661.12,661.93,146869.0
2025-09-16 12:00:00+00:00,661.96,662.44,659.21,659.665,25678383.0
2025-09-16 16:00:00+00:00,659.665,660.74,659.48,659.93,29356708.0
2025-09-16 20:00:00+00:00,659.93,660.46,659.79,660.3,4139407.0
2025-09-17 08:00:00+00:00,660.22,660.26,658.57,659.45,170751.0
2025-09-17 12:00:00+00:00,659.57,660.655,658.865,659.265,20192674.0
2025-09-17 16:00:00+00:00,659.26,661.72,654.3,659.18,63157058.0
2025-09-17 20:00:00+00:00,659.18,661.77,659.13,661.49,16980515.0
2025-09-18 08:00:00+00:00,663.11,665.1,663.04,664.1,818756.0
2025-09-18 12:00:00+00:00,664.55,665.01,659.2174,662.5999,38934319.0
2025-09-18 16:00:00+00:00,662.575,664.23,661.955,662.28,43294479.0
2025-09-18 20:00:00+00:00,662.32,663.66,662.18,663.41,5081960.0
2025-09-19 08:00:00+00:00,660.5,661.66,660.38,661.61,323399.0
2025-09-19 12:00:00+00:00,661.57,662.83,659.62,661.6,38288529.0
2025-09-19 16:00:00+00:00,661.59,664.55,661.57,663.64,43198558.0
2025-09-19 20:00:00+00:00,663.6,663.96,662.9,663.47,13257346.0
2025-09-22 08:00:00+00:00,661.87,662.71,661.48,661.95,482548.0
2025-09-22 12:00:00+00:00,661.7484,665.32,661.11,664.59,24298989.0
2025-09-22 16:00:00+00:00,664.5813,667.29,664.56,666.76,37257784.0
2025-09-22 20:00:00+00:00,666.76,666.84,666.09,666.72,5910380.0
2025-09-23 08:00:00+00:00,666.57,667.18,666.0,666.85,186763.0
2025-09-23 12:00:00+00:00,666.47,667.34,665.49,665.55,22040207.0
2025-09-23 16:00:00+00:00,665.56,665.84,661.98,663.23,48411559.0
2025-09-23 20:00:00+00:00,663.28,663.95,663.0,663.55,8845880.0
2025-09-24 08:00:00+00:00,663.6,664.65,663.6,664.45,236302.0
2025-09-24 12:00:00+00:00,664.38,664.62,660.26,660.39,25189957.0
2025-09-24 16:00:00+00:00,660.39,661.8,659.67,661.04,35015361.0
2025-09-24 20:00:00+00:00,661.05,661.74,661.05,661.71,5743036.0
2025-09-25 08:00:00+00:00,661.25,661.6,658.24,658.44,393921.0
2025-09-25 12:00:00+00:00,660.09,662.38,655.08,658.945,38114382.0
2025-09-25 16:00:00+00:00,658.945,659.235,654.405,657.95,42859900.0
2025-09-25 20:00:00+00:00,657.98,658.69,657.7,657.83,6818378.0
2025-09-26 08:00:00+00:00,657.36,659.4,657.36,658.71,191203.0
2025-09-26 12:00:00+00:00,658.67,662.37,657.6,658.67,31228584.0
2025-09-26 16:00:00+00:00,658.68,662.14,658.5,661.75,28974061.0
2025-09-26 20:00:00+00:00,661.74,662.37,661.5,662.11,6771186.0
2025-09-29 08:00:00+00:00,664.57,665.8,664.12,664.96,517240.0
2025-09-29 12:00:00+00:00,665.38,665.7,662.84,663.31,27393758.0
2025-09-29 16:00:00+00:00,663.31,663.8,661.86,663.61,39346577.0
2025-09-29 20:00:00+00:00,663.63,663.76,662.88,663.34,4190917.0
2025-09-30 00:00:00+00:00,663.32,663.32,663.32,663.32,200.0
2025-09-30 08:00:00+00:00,662.08,662.82,661.93,662.4,231266.0
2025-09-30 12:00:00+00:00,662.43,663.69,661.61,663.0,24155578.0
2025-09-30 16:00:00+00:00,662.99,666.65,661.78,666.11,45193496.0
2025-09-30 20:00:00+00:00,666.09,666.23,664.38,664.68,12938938.0
2025-10-01 08:00:00+00:00,661.23,663.95,660.93,663.91,465352.0
2025-10-01 12:00:00+00:00,662.74,667.18,660.51,666.975,30543549.0
2025-10-01 16:00:00+00:00,666.99,669.37,666.43,668.51,32719777.0
2025-10-01 20:00:00+00:00,668.51,668.56,666.8186,668.2915,6398115.0
2025-10-02 08:00:00+00:00,669.26,670.35,669.16,670.32,280035.0
2025-10-02 12:00:00+00:00,669.93,670.74,666.78,668.35,24103247.0
2025-10-02 16:00:00+00:00,668.35,669.73,667.55,669.17,27334553.0
2025-10-02 20:00:00+00:00,669.15,669.5,668.5,669.45,3210638.0
2025-10-03 08:00:00+00:00,671.08,671.48,669.98,670.13,189521.0
2025-10-03 12:00:00+00:00,671.14,672.615,669.47,672.5,22212675.0
2025-10-03 16:00:00+00:00,672.5,672.675,668.16,669.18,41773162.0
2025-10-03 20:00:00+00:00,669.26,669.95,668.6,669.56,5213644.0
2025-10-06 08:00:00+00:00,670.66,672.57,669.72,671.55,432330.0
2025-10-06 12:00:00+00:00,671.57,672.14,669.455,671.81,24571021.0
2025-10-06 16:00:00+00:00,671.8,672.51,671.2917,671.59,24875682.0
2025-10-06 20:00:00+00:00,671.59,671.99,670.4874,670.68,3619530.0
2025-10-07 08:00:00+00:00,670.87,672.02,670.35,672.02,192644.0
2025-10-07 12:00:00+00:00,670.8,673.1,667.67,668.25,36652750.0
2025-10-07 16:00:00+00:00,668.26,669.54,667.67,669.13,28832505.0
2025-10-07 20:00:00+00:00,669.14,669.87,668.8,668.87,4862607.0
2025-10-08 00:00:00+00:00,668.85,668.85,668.85,668.85,500.0
2025-10-08 08:00:00+00:00,670.11,670.56,669.5,670.34,333591.0
2025-10-08 12:00:00+00:00,670.08,672.96,668.93,672.77,25148247.0
2025-10-08 16:00:00+00:00,672.78,673.2056,672.15,673.07,27517425.0
2025-10-08 20:00:00+00:00,673.06,674.0488,672.89,673.78,5291654.0
2025-10-09 08:00:00+00:00,673.12,673.58,672.59,673.08,188983.0
2025-10-09 12:00:00+00:00,673.0197,673.94,669.97,671.308,28161164.0
2025-10-09 16:00:00+00:00,671.31,671.58,669.21,671.17,31017648.0
2025-10-09 20:00:00+00:00,671.19,671.96,670.63,671.96,5507436.0
2025-10-10 08:00:00+00:00,671.94,672.42,670.67,672.15,368406.0
2025-10-10 12:00:00+00:00,672.16,673.95,659.47,661.85,68495145.0
2025-10-10 16:00:00+00:00,661.8107,662.7556,652.84,653.11,72029055.0
2025-10-10 20:00:00+00:00,653.1,656.6821,646.2,652.15,15094209.0
2025-10-13 08:00:00+00:00,661.5,663.23,658.17,660.28,1377265.0
2025-10-13 12:00:00+00:00,661.51,663.97,659.0,662.97,36663362.0
2025-10-13 16:00:00+00:00,662.98,665.13,661.68,663.05,34896791.0
2025-10-13 20:00:00+00:00,663.06,663.26,662.46,662.68,5425605.0
2025-10-14 08:00:00+00:00,659.83,659.83,654.52,657.7,998103.0
2025-10-14 12:00:00+00:00,655.655,663.08,653.17,662.385,37130125.0
2025-10-14 16:00:00+00:00,662.41,665.83,660.28,662.2,43013271.0
2025-10-14 20:00:00+00:00,662.19,663.48,660.89,662.595,5846209.0
2025-10-15 08:00:00+00:00,665.09,666.79,665.09,666.6,569993.0
2025-10-15 12:00:00+00:00,666.46,670.23,663.75,665.2,28901356.0
2025-10-15 16:00:00+00:00,665.22,666.4582,658.93,665.08,46123268.0
2025-10-15 20:00:00+00:00,665.08,666.19,664.58,665.111,4929578.0
2025-10-16 08:00:00+00:00,666.89,668.17,666.35,667.66,509718.0
2025-10-16 12:00:00+00:00,667.62,668.71,663.93,664.52,32856752.0
2025-10-16 16:00:00+00:00,664.51,665.15,657.11,660.65,67128665.0
2025-10-16 20:00:00+00:00,660.7,661.15,658.07,658.96,7982617.0
2025-10-17 08:00:00+00:00,656.83,659.67,651.41,659.33,2054126.0
2025-10-17 12:00:00+00:00,654.37,663.715,651.56,661.71,43613123.0
2025-10-17 16:00:00+00:00,661.7,665.755,660.55,664.32,39141678.0
2025-10-17 20:00:00+00:00,664.34,665.35,664.13,665.28,9487298.0
2025-10-20 08:00:00+00:00,666.0,667.21,665.22,666.36,353544.0
2025-10-20 12:00:00+00:00,666.35,671.46,665.2791,670.55,25109463.0
2025-10-20 16:00:00+00:00,670.58,672.21,670.21,671.27,27447206.0
2025-10-20 20:00:00+00:00,671.27,672.23,670.93,671.7497,6075992.0
2025-10-21 08:00:00+00:00,671.33,671.8,670.4,671.7,358825.0
2025-10-21 12:00:00+00:00,671.04,672.7313,669.981,672.28,23982491.0
2025-10-21 16:00:00+00:00,672.27,672.99,670.76,671.27,26423416.0
2025-10-21 20:00:00+00:00,671.25,672.0,670.5198,671.03,3544385.0
2025-10-22 08:00:00+00:00,671.72,672.32,670.71,671.05,273825.0
2025-10-22 12:00:00+00:00,672.19,672.84,667.39,669.01,25271649.0
2025-10-22 16:00:00+00:00,669.0,669.2,663.3,667.79,48521815.0
2025-10-22 20:00:00+00:00,667.81,668.52,666.78,666.8096,5009563.0
2025-10-23 08:00:00+00:00,668.88,669.14,666.58,666.74,326745.0
2025-10-23 12:00:00+00:00,667.97,670.74,666.02,670.25,22147392.0
2025-10-23 16:00:00+00:00,670.26,672.7101,670.14,671.63,34941755.0
2025-10-23 20:00:00+00:00,671.6,672.37,670.8,672.3,6360883.0
2025-10-24 08:00:00+00:00,673.21,674.38,672.95,674.18,363883.0
2025-10-24 12:00:00+00:00,673.7214,678.42,671.76,677.945,26875689.0
2025-10-24 16:00:00+00:00,677.92,678.47,676.765,677.11,31497062.0
2025-10-24 20:00:00+00:00,677.15,677.34,676.68,677.3,13300665.0
2025-10-27 08:00:00+00:00,682.66,683.24,682.15,682.41,713448.0
2025-10-27 12:00:00+00:00,682.65,683.61,682.115,683.42,22605744.0
2025-10-27 16:00:00+00:00,683.4124,685.54,683.17,685.18,31501744.0
2025-10-27 20:00:00+00:00,685.17,686.1,685.0,685.59,6817286.0
2025-10-28 08:00:00+00:00,684.9,685.9,684.69,685.83,265606.0
2025-10-28 12:00:00+00:00,685.28,687.23,684.72,685.58,20709313.0
2025-10-28 16:00:00+00:00,685.58,688.905,685.58,686.98,33448719.0
2025-10-28 20:00:00+00:00,686.97,687.53,686.1,687.28,5947578.0
2025-10-29 08:00:00+00:00,688.98,689.45,687.76,688.83,426543.0
2025-10-29 12:00:00+00:00,688.83,689.7,687.8,688.05,29423193.0
2025-10-29 16:00:00+00:00,688.04,688.94,682.87,687.3,47679241.0
2025-10-29 20:00:00+00:00,687.23,689.0,684.8265,686.73,6036621.0
2025-10-30 08:00:00+00:00,687.35,687.5,685.22,686.76,326006.0
2025-10-30 12:00:00+00:00,686.34,689.0,681.39,683.38,29006326.0
2025-10-30 16:00:00+00:00,683.4,685.15,679.86,679.95,36490420.0
2025-10-30 20:00:00+00:00,680.0,684.4899,679.72,684.48,8489395.0
2025-10-31 08:00:00+00:00,685.1,685.9,684.18,685.54,575027.0
2025-10-31 12:00:00+00:00,684.74,686.6,682.1,682.19,25750213.0
2025-10-31 16:00:00+00:00,682.19,684.8,679.24,681.99,48759611.0
2025-10-31 20:00:00+00:00,681.92,682.25,681.47,681.7501,8929854.0
2025-11-03 08:00:00+00:00,683.65,685.2,683.61,684.58,245907.0
2025-11-03 12:00:00+00:00,684.55,685.8,679.94,682.375,19144798.0
2025-11-03 16:00:00+00:00,682.37,684.23,681.825,683.4,17429409.0
2025-11-03 20:00:00+00:00,683.4,684.04,682.4,682.52,19055070.0
2025-11-04 00:00:00+00:00,682.4,682.4,681.26,681.89,97602.0
2025-11-04 08:00:00+00:00,676.52,678.63,673.77,676.47,872758.0
2025-11-04 12:00:00+00:00,676.39,680.03,674.2,678.18,20504165.0
2025-11-04 16:00:00+00:00,678.18,678.82,674.58,675.17,28823274.0
2025-11-04 20:00:00+00:00,675.19,676.535,674.35,674.41,25387550.0
2025-11-05 00:00:00+00:00,674.31,674.31,672.33,672.33,202348.0
2025-11-05 08:00:00+00:00,674.37,675.27,672.42,673.82,203337.0
2025-11-05 12:00:00+00:00,673.9,678.2782,672.52,677.87,20568326.0
2025-11-05 16:00:00+00:00,677.88,680.86,676.76,680.23,23818911.0
2025-11-05 20:00:00+00:00,680.23,680.52,677.11,678.58,26129041.0
2025-11-06 00:00:00+00:00,678.58,678.58,676.24,677.2799,139741.0
2025-11-06 08:00:00+00:00,676.9,678.59,676.5,678.08,181520.0
2025-11-06 12:00:00+00:00,678.06,679.57,670.76,670.95,24418866.0
2025-11-06 16:00:00+00:00,670.93,673.7,668.72,672.99,32423501.0
2025-11-06 20:00:00+00:00,672.98,673.35,669.53,671.81,26153203.0
2025-11-07 00:00:00+00:00,671.77,672.41,671.1,671.92,162477.0
2025-11-07 08:00:00+00:00,671.0,672.19,667.2,669.37,652371.0
2025-11-07 12:00:00+00:00,669.35,672.6,663.29,663.33,28585554.0
2025-11-07 16:00:00+00:00,663.32,669.98,661.205,669.9,43461732.0
2025-11-07 20:00:00+00:00,669.89,672.12,667.92,672.12,25911192.0
2025-11-08 00:00:00+00:00,672.0424,672.36,672.0424,672.36,54803.0
2025-11-10 08:00:00+00:00,675.62,677.94,675.62,677.65,283580.0
2025-11-10 12:00:00+00:00,677.65,679.22,675.39,676.24,22094509.0
2025-11-10 16:00:00+00:00,676.25,681.67,675.03,681.3,27696621.0
2025-11-10 20:00:00+00:00,681.29,682.18,681.03,681.85,23126166.0
2025-11-11 00:00:00+00:00,681.8,682.33,681.58,681.66,75502.0
2025-11-11 08:00:00+00:00,680.88,680.88,679.62,679.98,132588.0
2025-11-11 12:00:00+00:00,680.12,681.62,678.73,679.14,12660715.0
2025-11-11 16:00:00+00:00,679.14,683.42,678.76,683.14,23038013.0
2025-11-11 20:00:00+00:00,683.15,683.58,682.29,682.75,20691364.0
2025-11-12 00:00:00+00:00,682.75,683.51,682.71,683.32,59510.0
2025-11-12 08:00:00+00:00,685.88,685.88,684.04,684.22,207577.0
2025-11-12 12:00:00+00:00,684.25,685.73,681.7955,682.35,15657772.0
2025-11-12 16:00:00+00:00,682.33,684.1499,680.945,682.81,23857767.0
2025-11-12 20:00:00+00:00,682.8,684.07,680.92,681.5,19910856.0
2025-11-13 00:00:00+00:00,681.5875,682.64,681.5875,682.0825,64956.0
2025-11-13 08:00:00+00:00,683.0,684.51,681.71,682.55,145189.0
2025-11-13 12:00:00+00:00,682.55,684.95,675.34,676.48,22695868.0
2025-11-13 16:00:00+00:00,676.48,676.81,670.52,671.69,43178718.0
2025-11-13 20:00:00+00:00,671.68,673.68,670.53,672.57,35448093.0
2025-11-14 00:00:00+00:00,672.63,673.27,672.395,672.6,183360.0
2025-11-14 08:00:00+00:00,670.67,671.56,666.0,667.67,567100.0
2025-11-14 12:00:00+00:00,667.68,672.82,663.265,672.24,35454357.0
2025-11-14 16:00:00+00:00,672.25,675.66,670.89,674.65,38351276.0
2025-11-14 20:00:00+00:00,674.64,675.12,671.17,672.85,20831492.0
2025-11-15 00:00:00+00:00,672.92,673.34,672.88,673.34,55459.0
2025-11-17 08:00:00+00:00,676.14,676.24,672.66,673.44,333316.0
2025-11-17 12:00:00+00:00,673.38,676.26,668.92,670.705,19958987.0
2025-11-17 16:00:00+00:00,670.71,673.0,662.73,662.79,37851370.0
2025-11-17 20:00:00+00:00,662.77,666.84,662.17,666.42,30177020.0
2025-11-18 00:00:00+00:00,666.36,666.67,664.83,665.3,194406.0
2025-11-18 08:00:00+00:00,663.96,664.85,662.99,663.85,139663.0
2025-11-18 12:00:00+00:00,663.88,665.5674,656.8,657.22,39570140.0
2025-11-18 16:00:00+00:00,657.23,665.12,655.86,664.42,44807126.0
2025-11-18 20:00:00+00:00,664.43,664.94,658.93,660.59,27312228.0
2025-11-19 00:00:00+00:00,660.47,660.685,658.75,659.95,120860.0
2025-11-19 08:00:00+00:00,660.2,664.0,660.0,662.65,243275.0
2025-11-19 12:00:00+00:00,662.58,667.34,658.01,662.97,24650837.0
2025-11-19 16:00:00+00:00,662.9603,663.53,658.745,661.25,41882545.0
2025-11-19 20:00:00+00:00,661.25,669.52,661.0,669.51,26479529.0
2025-11-20 00:00:00+00:00,669.53,670.67,669.05,670.0475,301696.0
2025-11-20 08:00:00+00:00,670.98,671.0,668.91,669.75,333758.0
2025-11-20 12:00:00+00:00,669.8,675.56,669.01,672.76,28419098.0
2025-11-20 16:00:00+00:00,672.78,672.82,653.86,658.11,94722007.0
2025-11-20 20:00:00+00:00,658.12,658.13,650.7,653.12,37745408.0
2025-11-21 00:00:00+00:00,653.24,654.71,652.87,654.3985,244975.0
2025-11-21 08:00:00+00:00,654.64,655.25,649.45,652.1,766568.0
2025-11-21 12:00:00+00:00,652.2,656.75,649.47,652.77,36029932.0
2025-11-21 16:00:00+00:00,652.72,664.55,651.08,661.75,54274391.0
2025-11-21 20:00:00+00:00,661.73,662.2,658.23,659.37,29479240.0
2025-11-22 00:00:00+00:00,659.57,660.1752,659.41,660.1375,39067.0
2025-11-24 08:00:00+00:00,662.5,663.75,659.46,661.42,443923.0
2025-11-24 12:00:00+00:00,661.4,667.2,659.03,666.53,21840864.0
2025-11-24 16:00:00+00:00,666.54,669.81,666.53,668.3,24508632.0
2025-11-24 20:00:00+00:00,668.3,670.06,668.19,669.08,31381226.0
2025-11-25 00:00:00+00:00,669.07,669.2671,668.5,669.1911,78770.0
2025-11-25 08:00:00+00:00,667.9,668.53,667.2,668.09,150520.0
2025-11-25 12:00:00+00:00,668.13,671.07,664.48,669.805,25539057.0
2025-11-25 16:00:00+00:00,669.8,674.4,668.86,673.94,31270935.0
2025-11-25 20:00:00+00:00,673.94,676.21,673.92,675.32,22352317.0
2025-11-26 00:00:00+00:00,675.27,676.18,675.0075,675.929,71099.0
2025-11-26 08:00:00+00:00,677.1,677.6,676.45,676.93,204789.0
2025-11-26 12:00:00+00:00,676.87,679.62,675.85,679.56,18264562.0
2025-11-26 16:00:00+00:00,679.56,681.7,679.48,680.86,27986046.0
2025-11-26 20:00:00+00:00,680.87,681.59,679.62,680.08,23962932.0
2025-11-27 00:00:00+00:00,680.05,680.37,679.98,680.3693,38514.0
2025-11-28 08:00:00+00:00,681.14,681.9,681.14,681.45,142538.0
2025-11-28 12:00:00+00:00,681.46,683.41,680.189,682.4601,13447557.0
2025-11-28 16:00:00+00:00,682.46,683.665,681.65,683.39,26498697.0
2025-11-28 20:00:00+00:00,683.68,683.8,683.2,683.54,148156.0
2025-12-01 08:00:00+00:00,679.9,680.41,678.94,679.4,232142.0
2025-12-01 12:00:00+00:00,679.41,681.86,677.71,681.64,17544818.0
2025-12-01 16:00:00+00:00,681.65,682.99,679.82,680.22,18890629.0
2025-12-01 20:00:00+00:00,680.2,681.07,679.375,679.98,22938694.0
2025-12-02 00:00:00+00:00,679.88,680.3,679.66,680.07,37555.0
2025-12-02 08:00:00+00:00,680.47,682.4,680.45,681.81,137906.0
2025-12-02 12:00:00+00:00,681.83,683.68,678.83,683.51,15019818.0
2025-12-02 16:00:00+00:00,683.51,683.82,679.3275,682.35,26750617.0
2025-12-02 20:00:00+00:00,682.36,682.88,681.36,682.14,18764195.0
2025-12-03 00:00:00+00:00,682.2568,682.58,681.329,682.4,43646.0
2025-12-03 08:00:00+00:00,683.15,683.16,682.26,682.73,77938.0
2025-12-03 12:00:00+00:00,682.67,683.84,679.2,682.3163,16816811.0
2025-12-03 16:00:00+00:00,682.31,684.74,681.61,684.625,20835429.0
2025-12-03 20:00:00+00:00,684.63,684.91,683.55,683.92,17260165.0
2025-12-04 00:00:00+00:00,683.9,684.2497,683.42,683.57,42070.0
2025-12-04 08:00:00+00:00,683.66,684.68,683.28,684.26,92339.0
2025-12-04 12:00:00+00:00,684.24,685.72,682.17,683.29,16411784.0
2025-12-04 16:00:00+00:00,683.28,684.77,681.34,683.23,27564561.0
2025-12-04 20:00:00+00:00,683.24,684.66,682.31,684.09,16308572.0
2025-12-05 00:00:00+00:00,684.06,684.8103,683.97,684.75,84886.0
2025-12-05 08:00:00+00:00,685.3,686.1,685.3,686.0,71629.0
2025-12-05 12:00:00+00:00,685.95,688.39,683.66,686.67,18461172.0
2025-12-05 16:00:00+00:00,686.67,687.12,684.58,686.25,23466918.0
2025-12-05 20:00:00+00:00,686.26,686.3,684.6,685.85,34758332.0
2025-12-06 00:00:00+00:00,685.8,685.99,685.8,685.97,25044.0
2025-12-08 08:00:00+00:00,686.59,686.98,686.17,686.25,94211.0
2025-12-08 12:00:00+00:00,686.27,687.32,683.57,683.7,14186627.0
2025-12-08 16:00:00+00:00,683.7,684.4,681.57,682.33,21835262.0
2025-12-08 20:00:00+00:00,682.34,684.86,682.06,684.84,16811229.0
2025-12-09 00:00:00+00:00,684.7316,684.8,684.48,684.68,41161.0
2025-12-09 08:00:00+00:00,684.5,684.5,682.67,684.22,365897.0
2025-12-09 12:00:00+00:00,684.24,684.94,682.62,684.505,13557158.0
2025-12-09 16:00:00+00:00,684.49,685.385,683.2,683.63,20353071.0
2025-12-09 20:00:00+00:00,683.63,683.8526,682.51,682.8,22138781.0
2025-12-10 00:00:00+00:00,682.77,683.21,682.5,682.5,86416.0
2025-12-10 08:00:00+00:00,683.71,683.91,681.7,682.72,294855.0
2025-12-10 12:00:00+00:00,682.72,684.1,681.31,682.25,14722982.0
2025-12-10 16:00:00+00:00,682.25,688.06,681.45,687.88,36605497.0
2025-12-10 20:00:00+00:00,687.87,688.97,686.29,686.52,31196201.0
2025-12-11 00:00:00+00:00,686.5692,686.5692,685.5,685.7206,168454.0
2025-12-11 08:00:00+00:00,683.3,684.7,682.41,684.65,320534.0
2025-12-11 12:00:00+00:00,684.56,686.7995,681.28,685.74,24289664.0
2025-12-11 16:00:00+00:00,685.74,689.25,684.4,688.83,30950460.0
2025-12-11 20:00:00+00:00,688.83,691.24,687.99,688.75,27892586.0
2025-12-12 00:00:00+00:00,688.7294,689.09,688.2,688.48,52610.0
2025-12-12 08:00:00+00:00,688.65,689.65,687.6,687.83,349377.0
2025-12-12 12:00:00+00:00,687.9,689.86,681.31,681.72,29351853.0
2025-12-12 16:00:00+00:00,681.72,684.34,679.1744,681.9699,46268739.0
2025-12-12 20:00:00+00:00,681.96,682.515,680.07,681.95,34226393.0
2025-12-13 00:00:00+00:00,681.92,681.95,681.76,681.8874,25690.0
2025-12-15 08:00:00+00:00,684.15,685.26,683.87,685.14,160131.0
2025-12-15 12:00:00+00:00,685.11,685.87,679.25,681.15,29581828.0
2025-12-15 16:00:00+00:00,681.14,683.06,679.42,681.69,34246590.0
2025-12-15 20:00:00+00:00,681.69,681.74,679.93,680.4,23929284.0
2025-12-16 00:00:00+00:00,680.37,680.5715,679.21,679.48,84340.0
2025-12-16 08:00:00+00:00,677.48,680.34,677.48,680.28,129716.0
2025-12-16 12:00:00+00:00,680.33,682.22,676.38,679.0,26256629.0
2025-12-16 16:00:00+00:00,678.99,679.3218,674.98,677.94,40783149.0
2025-12-16 20:00:00+00:00,677.94,680.56,677.63,677.92,52208422.0
2025-12-17 00:00:00+00:00,677.8,678.1,676.88,677.69,78667.0
2025-12-17 08:00:00+00:00,679.5,681.5,679.5,681.36,256840.0
2025-12-17 12:00:00+00:00,681.38,681.5,674.02,674.56,26007802.0
2025-12-17 16:00:00+00:00,674.55,675.7,672.055,673.13,42410603.0
2025-12-17 20:00:00+00:00,673.12,673.32,671.195,671.88,38553059.0
2025-12-18 00:00:00+00:00,671.84,672.8826,671.26,672.83,87266.0
2025-12-18 08:00:00+00:00,673.05,674.86,673.05,674.79,286310.0
2025-12-18 12:00:00+00:00,674.71,680.6,671.89,680.03,28920242.0
2025-12-18 16:00:00+00:00,680.03,680.74,674.9,675.72,47351197.0
2025-12-18 20:00:00+00:00,675.71,678.55,675.45,676.59,29364048.0
2025-12-19 00:00:00+00:00,676.65,676.68,675.96,676.43,36562.0
2025-12-19 08:00:00+00:00,676.49,677.27,675.69,676.12,115827.0
2025-12-19 12:00:00+00:00,676.13,680.52,674.16,678.98,26950396.0
2025-12-19 16:00:00+00:00,678.97,681.09,678.56,680.59,34453891.0
2025-12-19 20:00:00+00:00,680.59,681.4,679.61,681.29,38769404.0
2025-12-20 00:00:00+00:00,681.27,681.5,681.2312,681.4505,28377.0
2025-12-22 08:00:00+00:00,681.5,683.16,681.5,682.93,93785.0
2025-12-22 12:00:00+00:00,682.92,684.53,682.02,683.65,17111189.0
2025-12-22 16:00:00+00:00,683.64,685.36,683.64,684.79,23286634.0
2025-12-22 20:00:00+00:00,684.79,685.1499,680.5868,684.87,27237659.0
2025-12-23 00:00:00+00:00,684.8901,685.06,684.8,685.0599,51783.0
2025-12-23 08:00:00+00:00,684.85,685.57,684.84,684.98,105875.0
2025-12-23 12:00:00+00:00,684.93,686.485,683.32,686.32,16115041.0
2025-12-23 16:00:00+00:00,686.33,687.93,686.255,687.835,26016072.0
2025-12-23 20:00:00+00:00,687.835,688.2,687.44,687.63,20723389.0
2025-12-24 00:00:00+00:00,687.6411,687.8,687.59,687.6757,20258.0
2025-12-24 08:00:00+00:00,687.45,687.9,687.45,687.71,62812.0
2025-12-24 12:00:00+00:00,687.7,689.49,687.35,689.47,11843983.0
2025-12-24 16:00:00+00:00,689.465,690.83,689.37,690.38,23650599.0
2025-12-24 20:00:00+00:00,689.87,689.87,689.55,689.56,33392.0
2025-12-26 08:00:00+00:00,690.05,690.54,689.89,690.1,54406.0
2025-12-26 12:00:00+00:00,690.12,691.66,689.65,690.825,12481144.0
2025-12-26 16:00:00+00:00,690.825,690.96,689.27,690.155,15567942.0
2025-12-26 20:00:00+00:00,690.15,690.5,689.93,690.09,12348386.0
2025-12-27 00:00:00+00:00,690.1,690.1,689.9,689.91,14407.0
2025-12-29 08:00:00+00:00,690.02,690.02,688.36,689.0,83340.0
2025-12-29 12:00:00+00:00,689.05,690.05,686.67,687.35,15199280.0
2025-12-29 16:00:00+00:00,687.35,688.46,686.07,688.3,23261103.0
2025-12-29 20:00:00+00:00,688.3,688.62,687.4,687.48,21742429.0
2025-12-30 00:00:00+00:00,687.46,687.76,687.33,687.34,14693.0
2025-12-30 08:00:00+00:00,687.93,688.13,687.24,687.85,63248.0
2025-12-30 12:00:00+00:00,687.8,688.53,686.58,687.6105,11202643.0
2025-12-30 16:00:00+00:00,687.6,688.555,686.87,687.56,16831688.0
2025-12-30 20:00:00+00:00,687.56,687.815,686.45,686.67,18215519.0
2025-12-31 00:00:00+00:00,686.65,686.66,685.73,685.85,64771.0
2025-12-31 08:00:00+00:00,685.14,685.89,685.0,685.89,104857.0
2025-12-31 12:00:00+00:00,685.88,687.77,684.18,684.33,17113036.0
2025-12-31 16:00:00+00:00,684.32,686.24,684.04,684.14,22150671.0
2025-12-31 20:00:00+00:00,684.14,684.2,681.71,682.67,31790379.0
2026-01-01 00:00:00+00:00,682.68,682.84,682.5,682.5,28384.0
2026-01-02 08:00:00+00:00,683.9,686.7,683.9,686.24,360824.0
2026-01-02 12:00:00+00:00,686.18,686.87,681.1,681.455,29919081.0
2026-01-02 16:00:00+00:00,681.46,683.95,679.82,683.13,36364579.0
2026-01-02 20:00:00+00:00,683.13,683.7,682.07,682.7,21510466.0
2026-01-03 00:00:00+00:00,682.7556,682.97,682.6997,682.9699,33609.0
2026-01-05 08:00:00+00:00,684.25,685.5,684.25,685.44,304974.0
2026-01-05 12:00:00+00:00,685.37,688.82,683.81,688.32,22484725.0
2026-01-05 16:00:00+00:00,688.32,689.43,687.29,687.6198,26724757.0
2026-01-05 20:00:00+00:00,687.615,688.24,687.16,687.41,20745062.0
2026-01-06 00:00:00+00:00,687.43,687.56,687.2,687.38,87547.0
2026-01-06 08:00:00+00:00,686.95,687.69,686.88,687.35,91044.0
2026-01-06 12:00:00+00:00,687.29,690.86,686.44,689.105,21922290.0
2026-01-06 16:00:00+00:00,689.1,692.165,688.3,691.875,27045935.0
2026-01-06 20:00:00+00:00,691.875,693.26,687.86,691.84,18416325.0
2026-01-07 00:00:00+00:00,691.84,692.2212,691.82,692.0996,67395.0
2026-01-07 08:00:00+00:00,690.77,691.54,690.0,691.53,92193.0
2026-01-07 12:00:00+00:00,691.52,693.09,690.87,692.505,19371109.0
2026-01-07 16:00:00+00:00,692.51,693.96,691.45,691.74,30394067.0
2026-01-07 20:00:00+00:00,691.75,692.17,689.14,689.75,24521812.0
2026-01-08 00:00:00+00:00,689.77,690.15,689.58,690.11,28633.0
2026-01-08 08:00:00+00:00,688.68,688.93,687.83,688.44,110287.0
2026-01-08 12:00:00+00:00,688.32,690.02,687.0,689.84,22671857.0
2026-01-08 16:00:00+00:00,689.85,690.615,688.28,688.86,24323086.0
2026-01-08 20:00:00+00:00,688.85,691.06,688.71,689.75,15788808.0
2026-01-09 00:00:00+00:00,689.7488,690.05,689.471,689.4714,43036.0
2026-01-09 08:00:00+00:00,689.43,690.93,689.37,690.44,95414.0
2026-01-09 12:00:00+00:00,690.4,693.45,689.18,691.93,25732275.0
2026-01-09 16:00:00+00:00,691.94,695.23,691.93,694.8999,24990088.0
2026-01-09 20:00:00+00:00,694.89,695.31,689.6022,694.33,27045547.0
2026-01-10 00:00:00+00:00,694.3394,694.5,694.18,694.48,27817.0
2026-01-12 08:00:00+00:00,689.02,690.2,688.88,689.8,240357.0
2026-01-12 12:00:00+00:00,689.83,694.06,688.79,693.91,21003288.0
2026-01-12 16:00:00+00:00,693.915,696.03,693.66,695.945,23595019.0
2026-01-12 20:00:00+00:00,695.945,696.09,694.21,694.24,18195006.0
2026-01-13 00:00:00+00:00,694.21,694.33,693.86,693.87,77189.0
2026-01-13 08:00:00+00:00,694.31,694.97,694.01,694.68,127337.0
2026-01-13 12:00:00+00:00,694.73,697.3,692.09,693.76,23333553.0
2026-01-13 16:00:00+00:00,693.76,695.2,692.23,692.92,29183094.0
2026-01-13 20:00:00+00:00,692.92,694.05,691.35,693.37,24725522.0
2026-01-14 00:00:00+00:00,693.35,693.86,693.28,693.5987,31390.0
2026-01-14 08:00:00+00:00,692.71,693.18,690.48,691.19,270150.0
2026-01-14 12:00:00+00:00,691.07,693.65,686.51,687.16,27431890.0
2026-01-14 16:00:00+00:00,687.16,689.47,686.04,688.06,30930611.0
2026-01-14 20:00:00+00:00,688.05,693.8932,687.32,689.62,33907103.0
2026-01-15 00:00:00+00:00,689.55,689.65,689.22,689.52,47672.0
2026-01-15 08:00:00+00:00,691.1,693.2,690.65,692.9,450817.0
2026-01-15 12:00:00+00:00,692.9,694.9,689.5,694.45,23211897.0
2026-01-15 16:00:00+00:00,694.45,695.45,692.58,692.78,27257348.0
2026-01-15 20:00:00+00:00,692.77,693.03,691.25,692.7,25376124.0
2026-01-16 00:00:00+00:00,692.65,692.98,692.5,692.9387,35842.0
2026-01-16 08:00:00+00:00,693.93,694.49,693.0,693.4,223945.0
2026-01-16 12:00:00+00:00,693.36,694.65,690.1,691.86,27274869.0
2026-01-16 16:00:00+00:00,691.85,693.71,691.555,692.68,26096870.0
2026-01-16 20:00:00+00:00,692.67,692.87,691.3,691.72,22963034.0
2026-01-17 00:00:00+00:00,691.84,692.0,691.41,691.42,28693.0
2026-01-20 08:00:00+00:00,680.68,685.86,679.05,681.26,851414.0
2026-01-20 12:00:00+00:00,681.33,685.18,679.0595,683.8,35864277.0
2026-01-20 16:00:00+00:00,683.81,684.56,677.29,677.83,39451022.0
2026-01-20 20:00:00+00:00,677.85,678.67,676.57,677.41,32118864.0
2026-01-21 00:00:00+00:00,677.56,678.7998,677.56,678.6602,154350.0
2026-01-21 08:00:00+00:00,679.73,679.89,676.29,676.39,294359.0
2026-01-21 12:00:00+00:00,676.38,685.13,675.88,684.7321,29759228.0
2026-01-21 16:00:00+00:00,684.73,688.71,678.13,688.475,60957365.0
2026-01-21 20:00:00+00:00,688.475,688.735,684.63,686.74,32938200.0
2026-01-22 00:00:00+00:00,686.7,687.19,686.49,686.9,45934.0
2026-01-22 08:00:00+00:00,688.0,689.86,688.0,688.78,299941.0
2026-01-22 12:00:00+00:00,688.75,690.67,685.44,688.63,24129731.0
2026-01-22 16:00:00+00:00,688.62,691.125,688.58,688.77,25381571.0
2026-01-22 20:00:00+00:00,688.76,689.51,687.595,688.43,24153129.0
2026-01-23 00:00:00+00:00,688.42,689.329,688.15,689.329,38903.0
2026-01-23 08:00:00+00:00,690.39,690.39,687.23,688.0,306182.0
2026-01-23 12:00:00+00:00,687.99,690.93,687.121,690.48,17102687.0
2026-01-23 16:00:00+00:00,690.47,690.96,687.73,689.53,25715942.0
2026-01-23 20:00:00+00:00,689.52,689.61,687.85,688.3,17398781.0
2026-01-24 00:00:00+00:00,688.29,688.45,687.9,687.99,32528.0
2026-01-26 08:00:00+00:00,688.62,689.74,686.97,688.47,167152.0
2026-01-26 12:00:00+00:00,688.38,693.4,686.9989,692.975,17790392.0
2026-01-26 16:00:00+00:00,692.98,694.13,692.23,693.59,18592091.0
2026-01-26 20:00:00+00:00,693.6,693.87,691.88,692.73,22807480.0
2026-01-27 00:00:00+00:00,692.73,693.04,692.3908,692.97,35997.0
2026-01-27 08:00:00+00:00,694.45,695.08,694.2,694.87,218871.0
2026-01-27 12:00:00+00:00,694.82,696.14,693.57,696.0,14390516.0
2026-01-27 16:00:00+00:00,696.0,696.53,694.91,696.075,20257357.0
2026-01-27 20:00:00+00:00,696.07,696.4,695.24,695.95,16163707.0
2026-01-28 00:00:00+00:00,695.96,697.28,695.9104,697.16,85661.0
2026-01-28 08:00:00+00:00,697.5,698.35,697.42,698.0,245124.0
2026-01-28 12:00:00+00:00,698.04,698.96,695.54,695.555,16144065.0
2026-01-28 16:00:00+00:00,695.56,696.33,693.94,694.91,23865661.0
2026-01-28 20:00:00+00:00,694.91,697.05,692.49,694.39,19209364.0
2026-01-29 00:00:00+00:00,694.3994,694.6899,693.31,694.6301,203967.0
2026-01-29 08:00:00+00:00,697.0,697.75,695.95,696.71,173696.0
2026-01-29 12:00:00+00:00,696.74,697.76,685.1935,686.05,33168542.0
2026-01-29 16:00:00+00:00,686.07,692.225,684.83,691.13,39636404.0
2026-01-29 20:00:00+00:00,691.13,695.2,691.045,693.68,22124786.0
2026-01-30 00:00:00+00:00,693.7094,693.95,692.42,692.6923,65692.0
2026-01-30 08:00:00+00:00,690.79,692.25,687.08,692.1,351879.0
2026-01-30 12:00:00+00:00,692.05,694.21,687.08,692.12,19783177.0
2026-01-30 16:00:00+00:00,692.1201,692.7,687.12,690.57,37269725.0
2026-01-30 20:00:00+00:00,690.57,692.8262,689.3,690.39,40960467.0
2026-01-31 00:00:00+00:00,690.4039,690.5909,690.12,690.49,39201.0
2026-02-02 08:00:00+00:00,687.0,688.97,686.08,688.47,274979.0
2026-02-02 12:00:00+00:00,688.48,695.75,681.94,694.73,26702098.0
2026-02-02 16:00:00+00:00,694.72,696.93,693.92,695.52,24513983.0
2026-02-02 20:00:00+00:00,695.525,697.351,694.94,696.74,24023580.0
2026-02-03 00:00:00+00:00,696.75,697.48,696.18,697.02,119342.0
2026-02-03 08:00:00+00:00,697.02,697.64,696.05,696.49,146510.0
2026-02-03 12:00:00+00:00,696.45,697.94,690.8,693.14,29310713.0
2026-02-03 16:00:00+00:00,693.14,693.19,684.03,686.83,48380678.0
2026-02-03 20:00:00+00:00,686.82,689.92,686.28,689.51,26218187.0
2026-02-04 00:00:00+00:00,689.65,689.73,688.74,688.77,74414.0
2026-02-04 08:00:00+00:00,690.0,691.9,688.75,691.67,232028.0
2026-02-04 12:00:00+00:00,691.52,691.88,686.51,688.59,28498178.0
2026-02-04 16:00:00+00:00,688.61,688.9,681.76,688.27,52046051.0
2026-02-04 20:00:00+00:00,688.27,689.74,684.65,687.06,22862309.0
2026-02-05 00:00:00+00:00,686.91,688.45,686.56,687.9,75791.0
2026-02-05 08:00:00+00:00,686.03,687.37,685.07,686.93,399732.0
2026-02-05 12:00:00+00:00,687.02,687.81,675.94,677.33,36767407.0
2026-02-05 16:00:00+00:00,677.35,682.615,675.79,679.09,42551009.0
2026-02-05 20:00:00+00:00,679.09,680.895,672.1,672.77,31836046.0
2026-02-06 00:00:00+00:00,672.79,674.04,670.92,673.91,331305.0
2026-02-06 08:00:00+00:00,677.4,682.81,676.96,682.39,631259.0
2026-02-06 12:00:00+00:00,682.37,687.04,674.15,685.8,32166557.0
2026-02-06 16:00:00+00:00,685.79,689.76,685.43,689.35,29262731.0
2026-02-06 20:00:00+00:00,689.34,692.31,689.1,690.23,24831494.0
2026-02-07 00:00:00+00:00,690.15,690.85,690.07,690.6162,140731.0
2026-02-09 08:00:00+00:00,690.89,691.8,688.0,689.41,344586.0
2026-02-09 12:00:00+00:00,689.43,694.46,688.0,694.24,23310589.0
2026-02-09 16:00:00+00:00,694.23,695.87,693.55,695.42,25029203.0
2026-02-09 20:00:00+00:00,695.42,695.72,693.5,693.7,23392172.0
2026-02-10 00:00:00+00:00,693.8,694.0,693.25,693.72,172672.0
2026-02-10 08:00:00+00:00,694.38,695.66,694.38,695.16,115505.0
2026-02-10 12:00:00+00:00,695.14,696.54,693.08,695.395,18376868.0
2026-02-10 16:00:00+00:00,695.4,695.8,692.85,693.77,23856623.0
2026-02-10 20:00:00+00:00,693.76,693.993,691.66,693.38,21510325.0
2026-02-11 00:00:00+00:00,693.43,693.77,693.32,693.69,147698.0
2026-02-11 08:00:00+00:00,693.34,693.78,691.35,692.44,143985.0
2026-02-11 12:00:00+00:00,692.41,697.14,689.18,692.35,28596593.0
2026-02-11 16:00:00+00:00,692.33,693.99,691.38,692.94,29631639.0
2026-02-11 20:00:00+00:00,692.92,693.1,691.34,691.82,16718796.0
2026-02-12 00:00:00+00:00,691.74,692.4987,691.45,692.46,62170.0
2026-02-12 08:00:00+00:00,693.84,694.65,693.77,694.46,123797.0
2026-02-12 12:00:00+00:00,694.43,695.45,688.585,688.65,23224062.0
2026-02-12 16:00:00+00:00,688.66,688.805,682.22,685.16,58807504.0
2026-02-12 20:00:00+00:00,685.18,686.211,680.37,682.21,34528491.0
2026-02-13 00:00:00+00:00,682.2,683.01,680.27,680.65,343738.0
2026-02-13 08:00:00+00:00,681.16,681.98,678.57,680.14,361662.0
2026-02-13 12:00:00+00:00,680.2,684.57,677.52,682.5202,31653558.0
2026-02-13 16:00:00+00:00,682.52,686.28,681.83,682.4,32488572.0
2026-02-13 20:00:00+00:00,682.4,683.26,679.81,680.65,29861405.0
2026-02-14 00:00:00+00:00,680.9,681.3856,680.72,680.9499,37039.0
2026-02-17 08:00:00+00:00,680.65,680.92,678.73,679.91,145720.0
2026-02-17 12:00:00+00:00,679.85,682.8,675.78,678.61,27133728.0
2026-02-17 16:00:00+00:00,678.6,684.94,678.45,683.57,34512015.0
2026-02-17 20:00:00+00:00,683.57,684.1,681.5,681.57,18094497.0
2026-02-18 00:00:00+00:00,681.5692,682.46,681.5692,681.78,67765.0
2026-02-18 08:00:00+00:00,685.88,686.92,685.49,685.59,195416.0
2026-02-18 12:00:00+00:00,685.59,688.725,682.83,688.515,21735249.0
2026-02-18 16:00:00+00:00,688.52,689.15,684.05,684.59,26894526.0
2026-02-18 20:00:00+00:00,684.6,687.18,683.92,686.12,23138207.0
2026-02-19 00:00:00+00:00,686.18,686.21,685.45,685.8799,92338.0
2026-02-19 08:00:00+00:00,686.0,686.29,683.43,684.71,258593.0
2026-02-19 12:00:00+00:00,684.67,687.89,682.47,685.32,18288925.0
2026-02-19 16:00:00+00:00,685.32,685.83,681.5475,682.56,24011003.0
2026-02-19 20:00:00+00:00,682.53,685.08,682.52,684.79,14436874.0
2026-02-20 00:00:00+00:00,684.71,685.49,684.41,685.39,69794.0
2026-02-20 08:00:00+00:00,686.55,687.4,683.68,683.91,277401.0
2026-02-20 12:00:00+00:00,683.96,689.4,681.73,688.83,26047272.0
2026-02-20 16:00:00+00:00,688.82,690.06,684.08,688.05,49251887.0
2026-02-20 20:00:00+00:00,688.06,689.79,688.005,689.57,20778879.0
2026-02-21 00:00:00+00:00,689.6,689.72,689.482,689.59,44800.0
2026-02-23 08:00:00+00:00,686.72,688.21,685.8,686.73,216379.0
2026-02-23 12:00:00+00:00,686.74,690.0,682.18,682.26,26918577.72157501
2026-02-23 16:00:00+00:00,682.27,683.95,680.371,681.06,34434413.831039004
2026-02-23 20:00:00+00:00,681.06,683.41,680.65,682.75,26448964.579057995
2026-02-24 00:00:00+00:00,682.81,683.3,682.4,683.12,82437.68616600001
2026-02-24 08:00:00+00:00,682.77,684.21,682.72,683.58,270715.0
2026-02-24 12:00:00+00:00,683.59,686.545,680.0,685.37,24100635.927236006
2026-02-24 16:00:00+00:00,685.37,688.1,685.15,687.135,23864685.407133
2026-02-24 20:00:00+00:00,687.135,688.35,686.46,687.5,22622836.96869002
2026-02-25 00:00:00+00:00,687.44,688.03,687.05,687.94,38660.08731499999
2026-02-25 08:00:00+00:00,688.32,689.57,688.06,689.51,165370.0
2026-02-25 12:00:00+00:00,689.48,691.99,687.37,690.84,14219862.080298997
2026-02-25 16:00:00+00:00,690.83,693.32,690.69,693.085,20806295.020471003
2026-02-25 20:00:00+00:00,693.085,695.29,691.4,692.0,19818930.445517983
2026-02-26 00:00:00+00:00,691.9,692.55,691.77,692.1483,87645.98505699998
2026-02-26 08:00:00+00:00,692.5,693.53,692.38,692.94,130162.0
2026-02-26 12:00:00+00:00,692.96,694.22,684.35,687.71,27195371.783674996
2026-02-26 16:00:00+00:00,687.72,689.66,684.73,689.02,27478287.789306
2026-02-26 20:00:00+00:00,689.01,689.81,685.56,686.41,15619056.140854008
2026-02-27 00:00:00+00:00,686.44,687.0046,685.5801,686.2674,123986.17734399998
2026-02-27 08:00:00+00:00,687.51,688.97,685.37,685.99,288271.0
2026-02-27 12:00:00+00:00,685.97,688.9914,681.64,685.22,21004225.089477994
2026-02-27 16:00:00+00:00,685.24,686.2899,682.99,683.35,27477423.783041
2026-02-27 20:00:00+00:00,683.34,686.86,683.32,684.1155,31263091.350864995
2026-02-28 00:00:00+00:00,684.19,684.5,683.6106,683.69,107049.11469100002
2026-03-02 08:00:00+00:00,677.66,680.78,676.54,679.63,757452.0
2026-03-02 12:00:00+00:00,679.63,685.99,674.68,684.21,26626381.464102004
2026-03-02 16:00:00+00:00,684.19,688.62,682.92,688.195,29094975.241175
2026-03-02 20:00:00+00:00,688.19,688.33,684.69,685.15,29113771.387325007
2026-03-03 00:00:00+00:00,685.3,685.54,684.26,684.4208,105611.42685799996
2026-03-03 08:00:00+00:00,677.74,679.72,672.2,675.15,1428670.0
2026-03-03 12:00:00+00:00,675.14,681.87,669.66,671.98,40878716.212865
2026-03-03 16:00:00+00:00,671.96,682.61,671.75,681.233,42237580.39456703
2026-03-03 20:00:00+00:00,681.25,681.95,676.6788,678.7099,18721810.138282992
2026-03-04 00:00:00+00:00,678.94,680.92,678.29,679.67,170921.19688100004
2026-03-04 08:00:00+00:00,678.21,683.23,677.51,680.97,678179.0
2026-03-04 12:00:00+00:00,680.98,686.31,675.18,685.83,22658440.677362993
2026-03-04 16:00:00+00:00,685.84,687.09,684.18,686.81,28932160.69507899
2026-03-04 20:00:00+00:00,686.815,687.005,684.4,686.31,25441606.01782399
2026-03-05 00:00:00+00:00,686.23,687.78,686.133,686.93,96190.44132100002
2026-03-05 08:00:00+00:00,683.53,687.1,683.53,684.48,422501.0
2026-03-05 12:00:00+00:00,684.57,686.7517,679.32,682.1,26714570.014981013
2026-03-05 16:00:00+00:00,682.11,682.42,675.61,677.09,44737715.04213999
2026-03-05 20:00:00+00:00,677.07,682.23,676.39,681.99,32913743.843497034
2026-03-06 00:00:00+00:00,682.0,682.87,681.99,682.1201,161183.944282
2026-03-06 08:00:00+00:00,682.01,682.1,677.05,677.6,813722.0
2026-03-06 12:00:00+00:00,677.54,683.43,669.76,674.92,32316508.739231
2026-03-06 16:00:00+00:00,674.96,676.11,672.03,675.01,34569138.55622599
2026-03-06 20:00:00+00:00,675.0,675.97,671.14,671.6504,30318966.47866299
2026-03-07 00:00:00+00:00,671.66,671.75,671.3,671.3,40959.655828
2026-03-09 08:00:00+00:00,662.47,668.36,661.72,665.1,1263818.0
2026-03-09 12:00:00+00:00,665.09,669.92,659.24,669.44,36192508.29181401
2026-03-09 16:00:00+00:00,669.46,679.92,668.09,678.31,54526994.623869985
2026-03-09 20:00:00+00:00,678.28,679.0,674.72,675.3392,9198262.514230998
2026-03-10 08:00:00+00:00,678.48,681.5,676.93,677.15,1027834.0
2026-03-10 12:00:00+00:00,679.75,681.9499,674.76,681.37,25763880.69157601
2026-03-10 16:00:00+00:00,681.36,683.36,676.23,677.07,48096914.677820995
2026-03-10 20:00:00+00:00,677.07,679.84,676.55,677.95,5269049.385663004
2026-03-11 08:00:00+00:00,677.8,678.87,675.2,676.33,885304.0
2026-03-11 12:00:00+00:00,676.13,680.41,673.64,674.2018,26022500.228358
2026-03-11 16:00:00+00:00,674.19,676.77,673.34,676.35,33720936.572936006
2026-03-11 20:00:00+00:00,676.36,676.73,669.95,671.25,6810107.410744997
2026-03-12 08:00:00+00:00,672.8,674.43,671.88,672.67,566397.0
2026-03-12 12:00:00+00:00,672.7,674.38,666.92,669.2999,41523942.37085201
2026-03-12 16:00:00+00:00,669.31,671.31,665.9027,666.05,51074348.228948005
2026-03-12 20:00:00+00:00,666.05,668.0,665.58,666.48,13977012.790080002
2026-03-13 08:00:00+00:00,664.85,669.3,662.7,669.3,801359.0
2026-03-13 12:00:00+00:00,666.01,672.335,662.77,663.38,37649509.491086975
2026-03-13 16:00:00+00:00,663.36,665.23,661.36,662.3,43567546.32691199
2026-03-13 20:00:00+00:00,662.31,663.1,661.15,663.052,12971130.423574
2026-03-16 08:00:00+00:00,664.0,667.67,663.9,667.44,1130077.0
2026-03-16 12:00:00+00:00,664.7,671.4,662.3043,668.47,30945957.74800101
2026-03-16 16:00:00+00:00,668.47,672.07,667.12,668.96,44221993.83695698
2026-03-16 20:00:00+00:00,668.97,669.38,667.94,668.8,3462956.4791289987
2026-03-17 08:00:00+00:00,666.85,668.83,665.76,667.89,428720.0
2026-03-17 12:00:00+00:00,668.27,674.44,665.39,671.01,28028437.318945993
2026-03-17 16:00:00+00:00,671.02,672.3,669.7,670.73,36405433.801993996
2026-03-17 20:00:00+00:00,670.72,671.19,670.09,670.22,20435125.552568
2026-03-18 08:00:00+00:00,673.5,674.7,672.39,672.86,596153.0
2026-03-18 12:00:00+00:00,674.38,674.93,665.66,667.04,26116530.052061003
2026-03-18 16:00:00+00:00,667.03,667.58,661.19,661.51,43730269.94221799
2026-03-18 20:00:00+00:00,661.6,661.84,659.37,660.9114,9266883.746939972
2026-03-19 08:00:00+00:00,660.44,662.06,658.58,659.95,1154304.0
2026-03-19 12:00:00+00:00,660.62,662.06,655.17,657.925,40645228.01806499
2026-03-19 16:00:00+00:00,657.91,662.98,655.61,659.735,57311092.09681801
2026-03-19 20:00:00+00:00,659.75,661.97,659.33,661.1,8212448.130117001
2026-03-20 08:00:00+00:00,659.2,659.81,653.2,655.77,1090721.0
2026-03-20 12:00:00+00:00,655.75,659.75,651.2,652.945,53267745.80556103
2026-03-20 16:00:00+00:00,652.97,653.99,644.72,648.54,79150808.20647602
2026-03-20 20:00:00+00:00,648.51,656.8393,647.14,653.28,25752041.871519003
2026-03-23 08:00:00+00:00,642.95,666.82,641.61,656.08,7988037.0
2026-03-23 12:00:00+00:00,656.1,666.8,641.0,656.01,55354128.216372006
2026-03-23 16:00:00+00:00,655.99,659.65,653.94,655.375,53502671.85582204
2026-03-23 20:00:00+00:00,655.38,657.4422,654.3839,656.75,14319625.233444002
2026-03-24 08:00:00+00:00,655.17,657.47,652.85,655.06,622367.0
2026-03-24 12:00:00+00:00,655.07,657.63,649.88,655.04,36267228.832928985
2026-03-24 16:00:00+00:00,655.05,656.59,652.38,653.2,42769514.26510397
2026-03-24 20:00:00+00:00,653.26,660.41,653.0693,657.55,14291114.98604001
2026-03-25 08:00:00+00:00,658.2,660.53,657.47,659.62,1087862.0
2026-03-25 12:00:00+00:00,658.48,660.89,654.24,657.0,41577052.03029598
2026-03-25 16:00:00+00:00,657.0,659.38,655.58,656.74,42481754.94326003
2026-03-25 20:00:00+00:00,656.72,657.23,654.71,655.41,4173887.2011719965
2026-03-26 08:00:00+00:00,654.18,654.85,650.61,650.63,795665.0
2026-03-26 12:00:00+00:00,652.35,656.6,650.16,651.52,37506514.68710299
2026-03-26 16:00:00+00:00,651.49,651.69,644.82,645.095,48077693.024486
2026-03-26 20:00:00+00:00,645.1,652.35,644.55,647.86,8057115.060050997
2026-03-27 08:00:00+00:00,647.69,648.12,642.0,643.22,1194643.0
2026-03-27 12:00:00+00:00,642.83,649.76,638.3,640.28,34209251.95851803
2026-03-27 16:00:00+00:00,640.3,640.43,633.105,634.08,56037166.43049003
2026-03-27 20:00:00+00:00,634.08,634.54,632.27,632.98,9689054.908494009
2026-03-30 08:00:00+00:00,636.88,641.43,634.1,638.24,1684129.5180130005
2026-03-30 12:00:00+00:00,638.37,641.095,634.16,637.34,36758113.24203902
2026-03-30 16:00:00+00:00,637.34,637.46,629.28,632.02,52848542.031067
2026-03-30 20:00:00+00:00,632.0,632.51,629.97,630.58,6264395.303555
2026-03-31 08:00:00+00:00,638.81,639.99,635.53,638.58,1635901.0314570002
2026-03-31 12:00:00+00:00,638.65,642.95,635.83,639.79,45369596.42156698
2026-03-31 16:00:00+00:00,639.79,651.54,639.52,650.235,82987108.46282002
2026-03-31 20:00:00+00:00,650.2,652.4,649.36,652.28,17518943.37777399
2026-04-01 08:00:00+00:00,654.0,656.26,650.34,656.04,1236895.1214539988
2026-04-01 12:00:00+00:00,655.99,658.095,650.34,657.82,39887441.001246996
2026-04-01 16:00:00+00:00,657.815,658.52,653.667,655.17,47613016.56564999
2026-04-01 20:00:00+00:00,655.23,655.72,654.32,654.75,5415204.797154999
2026-04-02 08:00:00+00:00,648.01,649.35,644.59,644.59,1517280.8027519996
2026-04-02 12:00:00+00:00,644.6,658.2,644.16,654.0,33341408.991545986
2026-04-02 16:00:00+00:00,653.985,656.1,652.17,655.88,26999278.10672801
2026-04-02 20:00:00+00:00,655.89,656.4,654.6334,655.92,5200432.618980998
2026-04-06 08:00:00+00:00,656.07,658.69,654.89,656.35,613334.3622490005
2026-04-06 12:00:00+00:00,656.36,659.72,655.26,657.85,15157718.711041998
2026-04-06 16:00:00+00:00,657.868,658.92,655.52,658.87,17973557.860268008
2026-04-06 20:00:00+00:00,658.86,659.49,657.82,657.91,3367981.6356119984
2026-04-07 08:00:00+00:00,656.45,660.36,654.84,655.68,1575851.9558249998
2026-04-07 12:00:00+00:00,655.69,659.995,651.06,653.81,23559645.545690004
2026-04-07 16:00:00+00:00,653.82,659.61,653.4122,659.27,33480307.61606301
2026-04-07 20:00:00+00:00,659.31,675.15,656.0,673.6406,10178294.988829996
2026-04-08 08:00:00+00:00,674.68,678.15,674.68,677.3,2063732.2950129993
2026-04-08 12:00:00+00:00,677.36,677.96,671.46,674.89,37294284.137452014
2026-04-08 16:00:00+00:00,674.89,676.605,672.78,675.87,45757584.12021301
2026-04-08 20:00:00+00:00,675.92,676.2,674.56,674.7,5915523.467580001
2026-04-09 08:00:00+00:00,673.97,675.27,672.87,674.13,595354.706571
2026-04-09 12:00:00+00:00,674.11,678.9,673.015,678.83,23126145.549712002
2026-04-09 16:00:00+00:00,678.82,681.16,678.44,679.87,27577949.09221899
2026-04-09 20:00:00+00:00,679.86,680.1,678.1988,679.28,4454084.991755004
2026-04-10 08:00:00+00:00,679.87,680.94,678.91,680.2839,465802.5317140001
2026-04-10 12:00:00+00:00,680.31,682.46,678.96,679.46,15933697.697270006
2026-04-10 16:00:00+00:00,679.45,680.11,678.45,679.31,20045018.98058798
2026-04-10 20:00:00+00:00,679.44,680.69,678.93,680.65,3385122.007550002
2026-04-13 08:00:00+00:00,675.5,677.08,670.533,674.52,1823793.221961999
2026-04-13 12:00:00+00:00,675.34,680.66,670.7,679.48,14648359.783086991
2026-04-13 16:00:00+00:00,679.4701,686.3,679.015,686.01,28070398.670509994
2026-04-13 20:00:00+00:00,685.99,686.96,685.77,686.44,7537715.155263999
2026-04-14 08:00:00+00:00,686.8,688.55,685.95,687.76,661555.9815360002
2026-04-14 12:00:00+00:00,687.85,693.3,686.965,692.86,23814404.384349003
2026-04-14 16:00:00+00:00,692.86,694.58,692.13,694.4,29939093.036922
2026-04-14 20:00:00+00:00,694.39,695.12,693.85,694.6,7129667.792145998
2026-04-15 08:00:00+00:00,694.6,695.6,693.05,694.73,561494.1903790002
2026-04-15 12:00:00+00:00,694.62,697.56,693.385,697.01,19670316.066869985
2026-04-15 16:00:00+00:00,697.01,700.28,695.7,699.84,30488137.897914987
2026-04-15 20:00:00+00:00,699.86,700.74,699.28,700.65,5517744.565942996
2026-04-16 08:00:00+00:00,700.95,701.99,699.82,700.77,382348.92110700003
2026-04-16 12:00:00+00:00,700.79,702.36,698.53,702.22,18785503.985709004
2026-04-16 16:00:00+00:00,702.22,702.78,699.4737,701.55,24261395.906810977
2026-04-16 20:00:00+00:00,701.6,702.3965,700.2,702.22,4866627.985574002
2026-04-17 08:00:00+00:00,702.72,704.3,701.7,704.19,356936.09174299997
2026-04-17 12:00:00+00:00,704.22,711.35,704.0801,710.74,33351879.634952
2026-04-17 16:00:00+00:00,710.74,712.39,708.99,710.04,28824646.510699
2026-04-17 20:00:00+00:00,710.03,711.03,709.82,710.75,4904738.131974996
2026-04-20 08:00:00+00:00,706.56,707.68,705.04,706.92,883609.8549069996
2026-04-20 12:00:00+00:00,706.9183,709.91,706.14,707.5992,17418637.833015002
2026-04-20 16:00:00+00:00,707.6,708.8,707.02,708.69,19185819.477796007
2026-04-20 20:00:00+00:00,708.69,710.0,708.46,709.49,4653930.033125001
2026-04-21 08:00:00+00:00,709.64,712.28,709.54,711.58,623020.6956490001
2026-04-21 12:00:00+00:00,711.59,711.71,706.04,706.72,16055913.627979
2026-04-21 16:00:00+00:00,706.745,707.885,702.64,704.15,33896645.164436005
2026-04-21 20:00:00+00:00,704.1,707.99,703.27,707.0,7331272.270083995
2026-04-22 08:00:00+00:00,708.48,708.8,707.1,708.35,432687.998864
2026-04-22 12:00:00+00:00,708.35,710.7,707.88,709.64,13616417.153361997
2026-04-22 16:00:00+00:00,709.65,711.45,708.8,711.21,20269895.89479001
2026-04-22 20:00:00+00:00,711.21,711.39,704.0421,710.43,6437152.341307999
2026-04-23 08:00:00+00:00,708.7,710.34,706.49,710.1,673510.3752300001
2026-04-23 12:00:00+00:00,710.16,712.3598,707.9,711.105,14783982.121237006
2026-04-23 16:00:00+00:00,711.105,711.27,702.2803,708.44,35549225.27008101
2026-04-23 20:00:00+00:00,708.4,709.56,707.11,709.54,2918628.683573999
2026-04-24 08:00:00+00:00,709.42,713.38,708.14,711.5899,742037.7030859999
2026-04-24 12:00:00+00:00,711.64,714.14,708.58,713.77,17810598.912968
2026-04-24 16:00:00+00:00,713.77,714.47,712.72,713.98,20518551.204904
2026-04-24 20:00:00+00:00,713.96,714.41,712.98,714.01,4308139.098778002
2026-04-27 08:00:00+00:00,713.87,715.04,712.72,714.3,451709.62342199986
2026-04-27 12:00:00+00:00,714.28,714.45,712.295,713.4,12422315.529258
2026-04-27 16:00:00+00:00,713.41,715.63,712.88,715.15,17124902.90893599
2026-04-27 20:00:00+00:00,715.22,716.48,714.39,716.26,2097390.1944589987
2026-04-28 08:00:00+00:00,714.35,715.92,710.19,710.52,687360.3167169999
2026-04-28 12:00:00+00:00,710.56,712.88,709.25,709.98,15090475.983084003
2026-04-28 16:00:00+00:00,709.98,712.19,709.36,711.68,20543457.997128002
2026-04-28 20:00:00+00:00,711.69,712.5,711.33,712.47,5092024.729142999
2026-04-29 08:00:00+00:00,712.25,713.48,711.34,712.03,319979.35001199995
2026-04-29 12:00:00+00:00,712.0,713.0,709.21,710.04,12364801.747546997
2026-04-29 16:00:00+00:00,710.05,711.62,708.37,711.59,21476145.483541008
2026-04-29 20:00:00+00:00,711.63,714.19,707.84,713.71,6219067.326638995
2026-04-30 08:00:00+00:00,711.48,714.66,708.2,714.0513,891176.2745899998
2026-04-30 12:00:00+00:00,714.1,715.8,710.445,714.6,18958704.908751987
2026-04-30 16:00:00+00:00,714.6,719.79,713.9,718.43,34160555.185004
2026-04-30 20:00:00+00:00,718.43,720.82,718.2,719.87,9483028.278276997
2026-05-01 08:00:00+00:00,720.36,720.92,719.55,720.4403,173763.72976199994
2026-05-01 12:00:00+00:00,720.55,724.87,720.26,723.385,16380347.568773007
2026-05-01 16:00:00+00:00,723.36,723.61,720.47,720.67,20044477.33639301
2026-05-01 20:00:00+00:00,720.59,720.69,718.97,720.0,4159553.3468120014
2026-05-04 08:00:00+00:00,721.8,722.34,716.46,719.55,1312950.8143279995
2026-05-04 12:00:00+00:00,719.56,722.12,716.98,717.5898,20742729.31200302
2026-05-04 16:00:00+00:00,717.59,718.995,714.99,718.07,24886092.311088003
2026-05-04 20:00:00+00:00,718.07,718.46,717.28,717.7622,3732095.5733359996
2026-05-05 08:00:00+00:00,719.89,721.2,718.6913,720.94,386779.87901899975
2026-05-05 12:00:00+00:00,720.87,723.67,720.72,723.04,13754212.315450009
2026-05-05 16:00:00+00:00,723.04,725.04,722.96,723.74,16602114.124209002
2026-05-05 20:00:00+00:00,723.7,727.07,723.1,726.46,4961188.3919710005
2026-05-06 08:00:00+00:00,725.16,731.7,725.16,729.86,1020651.9397560001
2026-05-06 12:00:00+00:00,729.89,732.56,727.7,731.64,15871741.098839002
2026-05-06 16:00:00+00:00,731.63,734.59,730.5289,733.79,25622170.685394995
2026-05-06 20:00:00+00:00,733.79,734.57,732.7139,733.0,7620804.683331005
2026-05-07 08:00:00+00:00,734.3,736.13,734.0,734.7875,302444.3357300001
2026-05-07 12:00:00+00:00,734.78,736.13,733.55,733.9799,16396762.649579002
2026-05-07 16:00:00+00:00,733.965,734.02,729.75,731.56,27021661.409956
2026-05-07 20:00:00+00:00,731.54,732.99,728.5,731.4391,6383776.483039003
2026-05-08 08:00:00+00:00,733.13,735.54,732.91,735.33,413270.923937
2026-05-08 12:00:00+00:00,735.32,737.5498,734.29,736.89,14495722.625709
2026-05-08 16:00:00+00:00,736.88,738.08,736.105,737.53,24842515.586883992
2026-05-08 20:00:00+00:00,737.55,737.9966,736.95,737.82,5411260.97070101
2026-05-11 08:00:00+00:00,736.5,737.48,736.2,736.82,238920.02960400004
2026-05-11 12:00:00+00:00,736.84,740.34,735.75,740.22,16407115.839084996
2026-05-11 16:00:00+00:00,740.23,740.79,738.13,739.26,22834955.559121996
2026-05-11 20:00:00+00:00,739.25,739.69,737.98,739.28,3208304.7829609998
2026-05-12 08:00:00+00:00,737.61,738.22,735.76,736.35,427734.3240289997
2026-05-12 12:00:00+00:00,736.35,737.55,731.83,732.49,18152053.98354899
2026-05-12 16:00:00+00:00,732.49,738.84,731.83,738.22,26860536.395890992
2026-05-12 20:00:00+00:00,738.22,738.23,736.67,736.67,6020068.786577006
2026-05-13 08:00:00+00:00,739.17,740.92,738.98,739.6895,267262.2196860002
2026-05-13 12:00:00+00:00,739.65,740.28,735.47,739.74,13911244.302338002
2026-05-13 16:00:00+00:00,739.73,743.91,739.53,742.29,23316978.27236201
2026-05-13 20:00:00+00:00,742.3,743.82,740.86,743.57,4049484.051041001
2026-05-14 08:00:00+00:00,743.5,745.02,742.71,744.77,254925.39662499996
2026-05-14 12:00:00+00:00,744.66,749.28,743.56,749.265,14036402.576255007
2026-05-14 16:00:00+00:00,749.28,749.53,746.307,748.15,23557549.828225013
2026-05-14 20:00:00+00:00,748.09,748.55,746.63,747.6515,5337977.536049996
2026-05-15 08:00:00+00:00,744.24,746.36,739.41,740.46,967865.1892789997
2026-05-15 12:00:00+00:00,740.46,742.68,737.96,740.2799,19439914.319904994
2026-05-15 16:00:00+00:00,740.29,743.46,738.54,739.09,29953334.603224985
2026-05-15 20:00:00+00:00,739.08,739.17,736.88,737.34,6565520.521418002
2026-05-18 08:00:00+00:00,735.0,740.0,733.72,737.44,606954.5920249997
2026-05-18 12:00:00+00:00,737.49,741.51,735.21,736.28,15628973.328033995
2026-05-18 16:00:00+00:00,736.37,738.75,733.39,738.56,24694616.510209
2026-05-18 20:00:00+00:00,738.61,739.77,737.61,738.89,5627945.592854006
2026-05-19 08:00:00+00:00,738.97,739.33,734.55,735.0,538156.6939529998
2026-05-19 12:00:00+00:00,735.01,737.65,731.53,732.99,17731682.351779003
2026-05-19 16:00:00+00:00,733.0,737.65,732.32,733.76,29577728.026282
2026-05-19 20:00:00+00:00,733.8,735.34,732.85,734.25,5200979.030331003
2026-05-20 08:00:00+00:00,734.3,737.32,732.5,736.0,454061.0015569998
2026-05-20 12:00:00+00:00,735.9416,741.87,733.89,740.24,18293250.498381007
2026-05-20 16:00:00+00:00,740.26,741.61,738.5112,741.3,19881163.483049005
2026-05-20 20:00:00+00:00,741.3,741.43,737.08,738.305,5321925.229194001
2026-05-21 08:00:00+00:00,739.2293,743.21,737.87,739.3387,636527.742198
2026-05-21 12:00:00+00:00,739.34,740.63,737.03,739.3,13689390.415454002
2026-05-21 16:00:00+00:00,739.3,744.87,738.09,742.75,24796206.138023995
2026-05-21 20:00:00+00:00,742.74,744.56,742.56,744.1311,3151022.594394
2026-05-22 08:00:00+00:00,745.45,746.6,743.63,744.72,337773.0292469999
2026-05-22 12:00:00+00:00,744.72,748.16,744.48,747.61,11363610.792475004
2026-05-22 16:00:00+00:00,747.6,748.94,744.955,745.59,19479222.825464007
2026-05-22 20:00:00+00:00,745.62,746.03,743.73,743.73,9358867.525598003
2026-05-26 08:00:00+00:00,748.8,751.69,748.8,750.6013,549518.243453
2026-05-26 12:00:00+00:00,750.64,752.13,748.37,748.93,14645874.76169
2026-05-26 16:00:00+00:00,748.93,750.87,748.5,750.475,20775346.562793
2026-05-26 20:00:00+00:00,750.59,751.03,749.6,750.85,3739252.474178002
2026-05-27 08:00:00+00:00,753.56,753.56,750.24,751.77,456382.44711600017
2026-05-27 12:00:00+00:00,751.78,754.0,748.37,749.105,15700632.776730994
2026-05-27 16:00:00+00:00,749.09,751.13,748.22,750.47,18846747.077996995
2026-05-27 20:00:00+00:00,750.46,752.25,749.8,750.05,5828611.350840999
2026-05-28 08:00:00+00:00,748.67,750.23,747.38,748.88,413331.87973200006
2026-05-28 12:00:00+00:00,748.94,754.29,748.77,754.08,15173298.092240993
2026-05-28 16:00:00+00:00,754.08,755.15,753.69,754.64,19719882.419278003
2026-05-28 20:00:00+00:00,754.64,756.0,754.45,755.1,4722429.915319
2026-05-29 08:00:00+00:00,755.49,756.39,754.85,756.15,258375.9509489999
2026-05-29 12:00:00+00:00,756.1,758.08,754.69,756.42,18183901.888788998
2026-05-29 16:00:00+00:00,756.42,757.82,755.13,756.4,24038943.004886
2026-05-29 20:00:00+00:00,756.34,756.86,755.2,755.64,9290233.486958008
2026-06-01 08:00:00+00:00,758.02,759.26,757.68,758.44,421079.3800499999
2026-06-01 12:00:00+00:00,758.48,758.52,754.69,756.715,16976602.753229998
2026-06-01 16:00:00+00:00,756.7,760.28,755.871,758.43,21009967.273271
2026-06-01 20:00:00+00:00,758.43,758.84,756.25,756.58,3533920.6153860004
2026-06-02 08:00:00+00:00,756.72,758.23,755.35,756.8,254858.122735
2026-06-02 12:00:00+00:00,756.83,760.4,755.41,759.69,11927440.594482996
2026-06-02 16:00:00+00:00,759.7,760.01,758.625,759.45,14732672.706289995
2026-06-02 20:00:00+00:00,759.47,760.14,757.39,759.63,2250428.7425059997
2026-06-03 08:00:00+00:00,759.0,759.79,758.34,758.91,251104.233936
2026-06-03 12:00:00+00:00,758.92,759.1498,754.74,755.2,13951755.610089004
2026-06-03 16:00:00+00:00,755.2,756.05,753.57,754.19,27822777.322201
2026-06-03 20:00:00+00:00,754.24,754.37,749.85,750.55,7171951.433014003
2026-06-04 08:00:00+00:00,751.72,753.0,749.8,751.73,1107003.760105
2026-06-04 12:00:00+00:00,751.7235,755.97,751.06,755.34,16896007.32897499
2026-06-04 16:00:00+00:00,755.35,758.31,755.2,757.06,25634741.816875998
2026-06-04 20:00:00+00:00,757.06,757.31,754.56,754.56,4275256.475609003
2026-06-05 08:00:00+00:00,753.11,755.38,752.32,753.8001,528330.9801330002
2026-06-05 12:00:00+00:00,753.829,754.5,746.19,746.58,20181978.493022
2026-06-05 16:00:00+00:00,746.5681,746.59,735.525,737.42,55729864.906247005
2026-06-05 20:00:00+00:00,737.43,740.4489,733.48,735.3639,13391852.555665012
2026-06-08 08:00:00+00:00,739.17,743.35,736.32,742.33,1081339.8172229999
2026-06-08 12:00:00+00:00,742.29,745.34,740.6,742.765,18242320.554455016
2026-06-08 16:00:00+00:00,742.75,743.97,738.19,739.31,22488115.201433994
2026-06-08 20:00:00+00:00,739.28,739.58,736.91,738.72,5511024.887262001
2026-06-09 08:00:00+00:00,741.12,743.39,740.7,742.149,409019.0653619998
2026-06-09 12:00:00+00:00,742.22,746.9,728.96,729.06,26969055.507150006
2026-06-09 16:00:00+00:00,729.08,737.69,722.59,737.05,47208946.498664014
2026-06-09 20:00:00+00:00,737.08,737.729,734.26,735.7,11403110.561038
2026-06-10 08:00:00+00:00,735.47,735.47,728.31,730.32,1687974.756987
2026-06-10 12:00:00+00:00,730.2,738.38,728.49,731.95,20829877.129844006
2026-06-10 16:00:00+00:00,731.98,732.51,725.33,725.42,29062469.207176
2026-06-10 20:00:00+00:00,725.44,730.974,721.23,722.88,6993849.413113
2026-06-11 08:00:00+00:00,730.03,731.83,727.53,731.2397,576517.9012980001
2026-06-11 12:00:00+00:00,731.2346,731.6,724.405,728.1,22877197.948367003
2026-06-11 16:00:00+00:00,728.08,740.0,725.26,737.64,49696447.74241198
2026-06-11 20:00:00+00:00,737.65,739.72,735.8833,739.48,9749400.434641004
2026-06-12 08:00:00+00:00,736.33,743.37,735.95,742.6894,715446.1117219998
2026-06-12 12:00:00+00:00,742.72,744.44,735.03,738.89,22082363.354327008
2026-06-12 16:00:00+00:00,738.89,743.0,738.17,741.63,23765434.469688997
2026-06-12 20:00:00+00:00,741.66,742.74,741.55,742.45,8119951.691875
2026-06-15 08:00:00+00:00,750.12,752.1,748.0,751.47,543081.4495439996
2026-06-15 12:00:00+00:00,751.49,756.28,750.7,756.14,16334942.869181989
2026-06-15 16:00:00+00:00,756.155,756.68,753.4,754.66,28206518.456486005
2026-06-15 20:00:00+00:00,754.67,754.9,753.08,753.9,12858371.839806998
2026-06-16 08:00:00+00:00,754.32,755.35,753.42,755.04,272495.65442299994
2026-06-16 12:00:00+00:00,755.0001,755.44,751.71,752.75,16749369.517579
2026-06-16 16:00:00+00:00,752.74,753.97,749.88,750.39,28930640.819455996
2026-06-16 20:00:00+00:00,750.39,751.29,749.0,750.75,18294247.989481006
